사고번호,사고일시,요일,시군구,사고내용,사망자수,중상자수,경상자수,부상신고자수,사고유형,법규위반,노면상태,기상상태,도로형태,가해운전자 차종,가해운전자 성별,가해운전자 연령,가해운전자 상해정도,피해운전자 차종,피해운전자 성별,피해운전자 연령,피해운전자 상해정도
2019010700100119,2019년 1월 7일 08시,월요일,충청북도 제천시 금성면,경상사고,0,0,3,0,차대차 - 후진중충돌,기타,건조,맑음,단일로 - 기타,화물,남,51세,상해없음,승용,남,41세,경상
2019010700100169,2019년 1월 7일 10시,월요일,충청북도 충주시 칠금동,경상사고,0,0,1,0,차대차 - 측면충돌,직진우회전진행방해,건조,맑음,교차로 - 교차로안,승용,남,49세,경상,승용,여,35세,상해없음
2019010700100170,2019년 1월 7일 10시,월요일,충청북도 진천군 초평면,중상사고,0,1,0,0,차대차 - 추돌,교차로운행방법위반,건조,맑음,교차로 - 교차로안,승용,여,41세,상해없음,승용,여,60세,중상
2019010700100221,2019년 1월 7일 12시,월요일,충청북도 음성군 맹동면,경상사고,0,0,2,0,차대차 - 측면충돌,교차로운행방법위반,건조,맑음,교차로 - 교차로안,승용,여,34세,경상,승용,남,39세,경상
2019010700100253,2019년 1월 7일 13시,월요일,충청북도 충주시 앙성면,경상사고,0,0,1,0,차대차 - 기타,직진우회전진행방해,건조,맑음,교차로 - 교차로안,승용,여,64세,상해없음,승용,여,48세,경상
2019010700100282,2019년 1월 7일 14시,월요일,충청북도 청주시 서원구 산남동,경상사고,0,0,1,0,차대차 - 측면충돌,안전운전불이행,건조,맑음,교차로 - 교차로안,승용,남,45세,상해없음,원동기,남,28세,경상
2019010700100402,2019년 1월 7일 18시,월요일,충청북도 진천군 진천읍,중상사고,0,1,0,0,차대차 - 기타,안전운전불이행,건조,맑음,교차로 - 교차로횡단보도내,승용,남,63세,상해없음,이륜,남,48세,중상
2019010700100443,2019년 1월 7일 19시,월요일,충청북도 청주시 상당구 금천동,경상사고,0,0,2,0,차대차 - 측면충돌,교차로운행방법위반,건조,맑음,교차로 - 교차로안,승용,남,52세,기타불명,승용,남,21세,경상
2019010700100483,2019년 1월 7일 20시,월요일,충청북도 청주시 청원구 오창읍,중상사고,0,1,1,0,차대사람 - 횡단중,신호위반,건조,맑음,교차로 - 교차로안,이륜,남,23세,상해없음,보행자,여,62세,중상
2019010700100484,2019년 1월 7일 20시,월요일,충청북도 청주시 흥덕구 가경동,경상사고,0,0,3,0,차대차 - 측면충돌,안전거리미확보,건조,맑음,단일로 - 기타,승용,여,54세,상해없음,승용,여,38세,경상
2019010700100535,2019년 1월 7일 23시,월요일,충청북도 충주시 연수동,부상신고사고,0,0,0,1,차대사람 - 기타,안전운전불이행,건조,맑음,단일로 - 기타,승용,남,44세,상해없음,보행자,남,22세,부상신고
2019010800100023,2019년 1월 8일 00시,화요일,충청북도 진천군 덕산면,중상사고,0,1,0,0,차량단독 - 공작물충돌,안전운전불이행,건조,맑음,단일로 - 기타,이륜,남,34세,중상,,,,
2019010800100039,2019년 1월 8일 01시,화요일,충청북도 충주시 단월동,중상사고,0,1,0,0,차대차 - 정면충돌,중앙선침범,건조,맑음,단일로 - 기타,승용,여,44세,상해없음,승용,남,22세,중상
2019010800100069,2019년 1월 8일 06시,화요일,충청북도 충주시 칠금동,경상사고,0,0,1,0,차대차 - 측면충돌,안전운전불이행,건조,흐림,단일로 - 기타,승용,여,65세,상해없음,승용,남,60세,경상
2019010800100070,2019년 1월 8일 06시,화요일,충청북도 충주시 호암동,경상사고,0,0,2,1,차대차 - 기타,중앙선침범,건조,맑음,단일로 - 기타,이륜,여,60세,부상신고,승용,남,43세,경상
2019010800100088,2019년 1월 8일 07시,화요일,충청북도 충주시 칠금동,경상사고,0,0,1,0,차대차 - 추돌,안전운전불이행,건조,맑음,교차로 - 교차로부근,승용,남,71세,상해없음,승용,남,27세,경상
2019010800100089,2019년 1월 8일 07시,화요일,충청북도 청주시 흥덕구 외북동,경상사고,0,0,1,0,차대차 - 추돌,안전거리미확보,건조,맑음,단일로 - 기타,승용,남,63세,상해없음,승용,남,62세,상해없음
2019010800100115,2019년 1월 8일 08시,화요일,충청북도 증평군 증평읍,중상사고,0,1,0,0,차대사람 - 횡단중,보행자보호의무위반,건조,맑음,교차로 - 교차로횡단보도내,승용,여,31세,상해없음,보행자,여,21세,중상
2019010800100116,2019년 1월 8일 08시,화요일,충청북도 청주시 흥덕구 오송읍,중상사고,0,1,0,1,차대차 - 측면충돌,직진우회전진행방해,건조,맑음,교차로 - 교차로안,승용,여,30세,부상신고,승용,여,32세,중상
2019010800100147,2019년 1월 8일 09시,화요일,충청북도 제천시 중앙로2가,중상사고,0,1,1,0,차대차 - 측면충돌,직진우회전진행방해,건조,맑음,교차로 - 교차로안,이륜,남,71세,중상,승용,여,45세,경상
2019010800100148,2019년 1월 8일 09시,화요일,충청북도 음성군 음성읍,경상사고,0,0,1,0,차대차 - 측면충돌,교차로운행방법위반,건조,맑음,교차로 - 교차로안,승용,여,63세,상해없음,화물,여,56세,경상
2019010800100149,2019년 1월 8일 09시,화요일,충청북도 청주시 상당구 용담동,경상사고,0,0,1,0,차대차 - 기타,안전운전불이행,건조,맑음,단일로 - 기타,화물,남,37세,상해없음,승용,여,49세,경상
2019010800100203,2019년 1월 8일 11시,화요일,충청북도 제천시 명동,경상사고,0,0,1,0,차대차 - 추돌,안전운전불이행,건조,맑음,단일로 - 지하차도(도로)내,승용,남,68세,상해없음,승용,여,61세,경상
2019010800100204,2019년 1월 8일 11시,화요일,충청북도 진천군 이월면,경상사고,0,0,1,0,차대차 - 측면충돌,직진우회전진행방해,건조,맑음,교차로 - 교차로안,승용,남,56세,상해없음,화물,남,62세,경상
2019010800100232,2019년 1월 8일 12시,화요일,충청북도 청주시 서원구 분평동,중상사고,0,1,0,0,차대사람 - 횡단중,안전운전불이행,건조,맑음,단일로 - 기타,승용,남,37세,상해없음,보행자,여,74세,중상
2019010800100259,2019년 1월 8일 13시,화요일,충청북도 제천시 고암동,경상사고,0,0,2,0,차대차 - 측면충돌,신호위반,건조,맑음,교차로 - 교차로안,승용,남,59세,상해없음,승합,남,64세,경상
2019010800100260,2019년 1월 8일 13시,화요일,충청북도 진천군 진천읍,경상사고,0,0,1,0,차대차 - 추돌,안전거리미확보,건조,맑음,교차로 - 교차로안,화물,남,47세,상해없음,승용,남,62세,경상
2019010800100288,2019년 1월 8일 14시,화요일,충청북도 청주시 청원구 사천동,경상사고,0,0,1,0,차대사람 - 횡단중,신호위반,건조,맑음,교차로 - 교차로안,화물,남,51세,상해없음,보행자,여,85세,경상
2019010800100289,2019년 1월 8일 14시,화요일,충청북도 청주시 흥덕구 복대동,경상사고,0,0,3,0,차대차 - 기타,안전운전불이행,건조,맑음,단일로 - 기타,승용,여,37세,상해없음,승용,여,36세,경상
2019010800100310,2019년 1월 8일 15시,화요일,충청북도 청주시 청원구 내덕동,경상사고,0,0,1,0,차대차 - 측면충돌,안전운전불이행,건조,맑음,교차로 - 교차로안,승용,남,64세,상해없음,승용,여,26세,경상
2019010800100311,2019년 1월 8일 15시,화요일,충청북도 청주시 흥덕구 봉명동,부상신고사고,0,0,0,1,차대차 - 측면충돌,교차로운행방법위반,건조,맑음,교차로 - 교차로안,승용,여,58세,부상신고,승용,남,45세,상해없음
2019010800100312,2019년 1월 8일 15시,화요일,충청북도 청주시 상당구 영운동,경상사고,0,0,1,0,차대차 - 정면충돌,교차로운행방법위반,건조,맑음,교차로 - 교차로안,농기계,남,78세,경상,승합,여,51세,상해없음
2019010800100347,2019년 1월 8일 16시,화요일,충청북도 충주시 교현동,경상사고,0,0,2,0,차대차 - 측면충돌,안전거리미확보,건조,맑음,단일로 - 기타,승용,여,59세,상해없음,승용,남,53세,경상
2019010800100348,2019년 1월 8일 16시,화요일,충청북도 청주시 흥덕구 가경동,중상사고,0,1,0,0,차대사람 - 기타,안전운전불이행,건조,맑음,단일로 - 기타,승용,남,45세,상해없음,보행자,여,82세,중상
2019010800100415,2019년 1월 8일 18시,화요일,충청북도 진천군 광혜원면,경상사고,0,0,1,0,차대차 - 추돌,안전운전불이행,건조,맑음,교차로 - 교차로부근,승용,남,58세,상해없음,화물,남,56세,경상
2019010800100452,2019년 1월 8일 19시,화요일,충청북도 청주시 청원구 사천동,중상사고,0,1,0,0,차대사람 - 차도통행중,안전운전불이행,건조,맑음,교차로 - 교차로안,승용,여,56세,상해없음,보행자,여,59세,중상
2019010800100453,2019년 1월 8일 19시,화요일,충청북도 충주시 봉방동,중상사고,0,2,0,0,차대차 - 기타,신호위반,건조,맑음,교차로 - 교차로안,승용,남,39세,중상,승용,여,58세,중상
2019010800100454,2019년 1월 8일 19시,화요일,충청북도 제천시 청전동,경상사고,0,0,1,0,차대차 - 측면충돌,안전거리미확보,건조,맑음,단일로 - 기타,승합,남,62세,상해없음,승용,여,47세,경상
2019010800100455,2019년 1월 8일 19시,화요일,충청북도 청주시 상당구 용암동,경상사고,0,0,1,0,차대차 - 측면충돌,안전운전불이행,건조,맑음,교차로 - 교차로안,승용,남,51세,상해없음,이륜,남,23세,경상
2019010800100505,2019년 1월 8일 21시,화요일,충청북도 충주시 용산동,경상사고,0,0,2,0,차대차 - 후진중충돌,중앙선침범,건조,흐림,단일로 - 기타,승용,여,47세,상해없음,승용,남,48세,경상
2019010800100556,2019년 1월 8일 23시,화요일,충청북도 제천시 송학면,경상사고,0,0,1,0,차량단독 - 공작물충돌,안전운전불이행,건조,맑음,단일로 - 기타,화물,남,43세,경상,,,,
2019010900100033,2019년 1월 9일 01시,수요일,충청북도 청주시 상당구 서운동,경상사고,0,0,1,0,차대차 - 정면충돌,교차로운행방법위반,건조,맑음,교차로 - 교차로안,승용,남,64세,상해없음,이륜,남,54세,경상
2019010900100054,2019년 1월 9일 04시,수요일,충청북도 청주시 서원구 성화동,중상사고,0,1,0,0,차대사람 - 횡단중,안전운전불이행,건조,맑음,교차로 - 교차로안,승용,남,51세,상해없음,보행자,여,69세,중상
2019010900100111,2019년 1월 9일 08시,수요일,충청북도 증평군 증평읍,경상사고,0,0,1,0,차대차 - 측면충돌,안전운전불이행,건조,맑음,교차로 - 교차로안,승용,여,54세,기타불명,승용,여,24세,경상
2019010900100112,2019년 1월 9일 08시,수요일,충청북도 진천군 초평면,경상사고,0,0,2,0,차대차 - 기타,직진우회전진행방해,건조,맑음,교차로 - 교차로안,승용,남,46세,경상,승용,여,42세,경상
2019010900100113,2019년 1월 9일 08시,수요일,충청북도 청주시 흥덕구 가경동,경상사고,0,0,2,1,차대차 - 측면충돌,교차로운행방법위반,건조,맑음,교차로 - 교차로안,승용,여,43세,부상신고,승용,여,46세,경상
2019010900100132,2019년 1월 9일 09시,수요일,충청북도 보은군 탄부면,중상사고,0,1,0,0,차량단독 - 도로외이탈 - 추락,안전운전불이행,건조,맑음,교차로 - 교차로안,승용,남,41세,중상,,,,
2019010900100220,2019년 1월 9일 12시,수요일,충청북도 충주시 교현동,경상사고,0,0,1,0,차대차 - 기타,직진우회전진행방해,건조,맑음,교차로 - 교차로안,승용,여,51세,상해없음,자전거,남,78세,경상
2019010900100224,2019년 1월 9일 12시,수요일,충청북도 청주시 흥덕구 옥산면,경상사고,0,0,2,0,차대차 - 기타,차로위반,건조,맑음,단일로 - 기타,기타불명,기타불명,미분류,기타불명,승용,남,52세,상해없음
2019010900100243,2019년 1월 9일 13시,수요일,충청북도 청주시 청원구 내덕동,경상사고,0,0,1,0,차대차 - 기타,신호위반,건조,맑음,교차로 - 교차로안,승용,여,37세,상해없음,자전거,여,52세,경상
2019010900100267,2019년 1월 9일 14시,수요일,충청북도 옥천군 옥천읍,경상사고,0,0,1,0,차대사람 - 기타,안전운전불이행,건조,맑음,단일로 - 기타,화물,남,71세,상해없음,보행자,여,5세,경상
2019010900100268,2019년 1월 9일 14시,수요일,충청북도 청주시 서원구 남이면,중상사고,0,2,1,0,차대차 - 추돌,안전거리미확보,건조,맑음,교차로 - 교차로부근,화물,남,43세,상해없음,승용,여,24세,중상
2019010900100301,2019년 1월 9일 15시,수요일,충청북도 청주시 청원구 우암동,경상사고,0,0,1,0,차대사람 - 기타,안전운전불이행,건조,맑음,교차로 - 교차로안,승용,남,28세,상해없음,보행자,남,17세,경상
2019010900100335,2019년 1월 9일 16시,수요일,충청북도 충주시 신니면,중상사고,0,1,0,0,차대사람 - 기타,안전운전불이행,건조,맑음,교차로 - 교차로안,승용,남,33세,상해없음,보행자,남,84세,중상
2019010900100336,2019년 1월 9일 16시,수요일,충청북도 청주시 상당구 용암동,경상사고,0,0,1,0,차대차 - 기타,안전운전불이행,건조,맑음,교차로 - 교차로안,승용,남,43세,상해없음,승용,여,52세,경상
2019010900100369,2019년 1월 9일 17시,수요일,충청북도 충주시 용산동,중상사고,0,1,0,0,차대차 - 기타,안전거리미확보,건조,맑음,교차로 - 교차로안,승용,여,43세,상해없음,이륜,남,17세,중상
2019010900100370,2019년 1월 9일 17시,수요일,충청북도 청주시 서원구 개신동,중상사고,0,1,0,0,차대차 - 측면충돌,안전운전불이행,건조,맑음,단일로 - 기타,승용,여,58세,상해없음,자전거,여,65세,중상
2019010900100414,2019년 1월 9일 18시,수요일,충청북도 청주시 상당구 서운동,경상사고,0,0,4,0,차대차 - 측면충돌,신호위반,건조,맑음,교차로 - 교차로안,승용,여,49세,상해없음,승용,여,49세,경상
2019010900100451,2019년 1월 9일 19시,수요일,충청북도 충주시 연수동,경상사고,0,0,4,1,차대차 - 정면충돌,신호위반,건조,맑음,교차로 - 교차로안,승용,여,35세,부상신고,승용,여,38세,경상
2019010900100476,2019년 1월 9일 20시,수요일,충청북도 청주시 서원구 사창동,중상사고,0,1,1,0,차대차 - 측면충돌,안전운전불이행,건조,맑음,교차로 - 교차로부근,승용,남,58세,경상,이륜,남,32세,중상
2019010900100477,2019년 1월 9일 20시,수요일,충청북도 충주시 칠금동,경상사고,0,0,1,0,차대차 - 측면충돌,신호위반,건조,맑음,교차로 - 교차로안,승용,남,28세,상해없음,승용,남,61세,경상
2019010900100504,2019년 1월 9일 21시,수요일,충청북도 충주시 문화동,경상사고,0,0,1,0,차대사람 - 기타,안전운전불이행,건조,맑음,기타 - 기타,승용,남,24세,상해없음,보행자,남,72세,경상
2019010900100505,2019년 1월 9일 21시,수요일,충청북도 청주시 상당구 용암동,경상사고,0,0,3,0,차대차 - 추돌,안전운전불이행,건조,맑음,단일로 - 기타,승용,남,33세,상해없음,승용,남,42세,경상
2019010900100533,2019년 1월 9일 22시,수요일,충청북도 청주시 청원구 우암동,중상사고,0,1,0,0,차대사람 - 기타,안전운전불이행,건조,맑음,단일로 - 기타,승합,여,50세,기타불명,보행자,남,52세,중상
2019010900100551,2019년 1월 9일 23시,수요일,충청북도 청주시 흥덕구 옥산면,경상사고,0,0,1,0,차량단독 - 공작물충돌,안전운전불이행,건조,맑음,기타 - 기타,승용,남,62세,상해없음,,,,
2019011000100022,2019년 1월 10일 00시,목요일,충청북도 청주시 흥덕구 봉명동,경상사고,0,0,3,0,차대차 - 측면충돌,신호위반,건조,맑음,교차로 - 교차로안,승용,남,68세,상해없음,승용,남,24세,경상
2019011000100023,2019년 1월 10일 00시,목요일,충청북도 청주시 서원구 모충동,경상사고,0,0,1,0,차대차 - 정면충돌,안전운전불이행,건조,맑음,교차로 - 교차로안,승용,남,71세,상해없음,승용,여,23세,경상
2019011000100054,2019년 1월 10일 05시,목요일,충청북도 제천시 명동,경상사고,0,0,1,0,차대차 - 측면충돌,신호위반,건조,맑음,교차로 - 교차로안,승용,남,28세,상해없음,승용,남,51세,경상
2019011000100055,2019년 1월 10일 05시,목요일,충청북도 제천시 영천동,중상사고,0,1,0,0,차량단독 - 공작물충돌,안전운전불이행,건조,맑음,기타 - 기타,승용,여,58세,중상,,,,
2019011000100088,2019년 1월 10일 07시,목요일,충청북도 진천군 초평면,중상사고,0,1,0,0,차대차 - 측면충돌,안전운전불이행,건조,맑음,단일로 - 기타,승합,남,52세,상해없음,승용,남,33세,중상
2019011000100133,2019년 1월 10일 09시,목요일,충청북도 청주시 상당구 남주동,경상사고,0,0,2,0,차대차 - 측면충돌,안전운전불이행,건조,맑음,교차로 - 교차로부근,화물,남,28세,상해없음,승용,여,43세,경상
2019011000100152,2019년 1월 10일 10시,목요일,충청북도 청주시 서원구 현도면,경상사고,0,0,1,0,차대사람 - 기타,안전운전불이행,건조,맑음,교차로 - 교차로부근,승용,남,30세,상해없음,보행자,남,47세,경상
2019011000100242,2019년 1월 10일 14시,목요일,충청북도 제천시 하소동,경상사고,0,0,1,0,차대차 - 측면충돌,교차로운행방법위반,건조,맑음,교차로 - 교차로안,승용,남,57세,상해없음,승용,남,70세,상해없음
2019011000100243,2019년 1월 10일 14시,목요일,충청북도 청주시 상당구 금천동,경상사고,0,0,1,0,차대차 - 측면충돌,안전운전불이행,건조,맑음,교차로 - 교차로부근,승용,남,63세,상해없음,승용,여,47세,경상
2019011000100277,2019년 1월 10일 15시,목요일,충청북도 충주시 충의동,중상사고,0,1,0,0,차대사람 - 기타,안전운전불이행,건조,맑음,교차로 - 교차로안,승용,남,79세,상해없음,보행자,여,84세,중상
2019011000100311,2019년 1월 10일 16시,목요일,충청북도 증평군 증평읍,경상사고,0,0,1,0,차대차 - 측면충돌,안전거리미확보,건조,맑음,교차로 - 교차로부근,이륜,남,72세,경상,승합,여,54세,상해없음
2019011000100312,2019년 1월 10일 16시,목요일,충청북도 청주시 상당구 남문로2가동,중상사고,0,1,0,0,차대사람 - 보도통행중,기타,건조,맑음,단일로 - 기타,승용,여,59세,상해없음,보행자,여,76세,중상
2019011000100346,2019년 1월 10일 17시,목요일,충청북도 청주시 청원구 우암동,중상사고,0,1,0,0,차대사람 - 기타,안전운전불이행,건조,맑음,단일로 - 기타,승용,남,75세,상해없음,보행자,남,82세,중상
2019011000100347,2019년 1월 10일 17시,목요일,충청북도 청주시 청원구 사천동,경상사고,0,0,2,0,차대차 - 기타,안전거리미확보,건조,맑음,단일로 - 기타,승용,여,43세,상해없음,화물,남,42세,경상
2019011000100348,2019년 1월 10일 17시,목요일,충청북도 제천시 청전동,경상사고,0,0,1,0,차대사람 - 횡단중,안전운전불이행,건조,맑음,교차로 - 교차로부근,승용,여,44세,상해없음,보행자,여,52세,경상
2019011000100349,2019년 1월 10일 17시,목요일,충청북도 진천군 이월면,경상사고,0,0,1,0,차대차 - 기타,신호위반,건조,맑음,교차로 - 교차로안,승용,남,41세,상해없음,승용,여,42세,경상
2019011000100388,2019년 1월 10일 18시,목요일,충청북도 제천시 중앙로1가,경상사고,0,0,1,0,차대차 - 측면충돌,안전운전불이행,건조,맑음,기타 - 기타,이륜,남,37세,경상,승용,남,31세,상해없음
2019011000100445,2019년 1월 10일 19시,목요일,충청북도 청주시 청원구 오창읍,중상사고,0,1,0,0,차대사람 - 횡단중,보행자보호의무위반,건조,맑음,교차로 - 교차로횡단보도내,승용,여,37세,상해없음,보행자,여,75세,중상
2019011000100471,2019년 1월 10일 20시,목요일,충청북도 충주시 주덕읍,사망사고,1,0,0,0,차대차 - 기타,과속,건조,맑음,기타 - 기타,승용,여,41세,상해없음,승용,여,27세,상해없음
2019011100100034,2019년 1월 11일 00시,금요일,충청북도 제천시 남천동,중상사고,0,1,1,0,차대차 - 측면충돌,직진우회전진행방해,건조,맑음,교차로 - 교차로안,승합,남,39세,경상,승용,여,63세,중상
2019011100100035,2019년 1월 11일 00시,금요일,충청북도 청주시 흥덕구 가경동,경상사고,0,0,5,0,차대차 - 측면충돌,안전운전불이행,건조,맑음,단일로 - 기타,승용,남,54세,경상,승용,남,26세,경상
2019011100100059,2019년 1월 11일 02시,금요일,충청북도 청주시 흥덕구 복대동,중상사고,0,1,0,0,차대사람 - 기타,안전운전불이행,건조,맑음,교차로 - 교차로안,승용,남,52세,상해없음,보행자,남,69세,중상
2019011100100099,2019년 1월 11일 06시,금요일,충청북도 청주시 청원구 내덕동,경상사고,0,0,1,0,차대차 - 추돌,중앙선침범,건조,맑음,단일로 - 기타,승용,여,61세,상해없음,승용,남,35세,경상
2019011100100127,2019년 1월 11일 07시,금요일,충청북도 증평군 증평읍,중상사고,0,1,0,0,차대사람 - 횡단중,보행자보호의무위반,건조,맑음,교차로 - 교차로안,승용,남,48세,상해없음,보행자,여,79세,중상
2019011100100141,2019년 1월 11일 08시,금요일,충청북도 청주시 청원구 오동동,경상사고,0,0,3,0,차대차 - 기타,안전운전불이행,건조,맑음,단일로 - 기타,승용,남,47세,상해없음,화물,남,65세,상해없음
2019011100100142,2019년 1월 11일 08시,금요일,충청북도 청주시 서원구 사직동,경상사고,0,0,1,0,차대차 - 기타,직진우회전진행방해,건조,맑음,교차로 - 교차로부근,화물,남,73세,상해없음,승용,남,52세,상해없음
2019011100100143,2019년 1월 11일 08시,금요일,충청북도 제천시 신월동,중상사고,0,1,0,0,차대사람 - 횡단중,안전운전불이행,건조,맑음,교차로 - 교차로부근,승용,남,28세,상해없음,보행자,남,76세,중상
2019011100100172,2019년 1월 11일 09시,금요일,충청북도 충주시 교현동,경상사고,0,0,1,0,차대차 - 기타,안전거리미확보,건조,맑음,교차로 - 교차로부근,승용,남,67세,상해없음,화물,남,39세,경상
2019011100100200,2019년 1월 11일 10시,금요일,충청북도 음성군 감곡면,부상신고사고,0,0,0,1,차량단독 - 공작물충돌,안전운전불이행,건조,맑음,단일로 - 기타,승용,남,18세,부상신고,,,,
2019011100100231,2019년 1월 11일 11시,금요일,충청북도 충주시 산척면,중상사고,0,1,0,0,차대차 - 측면충돌,안전운전불이행,건조,맑음,단일로 - 기타,원동기,여,77세,중상,화물,남,50세,상해없음
2019011100100262,2019년 1월 11일 12시,금요일,충청북도 충주시 교현동,경상사고,0,0,2,0,차대차 - 측면충돌,안전운전불이행,건조,맑음,교차로 - 교차로안,승용,여,60세,상해없음,승용,여,60세,경상
2019011100100263,2019년 1월 11일 12시,금요일,충청북도 충주시 목행동,경상사고,0,0,1,0,차대차 - 기타,안전운전불이행,건조,맑음,교차로 - 교차로안,화물,남,63세,상해없음,승용,여,50세,경상
2019011100100264,2019년 1월 11일 12시,금요일,충청북도 옥천군 옥천읍,중상사고,0,2,0,0,차대차 - 정면충돌,교차로운행방법위반,건조,맑음,교차로 - 교차로안,화물,남,53세,상해없음,이륜,남,80세,중상
2019011100100288,2019년 1월 11일 13시,금요일,충청북도 청주시 상당구 영동,경상사고,0,0,1,0,차대차 - 기타,안전운전불이행,건조,맑음,교차로 - 교차로안,화물,남,35세,상해없음,자전거,남,19세,경상
2019011100100289,2019년 1월 11일 13시,금요일,충청북도 충주시 노은면,중상사고,0,1,1,0,차대차 - 측면충돌,안전운전불이행,건조,맑음,교차로 - 교차로부근,원동기,남,80세,중상,승용,남,76세,경상
2019011100100290,2019년 1월 11일 13시,금요일,충청북도 영동군 영동읍,경상사고,0,0,2,0,차대차 - 측면충돌,신호위반,건조,맑음,교차로 - 교차로안,승용,여,38세,경상,승용,남,46세,경상
2019011100100291,2019년 1월 11일 13시,금요일,충청북도 진천군 덕산면,경상사고,0,0,1,0,차대차 - 측면충돌,안전거리미확보,건조,맑음,단일로 - 기타,화물,여,66세,상해없음,화물,남,41세,상해없음
2019011100100318,2019년 1월 11일 14시,금요일,충청북도 음성군 금왕읍,경상사고,0,0,2,0,차대차 - 측면충돌,차로위반,건조,맑음,교차로 - 교차로횡단보도내,승용,여,67세,상해없음,승용,남,59세,경상
2019011100100319,2019년 1월 11일 14시,금요일,충청북도 진천군 광혜원면,사망사고,1,0,0,0,차대차 - 기타,안전운전불이행,건조,맑음,교차로 - 교차로안,화물,남,60세,상해없음,원동기,남,85세,사망
2019011100100344,2019년 1월 11일 15시,금요일,충청북도 청주시 청원구 오창읍,경상사고,0,0,1,0,차대차 - 측면충돌,중앙선침범,건조,맑음,단일로 - 기타,승용,남,66세,기타불명,건설기계,남,48세,경상
2019011100100345,2019년 1월 11일 15시,금요일,충청북도 충주시 용산동,경상사고,0,0,2,0,차대차 - 기타,교차로운행방법위반,건조,맑음,교차로 - 교차로안,승합,여,54세,경상,승용,여,67세,경상
2019011100100346,2019년 1월 11일 15시,금요일,충청북도 충주시 대소원면,경상사고,0,0,1,0,차대차 - 추돌,안전운전불이행,건조,맑음,교차로 - 교차로부근,승용,여,31세,상해없음,화물,남,63세,경상
2019011100100347,2019년 1월 11일 15시,금요일,충청북도 청주시 상당구 용담동,경상사고,0,0,2,0,차대차 - 추돌,안전운전불이행,건조,맑음,단일로 - 기타,승용,남,42세,경상,승용,남,30세,경상
2019011100100372,2019년 1월 11일 16시,금요일,충청북도 청주시 청원구 내수읍,경상사고,0,0,2,0,차량단독 - 기타,안전운전불이행,건조,맑음,교차로 - 교차로부근,승합,남,32세,상해없음,,,,
2019011100100399,2019년 1월 11일 17시,금요일,충청북도 청주시 청원구 오창읍,경상사고,0,0,1,0,차대차 - 측면충돌,안전운전불이행,건조,맑음,단일로 - 기타,화물,남,47세,상해없음,승용,남,60세,경상
2019011100100400,2019년 1월 11일 17시,금요일,충청북도 제천시 영천동,경상사고,0,0,1,0,차대차 - 추돌,안전운전불이행,건조,맑음,단일로 - 기타,승합,여,52세,상해없음,승용,남,44세,경상
2019011100100450,2019년 1월 11일 18시,금요일,충청북도 충주시 살미면,경상사고,0,0,1,0,차대차 - 추돌,안전운전불이행,건조,맑음,단일로 - 기타,승용,여,71세,상해없음,승용,여,54세,경상
2019011100100451,2019년 1월 11일 18시,금요일,충청북도 음성군 금왕읍,경상사고,0,0,1,1,차대차 - 측면충돌,교차로운행방법위반,건조,맑음,교차로 - 교차로안,승용,여,46세,상해없음,승용,여,47세,경상
2019011100100452,2019년 1월 11일 18시,금요일,충청북도 청주시 흥덕구 복대동,경상사고,0,0,1,0,차대사람 - 횡단중,보행자보호의무위반,건조,맑음,교차로 - 교차로횡단보도내,승용,남,46세,상해없음,보행자,남,65세,경상
2019011100100523,2019년 1월 11일 20시,금요일,충청북도 영동군 황간면,중상사고,0,1,0,0,차량단독 - 공작물충돌,안전운전불이행,건조,맑음,단일로 - 기타,화물,남,53세,중상,,,,
2019011100100524,2019년 1월 11일 20시,금요일,충청북도 진천군 이월면,부상신고사고,0,0,0,1,차대차 - 추돌,안전운전불이행,건조,맑음,단일로 - 기타,승용,남,57세,상해없음,화물,남,55세,상해없음
2019011100100553,2019년 1월 11일 21시,금요일,충청북도 제천시 화산동,경상사고,0,0,1,0,차대차 - 추돌,안전운전불이행,건조,맑음,단일로 - 기타,승용,남,42세,경상,승용,여,26세,기타불명
2019011100100554,2019년 1월 11일 21시,금요일,충청북도 청주시 상당구 금천동,경상사고,0,0,1,0,차대사람 - 기타,안전운전불이행,건조,맑음,교차로 - 교차로횡단보도내,승용,남,53세,상해없음,보행자,남,43세,경상
2019011100100579,2019년 1월 11일 22시,금요일,충청북도 청주시 청원구 내덕동,중상사고,0,1,0,0,차대차 - 측면충돌,교차로운행방법위반,건조,맑음,교차로 - 교차로안,승용,남,32세,상해없음,원동기,남,37세,중상
2019011100100580,2019년 1월 11일 22시,금요일,충청북도 청주시 상당구 금천동,경상사고,0,0,1,0,차대차 - 기타,안전운전불이행,건조,맑음,단일로 - 기타,승용,남,33세,상해없음,승용,남,47세,경상
2019011100100581,2019년 1월 11일 22시,금요일,충청북도 청주시 서원구 산남동,경상사고,0,0,2,0,차대차 - 후진중충돌,안전운전불이행,건조,맑음,단일로 - 기타,승용,여,53세,상해없음,승용,남,51세,경상
2019011200100045,2019년 1월 12일 01시,토요일,충청북도 충주시 교현동,경상사고,0,0,1,0,차대차 - 기타,직진우회전진행방해,건조,맑음,교차로 - 교차로안,승용,여,33세,상해없음,화물,남,39세,경상