사고번호,사고일시,요일,시군구,사고내용,사망자수,중상자수,경상자수,부상신고자수,사고유형,법규위반,노면상태,기상상태,도로형태,가해운전자 차종,가해운전자 성별,가해운전자 연령,가해운전자 상해정도,피해운전자 차종,피해운전자 성별,피해운전자 연령,피해운전자 상해정도
2019011700100436,2019년 1월 17일 18시,목요일,충청북도 청주시 상당구 문의면,중상사고,0,1,0,0,차대차 - 측면충돌,안전운전불이행,건조,맑음,기타 - 기타,승용,남,65세,상해없음,이륜,남,71세,중상
2019011700100437,2019년 1월 17일 18시,목요일,충청북도 청주시 상당구 용암동,경상사고,0,0,1,0,차대차 - 기타,안전운전불이행,건조,맑음,교차로 - 교차로횡단보도내,화물,여,50세,상해없음,이륜,남,18세,경상
2019011700100487,2019년 1월 17일 19시,목요일,충청북도 충주시 성내동,경상사고,0,0,1,0,차대차 - 기타,교차로운행방법위반,건조,맑음,교차로 - 교차로안,승용,남,66세,상해없음,이륜,남,21세,경상
2019011700100565,2019년 1월 17일 22시,목요일,충청북도 청주시 청원구 율량동,경상사고,0,0,1,0,차대차 - 기타,안전운전불이행,건조,맑음,단일로 - 기타,승용,여,26세,상해없음,승용,남,24세,경상
2019011800100065,2019년 1월 18일 06시,금요일,충청북도 청주시 서원구 산남동,경상사고,0,0,1,0,차대사람 - 횡단중,신호위반,건조,맑음,교차로 - 교차로횡단보도내,기타불명,기타불명,미분류,기타불명,보행자,여,58세,경상
2019011800100123,2019년 1월 18일 08시,금요일,충청북도 청주시 청원구 오창읍,경상사고,0,0,2,0,차대차 - 기타,안전운전불이행,건조,맑음,단일로 - 기타,화물,남,51세,상해없음,승용,여,47세,경상
2019011800100124,2019년 1월 18일 08시,금요일,충청북도 충주시 교현동,경상사고,0,0,2,0,차대차 - 기타,안전운전불이행,건조,맑음,교차로 - 교차로안,승용,남,32세,상해없음,승용,남,56세,경상
2019011800100150,2019년 1월 18일 09시,금요일,충청북도 진천군 진천읍,중상사고,0,1,2,0,차대차 - 기타,교차로운행방법위반,건조,맑음,교차로 - 교차로안,승용,여,68세,기타불명,승용,남,26세,중상
2019011800100151,2019년 1월 18일 09시,금요일,충청북도 청주시 흥덕구 봉명동,경상사고,0,0,1,0,차대차 - 기타,안전운전불이행,건조,맑음,교차로 - 교차로부근,승용,여,40세,상해없음,승용,여,29세,경상
2019011800100184,2019년 1월 18일 10시,금요일,충청북도 청주시 청원구 주성동,경상사고,0,0,1,0,차대사람 - 기타,중앙선침범,건조,맑음,단일로 - 기타,승용,여,33세,상해없음,보행자,남,26세,경상
2019011800100185,2019년 1월 18일 10시,금요일,충청북도 충주시 호암동,사망사고,1,0,0,0,차대차 - 기타,신호위반,건조,맑음,교차로 - 교차로안,화물,남,57세,상해없음,원동기,남,71세,사망
2019011800100186,2019년 1월 18일 10시,금요일,충청북도 진천군 덕산면,경상사고,0,0,1,0,차대차 - 추돌,안전운전불이행,건조,맑음,단일로 - 기타,화물,남,45세,상해없음,승용,여,57세,경상
2019011800100230,2019년 1월 18일 11시,금요일,충청북도 청주시 상당구 석교동,경상사고,0,0,1,0,차대사람 - 기타,안전운전불이행,건조,맑음,단일로 - 기타,승용,여,59세,상해없음,보행자,남,73세,경상
2019011800100256,2019년 1월 18일 12시,금요일,충청북도 청주시 흥덕구 강내면,경상사고,0,0,1,0,차대차 - 측면충돌,안전운전불이행,건조,맑음,교차로 - 교차로안,승용,남,65세,상해없음,승용,남,63세,경상
2019011800100281,2019년 1월 18일 13시,금요일,충청북도 청주시 청원구 내덕동,경상사고,0,0,3,0,차량단독 - 공작물충돌,안전운전불이행,건조,맑음,교차로 - 교차로부근,승용,남,65세,상해없음,,,,
2019011800100282,2019년 1월 18일 13시,금요일,충청북도 충주시 안림동,경상사고,0,0,1,0,차대차 - 기타,안전운전불이행,건조,맑음,단일로 - 기타,승용,남,75세,상해없음,승용,남,21세,경상
2019011800100283,2019년 1월 18일 13시,금요일,충청북도 제천시 모산동,경상사고,0,0,1,0,차대차 - 측면충돌,직진우회전진행방해,건조,맑음,교차로 - 교차로안,승용,남,76세,상해없음,승용,여,48세,경상
2019011800100284,2019년 1월 18일 13시,금요일,충청북도 청주시 흥덕구 강서동,경상사고,0,0,2,0,차대차 - 측면충돌,안전운전불이행,건조,맑음,교차로 - 교차로안,승용,여,46세,상해없음,승용,남,35세,상해없음
2019011800100308,2019년 1월 18일 14시,금요일,충청북도 청주시 청원구 외남동,경상사고,0,0,2,0,차대차 - 기타,안전운전불이행,건조,맑음,단일로 - 기타,승합,남,51세,상해없음,승용,여,43세,경상
2019011800100349,2019년 1월 18일 15시,금요일,충청북도 제천시 명동,경상사고,0,0,1,0,차대차 - 기타,안전운전불이행,건조,맑음,교차로 - 교차로안,화물,남,70세,상해없음,승용,여,40세,경상
2019011800100376,2019년 1월 18일 16시,금요일,충청북도 청주시 상당구 용암동,경상사고,0,0,1,0,차대차 - 후진중충돌,안전운전불이행,건조,맑음,교차로 - 교차로부근,승용,여,58세,상해없음,승용,남,60세,경상
2019011800100377,2019년 1월 18일 16시,금요일,충청북도 청주시 상당구 미원면,중상사고,0,1,0,0,차대차 - 측면충돌,과속,건조,맑음,교차로 - 교차로안,승용,남,56세,상해없음,승용,남,59세,중상
2019011800100413,2019년 1월 18일 17시,금요일,충청북도 증평군 증평읍,경상사고,0,0,2,1,차대차 - 측면충돌,안전운전불이행,건조,맑음,교차로 - 교차로안,승용,여,39세,부상신고,승용,남,56세,경상
2019011800100463,2019년 1월 18일 18시,금요일,충청북도 청주시 청원구 내덕동,중상사고,0,1,0,0,차대사람 - 보도통행중,기타,건조,맑음,기타 - 기타,이륜,남,59세,기타불명,보행자,남,56세,중상
2019011800100464,2019년 1월 18일 18시,금요일,충청북도 옥천군 옥천읍,경상사고,0,0,1,0,차대차 - 기타,안전운전불이행,건조,맑음,교차로 - 교차로부근,승용,여,67세,상해없음,승합,남,53세,경상
2019011800100465,2019년 1월 18일 18시,금요일,충청북도 청주시 상당구 용암동,경상사고,0,0,2,0,차대차 - 측면충돌,교차로운행방법위반,건조,맑음,교차로 - 교차로안,승합,남,65세,상해없음,승용,여,43세,경상
2019011800100522,2019년 1월 18일 19시,금요일,충청북도 청주시 청원구 주중동,경상사고,0,0,2,0,차대차 - 측면충돌,안전운전불이행,건조,맑음,기타 - 기타,승용,남,59세,상해없음,승용,남,28세,경상
2019011800100523,2019년 1월 18일 19시,금요일,충청북도 진천군 광혜원면,경상사고,0,0,2,0,차대차 - 기타,직진우회전진행방해,건조,맑음,교차로 - 교차로안,화물,남,63세,상해없음,승용,남,44세,경상
2019011800100524,2019년 1월 18일 19시,금요일,충청북도 청주시 흥덕구 송정동,경상사고,0,0,1,0,차대차 - 측면충돌,안전운전불이행,건조,맑음,단일로 - 기타,승용,남,30세,상해없음,승용,여,45세,상해없음
2019011800100589,2019년 1월 18일 21시,금요일,충청북도 청주시 서원구 사창동,경상사고,0,0,1,0,차대사람 - 기타,안전운전불이행,건조,맑음,교차로 - 교차로안,승용,남,25세,상해없음,보행자,남,24세,경상
2019011800100610,2019년 1월 18일 22시,금요일,충청북도 청주시 청원구 내덕동,부상신고사고,0,0,0,1,차대사람 - 차도통행중,안전운전불이행,건조,맑음,단일로 - 기타,승용,여,45세,상해없음,보행자,남,46세,부상신고
2019011800100611,2019년 1월 18일 22시,금요일,충청북도 청주시 서원구 분평동,경상사고,0,0,2,0,차대사람 - 기타,안전운전불이행,건조,맑음,기타 - 기타,기타불명,기타불명,미분류,기타불명,보행자,남,21세,경상
2019011800100640,2019년 1월 18일 23시,금요일,충청북도 제천시 의림동,경상사고,0,0,1,0,차대차 - 측면충돌,신호위반,건조,맑음,단일로 - 기타,이륜,남,18세,경상,승용,여,62세,상해없음
2019011900100064,2019년 1월 19일 03시,토요일,충청북도 충주시 연수동,경상사고,0,0,1,0,차대차 - 추돌,안전운전불이행,건조,흐림,단일로 - 기타,승용,남,22세,상해없음,승용,남,40세,경상
2019011900100110,2019년 1월 19일 07시,토요일,충청북도 청주시 서원구 사창동,중상사고,0,1,4,0,차대차 - 기타,안전운전불이행,건조,맑음,교차로 - 교차로부근,화물,남,70세,상해없음,승용,남,50세,중상
2019011900100122,2019년 1월 19일 08시,토요일,충청북도 청주시 서원구 남이면,중상사고,0,1,2,0,차대차 - 기타,안전운전불이행,건조,맑음,단일로 - 기타,화물,남,55세,상해없음,승용,여,46세,중상
2019011900100138,2019년 1월 19일 09시,토요일,충청북도 충주시 봉방동,경상사고,0,0,2,0,차대차 - 기타,안전거리미확보,건조,맑음,단일로 - 기타,화물,남,51세,상해없음,승용,남,44세,경상
2019011900100180,2019년 1월 19일 11시,토요일,충청북도 제천시 수산면,경상사고,0,0,1,0,차대차 - 정면충돌,중앙선침범,건조,맑음,단일로 - 기타,화물,남,57세,상해없음,승용,여,64세,경상
2019011900100181,2019년 1월 19일 11시,토요일,충청북도 단양군 대강면,경상사고,0,0,4,0,차대차 - 추돌,안전거리미확보,건조,맑음,단일로 - 기타,화물,남,67세,상해없음,승용,남,47세,경상
2019011900100182,2019년 1월 19일 11시,토요일,충청북도 진천군 덕산면,중상사고,0,1,4,0,차대차 - 기타,직진우회전진행방해,건조,맑음,교차로 - 교차로안,화물,남,51세,경상,승용,여,39세,경상
2019011900100183,2019년 1월 19일 11시,토요일,충청북도 청주시 서원구 분평동,경상사고,0,0,2,0,차대차 - 측면충돌,안전운전불이행,건조,맑음,교차로 - 교차로안,승용,남,76세,상해없음,승용,여,57세,경상
2019011900100215,2019년 1월 19일 12시,토요일,충청북도 제천시 동현동,경상사고,0,0,1,0,차대차 - 측면충돌,신호위반,건조,맑음,교차로 - 교차로부근,승용,남,71세,상해없음,이륜,남,60세,경상
2019011900100216,2019년 1월 19일 12시,토요일,충청북도 진천군 덕산면,경상사고,0,0,1,0,차대차 - 정면충돌,안전운전불이행,건조,맑음,교차로 - 교차로안,화물,남,58세,상해없음,화물,남,39세,경상
2019011900100217,2019년 1월 19일 12시,토요일,충청북도 청주시 흥덕구 가경동,경상사고,0,0,1,0,차대차 - 측면충돌,안전운전불이행,건조,맑음,교차로 - 교차로부근,승용,남,24세,상해없음,승용,여,53세,경상
2019011900100218,2019년 1월 19일 12시,토요일,충청북도 청주시 상당구 수동,경상사고,0,0,1,0,차대차 - 기타,안전거리미확보,건조,맑음,단일로 - 기타,승용,남,22세,상해없음,이륜,남,78세,경상
2019011900100276,2019년 1월 19일 14시,토요일,충청북도 청주시 흥덕구 옥산면,경상사고,0,0,1,0,차대차 - 기타,안전운전불이행,건조,맑음,교차로 - 교차로부근,화물,남,53세,상해없음,승용,여,53세,경상
2019011900100320,2019년 1월 19일 16시,토요일,충청북도 청주시 상당구 용암동,경상사고,0,0,1,0,차대차 - 측면충돌,신호위반,건조,맑음,교차로 - 교차로안,승용,남,41세,상해없음,이륜,남,57세,경상
2019011900100335,2019년 1월 19일 17시,토요일,충청북도 충주시 연수동,부상신고사고,0,0,0,1,차대차 - 기타,신호위반,건조,맑음,단일로 - 기타,이륜,남,24세,부상신고,승용,남,23세,상해없음
2019011900100336,2019년 1월 19일 17시,토요일,충청북도 청주시 서원구 분평동,부상신고사고,0,0,0,1,차대차 - 측면충돌,안전운전불이행,건조,맑음,단일로 - 기타,승용,여,49세,상해없음,자전거,남,9세,부상신고
2019011900100372,2019년 1월 19일 18시,토요일,충청북도 청주시 청원구 내덕동,중상사고,0,1,0,0,차대차 - 측면충돌,안전거리미확보,건조,맑음,교차로 - 교차로부근,승용,남,68세,상해없음,이륜,남,25세,중상
2019011900100373,2019년 1월 19일 18시,토요일,충청북도 청주시 상당구 남주동,중상사고,0,1,0,0,차대사람 - 횡단중,안전운전불이행,건조,맑음,교차로 - 교차로횡단보도내,승용,남,32세,상해없음,보행자,남,74세,중상
2019011900100406,2019년 1월 19일 19시,토요일,충청북도 제천시 산곡동,사망사고,1,0,0,0,차대사람 - 횡단중,안전운전불이행,건조,흐림,교차로 - 교차로부근,승합,남,37세,상해없음,보행자,여,48세,사망
2019011900100434,2019년 1월 19일 20시,토요일,충청북도 청주시 흥덕구 복대동,경상사고,0,0,1,0,차대사람 - 기타,안전운전불이행,건조,맑음,단일로 - 기타,승용,남,58세,상해없음,보행자,남,46세,경상
2019011900100461,2019년 1월 19일 21시,토요일,충청북도 청주시 청원구 율량동,중상사고,0,1,0,0,차대차 - 기타,안전운전불이행,건조,맑음,교차로 - 교차로안,승용,남,57세,상해없음,이륜,남,47세,중상
2019012000100027,2019년 1월 20일 00시,일요일,충청북도 청주시 상당구 용암동,경상사고,0,0,1,0,차대차 - 측면충돌,안전운전불이행,건조,맑음,교차로 - 교차로부근,승용,남,54세,상해없음,이륜,남,24세,경상
2019012000100085,2019년 1월 20일 04시,일요일,충청북도 충주시 교현동,중상사고,0,1,0,0,차대사람 - 횡단중,신호위반,건조,맑음,교차로 - 교차로안,승합,남,56세,상해없음,보행자,여,81세,중상
2019012000100167,2019년 1월 20일 11시,일요일,충청북도 충주시 연수동,사망사고,1,0,0,0,차대사람 - 기타,안전운전불이행,건조,맑음,교차로 - 교차로안,승용,여,52세,상해없음,보행자,남,79세,사망
2019012000100189,2019년 1월 20일 12시,일요일,충청북도 충주시 단월동,경상사고,0,0,2,0,차량단독 - 공작물충돌,안전운전불이행,건조,맑음,단일로 - 기타,승용,남,28세,경상,,,,
2019012000100206,2019년 1월 20일 13시,일요일,충청북도 청주시 청원구 율량동,경상사고,0,0,2,0,차대차 - 기타,안전운전불이행,건조,맑음,단일로 - 기타,승용,여,52세,상해없음,승용,남,62세,경상
2019012000100227,2019년 1월 20일 14시,일요일,충청북도 충주시 교현동,중상사고,0,1,1,0,차대차 - 기타,안전운전불이행,건조,맑음,단일로 - 기타,이륜,남,22세,경상,승용,남,62세,상해없음
2019012000100228,2019년 1월 20일 14시,일요일,충청북도 음성군 감곡면,중상사고,0,1,0,0,차대차 - 정면충돌,중앙선침범,건조,맑음,단일로 - 기타,승용,여,68세,상해없음,승용,여,50세,중상
2019012000100229,2019년 1월 20일 14시,일요일,충청북도 청주시 흥덕구 강서동,경상사고,0,0,2,0,차대차 - 측면충돌,안전운전불이행,건조,맑음,교차로 - 교차로안,승합,남,49세,상해없음,화물,남,66세,경상
2019012000100249,2019년 1월 20일 15시,일요일,충청북도 청주시 상당구 북문로2가동,경상사고,0,0,3,0,차대차 - 기타,안전운전불이행,건조,맑음,단일로 - 기타,승용,여,47세,상해없음,승용,남,27세,경상
2019012000100275,2019년 1월 20일 16시,일요일,충청북도 보은군 보은읍,경상사고,0,0,1,0,차대차 - 측면충돌,안전운전불이행,건조,맑음,단일로 - 기타,자전거,여,62세,경상,화물,남,61세,상해없음
2019012000100276,2019년 1월 20일 16시,일요일,충청북도 청주시 상당구 영운동,중상사고,0,1,0,0,차대차 - 측면충돌,교차로운행방법위반,건조,맑음,교차로 - 교차로안,승용,남,27세,상해없음,이륜,남,49세,중상
2019012000100339,2019년 1월 20일 18시,일요일,충청북도 청주시 서원구 사직동,중상사고,0,1,0,0,차대사람 - 횡단중,신호위반,건조,맑음,교차로 - 교차로횡단보도내,승용,여,46세,상해없음,보행자,여,75세,중상
2019012000100340,2019년 1월 20일 18시,일요일,충청북도 청주시 흥덕구 봉명동,중상사고,0,1,0,0,차대차 - 기타,교차로운행방법위반,건조,맑음,교차로 - 교차로안,승용,남,55세,상해없음,이륜,남,23세,중상
2019012000100373,2019년 1월 20일 19시,일요일,충청북도 청주시 흥덕구 송정동,중상사고,0,1,0,0,차대사람 - 횡단중,보행자보호의무위반,건조,맑음,교차로 - 교차로횡단보도내,승용,남,24세,상해없음,보행자,남,55세,중상
2019012000100409,2019년 1월 20일 20시,일요일,충청북도 충주시 문화동,경상사고,0,0,1,0,차대차 - 정면충돌,신호위반,건조,맑음,교차로 - 교차로안,승합,남,58세,상해없음,화물,남,58세,상해없음
2019012000100410,2019년 1월 20일 20시,일요일,충청북도 청주시 흥덕구 운천동,경상사고,0,0,2,0,차대차 - 측면충돌,신호위반,건조,맑음,교차로 - 교차로안,화물,남,49세,상해없음,승용,남,46세,경상
2019012000100411,2019년 1월 20일 20시,일요일,충청북도 청주시 상당구 용암동,경상사고,0,0,1,0,차대사람 - 기타,안전운전불이행,건조,맑음,교차로 - 교차로부근,승용,남,44세,상해없음,보행자,남,50세,경상
2019012000100412,2019년 1월 20일 20시,일요일,충청북도 음성군 대소면,경상사고,0,0,5,0,차대차 - 기타,안전거리미확보,건조,맑음,단일로 - 기타,승용,남,24세,경상,승용,여,42세,경상
2019012000100413,2019년 1월 20일 20시,일요일,충청북도 충주시 산척면,경상사고,0,0,2,0,차대차 - 기타,안전운전불이행,건조,맑음,주차장 - 주차장,승합,남,52세,상해없음,승용,남,28세,경상
2019012100100027,2019년 1월 21일 00시,월요일,충청북도 청주시 청원구 오창읍,중상사고,0,2,0,0,차대차 - 기타,중앙선침범,건조,맑음,단일로 - 기타,승용,남,36세,중상,승용,남,38세,중상
2019012100100037,2019년 1월 21일 02시,월요일,충청북도 음성군 금왕읍,중상사고,0,1,1,0,차대차 - 측면충돌,교차로운행방법위반,건조,맑음,교차로 - 교차로안,승합,여,49세,경상,승용,남,53세,중상
2019012100100043,2019년 1월 21일 04시,월요일,충청북도 진천군 덕산면,경상사고,0,0,1,0,차량단독 - 공작물충돌,안전운전불이행,건조,맑음,단일로 - 기타,승용,남,23세,경상,,,,
2019012100100107,2019년 1월 21일 08시,월요일,충청북도 보은군 보은읍,경상사고,0,0,1,0,차대차 - 측면충돌,교차로운행방법위반,건조,맑음,교차로 - 교차로안,이륜,남,75세,상해없음,화물,남,57세,경상
2019012100100108,2019년 1월 21일 08시,월요일,충청북도 옥천군 동이면,중상사고,0,1,0,0,차량단독 - 공작물충돌,안전운전불이행,건조,맑음,단일로 - 기타,승용,여,65세,중상,,,,
2019012100100136,2019년 1월 21일 09시,월요일,충청북도 제천시 장락동,경상사고,0,0,1,0,차대차 - 정면충돌,신호위반,건조,맑음,교차로 - 교차로안,승용,여,56세,상해없음,승용,여,43세,경상
2019012100100173,2019년 1월 21일 10시,월요일,충청북도 음성군 금왕읍,중상사고,0,1,1,0,차대차 - 기타,안전운전불이행,건조,맑음,단일로 - 지하차도(도로)내,화물,남,35세,중상,화물,남,47세,경상
2019012100100174,2019년 1월 21일 10시,월요일,충청북도 음성군 금왕읍,중상사고,0,1,1,0,차대차 - 측면충돌,교차로운행방법위반,건조,맑음,교차로 - 교차로안,이륜,남,76세,경상,승용,남,43세,상해없음
2019012100100203,2019년 1월 21일 11시,월요일,충청북도 충주시 칠금동,경상사고,0,0,1,0,차대차 - 기타,안전운전불이행,건조,맑음,교차로 - 교차로안,승용,여,50세,상해없음,승용,남,46세,경상
2019012100100248,2019년 1월 21일 13시,월요일,충청북도 충주시 연수동,경상사고,0,0,1,0,차대차 - 기타,안전운전불이행,건조,맑음,교차로 - 교차로안,승용,남,54세,상해없음,승용,남,32세,경상
2019012100100249,2019년 1월 21일 13시,월요일,충청북도 음성군 생극면,사망사고,1,0,0,0,차대차 - 기타,안전운전불이행,건조,맑음,단일로 - 기타,화물,남,39세,상해없음,이륜,남,75세,사망
2019012100100279,2019년 1월 21일 14시,월요일,충청북도 충주시 봉방동,경상사고,0,0,1,0,차대사람 - 횡단중,신호위반,건조,맑음,교차로 - 교차로부근,승용,남,58세,상해없음,보행자,여,37세,경상
2019012100100309,2019년 1월 21일 15시,월요일,충청북도 음성군 대소면,경상사고,0,0,1,0,차대차 - 측면충돌,안전운전불이행,건조,맑음,단일로 - 기타,화물,남,47세,상해없음,승용,남,30세,경상
2019012100100310,2019년 1월 21일 15시,월요일,충청북도 청주시 흥덕구 강서동,경상사고,0,0,1,0,차대차 - 측면충돌,안전운전불이행,건조,맑음,교차로 - 교차로안,승용,여,46세,상해없음,승용,여,62세,경상
2019012100100337,2019년 1월 21일 16시,월요일,충청북도 청주시 청원구 우암동,경상사고,0,0,1,0,차대사람 - 기타,안전운전불이행,건조,맑음,교차로 - 교차로부근,화물,남,62세,상해없음,보행자,남,81세,경상
2019012100100366,2019년 1월 21일 17시,월요일,충청북도 영동군 영동읍,경상사고,0,0,1,0,차대사람 - 기타,안전운전불이행,건조,맑음,단일로 - 기타,화물,남,56세,상해없음,보행자,여,50세,경상
2019012100100403,2019년 1월 21일 18시,월요일,충청북도 진천군 광혜원면,중상사고,0,1,0,0,차대사람 - 횡단중,안전운전불이행,건조,맑음,교차로 - 교차로부근,승용,여,46세,상해없음,보행자,남,25세,중상
2019012100100404,2019년 1월 21일 18시,월요일,충청북도 청주시 흥덕구 복대동,경상사고,0,0,1,0,차대차 - 측면충돌,안전운전불이행,건조,맑음,교차로 - 교차로안,이륜,남,22세,경상,승용,여,36세,상해없음
2019012100100457,2019년 1월 21일 19시,월요일,충청북도 청주시 흥덕구 가경동,중상사고,0,1,0,0,차대차 - 추돌,안전운전불이행,건조,맑음,교차로 - 교차로부근,승용,남,56세,상해없음,승용,여,53세,중상
2019012100100521,2019년 1월 21일 21시,월요일,충청북도 충주시 문화동,중상사고,0,1,2,0,차대차 - 기타,신호위반,건조,맑음,교차로 - 교차로안,승용,여,50세,상해없음,승용,남,31세,경상
2019012200100131,2019년 1월 22일 07시,화요일,충청북도 청주시 청원구 내덕동,경상사고,0,0,1,0,차대차 - 추돌,안전운전불이행,건조,맑음,단일로 - 기타,승합,남,48세,상해없음,화물,남,61세,경상
2019012200100165,2019년 1월 22일 08시,화요일,충청북도 청주시 흥덕구 가경동,경상사고,0,0,1,0,차대차 - 기타,안전운전불이행,건조,맑음,교차로 - 교차로안,승용,남,24세,상해없음,승용,여,41세,경상
2019012200100193,2019년 1월 22일 09시,화요일,충청북도 청주시 서원구 장암동,중상사고,0,1,2,0,차대차 - 기타,안전운전불이행,건조,맑음,단일로 - 기타,화물,남,33세,경상,승용,여,66세,경상
2019012200100225,2019년 1월 22일 10시,화요일,충청북도 제천시 장락동,경상사고,0,0,1,0,차대차 - 추돌,안전거리미확보,건조,맑음,교차로 - 교차로부근,화물,남,60세,상해없음,승용,여,49세,경상
2019012200100226,2019년 1월 22일 10시,화요일,충청북도 제천시 명동,중상사고,0,2,0,0,차대차 - 측면충돌,신호위반,건조,맑음,교차로 - 교차로안,화물,남,75세,상해없음,승용,남,68세,중상
2019012200100251,2019년 1월 22일 11시,화요일,충청북도 충주시 금릉동,부상신고사고,0,0,0,1,차대차 - 추돌,안전운전불이행,건조,맑음,단일로 - 기타,화물,남,61세,부상신고,화물,남,46세,기타불명
2019012200100281,2019년 1월 22일 12시,화요일,충청북도 진천군 이월면,경상사고,0,0,1,0,차대차 - 기타,중앙선침범,건조,맑음,단일로 - 기타,화물,남,51세,상해없음,화물,남,56세,경상
2019012200100307,2019년 1월 22일 13시,화요일,충청북도 청주시 흥덕구 복대동,경상사고,0,0,2,0,차대차 - 기타,안전거리미확보,건조,맑음,교차로 - 교차로부근,승용,여,25세,상해없음,승용,남,61세,경상
2019012200100328,2019년 1월 22일 14시,화요일,충청북도 청주시 흥덕구 가경동,경상사고,0,0,1,0,차대사람 - 기타,기타,건조,맑음,단일로 - 기타,승용,남,56세,상해없음,보행자,여,25세,경상
2019012200100360,2019년 1월 22일 15시,화요일,충청북도 제천시 화산동,중상사고,0,1,0,0,차대차 - 측면충돌,안전운전불이행,건조,맑음,단일로 - 지하차도(도로)내,승용,남,63세,상해없음,자전거,남,80세,중상
2019012200100389,2019년 1월 22일 16시,화요일,충청북도 충주시 교현동,경상사고,0,0,1,0,차대차 - 후진중충돌,안전운전불이행,건조,맑음,기타 - 기타,승용,남,77세,상해없음,이륜,남,29세,경상
2019012200100390,2019년 1월 22일 16시,화요일,충청북도 청주시 서원구 분평동,경상사고,0,0,3,0,차대차 - 측면충돌,중앙선침범,건조,맑음,단일로 - 기타,승용,여,38세,상해없음,승용,남,55세,경상
2019012200100448,2019년 1월 22일 18시,화요일,충청북도 청주시 청원구 내수읍,경상사고,0,0,1,0,차량단독 - 기타,안전운전불이행,건조,맑음,단일로 - 기타,승합,남,48세,상해없음,,,,
2019012200100449,2019년 1월 22일 18시,화요일,충청북도 진천군 진천읍,중상사고,0,1,0,0,차대차 - 측면충돌,안전운전불이행,건조,맑음,교차로 - 교차로안,승용,남,48세,상해없음,이륜,남,47세,중상
2019012200100496,2019년 1월 22일 19시,화요일,충청북도 청주시 상당구 용암동,경상사고,0,0,1,0,차대차 - 추돌,안전운전불이행,건조,맑음,교차로 - 교차로부근,승용,여,39세,상해없음,승용,남,29세,경상
2019012200100529,2019년 1월 22일 20시,화요일,충청북도 음성군 음성읍,경상사고,0,0,2,0,차대차 - 측면충돌,교차로운행방법위반,건조,맑음,교차로 - 교차로안,승용,남,56세,상해없음,승용,남,33세,경상
2019012200100530,2019년 1월 22일 20시,화요일,충청북도 청주시 흥덕구 봉명동,경상사고,0,0,1,0,차대차 - 측면충돌,안전운전불이행,건조,맑음,교차로 - 교차로안,승용,여,27세,상해없음,승용,남,66세,경상
2019012200100601,2019년 1월 22일 23시,화요일,충청북도 청주시 청원구 오창읍,중상사고,0,1,0,0,차대차 - 기타,중앙선침범,건조,맑음,단일로 - 기타,승용,남,29세,상해없음,승용,남,71세,중상
2019012300100046,2019년 1월 23일 02시,수요일,충청북도 청주시 흥덕구 복대동,경상사고,0,0,1,0,차대차 - 측면충돌,신호위반,건조,맑음,교차로 - 교차로안,승용,여,31세,상해없음,승용,여,32세,경상
2019012300100104,2019년 1월 23일 07시,수요일,충청북도 괴산군 괴산읍,중상사고,0,1,2,0,차대차 - 측면충돌,직진우회전진행방해,건조,맑음,교차로 - 교차로안,화물,남,55세,경상,승용,남,54세,경상
2019012300100105,2019년 1월 23일 07시,수요일,충청북도 청주시 흥덕구 지동동,중상사고,0,1,4,0,차대차 - 기타,신호위반,건조,맑음,교차로 - 교차로안,승용,남,61세,상해없음,승용,여,44세,중상
2019012300100203,2019년 1월 23일 10시,수요일,충청북도 영동군 영동읍,경상사고,0,0,1,0,차대차 - 측면충돌,안전운전불이행,건조,맑음,교차로 - 교차로안,화물,남,65세,상해없음,승용,남,64세,경상
2019012300100228,2019년 1월 23일 11시,수요일,충청북도 청주시 흥덕구 오송읍,중상사고,0,1,2,0,차대차 - 측면충돌,신호위반,건조,맑음,교차로 - 교차로안,승용,남,61세,상해없음,승용,여,34세,경상
2019012300100254,2019년 1월 23일 12시,수요일,충청북도 충주시 중앙탑면,경상사고,0,0,2,0,차대차 - 기타,안전운전불이행,건조,맑음,교차로 - 교차로안,승용,남,23세,경상,승용,남,33세,경상
2019012300100255,2019년 1월 23일 12시,수요일,충청북도 진천군 진천읍,경상사고,0,0,3,0,차대차 - 측면충돌,안전거리미확보,건조,맑음,단일로 - 기타,승용,남,38세,상해없음,승용,남,70세,경상
2019012300100357,2019년 1월 23일 16시,수요일,충청북도 청주시 청원구 오창읍,경상사고,0,0,1,0,차대차 - 측면충돌,직진우회전진행방해,건조,맑음,교차로 - 교차로안,승합,남,59세,상해없음,화물,남,67세,경상
2019012300100358,2019년 1월 23일 16시,수요일,충청북도 청주시 흥덕구 가경동,경상사고,0,0,1,0,차대사람 - 기타,안전운전불이행,건조,맑음,단일로 - 기타,이륜,남,55세,상해없음,보행자,남,24세,경상
2019012300100382,2019년 1월 23일 17시,수요일,충청북도 충주시 수안보면,경상사고,0,0,1,0,차대차 - 기타,안전운전불이행,건조,맑음,단일로 - 기타,승용,남,29세,상해없음,승용,남,56세,경상