사고번호,사고일시,요일,시군구,사고내용,사망자수,중상자수,경상자수,부상신고자수,사고유형,법규위반,노면상태,기상상태,도로형태,가해운전자 차종,가해운전자 성별,가해운전자 연령,가해운전자 상해정도,피해운전자 차종,피해운전자 성별,피해운전자 연령,피해운전자 상해정도
2019012300100383,2019년 1월 23일 17시,수요일,충청북도 진천군 덕산면,경상사고,0,0,1,0,차대차 - 측면충돌,직진우회전진행방해,건조,맑음,교차로 - 교차로안,승용,남,38세,상해없음,승용,남,24세,경상
2019012300100384,2019년 1월 23일 17시,수요일,충청북도 청주시 흥덕구 복대동,경상사고,0,0,1,0,차대차 - 기타,교차로운행방법위반,건조,맑음,교차로 - 교차로안,승용,남,46세,상해없음,이륜,남,21세,경상
2019012300100462,2019년 1월 23일 19시,수요일,충청북도 청주시 청원구 오창읍,경상사고,0,0,1,0,차대차 - 추돌,안전운전불이행,건조,맑음,단일로 - 지하차도(도로)내,승용,남,44세,상해없음,화물,남,59세,경상
2019012300100463,2019년 1월 23일 19시,수요일,충청북도 영동군 영동읍,중상사고,0,1,0,0,차대차 - 측면충돌,안전운전불이행,건조,맑음,교차로 - 교차로안,화물,여,58세,상해없음,승용,여,59세,중상
2019012300100521,2019년 1월 23일 21시,수요일,충청북도 증평군 증평읍,중상사고,0,2,0,0,차대차 - 정면충돌,신호위반,건조,맑음,교차로 - 교차로안,이륜,남,48세,중상,승용,여,49세,중상
2019012300100551,2019년 1월 23일 22시,수요일,충청북도 충주시 용산동,경상사고,0,0,1,0,차대차 - 추돌,안전운전불이행,건조,맑음,단일로 - 기타,승용,남,30세,상해없음,승용,남,53세,경상
2019012400100064,2019년 1월 24일 05시,목요일,충청북도 증평군 증평읍,중상사고,0,1,0,0,차대사람 - 횡단중,신호위반,건조,맑음,교차로 - 교차로횡단보도내,건설기계,남,40세,상해없음,보행자,여,74세,중상
2019012400100075,2019년 1월 24일 06시,목요일,충청북도 청주시 청원구 우암동,경상사고,0,0,1,0,차대차 - 기타,안전운전불이행,건조,맑음,단일로 - 기타,승용,남,45세,상해없음,화물,남,45세,경상
2019012400100096,2019년 1월 24일 07시,목요일,충청북도 음성군 금왕읍,경상사고,0,0,3,0,차대차 - 추돌,안전거리미확보,건조,맑음,단일로 - 기타,화물,남,46세,경상,승용,남,39세,경상
2019012400100121,2019년 1월 24일 08시,목요일,충청북도 청주시 청원구 내덕동,경상사고,0,0,3,0,차대차 - 기타,안전거리미확보,건조,맑음,단일로 - 기타,승용,남,58세,경상,승용,남,59세,경상
2019012400100122,2019년 1월 24일 08시,목요일,충청북도 음성군 맹동면,경상사고,0,0,3,0,차대차 - 측면충돌,차로위반,건조,맑음,단일로 - 기타,승용,남,33세,경상,화물,남,36세,경상
2019012400100123,2019년 1월 24일 08시,목요일,충청북도 청주시 흥덕구 복대동,경상사고,0,0,2,0,차대차 - 추돌,안전운전불이행,건조,맑음,교차로 - 교차로부근,승용,남,50세,상해없음,승합,남,49세,경상
2019012400100124,2019년 1월 24일 08시,목요일,충청북도 청주시 서원구 수곡동,경상사고,0,0,1,0,차대차 - 측면충돌,교차로운행방법위반,건조,맑음,단일로 - 기타,승용,여,49세,상해없음,자전거,여,64세,경상
2019012400100152,2019년 1월 24일 09시,목요일,충청북도 충주시 성내동,경상사고,0,0,1,0,차대차 - 추돌,안전운전불이행,건조,맑음,단일로 - 기타,승용,여,37세,상해없음,승용,여,35세,경상
2019012400100180,2019년 1월 24일 10시,목요일,충청북도 보은군 보은읍,경상사고,0,0,1,0,차대차 - 측면충돌,안전운전불이행,건조,맑음,단일로 - 기타,승용,남,83세,상해없음,이륜,남,88세,경상
2019012400100238,2019년 1월 24일 12시,목요일,충청북도 괴산군 괴산읍,중상사고,0,1,1,0,차대차 - 측면충돌,안전운전불이행,건조,맑음,교차로 - 교차로안,승용,남,71세,경상,승용,남,46세,중상
2019012400100239,2019년 1월 24일 12시,목요일,충청북도 증평군 증평읍,부상신고사고,0,0,0,1,차대차 - 측면충돌,안전거리미확보,건조,맑음,단일로 - 기타,이륜,남,67세,부상신고,승용,여,52세,상해없음
2019012400100262,2019년 1월 24일 13시,목요일,충청북도 충주시 산척면,경상사고,0,0,2,1,차대차 - 측면충돌,안전거리미확보,건조,맑음,단일로 - 기타,화물,남,58세,부상신고,화물,남,52세,경상
2019012400100263,2019년 1월 24일 13시,목요일,충청북도 청주시 서원구 분평동,경상사고,0,0,1,0,차대차 - 측면충돌,안전운전불이행,건조,맑음,단일로 - 기타,원동기,남,36세,경상,화물,남,59세,상해없음
2019012400100264,2019년 1월 24일 13시,목요일,충청북도 청주시 서원구 분평동,경상사고,0,0,1,0,차대차 - 측면충돌,교차로운행방법위반,건조,맑음,교차로 - 교차로안,화물,남,52세,상해없음,이륜,남,53세,경상
2019012400100295,2019년 1월 24일 14시,목요일,충청북도 충주시 금릉동,경상사고,0,0,1,0,차대차 - 기타,안전거리미확보,건조,맑음,교차로 - 교차로부근,승용,남,88세,상해없음,승용,여,42세,경상
2019012400100331,2019년 1월 24일 15시,목요일,충청북도 제천시 청전동,경상사고,0,0,1,0,차대차 - 측면충돌,직진우회전진행방해,건조,맑음,교차로 - 교차로안,승용,남,62세,상해없음,승합,남,50세,경상
2019012400100332,2019년 1월 24일 15시,목요일,충청북도 청주시 서원구 수곡동,중상사고,0,1,0,0,차대사람 - 기타,안전운전불이행,건조,맑음,단일로 - 기타,승용,여,57세,상해없음,보행자,여,78세,중상
2019012400100366,2019년 1월 24일 16시,목요일,충청북도 충주시 연수동,경상사고,0,0,1,0,차대차 - 기타,안전운전불이행,건조,맑음,교차로 - 교차로안,자전거,남,72세,경상,승용,여,57세,상해없음
2019012400100367,2019년 1월 24일 16시,목요일,충청북도 제천시 청전동,경상사고,0,0,3,0,차대차 - 추돌,직진우회전진행방해,건조,맑음,교차로 - 교차로안,승용,남,43세,상해없음,승용,여,39세,경상
2019012400100400,2019년 1월 24일 17시,목요일,충청북도 청주시 흥덕구 복대동,경상사고,0,0,1,0,차대차 - 측면충돌,안전운전불이행,건조,맑음,교차로 - 교차로안,승용,남,50세,상해없음,승용,남,51세,경상
2019012400100510,2019년 1월 24일 20시,목요일,충청북도 청주시 서원구 개신동,경상사고,0,0,1,0,차대차 - 기타,신호위반,건조,맑음,교차로 - 교차로안,승용,남,49세,상해없음,승용,남,42세,상해없음
2019012400100511,2019년 1월 24일 20시,목요일,충청북도 청주시 흥덕구 가경동,부상신고사고,0,0,0,1,차대차 - 기타,안전운전불이행,건조,맑음,단일로 - 기타,승용,남,51세,부상신고,승용,여,50세,기타불명
2019012400100538,2019년 1월 24일 21시,목요일,충청북도 제천시 하소동,경상사고,0,0,2,0,차대차 - 측면충돌,안전운전불이행,건조,맑음,교차로 - 교차로안,승용,여,50세,상해없음,승용,남,65세,경상
2019012400100562,2019년 1월 24일 22시,목요일,충청북도 청주시 서원구 개신동,중상사고,0,1,1,0,차대차 - 측면충돌,안전운전불이행,건조,맑음,단일로 - 기타,이륜,남,23세,상해없음,이륜,남,39세,경상
2019012500100031,2019년 1월 25일 00시,금요일,충청북도 진천군 진천읍,경상사고,0,0,1,0,차대차 - 후진중충돌,안전운전불이행,건조,맑음,단일로 - 기타,승용,남,26세,상해없음,승용,남,30세,경상
2019012500100056,2019년 1월 25일 02시,금요일,충청북도 청주시 상당구 용담동,경상사고,0,0,1,0,차대차 - 기타,안전운전불이행,건조,맑음,기타 - 기타,승용,남,47세,상해없음,승용,여,43세,경상
2019012500100073,2019년 1월 25일 05시,금요일,충청북도 충주시 대소원면,경상사고,0,0,1,0,차대차 - 기타,신호위반,건조,맑음,교차로 - 교차로안,승용,남,43세,상해없음,승용,여,53세,경상
2019012500100081,2019년 1월 25일 06시,금요일,충청북도 청주시 상당구 용담동,경상사고,0,0,1,0,차대사람 - 기타,안전운전불이행,건조,맑음,교차로 - 교차로횡단보도내,화물,남,45세,상해없음,보행자,남,69세,경상
2019012500100115,2019년 1월 25일 08시,금요일,충청북도 청주시 흥덕구 오송읍,경상사고,0,0,1,0,차대차 - 기타,불법유턴,건조,맑음,단일로 - 기타,승용,남,36세,상해없음,승용,남,33세,경상
2019012500100116,2019년 1월 25일 08시,금요일,충청북도 청주시 서원구 미평동,경상사고,0,0,2,0,차대차 - 정면충돌,안전운전불이행,건조,맑음,교차로 - 교차로안,승용,남,26세,경상,승용,남,71세,경상
2019012500100149,2019년 1월 25일 09시,금요일,충청북도 청주시 서원구 사창동,경상사고,0,0,1,0,차대차 - 기타,차로위반,건조,맑음,단일로 - 기타,화물,여,57세,상해없음,승용,여,61세,경상
2019012500100150,2019년 1월 25일 09시,금요일,충청북도 청주시 흥덕구 봉명동,경상사고,0,0,1,0,차대차 - 측면충돌,신호위반,건조,맑음,교차로 - 교차로횡단보도내,자전거,여,21세,경상,승용,남,36세,상해없음
2019012500100151,2019년 1월 25일 09시,금요일,충청북도 청주시 서원구 모충동,경상사고,0,0,1,0,차대차 - 기타,안전운전불이행,건조,맑음,교차로 - 교차로안,화물,남,46세,상해없음,개인형이동수단(PM),남,67세,경상
2019012500100190,2019년 1월 25일 11시,금요일,충청북도 청주시 청원구 내수읍,경상사고,0,0,4,0,차대차 - 기타,신호위반,건조,맑음,교차로 - 교차로안,승용,여,37세,경상,승용,남,26세,경상
2019012500100191,2019년 1월 25일 11시,금요일,충청북도 음성군 맹동면,경상사고,0,0,1,0,차대차 - 측면충돌,교차로운행방법위반,건조,맑음,교차로 - 교차로안,화물,남,66세,상해없음,화물,남,67세,경상
2019012500100224,2019년 1월 25일 12시,금요일,충청북도 청주시 서원구 성화동,경상사고,0,0,2,0,차대차 - 기타,신호위반,건조,맑음,교차로 - 교차로안,승용,여,58세,상해없음,승용,남,62세,상해없음
2019012500100257,2019년 1월 25일 13시,금요일,충청북도 청주시 서원구 사창동,경상사고,0,0,1,0,차대차 - 기타,교차로운행방법위반,건조,맑음,교차로 - 교차로안,승용,여,44세,상해없음,승용,남,51세,경상
2019012500100258,2019년 1월 25일 13시,금요일,충청북도 음성군 대소면,경상사고,0,0,1,0,차대차 - 측면충돌,교차로운행방법위반,건조,맑음,교차로 - 교차로안,승용,여,43세,경상,화물,남,50세,상해없음
2019012500100291,2019년 1월 25일 14시,금요일,충청북도 청주시 흥덕구 운천동,경상사고,0,0,1,0,차대차 - 추돌,안전운전불이행,건조,맑음,교차로 - 교차로부근,화물,남,56세,상해없음,승용,남,32세,경상
2019012500100292,2019년 1월 25일 14시,금요일,충청북도 청주시 서원구 남이면,경상사고,0,0,2,0,차대차 - 측면충돌,안전운전불이행,건조,맑음,교차로 - 교차로부근,승용,여,36세,경상,승용,여,43세,경상
2019012500100330,2019년 1월 25일 15시,금요일,충청북도 청주시 상당구 탑동,경상사고,0,0,1,1,차대차 - 측면충돌,안전운전불이행,건조,맑음,교차로 - 교차로안,승용,여,57세,부상신고,승합,남,46세,경상
2019012500100452,2019년 1월 25일 18시,금요일,충청북도 진천군 광혜원면,경상사고,0,0,1,0,차대차 - 측면충돌,안전운전불이행,건조,맑음,단일로 - 기타,승용,여,43세,상해없음,승용,남,39세,경상
2019012500100453,2019년 1월 25일 18시,금요일,충청북도 청주시 흥덕구 석소동,경상사고,0,0,2,0,차대차 - 측면충돌,안전운전불이행,건조,맑음,교차로 - 교차로부근,승합,남,55세,경상,승용,여,25세,경상
2019012500100454,2019년 1월 25일 18시,금요일,충청북도 청주시 흥덕구 신촌동,경상사고,0,0,2,0,차대차 - 기타,기타,건조,맑음,교차로 - 교차로부근,화물,남,48세,상해없음,승용,남,45세,경상
2019012500100508,2019년 1월 25일 19시,금요일,충청북도 제천시 중앙로2가,부상신고사고,0,0,0,1,차대사람 - 횡단중,안전운전불이행,건조,맑음,단일로 - 기타,승용,여,52세,상해없음,보행자,남,62세,부상신고
2019012500100509,2019년 1월 25일 19시,금요일,충청북도 청주시 흥덕구 가경동,경상사고,0,0,1,0,차대차 - 기타,안전운전불이행,건조,맑음,단일로 - 기타,승합,남,45세,상해없음,이륜,남,38세,경상
2019012500100540,2019년 1월 25일 20시,금요일,충청북도 제천시 중앙로2가,중상사고,0,1,1,0,차대차 - 측면충돌,안전운전불이행,건조,맑음,교차로 - 교차로안,승용,남,43세,경상,승용,남,28세,상해없음
2019012500100541,2019년 1월 25일 20시,금요일,충청북도 진천군 이월면,경상사고,0,0,1,0,차대차 - 추돌,안전운전불이행,건조,맑음,단일로 - 기타,승용,남,29세,상해없음,승용,남,45세,경상
2019012500100619,2019년 1월 25일 23시,금요일,충청북도 괴산군 장연면,경상사고,0,0,1,0,차대차 - 기타,안전운전불이행,건조,맑음,기타 - 기타,특수,남,47세,상해없음,화물,남,52세,경상
2019012600100074,2019년 1월 26일 03시,토요일,충청북도 청주시 서원구 사창동,경상사고,0,0,1,0,차대사람 - 기타,안전운전불이행,건조,맑음,교차로 - 교차로안,승용,남,20세,상해없음,보행자,남,26세,경상
2019012600100083,2019년 1월 26일 04시,토요일,충청북도 청주시 흥덕구 신촌동,부상신고사고,0,0,0,1,차량단독 - 공작물충돌,안전운전불이행,건조,맑음,단일로 - 기타,승용,남,28세,부상신고,,,,
2019012600100096,2019년 1월 26일 06시,토요일,충청북도 청주시 흥덕구 지동동,부상신고사고,0,0,0,1,차대차 - 기타,안전거리미확보,건조,맑음,교차로 - 교차로부근,승용,남,44세,상해없음,승용,남,48세,부상신고
2019012600100122,2019년 1월 26일 08시,토요일,충청북도 청주시 흥덕구 신봉동,경상사고,0,0,2,0,차대차 - 기타,안전운전불이행,건조,맑음,교차로 - 교차로안,승용,남,73세,상해없음,승용,남,24세,경상
2019012600100123,2019년 1월 26일 08시,토요일,충청북도 청주시 흥덕구 가경동,경상사고,0,0,1,0,차대차 - 기타,안전운전불이행,건조,맑음,교차로 - 교차로부근,승용,남,31세,상해없음,승용,남,25세,경상
2019012600100188,2019년 1월 26일 11시,토요일,충청북도 제천시 화산동,경상사고,0,0,2,0,차대차 - 정면충돌,직진우회전진행방해,건조,맑음,교차로 - 교차로안,승용,여,36세,상해없음,승용,남,50세,경상
2019012600100189,2019년 1월 26일 11시,토요일,충청북도 옥천군 옥천읍,중상사고,0,1,0,0,차대사람 - 횡단중,안전운전불이행,건조,맑음,단일로 - 기타,승용,남,60세,상해없음,보행자,여,84세,중상
2019012600100190,2019년 1월 26일 11시,토요일,충청북도 진천군 광혜원면,중상사고,0,1,1,0,차대차 - 측면충돌,직진우회전진행방해,건조,맑음,교차로 - 교차로안,승용,남,38세,상해없음,승용,여,50세,경상
2019012600100191,2019년 1월 26일 11시,토요일,충청북도 청주시 흥덕구 봉명동,경상사고,0,0,1,0,차대차 - 기타,기타,건조,맑음,교차로 - 교차로부근,화물,남,63세,상해없음,이륜,여,71세,경상
2019012600100192,2019년 1월 26일 11시,토요일,충청북도 청주시 서원구 죽림동,중상사고,0,1,0,0,차대차 - 기타,신호위반,건조,맑음,교차로 - 교차로안,승용,여,54세,상해없음,이륜,남,35세,중상
2019012600100193,2019년 1월 26일 11시,토요일,충청북도 청주시 상당구 영운동,경상사고,0,0,1,0,차대차 - 측면충돌,중앙선침범,건조,맑음,단일로 - 기타,승용,남,37세,상해없음,화물,남,35세,경상
2019012600100224,2019년 1월 26일 12시,토요일,충청북도 청주시 청원구 오동동,중상사고,0,1,2,0,차대차 - 기타,안전운전불이행,건조,맑음,교차로 - 교차로부근,화물,남,63세,상해없음,승용,여,49세,중상
2019012600100225,2019년 1월 26일 12시,토요일,충청북도 청주시 흥덕구 복대동,중상사고,0,1,0,0,차대차 - 기타,신호위반,건조,맑음,교차로 - 교차로안,이륜,남,27세,상해없음,이륜,남,40세,중상
2019012600100260,2019년 1월 26일 13시,토요일,충청북도 충주시 금가면,경상사고,0,0,4,0,차대차 - 추돌,안전운전불이행,건조,맑음,단일로 - 기타,승용,남,74세,상해없음,승용,남,47세,경상
2019012600100261,2019년 1월 26일 13시,토요일,충청북도 충주시 단월동,중상사고,0,1,1,0,차대차 - 기타,안전운전불이행,건조,맑음,교차로 - 교차로안,승용,남,52세,상해없음,승용,남,32세,중상
2019012600100298,2019년 1월 26일 14시,토요일,충청북도 청주시 청원구 오창읍,경상사고,0,0,3,0,차대차 - 측면충돌,안전운전불이행,건조,맑음,교차로 - 교차로부근,승용,여,71세,경상,화물,남,52세,경상
2019012600100329,2019년 1월 26일 15시,토요일,충청북도 청주시 서원구 남이면,경상사고,0,0,1,0,차대차 - 기타,안전운전불이행,건조,맑음,교차로 - 교차로안,건설기계,남,55세,상해없음,승용,여,51세,경상
2019012600100330,2019년 1월 26일 15시,토요일,충청북도 청주시 흥덕구 향정동,중상사고,0,1,3,0,차대차 - 기타,안전운전불이행,건조,맑음,교차로 - 교차로안,승용,남,59세,상해없음,승용,남,37세,경상
2019012600100331,2019년 1월 26일 15시,토요일,충청북도 청주시 상당구 북문로1가동,부상신고사고,0,0,0,1,차대사람 - 기타,안전운전불이행,건조,맑음,단일로 - 기타,승용,남,39세,상해없음,보행자,남,57세,부상신고
2019012600100366,2019년 1월 26일 16시,토요일,충청북도 청주시 서원구 사직동,중상사고,0,1,0,0,차대차 - 기타,과속,건조,맑음,교차로 - 교차로안,승용,남,27세,기타불명,승용,남,49세,중상
2019012600100367,2019년 1월 26일 16시,토요일,충청북도 제천시 남천동,중상사고,0,1,1,1,차대차 - 측면충돌,신호위반,건조,맑음,교차로 - 교차로안,승용,남,32세,상해없음,승용,남,53세,경상
2019012600100368,2019년 1월 26일 16시,토요일,충청북도 음성군 감곡면,경상사고,0,0,2,0,차대차 - 추돌,안전거리미확보,건조,맑음,단일로 - 기타,화물,남,23세,상해없음,승용,여,74세,경상
2019012600100369,2019년 1월 26일 16시,토요일,충청북도 청주시 흥덕구 외북동,경상사고,0,0,1,0,차대차 - 측면충돌,신호위반,건조,맑음,교차로 - 교차로안,승용,남,69세,상해없음,승용,남,55세,경상
2019012600100402,2019년 1월 26일 17시,토요일,충청북도 영동군 양강면,중상사고,0,1,0,0,차량단독 - 공작물충돌,안전운전불이행,건조,맑음,단일로 - 기타,승용,여,58세,중상,,,,
2019012600100403,2019년 1월 26일 17시,토요일,충청북도 단양군 매포읍,중상사고,0,1,1,0,차대차 - 기타,안전거리미확보,건조,맑음,단일로 - 기타,승합,남,60세,상해없음,승용,남,58세,경상
2019012600100404,2019년 1월 26일 17시,토요일,충청북도 진천군 이월면,경상사고,0,0,2,0,차량단독 - 공작물충돌,안전운전불이행,건조,맑음,단일로 - 기타,승용,남,26세,경상,,,,
2019012600100405,2019년 1월 26일 17시,토요일,충청북도 청주시 서원구 남이면,중상사고,0,1,2,0,차대차 - 추돌,안전거리미확보,건조,맑음,단일로 - 기타,승용,남,51세,중상,승용,남,22세,경상
2019012600100434,2019년 1월 26일 18시,토요일,충청북도 청주시 서원구 분평동,중상사고,0,1,0,0,차대차 - 측면충돌,안전운전불이행,건조,맑음,교차로 - 교차로부근,승용,남,51세,상해없음,이륜,남,58세,중상
2019012600100435,2019년 1월 26일 18시,토요일,충청북도 청주시 상당구 용암동,경상사고,0,0,1,0,차대차 - 기타,교차로운행방법위반,건조,맑음,교차로 - 교차로안,화물,남,67세,기타불명,승용,여,32세,경상
2019012600100473,2019년 1월 26일 19시,토요일,충청북도 충주시 금가면,중상사고,0,1,0,0,차대차 - 추돌,안전운전불이행,건조,맑음,단일로 - 기타,승용,남,52세,상해없음,화물,남,58세,상해없음
2019012600100474,2019년 1월 26일 19시,토요일,충청북도 제천시 장락동,경상사고,0,0,1,0,차대차 - 측면충돌,신호위반,건조,맑음,교차로 - 교차로부근,승용,여,39세,상해없음,승용,여,44세,경상
2019012600100475,2019년 1월 26일 19시,토요일,충청북도 진천군 광혜원면,중상사고,0,1,0,0,차대사람 - 차도통행중,안전운전불이행,건조,맑음,단일로 - 교량,승용,여,69세,상해없음,보행자,남,14세,중상
2019012600100507,2019년 1월 26일 20시,토요일,충청북도 청주시 청원구 오창읍,중상사고,0,1,0,0,차대차 - 기타,안전운전불이행,건조,맑음,단일로 - 기타,승용,남,48세,상해없음,이륜,남,19세,중상
2019012600100508,2019년 1월 26일 20시,토요일,충청북도 청주시 서원구 분평동,경상사고,0,0,1,0,차대차 - 기타,안전거리미확보,건조,맑음,교차로 - 교차로부근,승용,남,27세,상해없음,승용,남,57세,경상
2019012600100540,2019년 1월 26일 21시,토요일,충청북도 충주시 호암동,경상사고,0,0,1,0,차대차 - 측면충돌,안전운전불이행,건조,흐림,단일로 - 기타,승용,여,30세,상해없음,승용,남,47세,경상
2019012600100571,2019년 1월 26일 22시,토요일,충청북도 청주시 청원구 내수읍,경상사고,0,0,1,0,차량단독 - 기타,기타,건조,맑음,교차로 - 교차로안,승합,남,52세,상해없음,,,,
2019012600100572,2019년 1월 26일 22시,토요일,충청북도 청주시 서원구 산남동,경상사고,0,0,1,0,차대차 - 측면충돌,신호위반,건조,맑음,교차로 - 교차로안,승용,남,69세,상해없음,승용,여,31세,경상
2019012600100589,2019년 1월 26일 23시,토요일,충청북도 옥천군 군북면,중상사고,0,2,1,0,차대차 - 정면충돌,중앙선침범,건조,맑음,단일로 - 기타,승용,여,43세,중상,화물,남,26세,중상
2019012700100025,2019년 1월 27일 00시,일요일,충청북도 청주시 흥덕구 복대동,경상사고,0,0,3,0,차대차 - 측면충돌,신호위반,건조,맑음,교차로 - 교차로안,승용,여,49세,상해없음,승용,남,46세,경상
2019012700100098,2019년 1월 27일 09시,일요일,충청북도 진천군 진천읍,중상사고,0,1,2,0,차대차 - 기타,신호위반,건조,맑음,교차로 - 교차로안,승용,남,58세,상해없음,승용,여,38세,중상
2019012700100128,2019년 1월 27일 11시,일요일,충청북도 충주시 종민동,중상사고,0,2,2,0,차대차 - 측면충돌,중앙선침범,건조,맑음,단일로 - 기타,승용,남,63세,중상,승용,남,29세,경상
2019012700100149,2019년 1월 27일 12시,일요일,충청북도 청주시 흥덕구 가경동,경상사고,0,0,3,0,차대차 - 측면충돌,안전거리미확보,건조,맑음,교차로 - 교차로부근,승용,남,52세,상해없음,승용,남,52세,경상
2019012700100150,2019년 1월 27일 12시,일요일,충청북도 청주시 흥덕구 강서동,경상사고,0,0,1,0,차대차 - 추돌,안전운전불이행,건조,맑음,교차로 - 교차로부근,화물,남,86세,상해없음,승용,여,31세,경상
2019012700100232,2019년 1월 27일 15시,일요일,충청북도 청주시 상당구 남문로1가동,부상신고사고,0,0,0,1,차대사람 - 횡단중,안전운전불이행,건조,맑음,단일로 - 지하차도(도로)내,이륜,남,45세,상해없음,보행자,남,63세,부상신고
2019012700100286,2019년 1월 27일 17시,일요일,충청북도 보은군 수한면,중상사고,0,1,0,0,차량단독 - 도로외이탈 - 추락,안전운전불이행,건조,맑음,단일로 - 지하차도(도로)내,사륜오토바이(ATV),남,48세,중상,,,,
2019012700100309,2019년 1월 27일 18시,일요일,충청북도 제천시 남천동,경상사고,0,0,1,0,차대사람 - 횡단중,안전운전불이행,건조,맑음,교차로 - 교차로부근,승용,여,40세,상해없음,보행자,여,90세 이상,경상
2019012700100333,2019년 1월 27일 19시,일요일,충청북도 음성군 음성읍,경상사고,0,0,1,0,차대사람 - 횡단중,안전운전불이행,건조,맑음,단일로 - 기타,화물,남,48세,상해없음,보행자,남,62세,경상
2019012700100394,2019년 1월 27일 22시,일요일,충청북도 청주시 청원구 외하동,중상사고,0,1,0,0,차대사람 - 기타,안전운전불이행,건조,맑음,단일로 - 교량,화물,남,38세,상해없음,보행자,남,72세,중상
2019012700100404,2019년 1월 27일 23시,일요일,충청북도 청주시 서원구 개신동,중상사고,0,1,1,0,차대차 - 기타,신호위반,건조,맑음,교차로 - 교차로안,승용,여,49세,상해없음,승용,남,38세,중상
2019012800100023,2019년 1월 28일 00시,월요일,충청북도 진천군 진천읍,경상사고,0,0,1,0,차대차 - 추돌,안전운전불이행,건조,맑음,단일로 - 기타,승용,남,23세,상해없음,이륜,남,20세,경상
2019012800100078,2019년 1월 28일 06시,월요일,충청북도 충주시 소태면,중상사고,0,1,1,0,차대차 - 추돌,안전운전불이행,적설,눈,기타 - 기타,승용,남,39세,상해없음,승용,남,49세,중상
2019012800100084,2019년 1월 28일 06시,월요일,충청북도 영동군 황간면,중상사고,0,3,0,0,차대차 - 기타,안전운전불이행,건조,맑음,단일로 - 기타,화물,남,43세,상해없음,승용,남,42세,중상
2019012800100112,2019년 1월 28일 07시,월요일,충청북도 영동군 심천면,사망사고,1,1,0,0,차량단독 - 공작물충돌,안전운전불이행,건조,맑음,단일로 - 기타,화물,남,57세,사망,,,,
2019012800100113,2019년 1월 28일 07시,월요일,충청북도 영동군 심천면,중상사고,0,1,1,0,차대차 - 추돌,안전운전불이행,서리/결빙,눈,단일로 - 기타,화물,남,58세,상해없음,화물,남,51세,중상
2019012800100114,2019년 1월 28일 07시,월요일,충청북도 음성군 생극면,중상사고,0,2,0,0,차대차 - 정면충돌,중앙선침범,서리/결빙,맑음,단일로 - 기타,승용,남,62세,중상,특수,남,43세,중상
2019012800100158,2019년 1월 28일 08시,월요일,충청북도 청주시 서원구 남이면,경상사고,0,0,2,0,차대차 - 정면충돌,안전운전불이행,기타,맑음,단일로 - 기타,화물,남,33세,상해없음,건설기계,남,43세,경상
2019012800100159,2019년 1월 28일 08시,월요일,충청북도 청주시 상당구 금천동,중상사고,0,1,1,0,차대차 - 기타,교차로운행방법위반,건조,맑음,단일로 - 기타,승용,여,58세,경상,승용,남,36세,중상
2019012800100199,2019년 1월 28일 09시,월요일,충청북도 충주시 호암동,경상사고,0,0,6,0,차대차 - 기타,불법유턴,건조,맑음,단일로 - 기타,승용,남,71세,상해없음,승합,남,63세,경상
2019012800100200,2019년 1월 28일 09시,월요일,충청북도 청주시 흥덕구 강서동,경상사고,0,0,2,0,차대차 - 측면충돌,교차로운행방법위반,건조,맑음,교차로 - 교차로안,승합,남,44세,경상,승용,여,48세,경상
2019012800100201,2019년 1월 28일 09시,월요일,충청북도 청주시 서원구 죽림동,경상사고,0,0,2,0,차대차 - 추돌,안전운전불이행,건조,맑음,교차로 - 교차로부근,승용,여,49세,상해없음,승용,여,33세,경상
2019012800100202,2019년 1월 28일 09시,월요일,충청북도 청주시 상당구 낭성면,중상사고,0,2,0,0,차량단독 - 도로외이탈 - 추락,안전운전불이행,건조,맑음,단일로 - 기타,승용,여,59세,상해없음,,,,
2019012800100247,2019년 1월 28일 10시,월요일,충청북도 괴산군 장연면,경상사고,0,0,1,0,차대차 - 측면충돌,안전거리미확보,건조,맑음,단일로 - 기타,화물,남,27세,상해없음,승용,여,73세,경상
2019012800100248,2019년 1월 28일 10시,월요일,충청북도 단양군 대강면,중상사고,0,2,2,0,차대차 - 추돌,안전거리미확보,건조,맑음,기타 - 기타,승합,남,57세,상해없음,화물,남,65세,중상
2019012800100249,2019년 1월 28일 10시,월요일,충청북도 청주시 상당구 금천동,경상사고,0,0,1,0,차대차 - 측면충돌,안전운전불이행,건조,맑음,교차로 - 교차로부근,승용,남,50세,상해없음,이륜,남,62세,경상
2019012800100293,2019년 1월 28일 11시,월요일,충청북도 영동군 영동읍,경상사고,0,0,1,0,차대차 - 측면충돌,차로위반,건조,맑음,단일로 - 기타,이륜,여,79세,경상,승용,남,64세,상해없음
2019012800100294,2019년 1월 28일 11시,월요일,충청북도 청주시 흥덕구 가경동,경상사고,0,0,2,0,차대차 - 측면충돌,안전운전불이행,건조,맑음,단일로 - 기타,승용,남,58세,상해없음,승용,남,37세,경상
2019012800100295,2019년 1월 28일 11시,월요일,충청북도 청주시 흥덕구 복대동,경상사고,0,0,2,0,차대차 - 기타,불법유턴,건조,맑음,단일로 - 기타,승용,남,60세,상해없음,승용,남,49세,경상