사고번호,사고일시,요일,시군구,사고내용,사망자수,중상자수,경상자수,부상신고자수,사고유형,법규위반,노면상태,기상상태,도로형태,가해운전자 차종,가해운전자 성별,가해운전자 연령,가해운전자 상해정도,피해운전자 차종,피해운전자 성별,피해운전자 연령,피해운전자 상해정도
2019012800100354,2019년 1월 28일 13시,월요일,충청북도 음성군 맹동면,중상사고,0,1,1,0,차대차 - 추돌,안전거리미확보,건조,맑음,단일로 - 기타,승용,여,60세,중상,승용,남,47세,상해없음
2019012800100395,2019년 1월 28일 14시,월요일,충청북도 충주시 앙성면,경상사고,0,0,1,0,차대사람 - 기타,안전운전불이행,건조,맑음,단일로 - 기타,승용,남,58세,상해없음,보행자,여,76세,경상
2019012800100396,2019년 1월 28일 14시,월요일,충청북도 제천시 화산동,중상사고,0,1,2,0,차대차 - 측면충돌,안전운전불이행,건조,맑음,단일로 - 기타,승용,여,45세,경상,승용,여,35세,중상
2019012800100397,2019년 1월 28일 14시,월요일,충청북도 청주시 흥덕구 비하동,경상사고,0,0,1,0,차대차 - 추돌,안전거리미확보,건조,맑음,교차로 - 교차로안,화물,남,36세,상해없음,승용,여,35세,경상
2019012800100434,2019년 1월 28일 15시,월요일,충청북도 충주시 성내동,경상사고,0,0,1,0,차대사람 - 기타,안전운전불이행,건조,맑음,단일로 - 기타,승용,남,55세,상해없음,보행자,남,20세,경상
2019012800100503,2019년 1월 28일 17시,월요일,충청북도 청주시 서원구 성화동,경상사고,0,0,2,0,차대차 - 측면충돌,안전거리미확보,건조,맑음,교차로 - 교차로부근,승용,여,45세,경상,화물,남,35세,경상
2019012800100538,2019년 1월 28일 18시,월요일,충청북도 단양군 단양읍,중상사고,0,1,0,0,차대차 - 측면충돌,기타,건조,맑음,교차로 - 교차로안,승용,남,62세,상해없음,승용,여,56세,중상
2019012800100581,2019년 1월 28일 19시,월요일,충청북도 충주시 앙성면,경상사고,0,0,1,0,차대차 - 추돌,안전운전불이행,건조,맑음,기타 - 기타,화물,남,53세,경상,화물,남,59세,상해없음
2019012800100658,2019년 1월 28일 22시,월요일,충청북도 청주시 흥덕구 비하동,경상사고,0,0,2,0,차대차 - 기타,안전운전불이행,건조,맑음,단일로 - 기타,승용,남,38세,상해없음,화물,남,59세,경상
2019012800100659,2019년 1월 28일 22시,월요일,충청북도 청주시 흥덕구 복대동,중상사고,0,1,3,0,차대차 - 측면충돌,신호위반,건조,맑음,교차로 - 교차로안,승용,남,50세,경상,이륜,남,16세,경상
2019012900100043,2019년 1월 29일 03시,화요일,충청북도 증평군 증평읍,중상사고,0,1,1,0,차대차 - 측면충돌,신호위반,건조,맑음,교차로 - 교차로안,승용,남,43세,경상,화물,남,59세,중상
2019012900100065,2019년 1월 29일 06시,화요일,충청북도 청주시 흥덕구 봉명동,경상사고,0,0,3,0,차대차 - 측면충돌,교차로운행방법위반,건조,맑음,교차로 - 교차로안,승용,남,60세,경상,승용,남,42세,경상
2019012900100082,2019년 1월 29일 07시,화요일,충청북도 음성군 금왕읍,경상사고,0,0,2,0,차대차 - 측면충돌,교차로운행방법위반,건조,맑음,교차로 - 교차로안,승용,여,20세,상해없음,승용,남,26세,경상
2019012900100115,2019년 1월 29일 08시,화요일,충청북도 괴산군 괴산읍,중상사고,0,1,1,0,차대차 - 측면충돌,안전운전불이행,건조,맑음,교차로 - 교차로안,승용,남,28세,경상,승용,남,61세,중상
2019012900100181,2019년 1월 29일 11시,화요일,충청북도 충주시 봉방동,경상사고,0,0,1,0,차대차 - 정면충돌,안전운전불이행,건조,맑음,교차로 - 교차로안,화물,남,60세,기타불명,자전거,남,39세,경상
2019012900100182,2019년 1월 29일 11시,화요일,충청북도 청주시 상당구 수동,경상사고,0,0,2,0,차대차 - 기타,기타,건조,맑음,교차로 - 교차로안,승용,여,42세,상해없음,승용,남,71세,경상
2019012900100239,2019년 1월 29일 13시,화요일,충청북도 제천시 왕암동,경상사고,0,0,1,0,차대차 - 측면충돌,직진우회전진행방해,건조,맑음,교차로 - 교차로안,승용,남,48세,상해없음,승용,남,43세,경상
2019012900100240,2019년 1월 29일 13시,화요일,충청북도 제천시 봉양읍,경상사고,0,0,2,0,차대차 - 추돌,안전운전불이행,건조,맑음,교차로 - 교차로부근,승용,남,57세,상해없음,승합,남,46세,경상
2019012900100241,2019년 1월 29일 13시,화요일,충청북도 청주시 흥덕구 가경동,경상사고,0,0,1,0,차대차 - 측면충돌,교차로운행방법위반,건조,맑음,교차로 - 교차로횡단보도내,승용,남,46세,상해없음,승용,여,47세,경상
2019012900100306,2019년 1월 29일 15시,화요일,충청북도 청주시 청원구 오창읍,중상사고,0,1,0,0,차대차 - 후진중충돌,중앙선침범,건조,맑음,단일로 - 기타,화물,남,59세,상해없음,화물,남,38세,중상
2019012900100307,2019년 1월 29일 15시,화요일,충청북도 청주시 서원구 분평동,경상사고,0,0,1,0,차대차 - 측면충돌,신호위반,건조,맑음,교차로 - 교차로안,건설기계,남,41세,상해없음,승합,남,42세,경상
2019012900100354,2019년 1월 29일 16시,화요일,충청북도 청주시 청원구 오창읍,경상사고,0,0,3,0,차대차 - 기타,신호위반,건조,맑음,교차로 - 교차로안,승합,남,64세,상해없음,승용,남,54세,경상
2019012900100355,2019년 1월 29일 16시,화요일,충청북도 충주시 금릉동,중상사고,0,2,0,0,차대차 - 기타,직진우회전진행방해,건조,맑음,교차로 - 교차로안,승용,남,27세,상해없음,원동기,남,83세,중상
2019012900100356,2019년 1월 29일 16시,화요일,충청북도 충주시 봉방동,중상사고,0,1,0,0,차대차 - 측면충돌,직진우회전진행방해,건조,맑음,교차로 - 교차로안,화물,남,26세,상해없음,자전거,남,72세,중상
2019012900100357,2019년 1월 29일 16시,화요일,충청북도 청주시 흥덕구 강서동,경상사고,0,0,1,0,차대사람 - 횡단중,안전운전불이행,건조,맑음,교차로 - 교차로횡단보도내,승용,남,62세,상해없음,보행자,여,38세,경상
2019012900100358,2019년 1월 29일 16시,화요일,충청북도 청주시 흥덕구 옥산면,중상사고,0,1,0,0,차대차 - 측면충돌,안전운전불이행,건조,맑음,단일로 - 기타,승용,남,52세,상해없음,승용,남,38세,중상
2019012900100410,2019년 1월 29일 17시,화요일,충청북도 청주시 청원구 내수읍,경상사고,0,0,2,0,차대차 - 기타,안전거리미확보,건조,맑음,단일로 - 기타,승합,남,37세,상해없음,승용,남,59세,상해없음
2019012900100411,2019년 1월 29일 17시,화요일,충청북도 청주시 청원구 오창읍,경상사고,0,0,2,0,차대차 - 기타,차로위반,건조,맑음,교차로 - 교차로안,승용,남,31세,상해없음,승용,여,30세,경상
2019012900100412,2019년 1월 29일 17시,화요일,충청북도 음성군 맹동면,중상사고,0,2,0,0,차대차 - 정면충돌,신호위반,건조,맑음,교차로 - 교차로안,승용,남,38세,중상,승용,여,42세,중상
2019012900100447,2019년 1월 29일 18시,화요일,충청북도 청주시 청원구 내덕동,경상사고,0,0,2,0,차대차 - 기타,직진우회전진행방해,건조,맑음,교차로 - 교차로안,승용,여,54세,기타불명,승용,여,72세,경상
2019012900100448,2019년 1월 29일 18시,화요일,충청북도 음성군 감곡면,중상사고,0,1,0,0,차대차 - 측면충돌,신호위반,건조,맑음,교차로 - 교차로횡단보도내,이륜,남,55세,중상,승용,남,65세,상해없음
2019012900100449,2019년 1월 29일 18시,화요일,충청북도 청주시 흥덕구 옥산면,경상사고,0,0,1,0,차대차 - 기타,안전거리미확보,건조,맑음,단일로 - 기타,승용,여,36세,상해없음,승용,남,58세,경상
2019012900100500,2019년 1월 29일 19시,화요일,충청북도 충주시 봉방동,경상사고,0,0,2,0,차대차 - 기타,신호위반,건조,맑음,교차로 - 교차로안,승용,남,53세,경상,승용,여,51세,경상
2019012900100501,2019년 1월 29일 19시,화요일,충청북도 제천시 영천동,경상사고,0,0,1,0,차대사람 - 길가장자리구역통행중,안전운전불이행,건조,맑음,단일로 - 지하차도(도로)내,승용,남,34세,상해없음,보행자,여,66세,경상
2019012900100534,2019년 1월 29일 20시,화요일,충청북도 충주시 금릉동,경상사고,0,0,3,0,차대차 - 기타,신호위반,건조,맑음,교차로 - 교차로부근,승용,남,33세,경상,승용,남,28세,경상
2019012900100567,2019년 1월 29일 21시,화요일,충청북도 청주시 상당구 금천동,경상사고,0,0,6,0,차대차 - 측면충돌,교차로운행방법위반,건조,맑음,교차로 - 교차로안,승용,남,34세,경상,승용,여,43세,경상
2019013000100070,2019년 1월 30일 06시,수요일,충청북도 청주시 흥덕구 복대동,경상사고,0,0,1,0,차대차 - 기타,안전운전불이행,건조,맑음,교차로 - 교차로안,승용,남,32세,상해없음,승용,남,66세,경상
2019013000100081,2019년 1월 30일 07시,수요일,충청북도 청주시 청원구 정상동,경상사고,0,0,1,0,차대차 - 추돌,안전거리미확보,건조,맑음,단일로 - 기타,승용,남,39세,상해없음,승용,남,39세,경상
2019013000100101,2019년 1월 30일 08시,수요일,충청북도 청주시 청원구 내덕동,중상사고,0,1,0,0,차대사람 - 차도통행중,신호위반,건조,맑음,단일로 - 기타,승용,남,30세,상해없음,보행자,남,36세,중상
2019013000100163,2019년 1월 30일 10시,수요일,충청북도 충주시 문화동,경상사고,0,0,1,0,차대사람 - 횡단중,안전운전불이행,건조,흐림,기타 - 기타,승용,남,56세,상해없음,보행자,여,53세,경상
2019013000100164,2019년 1월 30일 10시,수요일,충청북도 증평군 증평읍,사망사고,1,0,0,0,차대차 - 측면충돌,안전운전불이행,건조,맑음,교차로 - 교차로안,승용,남,29세,상해없음,자전거,남,79세,사망
2019013000100165,2019년 1월 30일 10시,수요일,충청북도 음성군 감곡면,경상사고,0,0,1,0,차대차 - 측면충돌,교차로운행방법위반,건조,맑음,교차로 - 교차로안,승용,남,58세,상해없음,승용,남,42세,경상
2019013000100196,2019년 1월 30일 11시,수요일,충청북도 충주시 용산동,중상사고,0,1,0,0,차대차 - 측면충돌,직진우회전진행방해,건조,맑음,교차로 - 교차로안,승용,남,29세,상해없음,이륜,남,70세,중상
2019013000100241,2019년 1월 30일 13시,수요일,충청북도 충주시 용두동,중상사고,0,1,0,0,차대차 - 추돌,안전운전불이행,건조,맑음,교차로 - 교차로부근,승용,남,51세,상해없음,승용,남,45세,중상
2019013000100242,2019년 1월 30일 13시,수요일,충청북도 청주시 흥덕구 가경동,경상사고,0,0,1,0,차대차 - 기타,교차로운행방법위반,건조,맑음,교차로 - 교차로안,승용,여,46세,상해없음,승용,여,55세,경상
2019013000100320,2019년 1월 30일 15시,수요일,충청북도 청주시 흥덕구 봉명동,경상사고,0,0,2,0,차대차 - 측면충돌,안전운전불이행,건조,맑음,단일로 - 기타,승용,남,39세,상해없음,화물,여,43세,경상
2019013000100358,2019년 1월 30일 16시,수요일,충청북도 영동군 영동읍,중상사고,0,1,0,0,차대차 - 측면충돌,중앙선침범,젖음/습기,눈,교차로 - 교차로부근,화물,남,52세,상해없음,승용,남,61세,중상
2019013000100359,2019년 1월 30일 16시,수요일,충청북도 음성군 생극면,경상사고,0,0,3,0,차대차 - 측면충돌,안전운전불이행,건조,맑음,교차로 - 교차로부근,승용,남,87세,상해없음,승용,여,61세,경상
2019013000100517,2019년 1월 30일 20시,수요일,충청북도 충주시 봉방동,경상사고,0,0,2,0,차대차 - 측면충돌,신호위반,건조,맑음,교차로 - 교차로안,승용,여,26세,경상,승용,여,59세,경상
2019013000100518,2019년 1월 30일 20시,수요일,충청북도 청주시 서원구 모충동,경상사고,0,0,1,0,차대차 - 측면충돌,안전운전불이행,건조,맑음,교차로 - 교차로부근,승용,남,23세,상해없음,승용,남,38세,경상
2019013000100568,2019년 1월 30일 22시,수요일,충청북도 음성군 대소면,중상사고,0,1,0,0,차대사람 - 횡단중,안전운전불이행,건조,맑음,단일로 - 기타,승합,여,29세,상해없음,보행자,남,59세,중상
2019013000100589,2019년 1월 30일 23시,수요일,충청북도 청주시 흥덕구 옥산면,경상사고,0,0,1,0,차대차 - 기타,중앙선침범,건조,맑음,단일로 - 기타,승용,여,46세,상해없음,승용,여,62세,경상
2019013100100039,2019년 1월 31일 02시,목요일,충청북도 청주시 흥덕구 가경동,경상사고,0,0,1,0,차대사람 - 기타,안전운전불이행,건조,맑음,단일로 - 기타,승용,남,59세,상해없음,보행자,여,18세,경상
2019013100100040,2019년 1월 31일 02시,목요일,충청북도 청주시 상당구 용암동,경상사고,0,0,1,0,차대사람 - 횡단중,교차로운행방법위반,건조,맑음,교차로 - 교차로안,승용,여,51세,상해없음,보행자,남,58세,경상
2019013100100046,2019년 1월 31일 03시,목요일,충청북도 옥천군 옥천읍,사망사고,1,0,1,0,차대차 - 추돌,안전운전불이행,건조,맑음,단일로 - 기타,승용,남,43세,사망,화물,남,52세,상해없음
2019013100100058,2019년 1월 31일 05시,목요일,충청북도 청주시 흥덕구 복대동,중상사고,0,1,0,0,차대사람 - 횡단중,신호위반,건조,맑음,교차로 - 교차로횡단보도내,승용,남,64세,상해없음,보행자,여,53세,중상
2019013100100074,2019년 1월 31일 06시,목요일,충청북도 진천군 광혜원면,경상사고,0,0,1,0,차대차 - 기타,안전운전불이행,건조,맑음,단일로 - 기타,승용,남,54세,상해없음,승용,남,30세,상해없음
2019013100100109,2019년 1월 31일 07시,목요일,충청북도 제천시 신백동,중상사고,0,1,0,0,차대차 - 측면충돌,신호위반,건조,맑음,교차로 - 교차로안,화물,남,59세,상해없음,화물,여,45세,중상
2019013100100141,2019년 1월 31일 08시,목요일,충청북도 진천군 진천읍,중상사고,0,1,0,0,차대차 - 추돌,안전운전불이행,건조,맑음,단일로 - 기타,승용,여,32세,상해없음,승용,남,47세,중상
2019013100100190,2019년 1월 31일 10시,목요일,충청북도 청주시 서원구 수곡동,중상사고,0,1,0,0,차대차 - 측면충돌,안전거리미확보,건조,맑음,교차로 - 교차로부근,승용,여,63세,상해없음,이륜,남,76세,중상
2019013100100303,2019년 1월 31일 14시,목요일,충청북도 청주시 흥덕구 오송읍,중상사고,0,2,0,0,차대차 - 측면충돌,신호위반,건조,맑음,교차로 - 교차로안,승용,남,20세,중상,승용,남,42세,중상
2019013100100344,2019년 1월 31일 15시,목요일,충청북도 청주시 상당구 북문로3가동,경상사고,0,0,1,0,차대차 - 기타,안전운전불이행,건조,맑음,교차로 - 교차로안,이륜,남,22세,경상,승용,남,37세,상해없음
2019013100100379,2019년 1월 31일 16시,목요일,충청북도 증평군 증평읍,중상사고,0,1,0,0,차대차 - 측면충돌,직진우회전진행방해,건조,맑음,교차로 - 교차로안,자전거,남,75세,중상,승용,여,42세,상해없음
2019013100100380,2019년 1월 31일 16시,목요일,충청북도 청주시 흥덕구 강서동,경상사고,0,0,2,0,차대차 - 측면충돌,안전운전불이행,건조,맑음,단일로 - 기타,승용,남,32세,경상,승용,여,47세,경상
2019013100100410,2019년 1월 31일 17시,목요일,충청북도 청주시 상당구 석교동,경상사고,0,0,1,0,차대차 - 측면충돌,안전운전불이행,건조,맑음,단일로 - 기타,승용,여,55세,상해없음,승용,여,49세,경상
2019013100100534,2019년 1월 31일 20시,목요일,충청북도 청주시 청원구 오창읍,중상사고,0,1,0,0,차대차 - 기타,안전운전불이행,건조,맑음,단일로 - 기타,승용,남,38세,상해없음,승용,여,49세,중상
2019013100100535,2019년 1월 31일 20시,목요일,충청북도 청주시 서원구 사창동,경상사고,0,0,1,0,차대차 - 기타,신호위반,건조,맑음,교차로 - 교차로부근,승용,남,23세,상해없음,이륜,남,25세,경상
2019013100100536,2019년 1월 31일 20시,목요일,충청북도 충주시 용산동,중상사고,0,1,0,0,차대사람 - 기타,안전운전불이행,건조,맑음,교차로 - 교차로부근,이륜,남,24세,상해없음,보행자,여,42세,중상
2019013100100537,2019년 1월 31일 20시,목요일,충청북도 진천군 진천읍,경상사고,0,0,1,0,차대사람 - 기타,안전운전불이행,건조,맑음,교차로 - 교차로안,승합,남,77세,상해없음,보행자,남,68세,경상
2019013100100538,2019년 1월 31일 20시,목요일,충청북도 청주시 흥덕구 복대동,경상사고,0,0,3,4,차대차 - 측면충돌,교차로운행방법위반,건조,맑음,교차로 - 교차로안,승용,남,24세,부상신고,승용,남,56세,상해없음
2019013100100576,2019년 1월 31일 21시,목요일,충청북도 제천시 덕산면,사망사고,1,0,0,0,차량단독 - 공작물충돌,안전운전불이행,건조,흐림,교차로 - 교차로부근,화물,남,48세,사망,,,,
2019013100100577,2019년 1월 31일 21시,목요일,충청북도 진천군 문백면,경상사고,0,0,1,0,차량단독 - 기타,안전운전불이행,기타,맑음,교차로 - 교차로부근,승용,남,44세,경상,,,,
2019020100100032,2019년 2월 1일 00시,금요일,충청북도 청주시 서원구 모충동,경상사고,0,0,1,0,차대차 - 기타,신호위반,건조,맑음,교차로 - 교차로안,승용,여,24세,상해없음,원동기,남,26세,경상
2019020100100091,2019년 2월 1일 06시,금요일,충청북도 청주시 흥덕구 복대동,경상사고,0,0,1,0,차대사람 - 횡단중,보행자보호의무위반,건조,맑음,교차로 - 교차로부근,승용,남,52세,상해없음,보행자,남,40세,경상
2019020100100092,2019년 2월 1일 06시,금요일,충청북도 청주시 상당구 용암동,경상사고,0,0,1,0,차대차 - 기타,교차로운행방법위반,건조,맑음,교차로 - 교차로안,승용,남,46세,상해없음,승용,여,39세,경상
2019020100100109,2019년 2월 1일 07시,금요일,충청북도 청주시 서원구 남이면,경상사고,0,0,4,0,차대차 - 측면충돌,안전운전불이행,건조,맑음,단일로 - 기타,화물,여,56세,상해없음,승합,남,59세,상해없음
2019020100100136,2019년 2월 1일 08시,금요일,충청북도 청주시 흥덕구 봉명동,경상사고,0,0,3,0,차대차 - 측면충돌,신호위반,건조,맑음,교차로 - 교차로안,승합,남,57세,경상,승용,여,40세,경상
2019020100100169,2019년 2월 1일 09시,금요일,충청북도 청주시 서원구 사직동,경상사고,0,0,1,0,차대차 - 측면충돌,안전운전불이행,건조,맑음,교차로 - 교차로안,승용,남,72세,상해없음,승용,여,66세,경상
2019020100100170,2019년 2월 1일 09시,금요일,충청북도 청주시 상당구 석교동,경상사고,0,0,2,0,차대차 - 기타,안전운전불이행,건조,맑음,교차로 - 교차로안,승용,여,49세,경상,승용,여,56세,경상
2019020100100234,2019년 2월 1일 11시,금요일,충청북도 청주시 흥덕구 휴암동,경상사고,0,0,1,0,차량단독 - 기타,안전운전불이행,건조,맑음,단일로 - 기타,승합,남,46세,상해없음,,,,
2019020100100266,2019년 2월 1일 12시,금요일,충청북도 충주시 교현동,부상신고사고,0,0,0,1,차대차 - 측면충돌,안전운전불이행,건조,맑음,단일로 - 기타,이륜,남,32세,부상신고,승용,남,65세,상해없음
2019020100100299,2019년 2월 1일 13시,금요일,충청북도 청주시 흥덕구 가경동,경상사고,0,0,1,0,차대차 - 추돌,안전운전불이행,건조,맑음,교차로 - 교차로부근,승용,남,49세,상해없음,승용,남,34세,경상
2019020100100327,2019년 2월 1일 14시,금요일,충청북도 제천시 중앙로2가,경상사고,0,0,1,0,차대사람 - 기타,안전운전불이행,건조,맑음,단일로 - 기타,승용,여,24세,상해없음,보행자,여,27세,경상
2019020100100328,2019년 2월 1일 14시,금요일,충청북도 청주시 서원구 모충동,중상사고,0,1,0,0,차대사람 - 횡단중,안전운전불이행,건조,맑음,교차로 - 교차로안,화물,남,64세,상해없음,보행자,여,81세,중상
2019020100100385,2019년 2월 1일 15시,금요일,충청북도 청주시 상당구 문화동,경상사고,0,0,1,0,차대차 - 추돌,안전운전불이행,건조,맑음,단일로 - 기타,승용,남,76세,상해없음,특수,남,45세,경상
2019020100100428,2019년 2월 1일 16시,금요일,충청북도 증평군 증평읍,경상사고,0,0,3,0,차대차 - 정면충돌,직진우회전진행방해,건조,맑음,교차로 - 교차로안,승용,여,69세,경상,화물,남,56세,경상
2019020100100429,2019년 2월 1일 16시,금요일,충청북도 청주시 흥덕구 복대동,경상사고,0,0,1,0,차대사람 - 횡단중,보행자보호의무위반,건조,맑음,단일로 - 기타,승용,남,51세,상해없음,보행자,남,73세,경상
2019020100100430,2019년 2월 1일 16시,금요일,충청북도 청주시 흥덕구 남촌동,경상사고,0,0,1,0,차대차 - 측면충돌,신호위반,건조,맑음,단일로 - 교량,화물,남,55세,기타불명,승합,여,58세,경상
2019020100100461,2019년 2월 1일 17시,금요일,충청북도 충주시 금릉동,경상사고,0,0,1,0,차대차 - 추돌,안전운전불이행,건조,맑음,기타 - 기타,승용,남,83세,상해없음,승용,남,58세,경상
2019020100100462,2019년 2월 1일 17시,금요일,충청북도 청주시 상당구 석교동,경상사고,0,0,5,0,차대차 - 측면충돌,신호위반,건조,맑음,교차로 - 교차로안,승용,남,53세,상해없음,승합,남,47세,경상
2019020100100518,2019년 2월 1일 18시,금요일,충청북도 충주시 지현동,경상사고,0,0,1,0,차대사람 - 횡단중,보행자보호의무위반,건조,맑음,단일로 - 교량,승용,남,37세,상해없음,보행자,여,78세,경상
2019020100100519,2019년 2월 1일 18시,금요일,충청북도 충주시 목행동,경상사고,0,0,2,0,차대차 - 기타,안전운전불이행,건조,맑음,단일로 - 기타,승용,여,60세,상해없음,승용,여,51세,경상
2019020100100520,2019년 2월 1일 18시,금요일,충청북도 옥천군 옥천읍,중상사고,0,1,0,0,차대차 - 기타,안전운전불이행,건조,맑음,교차로 - 교차로부근,자전거,남,68세,중상,승용,여,32세,상해없음
2019020100100521,2019년 2월 1일 18시,금요일,충청북도 청주시 흥덕구 가경동,경상사고,0,0,2,0,차대차 - 추돌,안전운전불이행,건조,맑음,교차로 - 교차로부근,승용,남,80세,상해없음,승용,여,46세,경상
2019020100100522,2019년 2월 1일 18시,금요일,충청북도 청주시 서원구 남이면,중상사고,0,2,0,0,차대차 - 측면충돌,신호위반,건조,맑음,교차로 - 교차로안,승용,남,48세,상해없음,승용,남,30세,중상
2019020100100523,2019년 2월 1일 18시,금요일,충청북도 청주시 서원구 수곡동,경상사고,0,0,1,0,차대차 - 측면충돌,안전운전불이행,건조,맑음,단일로 - 기타,승용,남,27세,상해없음,승용,여,58세,경상
2019020100100593,2019년 2월 1일 19시,금요일,충청북도 충주시 호암동,경상사고,0,0,1,0,차대차 - 기타,안전거리미확보,건조,맑음,교차로 - 교차로부근,승합,남,30세,상해없음,이륜,남,37세,경상
2019020100100594,2019년 2월 1일 19시,금요일,충청북도 청주시 흥덕구 봉명동,경상사고,0,0,1,0,차대차 - 측면충돌,기타,건조,맑음,단일로 - 기타,승용,여,38세,상해없음,자전거,남,19세,경상
2019020100100634,2019년 2월 1일 20시,금요일,충청북도 청주시 흥덕구 가경동,경상사고,0,0,3,0,차대차 - 측면충돌,교차로운행방법위반,건조,맑음,교차로 - 교차로안,승용,남,55세,경상,승용,여,33세,경상
2019020100100676,2019년 2월 1일 21시,금요일,충청북도 진천군 이월면,경상사고,0,0,1,0,차대차 - 기타,안전운전불이행,건조,맑음,단일로 - 기타,승용,남,32세,상해없음,승용,남,42세,경상
2019020100100677,2019년 2월 1일 21시,금요일,충청북도 청주시 흥덕구 가경동,경상사고,0,0,1,0,차대차 - 측면충돌,안전운전불이행,건조,맑음,단일로 - 기타,승용,남,63세,상해없음,이륜,남,39세,경상
2019020100100678,2019년 2월 1일 21시,금요일,충청북도 청주시 흥덕구 복대동,경상사고,0,0,3,0,차대차 - 측면충돌,안전운전불이행,건조,맑음,단일로 - 기타,승용,남,23세,상해없음,승용,남,58세,경상
2019020100100700,2019년 2월 1일 22시,금요일,충청북도 증평군 증평읍,경상사고,0,0,1,0,차대차 - 측면충돌,안전운전불이행,건조,맑음,교차로 - 교차로안,승용,남,23세,상해없음,승용,여,51세,경상
2019020200100051,2019년 2월 2일 01시,토요일,충청북도 청주시 청원구 내덕동,경상사고,0,0,2,0,차대차 - 기타,안전운전불이행,건조,맑음,교차로 - 교차로부근,승용,남,61세,상해없음,승용,남,55세,경상
2019020200100052,2019년 2월 2일 01시,토요일,충청북도 청주시 흥덕구 봉명동,경상사고,0,0,3,0,차대차 - 추돌,안전운전불이행,건조,맑음,교차로 - 교차로부근,승용,남,39세,상해없음,승용,남,19세,경상
2019020200100111,2019년 2월 2일 05시,토요일,충청북도 청주시 흥덕구 복대동,중상사고,0,1,0,0,차대차 - 기타,안전운전불이행,건조,맑음,단일로 - 기타,승용,여,20세,상해없음,화물,남,40세,중상
2019020200100126,2019년 2월 2일 06시,토요일,충청북도 청주시 상당구 월오동,중상사고,0,2,0,0,차량단독 - 공작물충돌,안전운전불이행,건조,맑음,단일로 - 기타,승용,남,62세,중상,,,,
2019020200100150,2019년 2월 2일 08시,토요일,충청북도 청주시 흥덕구 복대동,경상사고,0,0,1,0,차대차 - 측면충돌,안전운전불이행,건조,맑음,교차로 - 교차로부근,승용,여,53세,상해없음,승합,남,53세,상해없음
2019020200100161,2019년 2월 2일 09시,토요일,충청북도 충주시 칠금동,중상사고,0,1,0,0,차대사람 - 기타,안전운전불이행,건조,맑음,단일로 - 기타,화물,남,31세,상해없음,보행자,남,52세,중상
2019020200100243,2019년 2월 2일 12시,토요일,충청북도 충주시 문화동,경상사고,0,0,9,0,차대차 - 정면충돌,안전운전불이행,건조,맑음,단일로 - 기타,승용,남,82세,상해없음,승합,남,28세,경상
2019020200100244,2019년 2월 2일 12시,토요일,충청북도 청주시 상당구 서운동,경상사고,0,0,1,0,차대차 - 기타,안전운전불이행,건조,맑음,단일로 - 지하차도(도로)내,이륜,남,23세,경상,승용,남,43세,상해없음
2019020200100271,2019년 2월 2일 13시,토요일,충청북도 음성군 맹동면,경상사고,0,0,1,1,차대차 - 측면충돌,교차로운행방법위반,건조,맑음,교차로 - 교차로안,승용,남,46세,부상신고,승용,남,56세,경상
2019020200100346,2019년 2월 2일 15시,토요일,충청북도 충주시 연수동,경상사고,0,0,2,0,차대차 - 추돌,안전운전불이행,건조,맑음,교차로 - 교차로부근,승용,여,28세,상해없음,승용,여,53세,경상
2019020200100386,2019년 2월 2일 16시,토요일,충청북도 음성군 대소면,경상사고,0,0,1,0,차대차 - 추돌,안전운전불이행,건조,맑음,교차로 - 교차로안,승용,남,58세,상해없음,승합,남,61세,경상
2019020200100387,2019년 2월 2일 16시,토요일,충청북도 음성군 원남면,경상사고,0,0,3,1,차대차 - 측면충돌,차로위반,건조,맑음,단일로 - 기타,화물,남,48세,부상신고,승용,남,47세,경상
2019020200100416,2019년 2월 2일 17시,토요일,충청북도 청주시 서원구 사창동,경상사고,0,0,1,0,차대차 - 추돌,안전운전불이행,건조,맑음,단일로 - 기타,승용,남,34세,상해없음,승용,남,32세,경상
2019020200100417,2019년 2월 2일 17시,토요일,충청북도 청주시 흥덕구 복대동,중상사고,0,1,0,0,차대차 - 기타,교차로운행방법위반,건조,맑음,교차로 - 교차로안,이륜,남,29세,중상,승용,남,22세,상해없음
2019020200100455,2019년 2월 2일 18시,토요일,충청북도 청주시 상당구 용암동,경상사고,0,0,1,0,차대차 - 기타,안전운전불이행,건조,맑음,단일로 - 기타,승용,남,55세,상해없음,이륜,남,28세,경상
2019020200100519,2019년 2월 2일 20시,토요일,충청북도 증평군 증평읍,경상사고,0,0,2,0,차대차 - 측면충돌,차로위반,건조,맑음,단일로 - 기타,승용,남,51세,상해없음,승용,여,53세,경상
2019020300100024,2019년 2월 3일 00시,일요일,충청북도 충주시 봉방동,중상사고,0,2,1,0,차대차 - 측면충돌,교차로운행방법위반,건조,흐림,교차로 - 교차로안,승용,여,55세,중상,승용,남,44세,경상
2019020300100041,2019년 2월 3일 01시,일요일,충청북도 청주시 흥덕구 봉명동,경상사고,0,0,1,0,차대차 - 기타,기타,젖음/습기,비,교차로 - 교차로안,승용,남,60세,상해없음,이륜,남,38세,경상