사고번호,사고일시,요일,시군구,사고내용,사망자수,중상자수,경상자수,부상신고자수,사고유형,법규위반,노면상태,기상상태,도로형태,가해운전자 차종,가해운전자 성별,가해운전자 연령,가해운전자 상해정도,피해운전자 차종,피해운전자 성별,피해운전자 연령,피해운전자 상해정도
2019020300100066,2019년 2월 3일 02시,일요일,충청북도 청주시 청원구 오창읍,중상사고,0,1,3,0,차량단독 - 기타,안전운전불이행,건조,맑음,단일로 - 기타,승용,남,21세,경상,,,,
2019020300100067,2019년 2월 3일 02시,일요일,충청북도 청주시 상당구 탑동,경상사고,0,0,1,0,차대차 - 추돌,안전운전불이행,건조,맑음,교차로 - 교차로안,승용,여,55세,상해없음,승용,남,45세,경상
2019020300100120,2019년 2월 3일 05시,일요일,충청북도 음성군 원남면,중상사고,0,1,0,0,차량단독 - 기타,안전운전불이행,젖음/습기,비,단일로 - 기타,승용,남,18세,상해없음,,,,
2019020300100177,2019년 2월 3일 10시,일요일,충청북도 청주시 서원구 분평동,경상사고,0,0,3,0,차대차 - 정면충돌,신호위반,건조,맑음,교차로 - 교차로안,승용,남,52세,상해없음,승용,남,72세,경상
2019020300100201,2019년 2월 3일 11시,일요일,충청북도 증평군 증평읍,경상사고,0,0,2,0,차대차 - 측면충돌,신호위반,젖음/습기,비,교차로 - 교차로안,승용,남,48세,상해없음,승용,남,66세,경상
2019020300100219,2019년 2월 3일 12시,일요일,충청북도 옥천군 옥천읍,중상사고,0,1,7,0,차대차 - 기타,안전운전불이행,젖음/습기,비,교차로 - 교차로안,승용,남,78세,상해없음,승용,남,39세,경상
2019020300100220,2019년 2월 3일 12시,일요일,충청북도 청주시 흥덕구 가경동,부상신고사고,0,0,0,1,차대차 - 기타,교차로운행방법위반,젖음/습기,비,교차로 - 교차로안,이륜,남,36세,부상신고,승용,남,57세,상해없음
2019020300100318,2019년 2월 3일 16시,일요일,충청북도 진천군 덕산면,경상사고,0,0,1,0,차대차 - 측면충돌,신호위반,건조,맑음,교차로 - 교차로안,승용,남,38세,상해없음,승용,여,62세,경상
2019020300100319,2019년 2월 3일 16시,일요일,충청북도 청주시 서원구 성화동,중상사고,0,1,2,0,차대차 - 측면충돌,안전거리미확보,젖음/습기,흐림,단일로 - 기타,승용,남,76세,상해없음,승용,남,53세,중상
2019020300100337,2019년 2월 3일 17시,일요일,충청북도 제천시 의림동,경상사고,0,0,1,0,차대차 - 측면충돌,직진우회전진행방해,젖음/습기,비,교차로 - 교차로안,승용,남,48세,상해없음,이륜,남,20세,경상
2019020300100370,2019년 2월 3일 18시,일요일,충청북도 청주시 청원구 내덕동,경상사고,0,0,1,0,차대차 - 후진중충돌,불법유턴,건조,맑음,단일로 - 기타,화물,남,61세,상해없음,이륜,남,41세,경상
2019020300100371,2019년 2월 3일 18시,일요일,충청북도 충주시 수안보면,경상사고,0,0,2,0,차대차 - 기타,직진우회전진행방해,젖음/습기,비,교차로 - 교차로안,승용,남,65세,상해없음,승용,남,36세,경상
2019020300100373,2019년 2월 3일 18시,일요일,충청북도 청주시 흥덕구 옥산면,경상사고,0,0,1,0,차대차 - 측면충돌,안전운전불이행,젖음/습기,비,단일로 - 기타,승용,남,48세,상해없음,승용,여,61세,경상
2019020300100409,2019년 2월 3일 19시,일요일,충청북도 청주시 서원구 사직동,경상사고,0,0,1,0,차대사람 - 횡단중,안전운전불이행,젖음/습기,비,교차로 - 교차로안,화물,남,56세,상해없음,보행자,남,59세,경상
2019020300100410,2019년 2월 3일 19시,일요일,충청북도 청주시 서원구 개신동,경상사고,0,0,1,0,차대사람 - 횡단중,안전운전불이행,젖음/습기,비,단일로 - 기타,승용,남,42세,상해없음,보행자,남,10세,경상
2019020300100434,2019년 2월 3일 20시,일요일,충청북도 청주시 청원구 내덕동,경상사고,0,0,4,0,차대차 - 측면충돌,안전거리미확보,젖음/습기,비,단일로 - 기타,화물,남,52세,상해없음,승용,남,59세,경상
2019020300100435,2019년 2월 3일 20시,일요일,충청북도 충주시 연수동,경상사고,0,0,1,0,차대차 - 기타,안전운전불이행,건조,맑음,교차로 - 교차로안,승용,여,46세,상해없음,승용,남,43세,경상
2019020300100436,2019년 2월 3일 20시,일요일,충청북도 영동군 황간면,경상사고,0,0,1,0,차대차 - 측면충돌,기타,건조,맑음,단일로 - 기타,승용,남,46세,상해없음,승용,여,39세,경상
2019020300100437,2019년 2월 3일 20시,일요일,충청북도 증평군 증평읍,사망사고,1,0,0,0,차대사람 - 횡단중,신호위반,젖음/습기,비,교차로 - 교차로안,승용,여,34세,상해없음,보행자,남,58세,사망
2019020300100438,2019년 2월 3일 20시,일요일,충청북도 청주시 서원구 성화동,경상사고,0,0,2,0,차대차 - 기타,신호위반,젖음/습기,비,교차로 - 교차로안,승용,남,67세,상해없음,승용,남,34세,경상
2019020300100458,2019년 2월 3일 21시,일요일,충청북도 청주시 청원구 내덕동,중상사고,0,1,0,0,차대사람 - 횡단중,안전운전불이행,건조,맑음,교차로 - 교차로안,승용,남,57세,상해없음,보행자,남,54세,중상
2019020400100042,2019년 2월 4일 01시,월요일,충청북도 청주시 청원구 오창읍,경상사고,0,0,1,0,차대차 - 기타,안전운전불이행,건조,맑음,단일로 - 기타,이륜,남,64세,경상,승합,남,31세,상해없음
2019020400100043,2019년 2월 4일 01시,월요일,충청북도 청주시 흥덕구 봉명동,중상사고,0,1,0,0,차대차 - 측면충돌,신호위반,건조,맑음,교차로 - 교차로안,승용,남,53세,상해없음,승용,남,51세,중상
2019020400100044,2019년 2월 4일 01시,월요일,충청북도 청주시 상당구 용암동,경상사고,0,0,2,0,차대차 - 추돌,안전운전불이행,건조,맑음,교차로 - 교차로부근,승용,여,35세,상해없음,승용,남,53세,경상
2019020400100061,2019년 2월 4일 03시,월요일,충청북도 괴산군 문광면,부상신고사고,0,0,0,1,차량단독 - 공작물충돌,안전운전불이행,젖음/습기,흐림,단일로 - 기타,화물,남,22세,부상신고,,,,
2019020400100068,2019년 2월 4일 04시,월요일,충청북도 진천군 덕산면,경상사고,0,0,1,0,차량단독 - 공작물충돌,안전운전불이행,건조,맑음,단일로 - 기타,승용,남,20세,경상,,,,
2019020400100109,2019년 2월 4일 10시,월요일,충청북도 제천시 장락동,경상사고,0,0,2,0,차대차 - 추돌,안전운전불이행,건조,맑음,교차로 - 교차로부근,승용,남,33세,상해없음,승용,남,37세,경상
2019020400100199,2019년 2월 4일 14시,월요일,충청북도 충주시 산척면,경상사고,0,0,2,0,차대차 - 추돌,안전운전불이행,건조,맑음,교차로 - 교차로부근,승용,남,38세,상해없음,승용,남,38세,경상
2019020400100200,2019년 2월 4일 14시,월요일,충청북도 제천시 의림동,경상사고,0,0,1,0,차대차 - 추돌,안전거리미확보,건조,맑음,단일로 - 지하차도(도로)내,승용,여,53세,경상,승합,남,47세,상해없음
2019020400100201,2019년 2월 4일 14시,월요일,충청북도 제천시 청전동,경상사고,0,0,1,0,차대차 - 기타,안전거리미확보,건조,맑음,교차로 - 교차로부근,승용,남,35세,상해없음,승용,남,45세,경상
2019020400100215,2019년 2월 4일 15시,월요일,충청북도 청주시 상당구 서문동,중상사고,0,1,0,0,차대사람 - 차도통행중,안전운전불이행,건조,맑음,단일로 - 기타,승용,여,27세,상해없음,보행자,남,30세,중상
2019020400100236,2019년 2월 4일 16시,월요일,충청북도 제천시 청전동,경상사고,0,0,1,0,차대차 - 추돌,안전운전불이행,건조,맑음,교차로 - 교차로부근,승합,남,48세,상해없음,승용,여,43세,경상
2019020400100258,2019년 2월 4일 17시,월요일,충청북도 제천시 중앙로2가,경상사고,0,0,1,0,차대사람 - 차도통행중,안전운전불이행,건조,맑음,단일로 - 지하차도(도로)내,승용,남,61세,상해없음,보행자,남,7세,경상
2019020400100274,2019년 2월 4일 18시,월요일,충청북도 제천시 금성면,경상사고,0,0,4,0,차대차 - 추돌,안전운전불이행,건조,맑음,교차로 - 교차로부근,승용,남,64세,상해없음,승용,남,47세,경상
2019020500100033,2019년 2월 5일 01시,화요일,충청북도 옥천군 옥천읍,경상사고,0,0,1,0,차대사람 - 횡단중,보행자보호의무위반,건조,맑음,교차로 - 교차로부근,승용,여,28세,상해없음,보행자,남,10세,경상
2019020500100044,2019년 2월 5일 02시,화요일,충청북도 청주시 서원구 현도면,경상사고,0,0,1,0,차대차 - 측면충돌,안전운전불이행,건조,맑음,기타 - 기타,승용,남,22세,상해없음,승용,여,51세,경상
2019020500100115,2019년 2월 5일 12시,화요일,충청북도 청주시 흥덕구 신촌동,경상사고,0,0,7,0,차대차 - 추돌,안전거리미확보,건조,맑음,단일로 - 기타,승용,남,66세,상해없음,승용,남,41세,경상
2019020500100116,2019년 2월 5일 12시,화요일,충청북도 청주시 서원구 남이면,경상사고,0,0,5,0,차대차 - 정면충돌,중앙선침범,건조,맑음,교차로 - 교차로부근,승용,남,24세,상해없음,화물,남,40세,경상
2019020500100142,2019년 2월 5일 13시,화요일,충청북도 제천시 고암동,경상사고,0,0,9,0,차대차 - 추돌,안전거리미확보,건조,맑음,단일로 - 지하차도(도로)내,승용,남,31세,상해없음,승용,남,44세,경상
2019020500100174,2019년 2월 5일 14시,화요일,충청북도 청주시 청원구 내수읍,경상사고,0,0,7,0,차대차 - 추돌,안전운전불이행,건조,맑음,단일로 - 터널,승용,남,18세,기타불명,승용,남,43세,경상
2019020500100175,2019년 2월 5일 14시,화요일,충청북도 제천시 신월동,경상사고,0,0,2,0,차대차 - 측면충돌,신호위반,건조,맑음,교차로 - 교차로안,승합,여,38세,상해없음,승용,여,58세,경상
2019020500100176,2019년 2월 5일 14시,화요일,충청북도 음성군 음성읍,중상사고,0,1,5,0,차대차 - 추돌,안전거리미확보,건조,맑음,교차로 - 교차로안,승용,남,59세,경상,승용,남,44세,경상
2019020500100177,2019년 2월 5일 14시,화요일,충청북도 진천군 진천읍,경상사고,0,0,2,0,차대차 - 기타,기타,건조,맑음,단일로 - 기타,승용,남,57세,상해없음,화물,여,52세,경상
2019020500100179,2019년 2월 5일 14시,화요일,충청북도 청주시 서원구 현도면,경상사고,0,0,2,0,차대차 - 추돌,안전운전불이행,건조,맑음,단일로 - 기타,승용,남,56세,상해없음,승용,남,63세,경상
2019020500100197,2019년 2월 5일 15시,화요일,충청북도 청주시 상당구 수동,경상사고,0,0,3,0,차대차 - 측면충돌,직진우회전진행방해,건조,맑음,교차로 - 교차로안,승용,여,32세,경상,승용,남,61세,경상
2019020500100254,2019년 2월 5일 18시,화요일,충청북도 음성군 감곡면,경상사고,0,0,1,0,차대차 - 측면충돌,교차로운행방법위반,건조,맑음,교차로 - 교차로안,화물,남,65세,상해없음,이륜,남,80세,경상
2019020500100284,2019년 2월 5일 19시,화요일,충청북도 청주시 청원구 내덕동,경상사고,0,0,1,0,차대차 - 측면충돌,안전운전불이행,건조,맑음,교차로 - 교차로부근,승용,남,72세,상해없음,자전거,남,23세,경상
2019020500100285,2019년 2월 5일 19시,화요일,충청북도 청주시 청원구 내수읍,경상사고,0,0,2,0,차대차 - 기타,안전운전불이행,건조,맑음,교차로 - 교차로안,승용,남,39세,경상,화물,여,59세,경상
2019020500100287,2019년 2월 5일 19시,화요일,충청북도 영동군 용산면,경상사고,0,0,2,0,차대차 - 추돌,안전운전불이행,건조,맑음,단일로 - 기타,승용,여,50세,상해없음,승용,여,45세,경상
2019020500100309,2019년 2월 5일 20시,화요일,충청북도 청주시 서원구 수곡동,경상사고,0,0,2,0,차대차 - 추돌,안전운전불이행,건조,맑음,교차로 - 교차로안,승용,여,40세,상해없음,승용,남,44세,경상
2019020500100354,2019년 2월 5일 23시,화요일,충청북도 청주시 청원구 오창읍,경상사고,0,0,1,0,차대차 - 측면충돌,안전거리미확보,건조,맑음,교차로 - 교차로부근,승용,남,61세,경상,승용,여,48세,상해없음
2019020600100051,2019년 2월 6일 03시,수요일,충청북도 청주시 흥덕구 복대동,경상사고,0,0,1,0,차대사람 - 횡단중,안전운전불이행,건조,맑음,단일로 - 기타,승용,남,50세,상해없음,보행자,남,33세,경상
2019020600100062,2019년 2월 6일 05시,수요일,충청북도 청주시 흥덕구 송정동,경상사고,0,0,3,0,차대차 - 기타,안전운전불이행,건조,맑음,교차로 - 교차로부근,승용,여,40세,상해없음,승용,여,49세,경상
2019020600100106,2019년 2월 6일 11시,수요일,충청북도 청주시 청원구 내수읍,중상사고,0,1,3,0,차대차 - 측면충돌,직진우회전진행방해,건조,맑음,교차로 - 교차로안,화물,여,58세,경상,승용,남,57세,경상
2019020600100118,2019년 2월 6일 12시,수요일,충청북도 옥천군 청성면,경상사고,0,0,2,0,차대차 - 기타,안전운전불이행,건조,맑음,단일로 - 기타,승용,남,74세,상해없음,승용,여,52세,경상
2019020600100119,2019년 2월 6일 12시,수요일,충청북도 청주시 상당구 용암동,경상사고,0,0,1,0,차대차 - 추돌,안전운전불이행,건조,맑음,단일로 - 지하차도(도로)내,승용,남,34세,상해없음,승용,남,34세,경상
2019020600100137,2019년 2월 6일 13시,수요일,충청북도 제천시 교동,중상사고,0,1,0,0,차대차 - 정면충돌,신호위반,건조,맑음,교차로 - 교차로안,화물,남,72세,상해없음,승용,남,48세,중상
2019020600100165,2019년 2월 6일 14시,수요일,충청북도 단양군 가곡면,중상사고,0,1,2,0,차대차 - 추돌,안전운전불이행,건조,맑음,교차로 - 교차로안,화물,남,78세,상해없음,화물,남,60세,경상
2019020600100185,2019년 2월 6일 15시,수요일,충청북도 제천시 금성면,경상사고,0,0,7,0,차대차 - 추돌,안전거리미확보,건조,맑음,단일로 - 터널,승용,남,56세,상해없음,승용,남,60세,상해없음
2019020600100186,2019년 2월 6일 15시,수요일,충청북도 음성군 소이면,경상사고,0,0,2,0,차대차 - 측면충돌,교차로운행방법위반,건조,맑음,교차로 - 교차로안,승용,남,57세,상해없음,승용,남,56세,상해없음
2019020600100187,2019년 2월 6일 15시,수요일,충청북도 진천군 이월면,경상사고,0,0,1,0,차량단독 - 기타,안전운전불이행,건조,맑음,단일로 - 기타,승용,남,43세,경상,,,,
2019020600100210,2019년 2월 6일 16시,수요일,충청북도 청주시 청원구 오창읍,경상사고,0,0,1,0,차대차 - 정면충돌,안전운전불이행,건조,맑음,교차로 - 교차로안,이륜,남,22세,경상,승용,남,60세,상해없음
2019020600100253,2019년 2월 6일 18시,수요일,충청북도 옥천군 옥천읍,경상사고,0,0,1,0,차대사람 - 기타,안전운전불이행,건조,맑음,단일로 - 기타,승용,남,75세,상해없음,보행자,여,51세,경상
2019020600100283,2019년 2월 6일 19시,수요일,충청북도 청주시 청원구 우암동,경상사고,0,0,1,0,차대사람 - 횡단중,보행자보호의무위반,건조,맑음,교차로 - 교차로횡단보도내,승용,여,49세,상해없음,보행자,남,66세,경상
2019020600100284,2019년 2월 6일 19시,수요일,충청북도 진천군 진천읍,경상사고,0,0,5,0,차대차 - 추돌,안전운전불이행,건조,맑음,교차로 - 교차로안,승용,남,54세,상해없음,승합,여,46세,상해없음
2019020600100321,2019년 2월 6일 21시,수요일,충청북도 충주시 연수동,경상사고,0,0,1,0,차대차 - 기타,안전운전불이행,건조,맑음,단일로 - 기타,승용,남,51세,상해없음,이륜,남,25세,경상
2019020600100322,2019년 2월 6일 21시,수요일,충청북도 청주시 흥덕구 가경동,경상사고,0,0,1,0,차대차 - 측면충돌,교차로운행방법위반,건조,맑음,교차로 - 교차로안,승용,남,49세,상해없음,이륜,남,43세,경상
2019020600100355,2019년 2월 6일 23시,수요일,충청북도 청주시 서원구 사창동,경상사고,0,0,1,0,차대차 - 기타,안전운전불이행,건조,맑음,단일로 - 기타,이륜,남,28세,경상,승용,남,24세,상해없음
2019020700100047,2019년 2월 7일 02시,목요일,충청북도 증평군 도안면,부상신고사고,0,0,0,1,차량단독 - 공작물충돌,안전운전불이행,건조,맑음,교차로 - 교차로부근,승용,여,26세,부상신고,,,,
2019020700100048,2019년 2월 7일 02시,목요일,충청북도 청주시 서원구 모충동,부상신고사고,0,0,0,1,차대차 - 측면충돌,직진우회전진행방해,젖음/습기,눈,교차로 - 교차로안,승용,남,44세,부상신고,화물,남,51세,상해없음
2019020700100065,2019년 2월 7일 04시,목요일,충청북도 청주시 서원구 모충동,중상사고,0,1,0,0,차대사람 - 보도통행중,신호위반,건조,맑음,교차로 - 교차로횡단보도내,승용,남,49세,상해없음,보행자,여,73세,중상
2019020700100083,2019년 2월 7일 06시,목요일,충청북도 청주시 서원구 개신동,경상사고,0,0,1,0,차대차 - 기타,안전운전불이행,건조,맑음,교차로 - 교차로부근,승용,남,40세,상해없음,승용,남,48세,경상
2019020700100101,2019년 2월 7일 07시,목요일,충청북도 충주시 대소원면,중상사고,0,1,0,0,차대차 - 기타,신호위반,건조,흐림,교차로 - 교차로안,승용,여,60세,상해없음,승용,남,31세,중상
2019020700100122,2019년 2월 7일 08시,목요일,충청북도 청주시 청원구 우암동,경상사고,0,0,1,0,차대차 - 기타,안전운전불이행,건조,맑음,교차로 - 교차로부근,승합,여,65세,상해없음,사륜오토바이(ATV),남,75세,경상
2019020700100170,2019년 2월 7일 10시,목요일,충청북도 청주시 청원구 율량동,경상사고,0,0,2,0,차대차 - 후진중충돌,안전운전불이행,건조,맑음,교차로 - 교차로부근,승용,남,51세,상해없음,화물,남,27세,경상
2019020700100276,2019년 2월 7일 14시,목요일,충청북도 청주시 흥덕구 봉명동,경상사고,0,0,1,0,차대차 - 기타,안전운전불이행,건조,맑음,교차로 - 교차로안,승용,남,63세,상해없음,이륜,남,27세,경상
2019020700100312,2019년 2월 7일 15시,목요일,충청북도 충주시 봉방동,중상사고,0,1,0,0,차대사람 - 기타,안전운전불이행,건조,맑음,단일로 - 기타,승용,남,29세,상해없음,보행자,남,77세,중상
2019020700100342,2019년 2월 7일 16시,목요일,충청북도 충주시 연수동,경상사고,0,0,1,0,차대차 - 기타,직진우회전진행방해,건조,맑음,교차로 - 교차로안,승용,여,32세,상해없음,승용,남,54세,경상
2019020700100384,2019년 2월 7일 17시,목요일,충청북도 청주시 청원구 주중동,사망사고,1,0,0,0,차대사람 - 기타,보행자보호의무위반,건조,맑음,교차로 - 교차로횡단보도내,화물,여,63세,상해없음,보행자,남,79세,사망
2019020700100385,2019년 2월 7일 17시,목요일,충청북도 청주시 서원구 사창동,중상사고,0,1,0,0,차대사람 - 차도통행중,안전운전불이행,건조,맑음,단일로 - 기타,승용,남,55세,상해없음,보행자,여,67세,중상
2019020700100417,2019년 2월 7일 18시,목요일,충청북도 청주시 서원구 사창동,경상사고,0,0,2,0,차대차 - 측면충돌,안전거리미확보,건조,맑음,교차로 - 교차로부근,화물,남,25세,경상,승용,여,29세,경상
2019020700100418,2019년 2월 7일 18시,목요일,충청북도 음성군 감곡면,경상사고,0,0,2,0,차대차 - 추돌,안전운전불이행,건조,맑음,교차로 - 교차로안,승용,남,76세,상해없음,승용,남,52세,경상
2019020700100534,2019년 2월 7일 23시,목요일,충청북도 청주시 청원구 우암동,경상사고,0,0,1,0,차대차 - 추돌,신호위반,건조,맑음,교차로 - 교차로안,승용,남,64세,상해없음,승용,여,30세,경상
2019020800100062,2019년 2월 8일 06시,금요일,충청북도 청주시 청원구 내덕동,경상사고,0,0,1,0,차대차 - 측면충돌,직진우회전진행방해,건조,맑음,교차로 - 교차로부근,화물,남,56세,상해없음,화물,남,46세,경상
2019020800100063,2019년 2월 8일 06시,금요일,충청북도 청주시 서원구 장성동,경상사고,0,0,1,1,차대차 - 측면충돌,안전거리미확보,건조,맑음,단일로 - 지하차도(도로)내,화물,남,41세,부상신고,승용,남,53세,경상
2019020800100122,2019년 2월 8일 09시,금요일,충청북도 청주시 청원구 사천동,경상사고,0,0,2,0,차대차 - 추돌,안전거리미확보,건조,맑음,교차로 - 교차로안,승용,남,33세,경상,승용,여,36세,경상
2019020800100123,2019년 2월 8일 09시,금요일,충청북도 제천시 의림동,경상사고,0,0,1,0,차대차 - 후진중충돌,안전운전불이행,건조,맑음,주차장 - 주차장,화물,남,76세,상해없음,승용,남,73세,경상
2019020800100164,2019년 2월 8일 11시,금요일,충청북도 청주시 청원구 내덕동,중상사고,0,1,1,0,차대차 - 기타,신호위반,건조,맑음,교차로 - 교차로안,승용,남,27세,상해없음,승용,남,63세,경상
2019020800100165,2019년 2월 8일 11시,금요일,충청북도 청주시 서원구 사직동,경상사고,0,0,1,0,차대차 - 기타,안전거리미확보,건조,맑음,단일로 - 기타,이륜,남,79세,경상,승용,여,70세,상해없음
2019020800100166,2019년 2월 8일 11시,금요일,충청북도 제천시 고명동,중상사고,0,2,1,0,차대차 - 측면충돌,안전운전불이행,건조,맑음,교차로 - 교차로안,화물,남,62세,경상,승용,여,51세,중상
2019020800100167,2019년 2월 8일 11시,금요일,충청북도 제천시 중앙로2가,중상사고,0,1,8,0,차대차 - 측면충돌,직진우회전진행방해,건조,맑음,교차로 - 교차로안,승용,남,32세,경상,승용,남,38세,중상
2019020800100223,2019년 2월 8일 13시,금요일,충청북도 청주시 청원구 내수읍,경상사고,0,0,1,0,차대사람 - 기타,안전운전불이행,건조,맑음,단일로 - 기타,승용,남,41세,상해없음,보행자,여,59세,경상
2019020800100224,2019년 2월 8일 13시,금요일,충청북도 음성군 맹동면,경상사고,0,0,2,0,차대차 - 측면충돌,중앙선침범,건조,맑음,단일로 - 기타,승용,여,24세,상해없음,승용,남,37세,경상
2019020800100225,2019년 2월 8일 13시,금요일,충청북도 옥천군 동이면,사망사고,1,0,0,0,차대차 - 추돌,안전운전불이행,건조,맑음,단일로 - 기타,승용,남,50세,사망,건설기계,남,46세,상해없음
2019020800100226,2019년 2월 8일 13시,금요일,충청북도 청주시 흥덕구 복대동,경상사고,0,0,1,0,차대차 - 측면충돌,안전운전불이행,건조,맑음,교차로 - 교차로안,승용,남,64세,상해없음,이륜,남,47세,경상
2019020800100227,2019년 2월 8일 13시,금요일,충청북도 청주시 서원구 수곡동,중상사고,0,1,0,0,차량단독 - 기타,안전운전불이행,건조,맑음,단일로 - 기타,승합,남,52세,상해없음,,,,
2019020800100258,2019년 2월 8일 14시,금요일,충청북도 청주시 서원구 수곡동,경상사고,0,0,2,0,차대차 - 측면충돌,안전운전불이행,건조,맑음,교차로 - 교차로안,승용,남,56세,경상,승용,여,60세,경상
2019020800100287,2019년 2월 8일 15시,금요일,충청북도 충주시 교현동,경상사고,0,0,2,0,차대차 - 기타,신호위반,건조,맑음,교차로 - 교차로안,승용,남,65세,상해없음,승용,남,60세,경상
2019020800100316,2019년 2월 8일 16시,금요일,충청북도 음성군 삼성면,경상사고,0,0,2,0,차대차 - 측면충돌,교차로운행방법위반,건조,맑음,교차로 - 교차로안,승합,남,56세,경상,화물,남,66세,경상
2019020800100317,2019년 2월 8일 16시,금요일,충청북도 청주시 흥덕구 향정동,중상사고,0,1,0,0,차대차 - 측면충돌,안전거리미확보,건조,맑음,단일로 - 기타,승용,남,48세,상해없음,이륜,남,55세,중상
2019020800100378,2019년 2월 8일 18시,금요일,충청북도 충주시 칠금동,경상사고,0,0,2,0,차대차 - 기타,안전운전불이행,건조,맑음,교차로 - 교차로안,승용,남,59세,상해없음,승용,여,54세,경상
2019020800100379,2019년 2월 8일 18시,금요일,충청북도 제천시 영천동,중상사고,0,1,0,2,차대차 - 추돌,안전운전불이행,건조,맑음,단일로 - 지하차도(도로)내,승용,남,84세,상해없음,승용,여,60세,부상신고
2019020800100380,2019년 2월 8일 18시,금요일,충청북도 진천군 진천읍,중상사고,0,1,0,0,차대차 - 추돌,안전운전불이행,건조,맑음,단일로 - 기타,승용,남,22세,상해없음,승용,여,55세,중상
2019020800100381,2019년 2월 8일 18시,금요일,충청북도 진천군 문백면,경상사고,0,0,1,0,차대차 - 측면충돌,안전운전불이행,건조,맑음,교차로 - 교차로안,화물,남,62세,상해없음,승용,남,36세,경상
2019020800100417,2019년 2월 8일 19시,금요일,충청북도 청주시 상당구 금천동,경상사고,0,0,1,0,차대차 - 측면충돌,안전운전불이행,건조,맑음,단일로 - 기타,승용,남,62세,상해없음,승용,남,26세,경상
2019020800100443,2019년 2월 8일 20시,금요일,충청북도 청주시 흥덕구 옥산면,경상사고,0,0,2,0,차대차 - 측면충돌,안전운전불이행,건조,맑음,기타 - 기타,기타불명,기타불명,미분류,기타불명,승용,남,55세,경상
2019020800100467,2019년 2월 8일 21시,금요일,충청북도 제천시 동현동,경상사고,0,0,1,0,차량단독 - 전도전복 - 전도,안전운전불이행,건조,맑음,단일로 - 기타,원동기,여,35세,경상,,,,
2019020800100492,2019년 2월 8일 22시,금요일,충청북도 충주시 칠금동,경상사고,0,0,4,0,차대차 - 측면충돌,안전거리미확보,건조,맑음,단일로 - 기타,기타불명,기타불명,미분류,기타불명,승용,남,48세,경상
2019020800100512,2019년 2월 8일 23시,금요일,충청북도 청주시 서원구 성화동,경상사고,0,0,1,0,차대차 - 추돌,안전운전불이행,건조,맑음,교차로 - 교차로부근,승용,남,37세,상해없음,승용,여,44세,경상
2019020800100513,2019년 2월 8일 23시,금요일,충청북도 청주시 서원구 수곡동,경상사고,0,0,4,0,차대차 - 측면충돌,신호위반,건조,맑음,교차로 - 교차로안,승용,남,34세,경상,승용,남,41세,경상
2019020900100024,2019년 2월 9일 00시,토요일,충청북도 청주시 흥덕구 가경동,경상사고,0,0,1,0,차대차 - 기타,차로위반,건조,맑음,단일로 - 기타,승용,남,59세,상해없음,승용,남,28세,경상
2019020900100037,2019년 2월 9일 01시,토요일,충청북도 음성군 대소면,경상사고,0,0,3,0,차대차 - 측면충돌,교차로운행방법위반,건조,맑음,교차로 - 교차로안,승용,남,23세,경상,승용,남,58세,경상
2019020900100079,2019년 2월 9일 05시,토요일,충청북도 청주시 서원구 사창동,중상사고,0,1,0,0,차대차 - 기타,신호위반,건조,맑음,단일로 - 기타,원동기,남,72세,중상,승용,남,25세,상해없음
2019020900100095,2019년 2월 9일 07시,토요일,충청북도 청주시 청원구 율량동,중상사고,0,1,3,0,차대차 - 기타,신호위반,건조,맑음,교차로 - 교차로안,승용,여,59세,상해없음,승합,남,64세,경상
2019020900100110,2019년 2월 9일 08시,토요일,충청북도 제천시 고암동,경상사고,0,0,1,0,차대차 - 기타,안전운전불이행,건조,맑음,교차로 - 교차로부근,화물,남,62세,상해없음,화물,남,64세,경상
2019020900100127,2019년 2월 9일 09시,토요일,충청북도 증평군 증평읍,중상사고,0,1,0,1,차대차 - 측면충돌,신호위반,건조,맑음,교차로 - 교차로안,승용,남,79세,부상신고,화물,남,61세,상해없음
2019020900100146,2019년 2월 9일 10시,토요일,충청북도 청주시 흥덕구 가경동,경상사고,0,0,1,0,차대차 - 기타,교차로운행방법위반,건조,맑음,교차로 - 교차로안,승용,남,29세,상해없음,승용,남,34세,경상
2019020900100166,2019년 2월 9일 11시,토요일,충청북도 충주시 대소원면,경상사고,0,0,4,0,차대차 - 추돌,안전거리미확보,건조,맑음,교차로 - 교차로부근,승용,남,73세,상해없음,승용,여,44세,경상
2019020900100167,2019년 2월 9일 11시,토요일,충청북도 제천시 봉양읍,중상사고,0,1,0,0,차량단독 - 공작물충돌,안전운전불이행,젖음/습기,흐림,단일로 - 기타,승용,남,20세,상해없음,,,,
2019020900100168,2019년 2월 9일 11시,토요일,충청북도 청주시 서원구 모충동,중상사고,0,1,0,0,차대차 - 기타,안전운전불이행,건조,맑음,교차로 - 교차로부근,승용,남,24세,상해없음,승용,남,21세,상해없음
2019020900100220,2019년 2월 9일 13시,토요일,충청북도 진천군 진천읍,경상사고,0,0,1,0,차대차 - 측면충돌,안전거리미확보,건조,맑음,교차로 - 교차로안,승용,여,59세,상해없음,승용,남,29세,경상
2019020900100221,2019년 2월 9일 13시,토요일,충청북도 청주시 상당구 석교동,경상사고,0,0,1,0,차대차 - 기타,신호위반,건조,맑음,단일로 - 기타,자전거,남,70세,경상,승용,여,75세,상해없음