사고번호,사고일시,요일,시군구,사고내용,사망자수,중상자수,경상자수,부상신고자수,사고유형,법규위반,노면상태,기상상태,도로형태,가해운전자 차종,가해운전자 성별,가해운전자 연령,가해운전자 상해정도,피해운전자 차종,피해운전자 성별,피해운전자 연령,피해운전자 상해정도
2019022600100430,2019년 2월 26일 18시,화요일,충청북도 청주시 흥덕구 가경동,경상사고,0,0,1,0,차대차 - 측면충돌,교차로운행방법위반,건조,맑음,교차로 - 교차로안,승용,남,62세,상해없음,승용,남,55세,상해없음
2019022600100494,2019년 2월 26일 20시,화요일,충청북도 청주시 흥덕구 복대동,경상사고,0,0,1,0,차대사람 - 기타,보행자보호의무위반,건조,맑음,교차로 - 교차로부근,승용,남,26세,상해없음,보행자,여,21세,경상
2019022600100515,2019년 2월 26일 21시,화요일,충청북도 청주시 서원구 수곡동,중상사고,0,1,0,1,차대차 - 측면충돌,중앙선침범,건조,맑음,단일로 - 기타,이륜,남,25세,부상신고,이륜,남,35세,중상
2019022600100565,2019년 2월 26일 23시,화요일,충청북도 충주시 호암동,중상사고,0,1,0,0,차대차 - 기타,기타,건조,맑음,교차로 - 교차로안,승용,남,46세,상해없음,이륜,남,35세,중상
2019022700100071,2019년 2월 27일 06시,수요일,충청북도 음성군 대소면,경상사고,0,0,1,0,차대차 - 기타,안전운전불이행,건조,맑음,단일로 - 기타,승용,남,46세,경상,승용,남,24세,상해없음
2019022700100111,2019년 2월 27일 08시,수요일,충청북도 진천군 광혜원면,경상사고,0,0,1,0,차대차 - 측면충돌,직진우회전진행방해,건조,맑음,교차로 - 교차로안,승용,여,51세,경상,승용,남,50세,상해없음
2019022700100134,2019년 2월 27일 09시,수요일,충청북도 청주시 서원구 죽림동,경상사고,0,0,1,0,차대차 - 기타,차로위반,건조,맑음,교차로 - 교차로부근,건설기계,남,61세,상해없음,승용,여,40세,경상
2019022700100169,2019년 2월 27일 10시,수요일,충청북도 청주시 흥덕구 가경동,경상사고,0,0,3,0,차대차 - 기타,교차로운행방법위반,건조,맑음,교차로 - 교차로안,승용,여,72세,경상,화물,남,54세,경상
2019022700100224,2019년 2월 27일 12시,수요일,충청북도 청주시 청원구 북이면,경상사고,0,0,2,0,차대차 - 측면충돌,직진우회전진행방해,건조,맑음,교차로 - 교차로부근,승용,남,54세,상해없음,건설기계,남,52세,경상
2019022700100225,2019년 2월 27일 12시,수요일,충청북도 제천시 두학동,중상사고,0,1,0,0,차대차 - 추돌,안전운전불이행,건조,맑음,단일로 - 지하차도(도로)내,화물,남,63세,중상,특수,남,55세,상해없음
2019022700100226,2019년 2월 27일 12시,수요일,충청북도 제천시 두학동,중상사고,0,2,3,1,차대차 - 추돌,안전운전불이행,건조,맑음,단일로 - 기타,승용,남,49세,상해없음,승용,남,50세,경상
2019022700100227,2019년 2월 27일 12시,수요일,충청북도 증평군 증평읍,경상사고,0,0,2,0,차대차 - 측면충돌,신호위반,건조,맑음,교차로 - 교차로안,화물,남,69세,상해없음,승용,남,21세,경상
2019022700100228,2019년 2월 27일 12시,수요일,충청북도 청주시 흥덕구 송정동,경상사고,0,0,1,1,차대차 - 기타,중앙선침범,건조,맑음,교차로 - 교차로안,승용,여,56세,부상신고,승용,남,23세,경상
2019022700100257,2019년 2월 27일 13시,수요일,충청북도 청주시 서원구 성화동,부상신고사고,0,0,0,1,차대차 - 기타,안전운전불이행,건조,맑음,교차로 - 교차로부근,이륜,남,37세,부상신고,승용,여,54세,상해없음
2019022700100284,2019년 2월 27일 14시,수요일,충청북도 충주시 충인동,경상사고,0,0,1,0,차대사람 - 차도통행중,안전운전불이행,건조,맑음,단일로 - 기타,승용,여,45세,상해없음,보행자,여,50세,경상
2019022700100314,2019년 2월 27일 15시,수요일,충청북도 진천군 진천읍,경상사고,0,0,1,0,차대차 - 측면충돌,신호위반,건조,맑음,교차로 - 교차로안,사륜오토바이(ATV),남,62세,상해없음,승용,남,51세,경상
2019022700100315,2019년 2월 27일 15시,수요일,충청북도 청주시 상당구 북문로1가동,경상사고,0,0,3,0,차대차 - 기타,안전운전불이행,건조,맑음,단일로 - 기타,승용,남,24세,상해없음,승용,여,47세,경상
2019022700100316,2019년 2월 27일 15시,수요일,충청북도 청주시 서원구 모충동,경상사고,0,0,1,0,차대차 - 측면충돌,신호위반,젖음/습기,흐림,교차로 - 교차로안,승용,여,59세,기타불명,승용,여,70세,경상
2019022700100344,2019년 2월 27일 16시,수요일,충청북도 괴산군 청천면,사망사고,1,0,0,0,차대사람 - 횡단중,중앙선침범,젖음/습기,비,단일로 - 기타,화물,남,23세,상해없음,보행자,남,85세,사망
2019022700100345,2019년 2월 27일 16시,수요일,충청북도 청주시 흥덕구 봉명동,경상사고,0,0,1,0,차대차 - 측면충돌,안전운전불이행,젖음/습기,비,단일로 - 기타,승용,남,38세,상해없음,승용,여,45세,경상
2019022700100379,2019년 2월 27일 17시,수요일,충청북도 청주시 청원구 율량동,중상사고,0,2,1,0,차대차 - 측면충돌,직진우회전진행방해,젖음/습기,흐림,교차로 - 교차로안,승용,남,27세,중상,승용,남,28세,경상
2019022700100380,2019년 2월 27일 17시,수요일,충청북도 진천군 이월면,경상사고,0,0,1,0,차대차 - 측면충돌,직진우회전진행방해,건조,맑음,교차로 - 교차로안,승용,여,54세,상해없음,승용,남,35세,경상
2019022700100381,2019년 2월 27일 17시,수요일,충청북도 청주시 상당구 금천동,경상사고,0,0,1,0,차대차 - 측면충돌,안전운전불이행,건조,맑음,단일로 - 지하차도(도로)내,승용,남,47세,상해없음,승용,남,47세,경상
2019022700100428,2019년 2월 27일 18시,수요일,충청북도 청주시 서원구 사창동,중상사고,0,1,0,0,차대차 - 기타,안전운전불이행,건조,맑음,단일로 - 기타,이륜,남,83세,상해없음,이륜,남,25세,중상
2019022700100474,2019년 2월 27일 19시,수요일,충청북도 청주시 상당구 금천동,경상사고,0,0,1,0,차대차 - 측면충돌,안전운전불이행,건조,맑음,단일로 - 지하차도(도로)내,이륜,남,51세,상해없음,승용,남,50세,상해없음
2019022700100524,2019년 2월 27일 21시,수요일,충청북도 충주시 주덕읍,경상사고,0,0,1,0,차대차 - 측면충돌,안전거리미확보,건조,맑음,단일로 - 기타,승용,남,30세,상해없음,승용,여,45세,경상
2019022700100549,2019년 2월 27일 22시,수요일,충청북도 청주시 서원구 사창동,중상사고,0,1,2,0,차대차 - 측면충돌,신호위반,건조,맑음,교차로 - 교차로부근,이륜,남,24세,중상,승용,남,47세,경상
2019022700100550,2019년 2월 27일 22시,수요일,충청북도 청주시 서원구 개신동,경상사고,0,0,1,0,차대차 - 측면충돌,안전운전불이행,건조,맑음,단일로 - 지하차도(도로)내,승용,남,59세,상해없음,이륜,남,22세,경상
2019022800100071,2019년 2월 28일 05시,목요일,충청북도 옥천군 이원면,중상사고,0,1,0,0,차대사람 - 기타,안전운전불이행,젖음/습기,안개,단일로 - 기타,화물,여,25세,상해없음,보행자,여,83세,중상
2019022800100081,2019년 2월 28일 06시,목요일,충청북도 괴산군 청천면,경상사고,0,0,1,0,차대차 - 정면충돌,안전운전불이행,젖음/습기,안개,단일로 - 기타,승용,남,53세,경상,화물,남,64세,기타불명
2019022800100096,2019년 2월 28일 07시,목요일,충청북도 충주시 연수동,중상사고,0,1,0,0,차대차 - 기타,불법유턴,건조,맑음,교차로 - 교차로안,자전거,남,55세,중상,승용,남,53세,상해없음
2019022800100127,2019년 2월 28일 08시,목요일,충청북도 진천군 덕산면,경상사고,0,0,1,0,차대차 - 기타,신호위반,건조,맑음,교차로 - 교차로안,승용,여,46세,상해없음,승용,남,34세,경상
2019022800100207,2019년 2월 28일 11시,목요일,충청북도 청주시 서원구 분평동,경상사고,0,0,1,0,차대차 - 측면충돌,안전운전불이행,건조,맑음,단일로 - 지하차도(도로)내,승용,여,57세,경상,화물,남,51세,상해없음
2019022800100243,2019년 2월 28일 12시,목요일,충청북도 청주시 청원구 우암동,경상사고,0,0,1,0,차대차 - 후진중충돌,안전운전불이행,건조,맑음,단일로 - 기타,승용,남,58세,상해없음,승용,여,21세,경상
2019022800100244,2019년 2월 28일 12시,목요일,충청북도 영동군 영동읍,중상사고,0,1,0,0,차대차 - 측면충돌,안전운전불이행,건조,맑음,교차로 - 교차로안,화물,남,57세,상해없음,승용,여,55세,중상
2019022800100282,2019년 2월 28일 13시,목요일,충청북도 충주시 칠금동,경상사고,0,0,3,0,차대차 - 측면충돌,신호위반,건조,맑음,교차로 - 교차로안,승용,남,70세,상해없음,화물,남,27세,경상
2019022800100338,2019년 2월 28일 15시,목요일,충청북도 충주시 봉방동,부상신고사고,0,0,0,1,차대차 - 측면충돌,안전거리미확보,건조,맑음,단일로 - 기타,이륜,남,18세,부상신고,승용,남,61세,상해없음
2019022800100339,2019년 2월 28일 15시,목요일,충청북도 충주시 봉방동,경상사고,0,0,1,0,차대차 - 측면충돌,안전운전불이행,건조,맑음,기타 - 기타,승용,여,53세,상해없음,자전거,남,85세,경상
2019022800100383,2019년 2월 28일 16시,목요일,충청북도 음성군 대소면,경상사고,0,0,2,0,차대차 - 정면충돌,안전운전불이행,건조,맑음,교차로 - 교차로안,승용,여,63세,경상,화물,남,68세,경상
2019022800100419,2019년 2월 28일 17시,목요일,충청북도 청주시 서원구 사창동,경상사고,0,0,1,0,차대차 - 측면충돌,안전거리미확보,건조,맑음,교차로 - 교차로부근,승합,남,24세,상해없음,승용,여,47세,경상
2019022800100450,2019년 2월 28일 18시,목요일,충청북도 청주시 청원구 오창읍,중상사고,0,1,0,0,차대차 - 기타,신호위반,건조,맑음,교차로 - 교차로안,기타불명,기타불명,미분류,기타불명,이륜,남,16세,중상
2019022800100500,2019년 2월 28일 19시,목요일,충청북도 충주시 앙성면,경상사고,0,0,1,0,차대차 - 정면충돌,안전운전불이행,건조,맑음,단일로 - 기타,화물,남,71세,상해없음,승용,남,58세,경상
2019022800100501,2019년 2월 28일 19시,목요일,충청북도 청주시 흥덕구 오송읍,경상사고,0,0,1,0,차대사람 - 횡단중,신호위반,건조,맑음,단일로 - 기타,승용,여,21세,상해없음,보행자,여,28세,경상
2019022800100502,2019년 2월 28일 19시,목요일,충청북도 청주시 서원구 수곡동,중상사고,0,1,0,0,차대사람 - 횡단중,안전운전불이행,건조,맑음,교차로 - 교차로부근,승용,여,23세,상해없음,보행자,여,75세,중상
2019022800100545,2019년 2월 28일 20시,목요일,충청북도 청주시 청원구 율량동,중상사고,0,1,1,0,차대차 - 기타,안전운전불이행,건조,맑음,단일로 - 기타,승합,남,55세,상해없음,화물,남,51세,중상
2019022800100546,2019년 2월 28일 20시,목요일,충청북도 보은군 보은읍,중상사고,0,2,0,0,차량단독 - 도로외이탈 - 추락,안전운전불이행,건조,맑음,교차로 - 교차로안,승용,남,27세,중상,,,,
2019022800100547,2019년 2월 28일 20시,목요일,충청북도 음성군 금왕읍,중상사고,0,1,1,0,차대차 - 추돌,안전거리미확보,건조,맑음,교차로 - 교차로부근,승용,남,30세,상해없음,승용,남,51세,중상
2019022800100548,2019년 2월 28일 20시,목요일,충청북도 청주시 흥덕구 복대동,부상신고사고,0,0,0,1,차대차 - 추돌,신호위반,건조,맑음,교차로 - 교차로부근,이륜,남,23세,부상신고,승용,남,65세,상해없음
2019030100100058,2019년 3월 1일 01시,금요일,충청북도 충주시 칠금동,중상사고,0,1,0,0,차대차 - 기타,안전운전불이행,건조,맑음,교차로 - 교차로안,승용,남,34세,상해없음,승용,남,52세,중상
2019030100100059,2019년 3월 1일 01시,금요일,충청북도 청주시 서원구 개신동,경상사고,0,0,1,0,차대차 - 기타,안전운전불이행,건조,맑음,교차로 - 교차로안,승용,여,15세,상해없음,승용,여,51세,경상
2019030100100071,2019년 3월 1일 02시,금요일,충청북도 청주시 흥덕구 복대동,경상사고,0,0,1,0,차대차 - 측면충돌,직진우회전진행방해,건조,맑음,교차로 - 교차로안,승용,남,47세,상해없음,화물,남,57세,경상
2019030100100111,2019년 3월 1일 06시,금요일,충청북도 청주시 서원구 수곡동,중상사고,0,1,0,0,차량단독 - 공작물충돌,안전운전불이행,건조,맑음,교차로 - 교차로안,승용,여,35세,중상,,,,
2019030100100121,2019년 3월 1일 07시,금요일,충청북도 청주시 청원구 오창읍,중상사고,0,1,0,0,차대차 - 정면충돌,중앙선침범,건조,맑음,단일로 - 기타,승용,남,22세,상해없음,승용,여,46세,중상
2019030100100188,2019년 3월 1일 11시,금요일,충청북도 청주시 흥덕구 수의동,중상사고,0,1,0,0,차대사람 - 횡단중,안전운전불이행,건조,맑음,교차로 - 교차로횡단보도내,승용,남,74세,상해없음,보행자,여,84세,중상
2019030100100207,2019년 3월 1일 12시,금요일,충청북도 충주시 연수동,경상사고,0,0,1,0,차대차 - 기타,기타,건조,맑음,교차로 - 교차로안,승용,남,61세,상해없음,승용,여,51세,경상
2019030100100208,2019년 3월 1일 12시,금요일,충청북도 제천시 중앙로2가,경상사고,0,0,4,0,차대차 - 측면충돌,신호위반,건조,맑음,교차로 - 교차로안,승용,남,39세,경상,승용,남,67세,경상
2019030100100236,2019년 3월 1일 13시,금요일,충청북도 청주시 흥덕구 복대동,경상사고,0,0,1,0,차대사람 - 횡단중,중앙선침범,건조,맑음,교차로 - 교차로부근,승용,남,36세,상해없음,보행자,여,23세,경상
2019030100100265,2019년 3월 1일 14시,금요일,충청북도 충주시 대소원면,중상사고,0,1,0,0,차대사람 - 기타,안전운전불이행,건조,맑음,기타 - 기타,승용,여,57세,상해없음,보행자,여,61세,중상
2019030100100266,2019년 3월 1일 14시,금요일,충청북도 충주시 성서동,경상사고,0,0,2,0,차대차 - 기타,안전운전불이행,건조,맑음,교차로 - 교차로부근,승용,여,44세,상해없음,승용,남,58세,경상
2019030100100267,2019년 3월 1일 14시,금요일,충청북도 진천군 이월면,경상사고,0,0,1,0,차대차 - 추돌,안전거리미확보,건조,맑음,단일로 - 기타,화물,남,41세,상해없음,승용,남,77세,상해없음
2019030100100268,2019년 3월 1일 14시,금요일,충청북도 보은군 회인면,경상사고,0,0,1,0,차대차 - 추돌,안전거리미확보,건조,맑음,단일로 - 기타,승용,남,32세,상해없음,승용,남,29세,경상
2019030100100294,2019년 3월 1일 15시,금요일,충청북도 제천시 명동,경상사고,0,0,5,0,차대차 - 측면충돌,교차로운행방법위반,건조,맑음,교차로 - 교차로안,승용,남,51세,상해없음,승용,남,62세,경상
2019030100100295,2019년 3월 1일 15시,금요일,충청북도 청주시 상당구 용암동,중상사고,0,1,0,0,차대차 - 측면충돌,안전운전불이행,건조,맑음,교차로 - 교차로부근,승용,남,35세,상해없음,이륜,남,59세,중상
2019030100100318,2019년 3월 1일 16시,금요일,충청북도 충주시 주덕읍,경상사고,0,0,1,0,차대차 - 기타,안전운전불이행,건조,맑음,단일로 - 기타,화물,남,67세,상해없음,건설기계,남,45세,경상
2019030100100319,2019년 3월 1일 16시,금요일,충청북도 제천시 중앙로1가,경상사고,0,0,1,0,차대차 - 후진중충돌,안전운전불이행,건조,맑음,단일로 - 기타,승용,남,55세,상해없음,승용,남,60세,경상
2019030100100320,2019년 3월 1일 16시,금요일,충청북도 음성군 금왕읍,중상사고,0,1,0,0,차대차 - 추돌,안전운전불이행,건조,맑음,단일로 - 기타,이륜,남,43세,중상,화물,남,58세,상해없음
2019030100100321,2019년 3월 1일 16시,금요일,충청북도 청주시 상당구 용암동,경상사고,0,0,1,0,차대차 - 추돌,안전운전불이행,건조,맑음,단일로 - 지하차도(도로)내,승용,여,39세,상해없음,화물,남,45세,경상
2019030100100345,2019년 3월 1일 17시,금요일,충청북도 음성군 음성읍,중상사고,0,1,0,0,차량단독 - 기타,안전운전불이행,건조,맑음,교차로 - 교차로부근,승합,남,57세,상해없음,,,,
2019030100100373,2019년 3월 1일 18시,금요일,충청북도 괴산군 괴산읍,중상사고,0,1,0,0,차대차 - 측면충돌,안전운전불이행,건조,맑음,교차로 - 교차로안,화물,남,62세,상해없음,이륜,남,59세,중상
2019030100100404,2019년 3월 1일 19시,금요일,충청북도 충주시 성내동,경상사고,0,0,1,0,차대차 - 측면충돌,직진우회전진행방해,건조,흐림,교차로 - 교차로안,승용,여,46세,상해없음,승용,남,23세,경상
2019030100100435,2019년 3월 1일 20시,금요일,충청북도 충주시 연수동,경상사고,0,0,4,0,차대차 - 기타,중앙선침범,건조,맑음,단일로 - 기타,승용,남,37세,경상,승용,남,52세,경상
2019030200100095,2019년 3월 2일 08시,토요일,충청북도 제천시 동현동,경상사고,0,0,1,0,차대차 - 추돌,안전거리미확보,건조,맑음,교차로 - 교차로부근,승용,남,57세,상해없음,승용,여,58세,경상
2019030200100127,2019년 3월 2일 10시,토요일,충청북도 음성군 맹동면,경상사고,0,0,2,0,차대차 - 측면충돌,차로위반,건조,맑음,교차로 - 교차로부근,화물,남,54세,상해없음,승용,남,25세,경상
2019030200100152,2019년 3월 2일 11시,토요일,충청북도 청주시 청원구 율량동,중상사고,0,1,1,0,차량단독 - 기타,안전운전불이행,건조,맑음,단일로 - 기타,승용,남,60세,상해없음,,,,
2019030200100176,2019년 3월 2일 12시,토요일,충청북도 청주시 서원구 산남동,중상사고,0,1,0,0,차대차 - 측면충돌,안전운전불이행,건조,맑음,교차로 - 교차로안,승용,남,30세,상해없음,이륜,남,43세,중상
2019030200100201,2019년 3월 2일 13시,토요일,충청북도 충주시 봉방동,중상사고,0,1,1,0,차대차 - 측면충돌,신호위반,건조,맑음,교차로 - 교차로부근,화물,남,52세,상해없음,승용,여,38세,경상
2019030200100202,2019년 3월 2일 13시,토요일,충청북도 충주시 노은면,경상사고,0,0,1,0,차대사람 - 기타,기타,건조,맑음,단일로 - 기타,특수,남,45세,상해없음,보행자,남,30세,경상
2019030200100270,2019년 3월 2일 15시,토요일,충청북도 청주시 흥덕구 비하동,중상사고,0,1,2,0,차대차 - 추돌,안전운전불이행,건조,맑음,단일로 - 기타,승용,남,18세,상해없음,승용,남,34세,경상
2019030200100324,2019년 3월 2일 17시,토요일,충청북도 진천군 문백면,경상사고,0,0,1,0,차대차 - 기타,차로위반,건조,맑음,단일로 - 기타,특수,남,62세,상해없음,승용,남,30세,경상
2019030200100358,2019년 3월 2일 18시,토요일,충청북도 충주시 봉방동,중상사고,0,1,0,0,차대차 - 측면충돌,안전운전불이행,건조,맑음,교차로 - 교차로부근,승용,남,48세,상해없음,자전거,여,47세,중상
2019030200100359,2019년 3월 2일 18시,토요일,충청북도 영동군 용산면,경상사고,0,0,1,0,차량단독 - 전도전복 - 전도,안전운전불이행,건조,맑음,단일로 - 기타,사륜오토바이(ATV),남,69세,경상,,,,
2019030200100360,2019년 3월 2일 18시,토요일,충청북도 청주시 상당구 남일면,중상사고,0,1,0,0,차대사람 - 횡단중,안전운전불이행,건조,맑음,단일로 - 기타,화물,남,50세,상해없음,보행자,남,49세,중상
2019030200100361,2019년 3월 2일 18시,토요일,충청북도 진천군 광혜원면,경상사고,0,0,3,0,차대차 - 추돌,안전거리미확보,건조,맑음,단일로 - 기타,승용,남,25세,상해없음,승용,남,33세,경상
2019030200100399,2019년 3월 2일 19시,토요일,충청북도 충주시 호암동,경상사고,0,0,2,0,차대차 - 기타,신호위반,건조,맑음,교차로 - 교차로안,승용,남,61세,상해없음,승용,남,67세,경상
2019030200100435,2019년 3월 2일 20시,토요일,충청북도 청주시 청원구 율량동,중상사고,0,1,0,0,차량단독 - 전도전복 - 전도,안전운전불이행,건조,맑음,단일로 - 기타,이륜,남,46세,중상,,,,
2019030200100453,2019년 3월 2일 21시,토요일,충청북도 충주시 노은면,중상사고,0,1,0,0,차량단독 - 도로외이탈 - 추락,안전운전불이행,건조,맑음,단일로 - 기타,이륜,남,65세,중상,,,,
2019030200100454,2019년 3월 2일 21시,토요일,충청북도 충주시 성서동,경상사고,0,0,1,0,차대차 - 측면충돌,신호위반,건조,맑음,단일로 - 기타,승용,남,47세,상해없음,자전거,남,24세,경상
2019030200100482,2019년 3월 2일 22시,토요일,충청북도 충주시 칠금동,경상사고,0,0,2,0,차대차 - 기타,신호위반,건조,맑음,교차로 - 교차로안,화물,남,31세,상해없음,승용,여,50세,경상
2019030300100025,2019년 3월 3일 00시,일요일,충청북도 청주시 흥덕구 가경동,경상사고,0,0,2,0,차대차 - 기타,교차로운행방법위반,건조,맑음,교차로 - 교차로안,승용,남,69세,상해없음,승용,남,47세,경상
2019030300100057,2019년 3월 3일 03시,일요일,충청북도 청주시 청원구 오창읍,중상사고,0,1,0,0,차대차 - 추돌,안전운전불이행,건조,맑음,단일로 - 기타,승용,남,26세,상해없음,화물,남,51세,중상
2019030300100105,2019년 3월 3일 10시,일요일,충청북도 단양군 단양읍,경상사고,0,0,2,0,차대차 - 측면충돌,안전거리미확보,건조,맑음,단일로 - 기타,승용,여,57세,상해없음,승용,남,64세,경상
2019030300100106,2019년 3월 3일 10시,일요일,충청북도 청주시 흥덕구 가경동,경상사고,0,0,1,0,차대차 - 측면충돌,안전운전불이행,건조,맑음,단일로 - 기타,승용,남,71세,상해없음,승용,남,48세,경상
2019030300100134,2019년 3월 3일 12시,일요일,충청북도 청주시 상당구 가덕면,경상사고,0,0,3,0,차대차 - 추돌,안전운전불이행,건조,맑음,교차로 - 교차로부근,승용,남,71세,상해없음,승용,여,51세,경상
2019030300100158,2019년 3월 3일 13시,일요일,충청북도 제천시 강제동,경상사고,0,0,1,0,차대차 - 측면충돌,중앙선침범,건조,맑음,교차로 - 교차로안,승용,남,38세,상해없음,이륜,남,19세,경상
2019030300100188,2019년 3월 3일 14시,일요일,충청북도 청주시 청원구 오창읍,경상사고,0,0,5,0,차대차 - 추돌,안전운전불이행,건조,맑음,교차로 - 교차로안,승용,여,45세,상해없음,승용,남,42세,경상
2019030300100189,2019년 3월 3일 14시,일요일,충청북도 충주시 봉방동,경상사고,0,0,3,0,차대차 - 기타,기타,건조,맑음,교차로 - 교차로안,승용,남,69세,상해없음,승용,여,49세,경상
2019030300100190,2019년 3월 3일 14시,일요일,충청북도 보은군 보은읍,경상사고,0,0,1,0,차대차 - 측면충돌,안전거리미확보,건조,맑음,단일로 - 지하차도(도로)내,이륜,남,78세,경상,승용,남,62세,상해없음
2019030300100236,2019년 3월 3일 16시,일요일,충청북도 충주시 연수동,경상사고,0,0,1,0,차대차 - 기타,안전운전불이행,건조,맑음,단일로 - 기타,승용,남,59세,상해없음,승용,여,30세,경상
2019030300100237,2019년 3월 3일 16시,일요일,충청북도 제천시 봉양읍,경상사고,0,0,4,0,차대차 - 후진중충돌,안전운전불이행,건조,맑음,교차로 - 교차로안,승용,남,18세,상해없음,승용,남,33세,경상
2019030300100238,2019년 3월 3일 16시,일요일,충청북도 청주시 상당구 미원면,중상사고,0,1,0,0,차대사람 - 기타,기타,건조,맑음,단일로 - 기타,승용,여,61세,상해없음,보행자,여,86세,중상
2019030300100278,2019년 3월 3일 18시,일요일,충청북도 충주시 용산동,경상사고,0,0,4,0,차대차 - 기타,안전운전불이행,건조,맑음,교차로 - 교차로부근,승용,남,42세,상해없음,승용,남,36세,경상
2019030300100307,2019년 3월 3일 19시,일요일,충청북도 제천시 청전동,경상사고,0,0,2,0,차대차 - 추돌,안전거리미확보,건조,맑음,교차로 - 교차로부근,승용,남,48세,상해없음,승용,남,21세,경상
2019030300100335,2019년 3월 3일 20시,일요일,충청북도 청주시 흥덕구 남촌동,경상사고,0,0,1,0,차대차 - 측면충돌,안전거리미확보,건조,맑음,단일로 - 기타,승합,남,58세,상해없음,승용,여,20세,경상
2019030300100361,2019년 3월 3일 21시,일요일,충청북도 청주시 청원구 내덕동,경상사고,0,0,1,0,차대사람 - 기타,안전운전불이행,건조,맑음,단일로 - 기타,화물,남,74세,상해없음,보행자,남,30세,경상
2019030300100362,2019년 3월 3일 21시,일요일,충청북도 제천시 중앙로2가,경상사고,0,0,1,0,차량단독 - 공작물충돌,안전운전불이행,건조,맑음,교차로 - 교차로안,자전거,남,61세,경상,,,,
2019030300100376,2019년 3월 3일 22시,일요일,충청북도 청주시 청원구 내덕동,경상사고,0,0,1,0,차대차 - 측면충돌,안전운전불이행,건조,맑음,교차로 - 교차로안,승용,남,62세,상해없음,이륜,남,41세,경상
2019030300100377,2019년 3월 3일 22시,일요일,충청북도 충주시 단월동,경상사고,0,0,1,0,차대사람 - 횡단중,안전운전불이행,건조,흐림,단일로 - 기타,승용,여,43세,상해없음,보행자,남,22세,경상
2019030400100044,2019년 3월 4일 05시,월요일,충청북도 영동군 황간면,중상사고,0,2,0,0,차대차 - 추돌,안전운전불이행,건조,맑음,단일로 - 기타,승용,남,41세,상해없음,승용,남,23세,기타불명
2019030400100066,2019년 3월 4일 07시,월요일,충청북도 청주시 흥덕구 비하동,경상사고,0,0,1,0,차대차 - 추돌,안전거리미확보,건조,맑음,단일로 - 기타,승용,남,58세,상해없음,승용,여,37세,경상
2019030400100095,2019년 3월 4일 08시,월요일,충청북도 청주시 흥덕구 비하동,경상사고,0,0,1,0,차대차 - 기타,교차로운행방법위반,건조,맑음,교차로 - 교차로안,승용,남,47세,상해없음,승용,남,32세,경상
2019030400100116,2019년 3월 4일 09시,월요일,충청북도 영동군 영동읍,중상사고,0,1,0,0,차대사람 - 보도통행중,기타,건조,맑음,단일로 - 기타,화물,남,48세,상해없음,보행자,여,85세,중상
2019030400100165,2019년 3월 4일 11시,월요일,충청북도 보은군 보은읍,중상사고,0,1,1,0,차대차 - 정면충돌,안전운전불이행,건조,맑음,교차로 - 교차로안,화물,남,68세,중상,승용,여,49세,경상
2019030400100200,2019년 3월 4일 12시,월요일,충청북도 진천군 진천읍,경상사고,0,0,1,0,차대차 - 정면충돌,안전운전불이행,건조,맑음,교차로 - 교차로안,기타불명,기타불명,미분류,기타불명,자전거,여,77세,경상
2019030400100201,2019년 3월 4일 12시,월요일,충청북도 청주시 서원구 성화동,경상사고,0,0,1,0,차대사람 - 차도통행중,안전운전불이행,건조,맑음,단일로 - 기타,승용,여,37세,상해없음,보행자,남,39세,경상
2019030400100255,2019년 3월 4일 14시,월요일,충청북도 청주시 서원구 현도면,경상사고,0,0,1,0,차대차 - 기타,안전운전불이행,건조,맑음,단일로 - 기타,건설기계,남,45세,상해없음,화물,남,53세,경상
2019030400100256,2019년 3월 4일 14시,월요일,충청북도 청주시 상당구 낭성면,경상사고,0,0,2,1,차대차 - 측면충돌,직진우회전진행방해,건조,맑음,교차로 - 교차로안,승용,여,69세,부상신고,승용,남,47세,경상
2019030400100257,2019년 3월 4일 14시,월요일,충청북도 청주시 상당구 용암동,경상사고,0,0,2,0,차대차 - 측면충돌,교차로운행방법위반,건조,맑음,교차로 - 교차로안,승용,여,47세,경상,승용,남,29세,경상
2019030400100331,2019년 3월 4일 16시,월요일,충청북도 충주시 단월동,경상사고,0,0,1,0,차대차 - 측면충돌,안전거리미확보,건조,맑음,단일로 - 기타,건설기계,남,61세,상해없음,승용,남,22세,경상
2019030400100332,2019년 3월 4일 16시,월요일,충청북도 증평군 증평읍,부상신고사고,0,0,0,1,차대차 - 측면충돌,안전운전불이행,건조,맑음,교차로 - 교차로안,이륜,남,45세,부상신고,승용,남,53세,상해없음
2019030400100333,2019년 3월 4일 16시,월요일,충청북도 진천군 덕산면,경상사고,0,0,1,0,차량단독 - 전도전복 - 전도,안전운전불이행,건조,맑음,단일로 - 기타,이륜,남,80세,경상,,,,
2019030400100334,2019년 3월 4일 16시,월요일,충청북도 청주시 흥덕구 송절동,중상사고,0,1,0,0,차대사람 - 횡단중,보행자보호의무위반,건조,맑음,교차로 - 교차로횡단보도내,승용,남,65세,상해없음,보행자,여,6세,중상
2019030400100369,2019년 3월 4일 17시,월요일,충청북도 청주시 서원구 성화동,경상사고,0,0,3,0,차대차 - 기타,교차로운행방법위반,건조,맑음,교차로 - 교차로안,승용,남,71세,상해없음,승합,여,41세,경상