사고번호,사고일시,요일,시군구,사고내용,사망자수,중상자수,경상자수,부상신고자수,사고유형,법규위반,노면상태,기상상태,도로형태,가해운전자 차종,가해운전자 성별,가해운전자 연령,가해운전자 상해정도,피해운전자 차종,피해운전자 성별,피해운전자 연령,피해운전자 상해정도
2019030400100411,2019년 3월 4일 18시,월요일,충청북도 청주시 상당구 영동,경상사고,0,0,1,0,차대차 - 기타,직진우회전진행방해,건조,맑음,교차로 - 교차로안,화물,남,59세,상해없음,승용,남,60세,경상
2019030400100412,2019년 3월 4일 18시,월요일,충청북도 청주시 흥덕구 수의동,경상사고,0,0,3,0,차대차 - 추돌,안전거리미확보,건조,맑음,단일로 - 기타,승용,남,25세,상해없음,승용,남,56세,경상
2019030400100503,2019년 3월 4일 21시,월요일,충청북도 청주시 청원구 오창읍,중상사고,0,1,2,0,차대차 - 기타,안전운전불이행,건조,맑음,교차로 - 교차로부근,승용,남,29세,상해없음,승용,남,37세,경상
2019030400100504,2019년 3월 4일 21시,월요일,충청북도 청주시 흥덕구 복대동,경상사고,0,0,3,0,차대차 - 측면충돌,안전운전불이행,건조,맑음,교차로 - 교차로횡단보도내,승용,여,41세,상해없음,승용,남,50세,경상
2019030400100505,2019년 3월 4일 21시,월요일,충청북도 청주시 상당구 금천동,경상사고,0,0,3,0,차대차 - 측면충돌,안전운전불이행,건조,맑음,단일로 - 지하차도(도로)내,승용,여,45세,경상,이륜,남,26세,경상
2019030400100549,2019년 3월 4일 23시,월요일,충청북도 보은군 마로면,중상사고,0,1,1,0,차대차 - 추돌,안전운전불이행,건조,맑음,단일로 - 기타,승용,남,28세,중상,화물,남,53세,경상
2019030500100029,2019년 3월 5일 00시,화요일,충청북도 보은군 마로면,경상사고,0,0,2,0,차대차 - 추돌,안전운전불이행,건조,맑음,단일로 - 기타,화물,남,58세,상해없음,화물,남,35세,경상
2019030500100091,2019년 3월 5일 07시,화요일,충청북도 청주시 흥덕구 상신동,경상사고,0,0,3,0,차대차 - 추돌,안전운전불이행,건조,맑음,교차로 - 교차로부근,승용,남,58세,상해없음,승용,남,34세,경상
2019030500100125,2019년 3월 5일 08시,화요일,충청북도 청주시 서원구 사직동,중상사고,0,1,0,0,차량단독 - 전도전복 - 전도,안전운전불이행,건조,맑음,단일로 - 기타,이륜,남,50세,중상,,,,
2019030500100126,2019년 3월 5일 08시,화요일,충청북도 제천시 봉양읍,경상사고,0,0,1,0,차대차 - 측면충돌,안전거리미확보,건조,맑음,교차로 - 교차로부근,승용,여,61세,기타불명,승용,남,27세,경상
2019030500100127,2019년 3월 5일 08시,화요일,충청북도 옥천군 옥천읍,경상사고,0,0,1,0,차대차 - 기타,안전운전불이행,건조,맑음,교차로 - 교차로부근,화물,남,57세,상해없음,승용,남,57세,상해없음
2019030500100162,2019년 3월 5일 09시,화요일,충청북도 진천군 진천읍,부상신고사고,0,0,0,1,차량단독 - 공작물충돌,안전운전불이행,건조,맑음,단일로 - 기타,승용,여,39세,부상신고,,,,
2019030500100194,2019년 3월 5일 10시,화요일,충청북도 충주시 금릉동,경상사고,0,0,1,0,차대차 - 기타,안전운전불이행,건조,맑음,단일로 - 기타,승용,여,57세,상해없음,이륜,남,51세,경상
2019030500100195,2019년 3월 5일 10시,화요일,충청북도 충주시 교현동,중상사고,0,1,0,0,차대차 - 측면충돌,안전운전불이행,건조,맑음,단일로 - 기타,자전거,여,76세,중상,자전거,남,40세,상해없음
2019030500100196,2019년 3월 5일 10시,화요일,충청북도 진천군 진천읍,경상사고,0,0,1,0,차대차 - 기타,안전운전불이행,건조,맑음,단일로 - 기타,승용,남,51세,기타불명,승용,남,37세,경상
2019030500100197,2019년 3월 5일 10시,화요일,충청북도 청주시 흥덕구 오송읍,경상사고,0,0,1,0,차량단독 - 도로외이탈 - 기타,안전운전불이행,건조,맑음,단일로 - 기타,승용,남,59세,경상,,,,
2019030500100219,2019년 3월 5일 11시,화요일,충청북도 충주시 주덕읍,경상사고,0,0,1,0,차대차 - 측면충돌,중앙선침범,건조,맑음,단일로 - 기타,승용,여,58세,상해없음,승용,여,70세,경상
2019030500100248,2019년 3월 5일 12시,화요일,충청북도 청주시 청원구 율량동,경상사고,0,0,2,0,차대차 - 측면충돌,중앙선침범,건조,맑음,단일로 - 기타,승용,남,53세,상해없음,승용,여,34세,경상
2019030500100265,2019년 3월 5일 13시,화요일,충청북도 청주시 상당구 영운동,경상사고,0,0,1,0,차대차 - 기타,안전운전불이행,건조,맑음,단일로 - 지하차도(도로)내,승용,남,61세,상해없음,승합,남,52세,상해없음
2019030500100380,2019년 3월 5일 17시,화요일,충청북도 증평군 증평읍,중상사고,0,1,0,0,차대차 - 측면충돌,안전운전불이행,건조,맑음,교차로 - 교차로안,화물,남,51세,상해없음,승용,남,26세,중상
2019030500100381,2019년 3월 5일 17시,화요일,충청북도 청주시 상당구 서문동,경상사고,0,0,2,0,차대차 - 측면충돌,안전운전불이행,건조,맑음,단일로 - 기타,이륜,남,30세,상해없음,승용,남,24세,경상
2019030500100406,2019년 3월 5일 18시,화요일,충청북도 청주시 흥덕구 복대동,경상사고,0,0,2,0,차대차 - 기타,안전거리미확보,건조,맑음,단일로 - 기타,승합,남,66세,상해없음,승용,여,57세,경상
2019030500100407,2019년 3월 5일 18시,화요일,충청북도 청주시 상당구 북문로2가동,경상사고,0,0,1,0,차대차 - 측면충돌,교차로운행방법위반,건조,맑음,교차로 - 교차로안,이륜,남,17세,경상,승용,남,68세,상해없음
2019030500100434,2019년 3월 5일 19시,화요일,충청북도 청주시 흥덕구 향정동,경상사고,0,0,1,0,차대차 - 측면충돌,안전거리미확보,건조,맑음,교차로 - 교차로부근,승용,남,28세,상해없음,승용,여,29세,경상
2019030500100435,2019년 3월 5일 19시,화요일,충청북도 청주시 흥덕구 가경동,경상사고,0,0,1,1,차대차 - 측면충돌,교차로운행방법위반,건조,맑음,교차로 - 교차로안,승용,여,55세,부상신고,승용,남,37세,경상
2019030500100436,2019년 3월 5일 19시,화요일,충청북도 청주시 상당구 금천동,경상사고,0,0,1,0,차대차 - 측면충돌,안전운전불이행,건조,맑음,교차로 - 교차로안,승용,여,29세,상해없음,승용,여,41세,경상
2019030500100460,2019년 3월 5일 20시,화요일,충청북도 청주시 청원구 사천동,경상사고,0,0,1,0,차대차 - 측면충돌,중앙선침범,건조,맑음,교차로 - 교차로부근,기타불명,기타불명,미분류,기타불명,승용,남,34세,경상
2019030500100480,2019년 3월 5일 21시,화요일,충청북도 청주시 서원구 사창동,경상사고,0,0,1,0,차대차 - 측면충돌,직진우회전진행방해,건조,맑음,교차로 - 교차로안,이륜,남,38세,경상,승용,여,45세,상해없음
2019030500100481,2019년 3월 5일 21시,화요일,충청북도 청주시 서원구 분평동,경상사고,0,0,1,0,차대차 - 정면충돌,안전운전불이행,건조,맑음,교차로 - 교차로안,승용,남,56세,상해없음,승용,남,26세,경상
2019030500100502,2019년 3월 5일 22시,화요일,충청북도 청주시 서원구 죽림동,경상사고,0,0,2,0,차대차 - 측면충돌,안전운전불이행,건조,맑음,교차로 - 교차로부근,승용,남,46세,상해없음,이륜,남,15세,경상
2019030500100524,2019년 3월 5일 23시,화요일,충청북도 충주시 연수동,경상사고,0,0,1,0,차대차 - 추돌,안전운전불이행,건조,맑음,교차로 - 교차로부근,승용,남,40세,상해없음,승용,남,24세,경상
2019030600100024,2019년 3월 6일 00시,수요일,충청북도 진천군 덕산면,경상사고,0,0,3,0,차대차 - 기타,안전운전불이행,건조,맑음,교차로 - 교차로안,승용,남,26세,상해없음,승용,남,27세,경상
2019030600100048,2019년 3월 6일 03시,수요일,충청북도 청주시 서원구 수곡동,중상사고,0,2,1,0,차대차 - 추돌,과속,건조,맑음,단일로 - 지하차도(도로)내,승용,남,18세,경상,승용,기타불명,미분류,기타불명
2019030600100059,2019년 3월 6일 05시,수요일,충청북도 청주시 청원구 오창읍,중상사고,0,1,0,0,차대사람 - 기타,안전운전불이행,건조,맑음,단일로 - 기타,승합,남,34세,상해없음,보행자,여,82세,중상
2019030600100092,2019년 3월 6일 07시,수요일,충청북도 청주시 청원구 오창읍,경상사고,0,0,1,0,차대차 - 기타,안전운전불이행,건조,맑음,단일로 - 기타,화물,남,20세,기타불명,승용,남,28세,경상
2019030600100093,2019년 3월 6일 07시,수요일,충청북도 청주시 상당구 용암동,경상사고,0,0,1,0,차대차 - 측면충돌,안전운전불이행,건조,맑음,단일로 - 기타,화물,남,60세,상해없음,자전거,남,52세,경상
2019030600100129,2019년 3월 6일 08시,수요일,충청북도 청주시 청원구 오창읍,경상사고,0,0,1,0,차대차 - 기타,차로위반,건조,맑음,단일로 - 기타,승용,남,34세,상해없음,승용,남,34세,경상
2019030600100130,2019년 3월 6일 08시,수요일,충청북도 음성군 원남면,경상사고,0,0,3,0,차대차 - 추돌,안전거리미확보,건조,맑음,교차로 - 교차로부근,승용,남,33세,경상,승용,여,52세,경상
2019030600100131,2019년 3월 6일 08시,수요일,충청북도 청주시 상당구 평촌동,중상사고,0,1,3,0,차대차 - 측면충돌,교차로운행방법위반,건조,맑음,교차로 - 교차로안,승용,남,39세,경상,승용,남,41세,중상
2019030600100163,2019년 3월 6일 09시,수요일,충청북도 충주시 안림동,경상사고,0,0,5,0,차대차 - 추돌,안전운전불이행,건조,맑음,단일로 - 기타,승용,여,44세,상해없음,승용,여,57세,경상
2019030600100195,2019년 3월 6일 10시,수요일,충청북도 진천군 광혜원면,경상사고,0,0,1,0,차대차 - 측면충돌,직진우회전진행방해,건조,맑음,교차로 - 교차로안,자전거,여,57세,경상,화물,남,34세,상해없음
2019030600100222,2019년 3월 6일 11시,수요일,충청북도 청주시 흥덕구 비하동,중상사고,0,1,0,0,차대차 - 측면충돌,안전운전불이행,건조,맑음,단일로 - 지하차도(도로)내,이륜,남,49세,중상,화물,남,62세,기타불명
2019030600100260,2019년 3월 6일 12시,수요일,충청북도 영동군 용산면,경상사고,0,0,1,0,차대차 - 측면충돌,안전운전불이행,건조,맑음,교차로 - 교차로부근,화물,남,64세,상해없음,화물,남,24세,경상
2019030600100314,2019년 3월 6일 14시,수요일,충청북도 진천군 진천읍,중상사고,0,1,0,0,차대차 - 측면충돌,안전운전불이행,건조,맑음,교차로 - 교차로부근,승용,남,33세,상해없음,화물,남,37세,중상
2019030600100367,2019년 3월 6일 16시,수요일,충청북도 청주시 흥덕구 신봉동,경상사고,0,0,2,0,차대차 - 측면충돌,안전운전불이행,건조,맑음,교차로 - 교차로부근,승용,여,60세,상해없음,승용,남,58세,경상
2019030600100394,2019년 3월 6일 17시,수요일,충청북도 청주시 상당구 금천동,경상사고,0,0,2,0,차대차 - 측면충돌,안전거리미확보,건조,맑음,교차로 - 교차로안,승용,여,45세,상해없음,승용,남,44세,경상
2019030600100479,2019년 3월 6일 19시,수요일,충청북도 청주시 청원구 사천동,경상사고,0,0,1,0,차대사람 - 기타,안전운전불이행,건조,맑음,단일로 - 기타,승용,여,64세,상해없음,보행자,남,12세,경상
2019030600100480,2019년 3월 6일 19시,수요일,충청북도 충주시 교현동,중상사고,0,1,0,1,차대차 - 정면충돌,신호위반,건조,맑음,교차로 - 교차로안,승용,남,60세,부상신고,승용,남,49세,중상
2019030600100481,2019년 3월 6일 19시,수요일,충청북도 충주시 중앙탑면,경상사고,0,0,1,0,차대차 - 측면충돌,신호위반,건조,흐림,교차로 - 교차로안,승용,남,43세,상해없음,이륜,남,19세,경상
2019030600100482,2019년 3월 6일 19시,수요일,충청북도 청주시 서원구 미평동,경상사고,0,0,1,0,차대차 - 추돌,안전운전불이행,건조,맑음,단일로 - 기타,원동기,남,28세,경상,승용,여,52세,상해없음
2019030600100512,2019년 3월 6일 20시,수요일,충청북도 청주시 상당구 북문로2가동,경상사고,0,0,2,0,차대차 - 기타,안전운전불이행,건조,맑음,단일로 - 기타,승용,남,66세,상해없음,승용,남,52세,경상
2019030600100513,2019년 3월 6일 20시,수요일,충청북도 제천시 송학면,중상사고,0,2,3,5,차대차 - 추돌,안전운전불이행,건조,흐림,단일로 - 기타,승합,남,47세,경상,화물,남,45세,부상신고
2019030600100514,2019년 3월 6일 20시,수요일,충청북도 진천군 백곡면,부상신고사고,0,0,0,1,차대차 - 측면충돌,안전운전불이행,건조,맑음,단일로 - 기타,승용,남,28세,부상신고,승용,남,27세,상해없음
2019030600100515,2019년 3월 6일 20시,수요일,충청북도 청주시 흥덕구 운천동,중상사고,0,1,0,0,차대사람 - 횡단중,안전운전불이행,건조,맑음,교차로 - 교차로부근,화물,남,47세,상해없음,보행자,남,55세,중상
2019030600100548,2019년 3월 6일 21시,수요일,충청북도 제천시 하소동,중상사고,0,1,1,0,차대차 - 측면충돌,불법유턴,건조,맑음,단일로 - 지하차도(도로)내,승용,남,22세,경상,이륜,남,36세,중상
2019030600100568,2019년 3월 6일 22시,수요일,충청북도 청주시 청원구 내덕동,경상사고,0,0,1,0,차대차 - 기타,신호위반,건조,맑음,교차로 - 교차로안,승용,여,40세,상해없음,승합,남,63세,상해없음
2019030600100585,2019년 3월 6일 23시,수요일,충청북도 청주시 흥덕구 지동동,경상사고,0,0,1,0,차대차 - 측면충돌,중앙선침범,건조,맑음,단일로 - 기타,승용,남,25세,상해없음,승용,남,32세,경상
2019030700100048,2019년 3월 7일 02시,목요일,충청북도 청주시 흥덕구 가경동,경상사고,0,0,2,0,차대차 - 측면충돌,안전운전불이행,건조,맑음,교차로 - 교차로부근,승합,남,30세,상해없음,승용,남,57세,경상
2019030700100049,2019년 3월 7일 02시,목요일,충청북도 청주시 상당구 용암동,경상사고,0,0,1,0,차대차 - 추돌,안전운전불이행,건조,맑음,교차로 - 교차로부근,승합,남,53세,기타불명,승용,여,50세,경상
2019030700100092,2019년 3월 7일 07시,목요일,충청북도 청주시 흥덕구 강서동,경상사고,0,0,3,0,차대차 - 추돌,안전거리미확보,건조,맑음,교차로 - 교차로안,승용,남,51세,상해없음,화물,남,57세,경상
2019030700100127,2019년 3월 7일 08시,목요일,충청북도 청주시 상당구 용담동,경상사고,0,0,1,0,차대차 - 측면충돌,안전운전불이행,건조,맑음,교차로 - 교차로안,승용,남,81세,상해없음,승용,남,46세,경상
2019030700100169,2019년 3월 7일 09시,목요일,충청북도 제천시 영천동,중상사고,0,1,0,0,차대사람 - 횡단중,보행자보호의무위반,건조,맑음,교차로 - 교차로횡단보도내,승용,남,59세,상해없음,보행자,여,76세,중상
2019030700100224,2019년 3월 7일 11시,목요일,충청북도 청주시 상당구 북문로2가동,경상사고,0,0,1,0,차대사람 - 기타,안전운전불이행,건조,맑음,단일로 - 기타,승용,여,27세,상해없음,보행자,여,70세,경상
2019030700100225,2019년 3월 7일 11시,목요일,충청북도 충주시 대소원면,중상사고,0,2,1,0,차량단독 - 공작물충돌,안전운전불이행,건조,맑음,단일로 - 기타,승용,남,57세,경상,,,,
2019030700100278,2019년 3월 7일 13시,목요일,충청북도 청주시 청원구 율량동,경상사고,0,0,2,0,차대차 - 기타,교차로운행방법위반,건조,맑음,교차로 - 교차로안,화물,남,62세,상해없음,승용,남,66세,상해없음
2019030700100279,2019년 3월 7일 13시,목요일,충청북도 제천시 장락동,경상사고,0,0,2,1,차대차 - 정면충돌,안전운전불이행,건조,맑음,교차로 - 교차로안,승용,여,54세,부상신고,화물,남,78세,경상
2019030700100309,2019년 3월 7일 14시,목요일,충청북도 충주시 문화동,중상사고,0,1,0,0,차대차 - 기타,신호위반,건조,맑음,기타 - 기타,화물,남,75세,상해없음,자전거,남,83세,중상
2019030700100310,2019년 3월 7일 14시,목요일,충청북도 청주시 상당구 서운동,경상사고,0,0,1,0,차대차 - 측면충돌,안전운전불이행,건조,맑음,단일로 - 기타,승용,남,59세,상해없음,자전거,남,75세,경상
2019030700100345,2019년 3월 7일 15시,목요일,충청북도 충주시 엄정면,경상사고,0,0,1,0,차대차 - 추돌,안전운전불이행,건조,맑음,단일로 - 기타,화물,남,22세,상해없음,특수,남,65세,경상
2019030700100373,2019년 3월 7일 16시,목요일,충청북도 청주시 청원구 오창읍,중상사고,0,5,1,0,차대차 - 추돌,안전운전불이행,건조,맑음,교차로 - 교차로부근,승합,남,51세,상해없음,승용,남,25세,경상
2019030700100374,2019년 3월 7일 16시,목요일,충청북도 제천시 남천동,경상사고,0,0,1,0,차대차 - 측면충돌,직진우회전진행방해,건조,맑음,교차로 - 교차로안,승용,여,66세,상해없음,화물,남,59세,경상
2019030700100375,2019년 3월 7일 16시,목요일,충청북도 음성군 음성읍,중상사고,0,1,0,0,차대차 - 추돌,중앙선침범,건조,맑음,교차로 - 교차로부근,자전거,남,70세,중상,승용,남,57세,상해없음
2019030700100413,2019년 3월 7일 17시,목요일,충청북도 청주시 흥덕구 복대동,경상사고,0,0,2,0,차대차 - 측면충돌,안전운전불이행,건조,맑음,기타 - 기타,승용,여,65세,상해없음,개인형이동수단(PM),남,16세,경상
2019030700100452,2019년 3월 7일 18시,목요일,충청북도 청주시 흥덕구 가경동,경상사고,0,0,1,0,차대차 - 추돌,안전운전불이행,건조,맑음,단일로 - 기타,승용,남,49세,상해없음,화물,남,42세,경상
2019030700100492,2019년 3월 7일 19시,목요일,충청북도 청주시 청원구 율량동,경상사고,0,0,2,0,차대차 - 측면충돌,교차로운행방법위반,건조,맑음,교차로 - 교차로안,승용,남,60세,상해없음,화물,남,65세,경상
2019030700100493,2019년 3월 7일 19시,목요일,충청북도 충주시 충의동,부상신고사고,0,0,0,1,차량단독 - 전도전복 - 전도,안전운전불이행,건조,맑음,단일로 - 기타,자전거,남,16세,부상신고,,,,
2019030700100494,2019년 3월 7일 19시,목요일,충청북도 영동군 용산면,중상사고,0,1,0,0,차대차 - 측면충돌,교차로운행방법위반,건조,맑음,교차로 - 교차로안,승용,남,46세,상해없음,화물,남,45세,상해없음
2019030700100543,2019년 3월 7일 20시,목요일,충청북도 충주시 성서동,경상사고,0,0,1,0,차대차 - 기타,중앙선침범,건조,맑음,기타 - 기타,이륜,남,17세,경상,승용,남,43세,상해없음
2019030700100544,2019년 3월 7일 20시,목요일,충청북도 제천시 신월동,경상사고,0,0,2,0,차대차 - 정면충돌,중앙선침범,건조,맑음,단일로 - 기타,승용,남,18세,상해없음,승용,남,42세,경상
2019030700100568,2019년 3월 7일 21시,목요일,충청북도 청주시 흥덕구 복대동,경상사고,0,0,1,1,차대차 - 기타,중앙선침범,건조,맑음,단일로 - 기타,이륜,남,21세,부상신고,이륜,남,17세,경상
2019030700100601,2019년 3월 7일 22시,목요일,충청북도 청주시 흥덕구 송정동,경상사고,0,0,2,0,차대차 - 추돌,안전운전불이행,건조,맑음,교차로 - 교차로부근,승용,남,25세,상해없음,승합,남,41세,상해없음
2019030700100602,2019년 3월 7일 22시,목요일,충청북도 청주시 흥덕구 복대동,경상사고,0,0,1,0,차대차 - 추돌,안전운전불이행,건조,맑음,교차로 - 교차로부근,승용,남,54세,상해없음,승용,남,47세,경상
2019030700100603,2019년 3월 7일 22시,목요일,충청북도 청주시 서원구 수곡동,중상사고,0,1,0,0,차대사람 - 횡단중,과속,건조,맑음,교차로 - 교차로횡단보도내,승용,남,26세,상해없음,보행자,여,44세,중상
2019030700100623,2019년 3월 7일 23시,목요일,충청북도 제천시 청전동,사망사고,1,1,0,0,차대사람 - 차도통행중,안전운전불이행,건조,맑음,교차로 - 교차로부근,승용,남,65세,상해없음,보행자,남,46세,사망
2019030700100624,2019년 3월 7일 23시,목요일,충청북도 청주시 흥덕구 강내면,경상사고,0,0,1,0,차대차 - 측면충돌,안전운전불이행,건조,맑음,교차로 - 교차로부근,승용,남,57세,상해없음,화물,남,42세,경상
2019030800100036,2019년 3월 8일 01시,금요일,충청북도 청주시 상당구 문의면,중상사고,0,1,1,0,차대차 - 추돌,안전운전불이행,건조,맑음,단일로 - 기타,화물,남,34세,경상,화물,남,60세,중상
2019030800100093,2019년 3월 8일 07시,금요일,충청북도 영동군 학산면,사망사고,1,0,0,0,차대차 - 측면충돌,신호위반,건조,맑음,교차로 - 교차로안,승용,남,59세,상해없음,화물,남,64세,사망
2019030800100143,2019년 3월 8일 08시,금요일,충청북도 청주시 청원구 오창읍,경상사고,0,0,5,0,차대차 - 기타,교차로운행방법위반,건조,맑음,교차로 - 교차로안,승용,여,50세,상해없음,승용,남,31세,경상
2019030800100144,2019년 3월 8일 08시,금요일,충청북도 제천시 동현동,경상사고,0,0,4,0,차대차 - 추돌,안전거리미확보,건조,맑음,단일로 - 기타,승용,남,57세,경상,화물,남,42세,경상
2019030800100224,2019년 3월 8일 10시,금요일,충청북도 충주시 성남동,경상사고,0,0,1,0,차대사람 - 기타,안전운전불이행,건조,맑음,교차로 - 교차로안,승용,남,74세,상해없음,보행자,남,71세,경상
2019030800100225,2019년 3월 8일 10시,금요일,충청북도 청주시 상당구 미원면,중상사고,0,1,1,1,차대차 - 추돌,안전운전불이행,건조,맑음,교차로 - 교차로안,건설기계,남,23세,상해없음,승용,남,64세,중상
2019030800100261,2019년 3월 8일 11시,금요일,충청북도 충주시 교현동,경상사고,0,0,1,0,차대차 - 측면충돌,안전운전불이행,건조,맑음,교차로 - 교차로안,자전거,남,60세,경상,승용,남,69세,상해없음
2019030800100262,2019년 3월 8일 11시,금요일,충청북도 청주시 흥덕구 송절동,중상사고,0,1,0,0,차대차 - 정면충돌,신호위반,건조,맑음,교차로 - 교차로안,승용,남,37세,상해없음,화물,남,41세,중상
2019030800100300,2019년 3월 8일 12시,금요일,충청북도 청주시 청원구 내덕동,중상사고,0,1,0,0,차대차 - 측면충돌,안전운전불이행,건조,맑음,교차로 - 교차로횡단보도내,승용,남,68세,상해없음,자전거,남,77세,중상
2019030800100301,2019년 3월 8일 12시,금요일,충청북도 제천시 청전동,경상사고,0,0,2,1,차대차 - 정면충돌,신호위반,건조,맑음,교차로 - 교차로안,승용,여,69세,경상,승용,남,60세,경상
2019030800100302,2019년 3월 8일 12시,금요일,충청북도 진천군 진천읍,경상사고,0,0,1,0,차대차 - 추돌,안전운전불이행,건조,맑음,교차로 - 교차로안,승용,남,27세,상해없음,승용,남,37세,경상
2019030800100303,2019년 3월 8일 12시,금요일,충청북도 청주시 흥덕구 봉명동,경상사고,0,0,1,0,차대차 - 기타,안전운전불이행,건조,맑음,단일로 - 기타,화물,남,53세,상해없음,이륜,남,24세,경상
2019030800100343,2019년 3월 8일 13시,금요일,충청북도 음성군 감곡면,중상사고,0,1,0,0,차대차 - 추돌,안전운전불이행,건조,맑음,단일로 - 기타,이륜,남,78세,중상,화물,남,56세,상해없음
2019030800100414,2019년 3월 8일 15시,금요일,충청북도 제천시 화산동,경상사고,0,0,2,0,차대차 - 정면충돌,신호위반,건조,맑음,교차로 - 교차로안,승용,여,60세,경상,화물,남,62세,경상
2019030800100415,2019년 3월 8일 15시,금요일,충청북도 괴산군 괴산읍,경상사고,0,0,2,0,차대차 - 측면충돌,안전거리미확보,건조,맑음,단일로 - 기타,이륜,남,68세,경상,승용,남,27세,상해없음
2019030800100416,2019년 3월 8일 15시,금요일,충청북도 옥천군 동이면,중상사고,0,1,0,0,차대차 - 측면충돌,안전운전불이행,건조,맑음,단일로 - 기타,건설기계,남,57세,상해없음,화물,남,68세,중상
2019030800100417,2019년 3월 8일 15시,금요일,충청북도 진천군 진천읍,경상사고,0,0,3,0,차대차 - 추돌,안전운전불이행,건조,맑음,단일로 - 기타,화물,남,42세,상해없음,승용,여,48세,경상
2019030800100451,2019년 3월 8일 16시,금요일,충청북도 충주시 교현동,중상사고,0,2,1,0,차대차 - 측면충돌,안전운전불이행,건조,맑음,교차로 - 교차로부근,승용,여,20세,경상,승용,남,26세,중상
2019030800100452,2019년 3월 8일 16시,금요일,충청북도 충주시 교현동,경상사고,0,0,3,0,차대차 - 기타,직진우회전진행방해,건조,맑음,교차로 - 교차로안,승용,여,50세,경상,승용,여,29세,경상
2019030800100453,2019년 3월 8일 16시,금요일,충청북도 제천시 남천동,중상사고,0,1,1,0,차대차 - 후진중충돌,안전운전불이행,건조,맑음,단일로 - 기타,승용,남,55세,상해없음,이륜,남,17세,경상
2019030800100495,2019년 3월 8일 17시,금요일,충청북도 음성군 대소면,중상사고,0,2,0,0,차대차 - 측면충돌,안전운전불이행,건조,맑음,교차로 - 교차로부근,승용,남,58세,중상,화물,남,63세,중상
2019030800100496,2019년 3월 8일 17시,금요일,충청북도 청주시 서원구 산남동,경상사고,0,0,2,0,차대차 - 기타,교차로운행방법위반,건조,맑음,교차로 - 교차로안,승용,남,30세,경상,승용,여,37세,경상
2019030800100548,2019년 3월 8일 18시,금요일,충청북도 제천시 신월동,경상사고,0,0,1,0,차대차 - 측면충돌,직진우회전진행방해,건조,맑음,교차로 - 교차로안,승용,여,26세,상해없음,승용,여,49세,경상
2019030800100549,2019년 3월 8일 18시,금요일,충청북도 음성군 맹동면,경상사고,0,0,2,0,차대차 - 측면충돌,신호위반,건조,맑음,교차로 - 교차로안,승용,여,35세,경상,승용,남,37세,경상
2019030800100550,2019년 3월 8일 18시,금요일,충청북도 청주시 흥덕구 오송읍,경상사고,0,0,1,0,차대차 - 측면충돌,신호위반,건조,맑음,교차로 - 교차로안,승용,여,29세,상해없음,승용,남,66세,경상
2019030800100551,2019년 3월 8일 18시,금요일,충청북도 청주시 서원구 모충동,경상사고,0,0,1,0,차대차 - 측면충돌,안전운전불이행,건조,맑음,단일로 - 기타,승용,여,63세,상해없음,승용,기타불명,미분류,기타불명
2019030800100605,2019년 3월 8일 19시,금요일,충청북도 청주시 청원구 우암동,중상사고,0,1,0,0,차량단독 - 공작물충돌,안전운전불이행,건조,맑음,교차로 - 교차로안,원동기,남,74세,중상,,,,
2019030800100606,2019년 3월 8일 19시,금요일,충청북도 청주시 서원구 개신동,경상사고,0,0,1,0,차대차 - 기타,안전운전불이행,건조,맑음,교차로 - 교차로안,승용,남,83세,상해없음,이륜,남,50세,경상
2019030800100607,2019년 3월 8일 19시,금요일,충청북도 청주시 흥덕구 복대동,경상사고,0,0,1,0,차대차 - 추돌,안전운전불이행,건조,맑음,단일로 - 기타,승용,남,53세,상해없음,승용,여,42세,경상
2019030800100647,2019년 3월 8일 20시,금요일,충청북도 청주시 청원구 사천동,경상사고,0,0,2,0,차대차 - 기타,교차로운행방법위반,건조,맑음,교차로 - 교차로안,승용,남,57세,상해없음,승용,남,42세,경상
2019030800100702,2019년 3월 8일 22시,금요일,충청북도 증평군 증평읍,경상사고,0,0,1,0,차대차 - 측면충돌,교차로운행방법위반,건조,맑음,교차로 - 교차로안,자전거,여,55세,경상,승용,남,49세,상해없음
2019030800100723,2019년 3월 8일 23시,금요일,충청북도 제천시 중앙로1가,경상사고,0,0,1,0,차대사람 - 횡단중,안전운전불이행,건조,맑음,교차로 - 교차로안,승용,남,37세,상해없음,보행자,남,38세,경상
2019030800100724,2019년 3월 8일 23시,금요일,충청북도 청주시 흥덕구 송정동,경상사고,0,0,2,1,차대차 - 기타,신호위반,건조,맑음,교차로 - 교차로안,승용,남,36세,상해없음,승용,남,26세,부상신고
2019030900100062,2019년 3월 9일 02시,토요일,충청북도 진천군 문백면,경상사고,0,0,1,0,차대차 - 기타,안전운전불이행,건조,맑음,단일로 - 기타,화물,남,25세,상해없음,승용,남,35세,경상
2019030900100063,2019년 3월 9일 02시,토요일,충청북도 청주시 흥덕구 신봉동,경상사고,0,0,1,0,차대차 - 기타,신호위반,건조,맑음,교차로 - 교차로안,기타불명,기타불명,미분류,기타불명,승용,남,62세,경상
2019030900100096,2019년 3월 9일 05시,토요일,충청북도 청주시 흥덕구 강내면,중상사고,0,1,0,0,차대차 - 추돌,안전운전불이행,건조,맑음,단일로 - 기타,화물,남,46세,상해없음,승용,남,39세,중상
2019030900100112,2019년 3월 9일 06시,토요일,충청북도 청주시 흥덕구 복대동,경상사고,0,0,1,0,차대차 - 측면충돌,안전운전불이행,건조,맑음,단일로 - 기타,승용,남,30세,상해없음,승용,남,40세,경상