사고번호,사고일시,요일,시군구,사고내용,사망자수,중상자수,경상자수,부상신고자수,사고유형,법규위반,노면상태,기상상태,도로형태,가해운전자 차종,가해운전자 성별,가해운전자 연령,가해운전자 상해정도,피해운전자 차종,피해운전자 성별,피해운전자 연령,피해운전자 상해정도
2019031300100288,2019년 3월 13일 13시,수요일,충청북도 단양군 가곡면,경상사고,0,0,1,0,차대차 - 추돌,안전운전불이행,서리/결빙,눈,단일로 - 기타,화물,남,55세,상해없음,승용,남,50세,경상
2019031300100330,2019년 3월 13일 14시,수요일,충청북도 청주시 상당구 수동,경상사고,0,0,1,0,차대사람 - 보도통행중,기타,건조,맑음,교차로 - 교차로부근,승용,여,56세,상해없음,보행자,여,76세,경상
2019031300100398,2019년 3월 13일 16시,수요일,충청북도 충주시 주덕읍,경상사고,0,0,4,0,차대차 - 추돌,안전거리미확보,건조,맑음,단일로 - 기타,승용,여,24세,경상,승용,남,45세,경상
2019031300100399,2019년 3월 13일 16시,수요일,충청북도 청주시 서원구 죽림동,경상사고,0,0,2,0,차대차 - 기타,교차로운행방법위반,건조,맑음,교차로 - 교차로안,승용,남,39세,상해없음,승용,남,34세,경상
2019031300100446,2019년 3월 13일 17시,수요일,충청북도 괴산군 연풍면,중상사고,0,2,0,0,차대차 - 측면충돌,직진우회전진행방해,건조,맑음,교차로 - 교차로안,승용,남,30세,상해없음,승용,여,53세,중상
2019031300100447,2019년 3월 13일 17시,수요일,충청북도 청주시 흥덕구 봉명동,경상사고,0,0,1,0,차대사람 - 횡단중,보행자보호의무위반,건조,맑음,교차로 - 교차로횡단보도내,승용,여,45세,상해없음,보행자,여,42세,경상
2019031300100448,2019년 3월 13일 17시,수요일,충청북도 청주시 서원구 개신동,경상사고,0,0,1,0,차대차 - 측면충돌,신호위반,건조,맑음,교차로 - 교차로안,이륜,남,27세,경상,화물,남,51세,상해없음
2019031300100481,2019년 3월 13일 18시,수요일,충청북도 충주시 목행동,경상사고,0,0,1,0,차대차 - 기타,안전운전불이행,건조,맑음,교차로 - 교차로부근,승용,남,47세,상해없음,승용,남,55세,경상
2019031300100482,2019년 3월 13일 18시,수요일,충청북도 괴산군 괴산읍,경상사고,0,0,1,0,차대차 - 측면충돌,안전운전불이행,건조,맑음,교차로 - 교차로안,승용,남,34세,상해없음,승용,여,36세,경상
2019031300100523,2019년 3월 13일 19시,수요일,충청북도 청주시 청원구 내덕동,경상사고,0,0,1,0,차대차 - 기타,안전운전불이행,건조,맑음,교차로 - 교차로안,승용,여,50세,상해없음,승용,여,39세,경상
2019031300100524,2019년 3월 13일 19시,수요일,충청북도 단양군 단양읍,경상사고,0,0,1,0,차대사람 - 횡단중,안전운전불이행,건조,맑음,단일로 - 기타,이륜,남,20세,상해없음,보행자,남,15세,경상
2019031300100525,2019년 3월 13일 19시,수요일,충청북도 진천군 덕산면,경상사고,0,0,1,0,차대차 - 기타,직진우회전진행방해,건조,맑음,교차로 - 교차로안,승용,여,63세,경상,승용,남,37세,상해없음
2019031300100592,2019년 3월 13일 21시,수요일,충청북도 충주시 앙성면,경상사고,0,0,2,0,차대차 - 기타,중앙선침범,건조,맑음,단일로 - 기타,승용,남,58세,상해없음,승용,여,53세,경상
2019031300100593,2019년 3월 13일 21시,수요일,충청북도 청주시 흥덕구 강내면,중상사고,0,1,0,0,차대차 - 기타,안전운전불이행,건조,맑음,교차로 - 교차로안,승용,여,41세,상해없음,승용,여,49세,중상
2019031300100594,2019년 3월 13일 21시,수요일,충청북도 청주시 흥덕구 봉명동,경상사고,0,0,1,0,차대차 - 측면충돌,교차로운행방법위반,건조,맑음,교차로 - 교차로안,승용,남,44세,상해없음,이륜,남,48세,경상
2019031300100623,2019년 3월 13일 22시,수요일,충청북도 음성군 대소면,경상사고,0,0,1,0,차대차 - 추돌,안전운전불이행,건조,맑음,단일로 - 지하차도(도로)내,승용,남,47세,상해없음,승용,남,26세,경상
2019031300100656,2019년 3월 13일 23시,수요일,충청북도 청주시 상당구 금천동,경상사고,0,0,1,0,차대차 - 추돌,안전운전불이행,건조,맑음,교차로 - 교차로안,승용,남,33세,상해없음,승용,여,35세,경상
2019031400100065,2019년 3월 14일 05시,목요일,충청북도 청주시 청원구 우암동,중상사고,0,1,0,0,차대사람 - 기타,안전운전불이행,건조,맑음,주차장 - 주차장,승합,남,52세,상해없음,보행자,남,76세,중상
2019031400100094,2019년 3월 14일 07시,목요일,충청북도 음성군 음성읍,중상사고,0,3,0,0,차대사람 - 횡단중,신호위반,건조,맑음,교차로 - 교차로안,승용,남,23세,상해없음,보행자,여,41세,중상
2019031400100095,2019년 3월 14일 07시,목요일,충청북도 청주시 흥덕구 송정동,경상사고,0,0,1,0,차대차 - 기타,안전운전불이행,건조,맑음,교차로 - 교차로부근,승용,여,25세,상해없음,승용,여,63세,경상
2019031400100136,2019년 3월 14일 08시,목요일,충청북도 제천시 의림동,중상사고,0,1,0,0,차대사람 - 차도통행중,안전운전불이행,건조,맑음,교차로 - 교차로안,승용,남,63세,상해없음,보행자,남,74세,중상
2019031400100137,2019년 3월 14일 08시,목요일,충청북도 음성군 맹동면,경상사고,0,0,1,0,차대차 - 측면충돌,교차로운행방법위반,건조,맑음,교차로 - 교차로안,화물,남,66세,상해없음,승용,남,25세,경상
2019031400100138,2019년 3월 14일 08시,목요일,충청북도 청주시 흥덕구 오송읍,중상사고,0,2,1,0,차대차 - 측면충돌,교차로운행방법위반,건조,맑음,교차로 - 교차로안,승용,여,45세,중상,승합,남,61세,중상
2019031400100139,2019년 3월 14일 08시,목요일,충청북도 청주시 서원구 분평동,경상사고,0,0,2,0,차대차 - 측면충돌,안전운전불이행,건조,맑음,단일로 - 교량,승용,남,36세,경상,승용,여,35세,경상
2019031400100185,2019년 3월 14일 09시,목요일,충청북도 청주시 흥덕구 강서동,경상사고,0,0,2,0,차대차 - 측면충돌,기타,건조,맑음,교차로 - 교차로안,화물,남,52세,상해없음,승용,여,55세,경상
2019031400100216,2019년 3월 14일 10시,목요일,충청북도 음성군 감곡면,경상사고,0,0,1,0,차대차 - 측면충돌,안전운전불이행,건조,맑음,교차로 - 교차로부근,승용,남,26세,상해없음,자전거,남,16세,경상
2019031400100243,2019년 3월 14일 11시,목요일,충청북도 청주시 청원구 내덕동,중상사고,0,1,0,0,차대사람 - 횡단중,안전운전불이행,건조,맑음,교차로 - 교차로안,화물,남,51세,상해없음,보행자,여,85세,중상
2019031400100268,2019년 3월 14일 12시,목요일,충청북도 청주시 흥덕구 비하동,경상사고,0,0,1,0,차대차 - 추돌,안전운전불이행,건조,맑음,단일로 - 기타,승용,남,24세,상해없음,승용,여,40세,경상
2019031400100269,2019년 3월 14일 12시,목요일,충청북도 진천군 광혜원면,중상사고,0,1,0,0,차대차 - 측면충돌,안전운전불이행,건조,맑음,단일로 - 기타,화물,남,39세,상해없음,승용,남,50세,중상
2019031400100297,2019년 3월 14일 13시,목요일,충청북도 청주시 청원구 율량동,중상사고,0,2,0,0,차대차 - 기타,안전거리미확보,건조,맑음,교차로 - 교차로부근,승용,여,56세,상해없음,화물,남,77세,중상
2019031400100298,2019년 3월 14일 13시,목요일,충청북도 청주시 서원구 수곡동,경상사고,0,0,2,0,차대차 - 기타,안전운전불이행,건조,맑음,교차로 - 교차로안,화물,여,55세,상해없음,승용,남,68세,경상
2019031400100328,2019년 3월 14일 14시,목요일,충청북도 청주시 흥덕구 봉명동,중상사고,0,1,1,0,차대차 - 측면충돌,신호위반,건조,맑음,교차로 - 교차로안,승합,여,21세,상해없음,이륜,남,19세,중상
2019031400100359,2019년 3월 14일 15시,목요일,충청북도 청주시 서원구 사직동,경상사고,0,0,1,0,차대사람 - 횡단중,안전운전불이행,건조,맑음,단일로 - 기타,승용,남,38세,상해없음,보행자,여,10세,경상
2019031400100360,2019년 3월 14일 15시,목요일,충청북도 충주시 용산동,경상사고,0,0,2,0,차대차 - 측면충돌,직진우회전진행방해,건조,맑음,교차로 - 교차로안,승용,남,59세,상해없음,승용,여,52세,경상
2019031400100399,2019년 3월 14일 16시,목요일,충청북도 충주시 풍동,중상사고,0,1,0,0,차대차 - 기타,안전운전불이행,건조,맑음,단일로 - 기타,승용,남,64세,중상,승용,남,61세,상해없음
2019031400100460,2019년 3월 14일 18시,목요일,충청북도 청주시 청원구 오창읍,중상사고,0,1,0,0,차대차 - 정면충돌,신호위반,건조,맑음,교차로 - 교차로안,승용,남,29세,상해없음,승용,여,51세,중상
2019031400100461,2019년 3월 14일 18시,목요일,충청북도 청주시 흥덕구 봉명동,경상사고,0,0,3,0,차대차 - 측면충돌,교차로운행방법위반,건조,맑음,단일로 - 기타,승용,남,30세,경상,승용,남,54세,경상
2019031400100506,2019년 3월 14일 19시,목요일,충청북도 청주시 청원구 율량동,경상사고,0,0,2,0,차대차 - 기타,교차로운행방법위반,건조,맑음,교차로 - 교차로안,승용,여,38세,상해없음,승용,남,47세,상해없음
2019031400100507,2019년 3월 14일 19시,목요일,충청북도 충주시 칠금동,중상사고,0,2,0,0,차대차 - 기타,안전운전불이행,건조,맑음,교차로 - 교차로부근,승용,남,37세,중상,건설기계,남,50세,기타불명
2019031400100508,2019년 3월 14일 19시,목요일,충청북도 청주시 흥덕구 옥산면,경상사고,0,0,1,0,차대차 - 기타,교차로운행방법위반,건조,맑음,교차로 - 교차로안,승용,남,50세,상해없음,승용,남,35세,경상
2019031400100571,2019년 3월 14일 21시,목요일,충청북도 청주시 청원구 오창읍,경상사고,0,0,3,0,차대차 - 기타,안전운전불이행,건조,맑음,교차로 - 교차로안,승용,남,50세,상해없음,승용,남,47세,상해없음
2019031400100572,2019년 3월 14일 21시,목요일,충청북도 충주시 교현동,경상사고,0,0,3,0,차대차 - 기타,안전거리미확보,젖음/습기,흐림,기타 - 기타,승용,여,55세,상해없음,승용,남,65세,경상
2019031400100631,2019년 3월 14일 23시,목요일,충청북도 청주시 서원구 사직동,경상사고,0,0,2,0,차대차 - 기타,직진우회전진행방해,건조,맑음,교차로 - 교차로안,승용,남,68세,경상,승용,남,43세,경상
2019031500100104,2019년 3월 15일 07시,금요일,충청북도 충주시 연수동,중상사고,0,1,0,0,차대차 - 기타,안전운전불이행,건조,맑음,단일로 - 기타,화물,남,57세,상해없음,승용,남,52세,중상
2019031500100142,2019년 3월 15일 08시,금요일,충청북도 충주시 용탄동,경상사고,0,0,1,0,차대차 - 기타,신호위반,건조,맑음,교차로 - 교차로안,승용,남,36세,상해없음,승용,남,40세,경상
2019031500100143,2019년 3월 15일 08시,금요일,충청북도 청주시 흥덕구 복대동,경상사고,0,0,1,0,차대차 - 기타,안전거리미확보,건조,맑음,단일로 - 기타,승용,여,34세,상해없음,승용,남,70세,경상
2019031500100171,2019년 3월 15일 09시,금요일,충청북도 제천시 서부동,경상사고,0,0,1,0,차대차 - 추돌,안전거리미확보,건조,맑음,교차로 - 교차로부근,화물,남,46세,상해없음,승용,여,48세,경상
2019031500100172,2019년 3월 15일 09시,금요일,충청북도 충주시 노은면,중상사고,0,1,1,0,차대차 - 기타,안전거리미확보,건조,맑음,단일로 - 기타,승용,남,53세,상해없음,승용,남,56세,중상
2019031500100199,2019년 3월 15일 10시,금요일,충청북도 청주시 흥덕구 신봉동,부상신고사고,0,0,0,1,차대차 - 기타,교차로운행방법위반,건조,맑음,교차로 - 교차로안,승용,여,48세,상해없음,화물,남,33세,부상신고
2019031500100232,2019년 3월 15일 11시,금요일,충청북도 음성군 금왕읍,중상사고,0,1,0,0,차대사람 - 기타,안전운전불이행,건조,맑음,교차로 - 교차로안,승용,여,65세,상해없음,보행자,여,63세,중상
2019031500100263,2019년 3월 15일 12시,금요일,충청북도 음성군 감곡면,경상사고,0,0,1,0,차대차 - 측면충돌,안전운전불이행,건조,맑음,교차로 - 교차로안,승용,남,60세,상해없음,승용,남,27세,경상
2019031500100293,2019년 3월 15일 13시,금요일,충청북도 청주시 서원구 현도면,경상사고,0,0,1,0,차대차 - 측면충돌,안전운전불이행,건조,맑음,주차장 - 주차장,화물,남,26세,상해없음,화물,남,51세,경상
2019031500100361,2019년 3월 15일 15시,금요일,충청북도 청주시 흥덕구 운천동,경상사고,0,0,1,0,차대차 - 추돌,안전운전불이행,건조,맑음,교차로 - 교차로부근,화물,남,55세,상해없음,승용,여,59세,경상
2019031500100405,2019년 3월 15일 16시,금요일,충청북도 충주시 금릉동,경상사고,0,0,1,0,차대사람 - 기타,안전운전불이행,건조,맑음,교차로 - 교차로횡단보도내,승용,남,53세,상해없음,보행자,여,74세,경상
2019031500100406,2019년 3월 15일 16시,금요일,충청북도 단양군 가곡면,중상사고,0,1,0,0,차대차 - 정면충돌,중앙선침범,젖음/습기,비,단일로 - 기타,승용,남,70세,중상,건설기계,남,59세,상해없음
2019031500100464,2019년 3월 15일 17시,금요일,충청북도 충주시 용두동,부상신고사고,0,0,0,1,차량단독 - 기타,안전운전불이행,젖음/습기,비,교차로 - 교차로안,승용,여,59세,부상신고,,,,
2019031500100465,2019년 3월 15일 17시,금요일,충청북도 청주시 흥덕구 복대동,경상사고,0,0,1,0,차대차 - 기타,중앙선침범,건조,맑음,교차로 - 교차로부근,승용,남,51세,상해없음,승용,여,50세,경상
2019031500100515,2019년 3월 15일 18시,금요일,충청북도 제천시 금성면,경상사고,0,0,1,0,차량단독 - 공작물충돌,안전운전불이행,젖음/습기,눈,단일로 - 기타,화물,남,62세,경상,,,,
2019031500100566,2019년 3월 15일 19시,금요일,충청북도 음성군 금왕읍,경상사고,0,0,1,0,차대차 - 후진중충돌,안전운전불이행,젖음/습기,비,교차로 - 교차로부근,승용,여,27세,상해없음,원동기,남,31세,경상
2019031500100656,2019년 3월 15일 21시,금요일,충청북도 청주시 청원구 오동동,경상사고,0,0,3,0,차대차 - 기타,안전운전불이행,건조,맑음,교차로 - 교차로부근,승용,남,41세,경상,승용,여,25세,경상
2019031500100699,2019년 3월 15일 22시,금요일,충청북도 제천시 중앙로2가,중상사고,0,1,0,0,차대사람 - 횡단중,안전운전불이행,젖음/습기,맑음,교차로 - 교차로안,승합,남,38세,상해없음,보행자,남,23세,중상
2019031600100083,2019년 3월 16일 03시,토요일,충청북도 청주시 상당구 용암동,사망사고,1,0,0,0,차대차 - 측면충돌,신호위반,건조,맑음,교차로 - 교차로안,화물,남,67세,상해없음,이륜,남,34세,사망
2019031600100147,2019년 3월 16일 08시,토요일,충청북도 청주시 서원구 모충동,중상사고,0,1,0,0,차대차 - 측면충돌,신호위반,건조,맑음,교차로 - 교차로횡단보도내,화물,남,58세,상해없음,자전거,남,85세,중상
2019031600100176,2019년 3월 16일 09시,토요일,충청북도 청주시 상당구 용암동,경상사고,0,0,1,0,차대차 - 정면충돌,안전운전불이행,건조,맑음,주차장 - 주차장,승용,여,46세,상해없음,승합,남,48세,경상
2019031600100204,2019년 3월 16일 10시,토요일,충청북도 충주시 연수동,경상사고,0,0,1,0,차대차 - 기타,안전운전불이행,건조,맑음,단일로 - 기타,화물,남,40세,상해없음,화물,남,57세,경상
2019031600100205,2019년 3월 16일 10시,토요일,충청북도 충주시 목행동,경상사고,0,0,1,0,차대차 - 기타,안전운전불이행,건조,맑음,단일로 - 기타,승용,남,60세,상해없음,건설기계,남,44세,경상
2019031600100241,2019년 3월 16일 11시,토요일,충청북도 진천군 문백면,중상사고,0,3,5,0,차대차 - 추돌,안전운전불이행,건조,맑음,단일로 - 기타,승용,남,71세,중상,승용,남,33세,경상
2019031600100321,2019년 3월 16일 13시,토요일,충청북도 단양군 매포읍,중상사고,0,1,1,0,차대차 - 측면충돌,안전거리미확보,건조,맑음,단일로 - 기타,승용,여,66세,경상,승용,여,58세,중상
2019031600100356,2019년 3월 16일 14시,토요일,충청북도 청주시 흥덕구 복대동,경상사고,0,0,3,1,차대차 - 추돌,안전운전불이행,건조,맑음,교차로 - 교차로부근,승용,남,76세,상해없음,승용,남,62세,경상
2019031600100357,2019년 3월 16일 14시,토요일,충청북도 청주시 상당구 탑동,중상사고,0,1,0,0,차대차 - 측면충돌,안전운전불이행,건조,맑음,교차로 - 교차로안,승용,남,58세,상해없음,화물,남,27세,중상
2019031600100391,2019년 3월 16일 15시,토요일,충청북도 음성군 금왕읍,경상사고,0,0,1,0,차대차 - 기타,차로위반,건조,맑음,단일로 - 지하차도(도로)내,승용,남,74세,상해없음,승용,남,47세,상해없음
2019031600100392,2019년 3월 16일 15시,토요일,충청북도 청주시 서원구 미평동,경상사고,0,0,2,0,차대차 - 측면충돌,교차로운행방법위반,건조,맑음,교차로 - 교차로안,승용,남,27세,상해없음,승용,남,25세,경상
2019031600100434,2019년 3월 16일 16시,토요일,충청북도 청주시 흥덕구 강내면,중상사고,0,1,4,0,차대차 - 기타,안전운전불이행,건조,맑음,단일로 - 기타,승용,남,55세,상해없음,승용,여,51세,중상
2019031600100495,2019년 3월 16일 18시,토요일,충청북도 청주시 청원구 주중동,경상사고,0,0,6,0,차대차 - 추돌,안전운전불이행,건조,맑음,단일로 - 기타,승용,남,20세,경상,승용,여,42세,경상
2019031600100496,2019년 3월 16일 18시,토요일,충청북도 청주시 상당구 남주동,중상사고,0,2,2,0,차대차 - 측면충돌,교차로운행방법위반,건조,맑음,교차로 - 교차로안,이륜,남,24세,중상,승용,남,27세,중상
2019031600100517,2019년 3월 16일 19시,토요일,충청북도 음성군 삼성면,중상사고,0,1,0,0,차량단독 - 전도전복 - 전도,안전운전불이행,건조,맑음,단일로 - 지하차도(도로)내,이륜,남,63세,중상,,,,
2019031600100551,2019년 3월 16일 20시,토요일,충청북도 청주시 상당구 탑동,경상사고,0,0,4,0,차대차 - 추돌,안전운전불이행,건조,맑음,단일로 - 지하차도(도로)내,승용,여,49세,상해없음,승용,여,50세,경상
2019031600100592,2019년 3월 16일 22시,토요일,충청북도 청주시 흥덕구 옥산면,중상사고,0,1,1,0,차대차 - 기타,중앙선침범,건조,맑음,단일로 - 기타,승용,남,50세,상해없음,승용,여,42세,중상
2019031700100056,2019년 3월 17일 02시,일요일,충청북도 청주시 청원구 오창읍,중상사고,0,1,1,0,차대차 - 기타,안전운전불이행,건조,맑음,단일로 - 기타,승용,남,30세,중상,화물,남,59세,경상
2019031700100071,2019년 3월 17일 03시,일요일,충청북도 청주시 흥덕구 가경동,경상사고,0,0,1,0,차대사람 - 기타,안전운전불이행,건조,맑음,교차로 - 교차로횡단보도내,승용,남,59세,상해없음,보행자,남,54세,경상
2019031700100117,2019년 3월 17일 08시,일요일,충청북도 청주시 흥덕구 복대동,경상사고,0,0,1,0,차대차 - 측면충돌,교차로운행방법위반,건조,맑음,교차로 - 교차로안,승용,남,33세,상해없음,승용,여,58세,경상
2019031700100137,2019년 3월 17일 09시,일요일,충청북도 제천시 청전동,경상사고,0,0,2,0,차대차 - 측면충돌,안전운전불이행,건조,맑음,교차로 - 교차로안,화물,남,62세,상해없음,승용,남,52세,경상
2019031700100239,2019년 3월 17일 13시,일요일,충청북도 청주시 흥덕구 복대동,중상사고,0,1,0,0,차대차 - 기타,직진우회전진행방해,건조,맑음,교차로 - 교차로안,승용,남,66세,상해없음,이륜,남,22세,중상
2019031700100240,2019년 3월 17일 13시,일요일,충청북도 청주시 서원구 장암동,경상사고,0,0,1,0,차대차 - 추돌,안전운전불이행,건조,맑음,단일로 - 기타,화물,남,47세,상해없음,승용,남,25세,경상
2019031700100241,2019년 3월 17일 13시,일요일,충청북도 청주시 서원구 분평동,경상사고,0,0,1,0,차대차 - 측면충돌,차로위반,건조,맑음,단일로 - 지하차도(도로)내,승용,여,61세,상해없음,승용,남,36세,경상
2019031700100282,2019년 3월 17일 14시,일요일,충청북도 괴산군 괴산읍,중상사고,0,1,0,0,차량단독 - 공작물충돌,안전운전불이행,건조,맑음,단일로 - 기타,이륜,남,38세,중상,,,,
2019031700100335,2019년 3월 17일 16시,일요일,충청북도 충주시 칠금동,부상신고사고,0,0,0,1,차량단독 - 전도전복 - 전도,안전운전불이행,건조,맑음,단일로 - 기타,자전거,남,71세,부상신고,,,,
2019031700100336,2019년 3월 17일 16시,일요일,충청북도 음성군 맹동면,경상사고,0,0,1,0,차대차 - 추돌,안전운전불이행,건조,맑음,단일로 - 지하차도(도로)내,승용,남,49세,경상,승용,여,45세,상해없음
2019031700100337,2019년 3월 17일 16시,일요일,충청북도 진천군 진천읍,경상사고,0,0,6,0,차대차 - 기타,직진우회전진행방해,건조,맑음,교차로 - 교차로안,승용,여,26세,상해없음,승용,남,69세,경상
2019031700100398,2019년 3월 17일 18시,일요일,충청북도 옥천군 옥천읍,경상사고,0,0,1,0,차대차 - 기타,불법유턴,건조,맑음,교차로 - 교차로안,승용,남,53세,상해없음,승합,남,70세,경상
2019031700100399,2019년 3월 17일 18시,일요일,충청북도 청주시 서원구 사창동,경상사고,0,0,1,0,차대사람 - 기타,안전운전불이행,건조,맑음,단일로 - 기타,승용,남,75세,기타불명,보행자,여,23세,경상
2019031700100424,2019년 3월 17일 19시,일요일,충청북도 옥천군 이원면,중상사고,0,1,0,0,차대사람 - 차도통행중,안전운전불이행,건조,맑음,단일로 - 기타,승용,여,51세,상해없음,보행자,남,62세,중상
2019031700100425,2019년 3월 17일 19시,일요일,충청북도 청주시 흥덕구 오송읍,중상사고,0,1,0,0,차대차 - 측면충돌,신호위반,건조,맑음,교차로 - 교차로안,승용,남,52세,상해없음,이륜,남,23세,중상
2019031700100426,2019년 3월 17일 19시,일요일,충청북도 청주시 흥덕구 운천동,경상사고,0,0,1,0,차대차 - 기타,안전운전불이행,건조,맑음,단일로 - 기타,화물,남,18세,상해없음,이륜,남,36세,경상
2019031700100449,2019년 3월 17일 20시,일요일,충청북도 청주시 상당구 용암동,중상사고,0,1,0,0,차대차 - 측면충돌,안전운전불이행,건조,맑음,교차로 - 교차로안,승용,남,42세,상해없음,이륜,남,51세,중상
2019031700100473,2019년 3월 17일 21시,일요일,충청북도 음성군 대소면,경상사고,0,0,4,0,차대차 - 측면충돌,교차로운행방법위반,건조,맑음,교차로 - 교차로안,승용,남,68세,경상,승용,남,51세,경상
2019031800100093,2019년 3월 18일 07시,월요일,충청북도 제천시 화산동,경상사고,0,0,4,0,차대차 - 추돌,교차로운행방법위반,건조,맑음,단일로 - 기타,화물,남,60세,경상,승용,여,38세,경상
2019031800100126,2019년 3월 18일 08시,월요일,충청북도 충주시 중앙탑면,중상사고,0,2,0,0,차대차 - 기타,중앙선침범,건조,맑음,단일로 - 기타,승용,여,24세,중상,승용,남,61세,중상
2019031800100169,2019년 3월 18일 09시,월요일,충청북도 청주시 청원구 율량동,경상사고,0,0,1,0,차대차 - 측면충돌,안전거리미확보,건조,맑음,교차로 - 교차로안,승용,남,44세,상해없음,승용,여,46세,경상
2019031800100170,2019년 3월 18일 09시,월요일,충청북도 청주시 서원구 사창동,경상사고,0,0,2,0,차대차 - 측면충돌,안전운전불이행,건조,맑음,교차로 - 교차로안,화물,여,56세,상해없음,승용,남,38세,경상
2019031800100171,2019년 3월 18일 09시,월요일,충청북도 진천군 덕산면,경상사고,0,0,1,0,차대차 - 기타,안전운전불이행,건조,맑음,단일로 - 기타,농기계,남,80세,경상,승용,남,54세,상해없음
2019031800100195,2019년 3월 18일 10시,월요일,충청북도 충주시 용산동,경상사고,0,0,1,0,차대차 - 측면충돌,안전운전불이행,건조,맑음,기타 - 기타,승용,여,66세,상해없음,승용,여,41세,경상
2019031800100196,2019년 3월 18일 10시,월요일,충청북도 제천시 의림동,경상사고,0,0,5,0,차대차 - 측면충돌,직진우회전진행방해,건조,맑음,교차로 - 교차로안,승용,남,24세,경상,승용,남,37세,경상
2019031800100231,2019년 3월 18일 11시,월요일,충청북도 청주시 상당구 남일면,경상사고,0,0,3,0,차대차 - 측면충돌,교차로운행방법위반,건조,맑음,교차로 - 교차로안,화물,남,56세,경상,화물,남,44세,경상
2019031800100282,2019년 3월 18일 13시,월요일,충청북도 청주시 서원구 사직동,경상사고,0,0,1,0,차대사람 - 횡단중,안전운전불이행,건조,맑음,교차로 - 교차로부근,승용,여,30세,기타불명,보행자,남,64세,경상
2019031800100283,2019년 3월 18일 13시,월요일,충청북도 청주시 상당구 문의면,경상사고,0,0,1,0,차량단독 - 기타,안전운전불이행,건조,맑음,단일로 - 지하차도(도로)내,승합,남,52세,상해없음,,,,
2019031800100309,2019년 3월 18일 14시,월요일,충청북도 보은군 속리산면,중상사고,0,2,0,0,차량단독 - 공작물충돌,안전운전불이행,건조,맑음,단일로 - 지하차도(도로)내,승용,여,66세,중상,,,,
2019031800100310,2019년 3월 18일 14시,월요일,충청북도 청주시 상당구 석교동,경상사고,0,0,1,0,차대차 - 측면충돌,차로위반,건조,맑음,단일로 - 지하차도(도로)내,승용,남,67세,상해없음,승용,남,69세,경상
2019031800100337,2019년 3월 18일 15시,월요일,충청북도 괴산군 감물면,중상사고,0,1,0,0,차대차 - 측면충돌,안전운전불이행,건조,맑음,단일로 - 기타,농기계,남,50세,상해없음,화물,남,71세,상해없음
2019031800100372,2019년 3월 18일 16시,월요일,충청북도 충주시 용산동,경상사고,0,0,2,0,차대차 - 기타,안전운전불이행,건조,맑음,교차로 - 교차로부근,화물,남,57세,경상,승합,남,53세,경상
2019031800100373,2019년 3월 18일 16시,월요일,충청북도 영동군 황간면,경상사고,0,0,2,0,차대차 - 측면충돌,안전운전불이행,건조,맑음,교차로 - 교차로안,승용,여,62세,경상,승용,여,36세,경상
2019031800100374,2019년 3월 18일 16시,월요일,충청북도 청주시 흥덕구 복대동,중상사고,0,1,0,0,차량단독 - 기타,안전운전불이행,건조,맑음,단일로 - 기타,승합,남,50세,상해없음,,,,
2019031800100452,2019년 3월 18일 18시,월요일,충청북도 청주시 서원구 사직동,경상사고,0,0,1,0,차대차 - 기타,신호위반,건조,맑음,교차로 - 교차로안,화물,남,61세,상해없음,승용,여,27세,경상
2019031800100483,2019년 3월 18일 19시,월요일,충청북도 청주시 청원구 오창읍,중상사고,0,1,0,0,차대차 - 측면충돌,안전거리미확보,건조,맑음,단일로 - 기타,화물,남,50세,상해없음,이륜,남,44세,중상
2019031800100484,2019년 3월 18일 19시,월요일,충청북도 충주시 주덕읍,중상사고,0,1,0,0,차대차 - 후진중충돌,안전운전불이행,건조,맑음,단일로 - 기타,승용,남,58세,상해없음,승용,여,40세,중상
2019031800100534,2019년 3월 18일 21시,월요일,충청북도 청주시 청원구 율량동,중상사고,0,1,0,0,차대차 - 추돌,안전운전불이행,건조,맑음,교차로 - 교차로안,화물,남,42세,상해없음,승용,여,48세,중상
2019031800100535,2019년 3월 18일 21시,월요일,충청북도 음성군 대소면,경상사고,0,0,1,0,차대차 - 측면충돌,교차로운행방법위반,건조,맑음,교차로 - 교차로안,승용,남,49세,상해없음,승용,남,28세,경상
2019031800100536,2019년 3월 18일 21시,월요일,충청북도 음성군 금왕읍,경상사고,0,0,1,0,차대사람 - 기타,안전운전불이행,건조,맑음,교차로 - 교차로안,승용,남,66세,상해없음,보행자,남,54세,경상
2019031800100562,2019년 3월 18일 22시,월요일,충청북도 증평군 증평읍,중상사고,0,1,1,0,차대차 - 측면충돌,신호위반,건조,맑음,교차로 - 교차로안,승용,남,59세,상해없음,화물,남,59세,경상
2019031800100563,2019년 3월 18일 22시,월요일,충청북도 청주시 상당구 방서동,경상사고,0,0,1,0,차대차 - 측면충돌,안전운전불이행,건조,맑음,단일로 - 기타,승용,남,27세,상해없음,승용,남,57세,경상
2019031800100582,2019년 3월 18일 23시,월요일,충청북도 충주시 용산동,경상사고,0,0,1,0,차대차 - 기타,교차로운행방법위반,건조,맑음,교차로 - 교차로안,승용,남,59세,상해없음,승용,남,41세,경상