사고번호,사고일시,요일,시군구,사고내용,사망자수,중상자수,경상자수,부상신고자수,사고유형,법규위반,노면상태,기상상태,도로형태,가해운전자 차종,가해운전자 성별,가해운전자 연령,가해운전자 상해정도,피해운전자 차종,피해운전자 성별,피해운전자 연령,피해운전자 상해정도
2019031900100021,2019년 3월 19일 00시,화요일,충청북도 영동군 영동읍,사망사고,1,1,1,0,차대차 - 측면충돌,신호위반,건조,맑음,교차로 - 교차로안,승용,남,42세,중상,특수,남,45세,경상
2019031900100051,2019년 3월 19일 03시,화요일,충청북도 청주시 서원구 사직동,중상사고,0,1,0,0,차대사람 - 길가장자리구역통행중,안전운전불이행,건조,맑음,단일로 - 기타,승용,여,38세,상해없음,보행자,여,32세,중상
2019031900100070,2019년 3월 19일 05시,화요일,충청북도 청주시 흥덕구 송절동,경상사고,0,0,2,0,차대차 - 추돌,안전운전불이행,건조,맑음,교차로 - 교차로부근,승용,남,24세,상해없음,화물,남,43세,경상
2019031900100071,2019년 3월 19일 05시,화요일,충청북도 청주시 서원구 남이면,중상사고,0,1,0,0,차대차 - 측면충돌,신호위반,건조,맑음,교차로 - 교차로안,화물,남,52세,상해없음,승용,남,38세,중상
2019031900100133,2019년 3월 19일 08시,화요일,충청북도 청주시 흥덕구 봉명동,경상사고,0,0,3,0,차대차 - 측면충돌,직진우회전진행방해,건조,맑음,교차로 - 교차로안,승용,여,53세,경상,승용,남,50세,경상
2019031900100160,2019년 3월 19일 09시,화요일,충청북도 충주시 금가면,경상사고,0,0,1,0,차대차 - 기타,안전운전불이행,건조,맑음,단일로 - 기타,승용,남,27세,상해없음,승용,남,41세,경상
2019031900100161,2019년 3월 19일 09시,화요일,충청북도 청주시 흥덕구 강서동,경상사고,0,0,1,0,차대차 - 측면충돌,안전거리미확보,건조,맑음,단일로 - 기타,화물,남,47세,상해없음,특수,남,43세,경상
2019031900100188,2019년 3월 19일 10시,화요일,충청북도 청주시 청원구 내수읍,사망사고,1,0,0,0,차대차 - 기타,직진우회전진행방해,건조,맑음,교차로 - 교차로안,화물,남,58세,상해없음,이륜,남,84세,사망
2019031900100189,2019년 3월 19일 10시,화요일,충청북도 청주시 청원구 내덕동,중상사고,0,1,0,0,차대사람 - 기타,안전운전불이행,건조,맑음,교차로 - 교차로부근,승합,남,36세,상해없음,보행자,여,71세,중상
2019031900100209,2019년 3월 19일 11시,화요일,충청북도 청주시 청원구 북이면,중상사고,0,1,1,0,차대차 - 기타,안전운전불이행,건조,맑음,단일로 - 기타,화물,남,68세,중상,건설기계,남,61세,경상
2019031900100210,2019년 3월 19일 11시,화요일,충청북도 청주시 흥덕구 서촌동,부상신고사고,0,0,0,1,차량단독 - 기타,안전운전불이행,건조,맑음,단일로 - 기타,승용,남,62세,부상신고,,,,
2019031900100211,2019년 3월 19일 11시,화요일,충청북도 청주시 흥덕구 외북동,중상사고,0,1,0,0,차대사람 - 기타,안전운전불이행,건조,맑음,교차로 - 교차로부근,화물,남,61세,상해없음,보행자,남,35세,중상
2019031900100236,2019년 3월 19일 12시,화요일,충청북도 음성군 감곡면,경상사고,0,0,1,0,차대차 - 측면충돌,중앙선침범,건조,맑음,교차로 - 교차로부근,승용,여,61세,상해없음,특수,남,21세,경상
2019031900100237,2019년 3월 19일 12시,화요일,충청북도 진천군 덕산면,경상사고,0,0,1,0,차대차 - 측면충돌,안전운전불이행,건조,맑음,교차로 - 교차로안,승용,남,32세,상해없음,화물,남,51세,경상
2019031900100262,2019년 3월 19일 13시,화요일,충청북도 제천시 영천동,경상사고,0,0,1,0,차대차 - 측면충돌,안전거리미확보,건조,맑음,교차로 - 교차로부근,승용,남,56세,상해없음,승용,여,58세,경상
2019031900100290,2019년 3월 19일 14시,화요일,충청북도 음성군 음성읍,중상사고,0,1,0,0,차대사람 - 횡단중,안전운전불이행,건조,맑음,단일로 - 교량,화물,남,49세,상해없음,보행자,여,57세,중상
2019031900100291,2019년 3월 19일 14시,화요일,충청북도 청주시 서원구 남이면,중상사고,0,1,1,0,차대차 - 측면충돌,차로위반,건조,맑음,교차로 - 교차로부근,승용,남,56세,상해없음,승용,남,51세,중상
2019031900100292,2019년 3월 19일 14시,화요일,충청북도 충주시 노은면,경상사고,0,0,4,0,차대차 - 기타,안전거리미확보,건조,맑음,단일로 - 기타,화물,남,40세,상해없음,승용,남,55세,경상
2019031900100359,2019년 3월 19일 16시,화요일,충청북도 청주시 서원구 사직동,경상사고,0,0,1,0,차대사람 - 횡단중,신호위반,건조,맑음,교차로 - 교차로횡단보도내,승용,남,46세,상해없음,보행자,여,21세,경상
2019031900100360,2019년 3월 19일 16시,화요일,충청북도 진천군 문백면,부상신고사고,0,0,0,1,차량단독 - 기타,안전운전불이행,건조,맑음,단일로 - 기타,승합,남,46세,상해없음,,,,
2019031900100361,2019년 3월 19일 16시,화요일,충청북도 청주시 서원구 현도면,중상사고,0,2,1,0,차대차 - 기타,안전운전불이행,건조,맑음,단일로 - 기타,건설기계,남,60세,상해없음,승용,여,24세,중상
2019031900100390,2019년 3월 19일 17시,화요일,충청북도 청주시 흥덕구 봉명동,중상사고,0,1,0,0,차대사람 - 횡단중,안전운전불이행,건조,맑음,교차로 - 교차로부근,승용,여,38세,상해없음,보행자,남,11세,중상
2019031900100391,2019년 3월 19일 17시,화요일,충청북도 청주시 흥덕구 봉명동,경상사고,0,0,1,0,차대차 - 추돌,안전운전불이행,건조,맑음,교차로 - 교차로안,승합,기타불명,미분류,기타불명,승용,남,28세,경상
2019031900100392,2019년 3월 19일 17시,화요일,충청북도 청주시 상당구 용담동,경상사고,0,0,2,0,차대차 - 측면충돌,안전운전불이행,건조,맑음,교차로 - 교차로부근,승용,여,51세,경상,화물,남,40세,경상
2019031900100426,2019년 3월 19일 18시,화요일,충청북도 청주시 서원구 사창동,경상사고,0,0,1,0,차대사람 - 기타,안전운전불이행,건조,흐림,단일로 - 기타,승용,여,23세,상해없음,보행자,여,27세,경상
2019031900100427,2019년 3월 19일 18시,화요일,충청북도 영동군 심천면,경상사고,0,0,2,0,차대차 - 측면충돌,과속,건조,맑음,교차로 - 교차로부근,승용,남,68세,경상,승용,남,69세,경상
2019031900100428,2019년 3월 19일 18시,화요일,충청북도 진천군 덕산면,경상사고,0,0,1,0,차대차 - 기타,직진우회전진행방해,건조,맑음,교차로 - 교차로안,승용,여,29세,상해없음,승용,여,35세,경상
2019031900100429,2019년 3월 19일 18시,화요일,충청북도 증평군 증평읍,경상사고,0,0,5,0,차대차 - 추돌,안전거리미확보,건조,맑음,단일로 - 기타,승합,남,71세,경상,화물,남,55세,경상
2019031900100457,2019년 3월 19일 19시,화요일,충청북도 영동군 영동읍,중상사고,0,1,0,0,차대사람 - 기타,안전운전불이행,건조,맑음,교차로 - 교차로부근,승용,남,64세,상해없음,보행자,여,68세,중상
2019031900100458,2019년 3월 19일 19시,화요일,충청북도 청주시 흥덕구 운천동,경상사고,0,0,1,0,차대사람 - 기타,안전운전불이행,건조,맑음,단일로 - 기타,승용,남,25세,기타불명,보행자,남,46세,경상
2019031900100459,2019년 3월 19일 19시,화요일,충청북도 청주시 흥덕구 가경동,경상사고,0,0,3,0,차대차 - 기타,교차로운행방법위반,건조,맑음,교차로 - 교차로안,승용,남,47세,경상,승용,남,31세,경상
2019031900100506,2019년 3월 19일 21시,화요일,충청북도 청주시 서원구 사직동,경상사고,0,0,1,0,차대차 - 측면충돌,안전운전불이행,건조,맑음,단일로 - 기타,승합,남,59세,상해없음,화물,남,24세,경상
2019031900100507,2019년 3월 19일 21시,화요일,충청북도 진천군 문백면,중상사고,0,1,0,0,차대차 - 기타,안전운전불이행,건조,맑음,단일로 - 기타,승용,남,31세,상해없음,화물,남,51세,상해없음
2019031900100529,2019년 3월 19일 22시,화요일,충청북도 청주시 서원구 산남동,경상사고,0,0,1,0,차대차 - 추돌,안전운전불이행,건조,맑음,단일로 - 기타,승용,남,37세,상해없음,승용,여,52세,경상
2019032000100032,2019년 3월 20일 00시,수요일,충청북도 충주시 성서동,중상사고,0,1,0,0,차량단독 - 공작물충돌,안전운전불이행,건조,맑음,단일로 - 기타,승용,남,22세,중상,,,,
2019032000100058,2019년 3월 20일 03시,수요일,충청북도 옥천군 동이면,경상사고,0,0,1,0,차대차 - 측면충돌,안전운전불이행,건조,맑음,단일로 - 기타,승용,여,53세,경상,승용,남,52세,상해없음
2019032000100087,2019년 3월 20일 06시,수요일,충청북도 증평군 증평읍,중상사고,0,1,1,0,차대차 - 측면충돌,안전운전불이행,건조,맑음,교차로 - 교차로안,승용,남,45세,경상,화물,남,69세,중상
2019032000100088,2019년 3월 20일 06시,수요일,충청북도 보은군 탄부면,경상사고,0,0,1,0,차대차 - 측면충돌,기타,건조,맑음,교차로 - 교차로안,화물,남,73세,상해없음,승용,남,60세,경상
2019032000100089,2019년 3월 20일 06시,수요일,충청북도 청주시 흥덕구 복대동,경상사고,0,0,1,0,차대차 - 측면충돌,중앙선침범,건조,맑음,단일로 - 기타,승용,여,28세,상해없음,승용,여,48세,경상
2019032000100112,2019년 3월 20일 07시,수요일,충청북도 청주시 상당구 탑동,경상사고,0,0,1,0,차대차 - 측면충돌,안전운전불이행,건조,맑음,교차로 - 교차로안,이륜,남,49세,경상,농기계,남,19세,상해없음
2019032000100190,2019년 3월 20일 09시,수요일,충청북도 청주시 청원구 율량동,경상사고,0,0,1,0,차대차 - 기타,교차로운행방법위반,건조,맑음,교차로 - 교차로안,승용,남,46세,상해없음,승용,남,50세,경상
2019032000100191,2019년 3월 20일 09시,수요일,충청북도 청주시 흥덕구 강내면,경상사고,0,0,5,0,차대차 - 측면충돌,안전운전불이행,건조,맑음,교차로 - 교차로안,승용,남,77세,경상,승합,남,42세,경상
2019032000100211,2019년 3월 20일 10시,수요일,충청북도 청주시 흥덕구 송정동,경상사고,0,0,2,0,차대차 - 측면충돌,안전거리미확보,건조,맑음,교차로 - 교차로부근,화물,남,50세,상해없음,승용,남,27세,경상
2019032000100230,2019년 3월 20일 11시,수요일,충청북도 음성군 금왕읍,중상사고,0,1,0,0,차대사람 - 길가장자리구역통행중,안전운전불이행,건조,맑음,교차로 - 교차로부근,승용,여,65세,상해없음,보행자,남,82세,중상
2019032000100256,2019년 3월 20일 12시,수요일,충청북도 영동군 용산면,경상사고,0,0,1,0,차량단독 - 전도전복 - 전도,안전운전불이행,건조,맑음,단일로 - 기타,원동기,남,30세,경상,,,,
2019032000100285,2019년 3월 20일 13시,수요일,충청북도 음성군 금왕읍,경상사고,0,0,3,0,차대차 - 측면충돌,안전운전불이행,건조,흐림,교차로 - 교차로부근,화물,남,28세,상해없음,승용,여,45세,경상
2019032000100317,2019년 3월 20일 14시,수요일,충청북도 충주시 신니면,중상사고,0,1,0,0,차대차 - 기타,기타,건조,맑음,교차로 - 교차로안,화물,남,46세,상해없음,화물,남,28세,중상
2019032000100318,2019년 3월 20일 14시,수요일,충청북도 단양군 매포읍,중상사고,0,2,1,0,차대차 - 측면충돌,안전운전불이행,건조,맑음,기타 - 기타,화물,남,47세,상해없음,화물,남,66세,중상
2019032000100356,2019년 3월 20일 15시,수요일,충청북도 청주시 청원구 내수읍,중상사고,0,1,0,0,차대차 - 측면충돌,안전운전불이행,건조,맑음,단일로 - 기타,승용,여,57세,상해없음,이륜,남,78세,중상
2019032000100394,2019년 3월 20일 16시,수요일,충청북도 음성군 삼성면,중상사고,0,1,2,0,차대차 - 측면충돌,중앙선침범,젖음/습기,비,교차로 - 교차로부근,승용,남,46세,상해없음,승용,여,59세,경상
2019032000100435,2019년 3월 20일 17시,수요일,충청북도 청주시 흥덕구 강내면,경상사고,0,0,1,0,차대차 - 후진중충돌,안전운전불이행,건조,맑음,교차로 - 교차로안,승용,남,53세,상해없음,승용,남,67세,경상
2019032000100483,2019년 3월 20일 18시,수요일,충청북도 청주시 흥덕구 강서동,경상사고,0,0,2,0,차대차 - 측면충돌,안전운전불이행,젖음/습기,맑음,교차로 - 교차로안,승용,남,45세,상해없음,승합,남,58세,경상
2019032000100532,2019년 3월 20일 19시,수요일,충청북도 청주시 서원구 개신동,경상사고,0,0,2,0,차대차 - 기타,안전운전불이행,젖음/습기,비,교차로 - 교차로안,원동기,남,30세,경상,승용,남,56세,경상
2019032000100588,2019년 3월 20일 20시,수요일,충청북도 음성군 소이면,경상사고,0,0,3,1,차대차 - 측면충돌,직진우회전진행방해,젖음/습기,비,교차로 - 교차로안,승용,남,39세,부상신고,승용,남,35세,경상
2019032000100636,2019년 3월 20일 21시,수요일,충청북도 청주시 청원구 율량동,중상사고,0,1,0,0,차대사람 - 기타,안전운전불이행,젖음/습기,비,단일로 - 기타,승용,여,37세,상해없음,보행자,남,49세,중상
2019032000100736,2019년 3월 20일 23시,수요일,충청북도 청주시 흥덕구 송절동,경상사고,0,0,1,0,차대차 - 정면충돌,안전운전불이행,젖음/습기,비,단일로 - 교량,승용,남,31세,상해없음,승용,남,34세,경상
2019032100100026,2019년 3월 21일 00시,목요일,충청북도 청주시 흥덕구 봉명동,중상사고,0,1,1,0,차대차 - 기타,보행자보호의무위반,젖음/습기,비,교차로 - 교차로안,이륜,남,57세,중상,승용,남,54세,상해없음
2019032100100055,2019년 3월 21일 02시,목요일,충청북도 청주시 상당구 남일면,중상사고,0,1,0,0,차대차 - 기타,안전운전불이행,젖음/습기,비,단일로 - 지하차도(도로)내,화물,남,25세,상해없음,승용,여,29세,중상
2019032100100153,2019년 3월 21일 08시,목요일,충청북도 충주시 문화동,경상사고,0,0,2,0,차대차 - 측면충돌,안전거리미확보,젖음/습기,비,단일로 - 기타,승용,남,60세,경상,승용,남,58세,경상
2019032100100154,2019년 3월 21일 08시,목요일,충청북도 청주시 상당구 낭성면,경상사고,0,0,4,0,차대차 - 측면충돌,안전운전불이행,건조,맑음,단일로 - 지하차도(도로)내,화물,남,58세,경상,승용,여,25세,경상
2019032100100188,2019년 3월 21일 09시,목요일,충청북도 청주시 흥덕구 복대동,경상사고,0,0,1,0,차대차 - 측면충돌,안전운전불이행,건조,맑음,교차로 - 교차로안,승용,여,37세,상해없음,자전거,남,75세,경상
2019032100100245,2019년 3월 21일 11시,목요일,충청북도 청주시 상당구 서문동,경상사고,0,0,1,0,차대차 - 측면충돌,안전운전불이행,건조,맑음,단일로 - 기타,승용,남,42세,상해없음,승용,남,45세,경상
2019032100100303,2019년 3월 21일 13시,목요일,충청북도 청주시 청원구 사천동,중상사고,0,1,0,0,차대사람 - 횡단중,보행자보호의무위반,건조,맑음,교차로 - 교차로안,승용,남,66세,상해없음,보행자,여,70세,중상
2019032100100361,2019년 3월 21일 15시,목요일,충청북도 청주시 상당구 수동,경상사고,0,0,1,0,차대차 - 측면충돌,직진우회전진행방해,건조,맑음,교차로 - 교차로안,승용,여,45세,기타불명,승합,남,44세,경상
2019032100100362,2019년 3월 21일 15시,목요일,충청북도 증평군 증평읍,경상사고,0,0,1,0,차대차 - 측면충돌,교차로운행방법위반,건조,맑음,교차로 - 교차로안,승용,남,66세,상해없음,승용,여,54세,경상
2019032100100363,2019년 3월 21일 15시,목요일,충청북도 청주시 흥덕구 강내면,경상사고,0,0,3,0,차대차 - 추돌,안전거리미확보,건조,맑음,교차로 - 교차로안,승용,남,59세,경상,화물,남,41세,경상
2019032100100398,2019년 3월 21일 16시,목요일,충청북도 진천군 광혜원면,경상사고,0,0,1,0,차대차 - 기타,안전운전불이행,건조,맑음,교차로 - 교차로안,승용,남,30세,상해없음,화물,남,57세,경상
2019032100100432,2019년 3월 21일 17시,목요일,충청북도 충주시 성서동,경상사고,0,0,1,0,차대차 - 기타,안전운전불이행,건조,맑음,단일로 - 기타,승용,여,36세,상해없음,승합,남,49세,상해없음
2019032100100433,2019년 3월 21일 17시,목요일,충청북도 청주시 상당구 용암동,경상사고,0,0,1,0,차대차 - 후진중충돌,안전운전불이행,건조,맑음,단일로 - 지하차도(도로)내,승용,여,45세,상해없음,이륜,남,37세,경상
2019032100100480,2019년 3월 21일 18시,목요일,충청북도 제천시 청전동,중상사고,0,1,6,0,차대차 - 정면충돌,안전운전불이행,건조,맑음,교차로 - 교차로안,화물,남,54세,상해없음,승용,여,19세,경상
2019032100100518,2019년 3월 21일 19시,목요일,충청북도 증평군 증평읍,경상사고,0,0,1,0,차대차 - 기타,안전거리미확보,건조,맑음,기타 - 기타,승합,남,59세,상해없음,승용,남,34세,경상
2019032100100588,2019년 3월 21일 21시,목요일,충청북도 청주시 상당구 금천동,중상사고,0,1,0,0,차대차 - 측면충돌,신호위반,건조,맑음,교차로 - 교차로안,승합,남,78세,상해없음,승용,남,27세,중상
2019032100100640,2019년 3월 21일 23시,목요일,충청북도 청주시 상당구 석교동,경상사고,0,0,4,0,차대차 - 추돌,안전운전불이행,건조,맑음,교차로 - 교차로부근,화물,남,40세,상해없음,승용,남,35세,경상
2019032100100641,2019년 3월 21일 23시,목요일,충청북도 충주시 중앙탑면,경상사고,0,0,2,0,차대차 - 기타,안전운전불이행,건조,맑음,단일로 - 기타,승용,남,63세,경상,화물,남,46세,경상
2019032200100032,2019년 3월 22일 01시,금요일,충청북도 음성군 맹동면,경상사고,0,0,1,0,차량단독 - 공작물충돌,안전운전불이행,건조,맑음,교차로 - 교차로안,승용,남,29세,경상,,,,
2019032200100041,2019년 3월 22일 02시,금요일,충청북도 청주시 서원구 사창동,경상사고,0,0,1,0,차대사람 - 기타,안전운전불이행,건조,맑음,단일로 - 기타,승용,남,24세,상해없음,보행자,남,27세,경상
2019032200100042,2019년 3월 22일 02시,금요일,충청북도 청주시 청원구 내덕동,경상사고,0,0,1,0,차대차 - 추돌,안전운전불이행,건조,맑음,교차로 - 교차로부근,승용,남,30세,상해없음,승용,여,50세,경상
2019032200100049,2019년 3월 22일 03시,금요일,충청북도 음성군 생극면,경상사고,0,0,1,0,차량단독 - 도로외이탈 - 기타,안전운전불이행,건조,맑음,교차로 - 교차로부근,승용,여,50세,경상,,,,
2019032200100059,2019년 3월 22일 04시,금요일,충청북도 제천시 중앙로2가,중상사고,0,1,1,1,차대차 - 정면충돌,신호위반,건조,맑음,교차로 - 교차로안,승합,남,25세,상해없음,승용,남,44세,중상
2019032200100060,2019년 3월 22일 04시,금요일,충청북도 청주시 흥덕구 운천동,경상사고,0,0,2,0,차대차 - 추돌,안전운전불이행,건조,맑음,교차로 - 교차로부근,승용,남,23세,상해없음,승용,남,75세,경상
2019032200100100,2019년 3월 22일 07시,금요일,충청북도 음성군 음성읍,경상사고,0,0,1,0,차대차 - 측면충돌,안전거리미확보,건조,맑음,교차로 - 교차로부근,자전거,남,68세,경상,승용,남,59세,상해없음
2019032200100129,2019년 3월 22일 08시,금요일,충청북도 진천군 덕산면,경상사고,0,0,1,0,차대차 - 측면충돌,안전운전불이행,건조,맑음,교차로 - 교차로안,승용,여,30세,상해없음,승합,남,53세,상해없음
2019032200100130,2019년 3월 22일 08시,금요일,충청북도 청주시 흥덕구 가경동,경상사고,0,0,1,0,차대차 - 추돌,안전운전불이행,건조,맑음,교차로 - 교차로부근,승용,여,44세,상해없음,승용,여,46세,경상
2019032200100188,2019년 3월 22일 10시,금요일,충청북도 제천시 중앙로1가,경상사고,0,0,2,0,차대차 - 추돌,안전거리미확보,건조,맑음,교차로 - 교차로안,승용,여,32세,경상,승용,남,77세,경상
2019032200100211,2019년 3월 22일 11시,금요일,충청북도 청주시 청원구 사천동,중상사고,0,1,0,0,차대차 - 기타,신호위반,건조,맑음,교차로 - 교차로부근,승용,남,61세,상해없음,승용,여,43세,중상
2019032200100212,2019년 3월 22일 11시,금요일,충청북도 청주시 상당구 탑동,중상사고,0,1,0,0,차대차 - 측면충돌,안전운전불이행,건조,맑음,교차로 - 교차로안,승용,남,45세,상해없음,자전거,여,65세,중상
2019032200100240,2019년 3월 22일 12시,금요일,충청북도 청주시 상당구 낭성면,중상사고,0,1,0,0,차대차 - 측면충돌,안전운전불이행,건조,맑음,교차로 - 교차로안,화물,남,68세,상해없음,사륜오토바이(ATV),남,82세,중상
2019032200100267,2019년 3월 22일 13시,금요일,충청북도 청주시 흥덕구 운천동,중상사고,0,1,0,0,차대차 - 기타,신호위반,건조,맑음,교차로 - 교차로부근,승용,남,61세,상해없음,이륜,남,24세,중상
2019032200100308,2019년 3월 22일 14시,금요일,충청북도 청주시 청원구 오창읍,경상사고,0,0,3,0,차대차 - 기타,안전운전불이행,건조,맑음,교차로 - 교차로부근,승용,남,42세,상해없음,이륜,남,37세,경상
2019032200100309,2019년 3월 22일 14시,금요일,충청북도 청주시 흥덕구 봉명동,경상사고,0,0,1,0,차대사람 - 기타,안전운전불이행,건조,맑음,단일로 - 기타,승용,남,43세,상해없음,보행자,여,61세,경상
2019032200100378,2019년 3월 22일 16시,금요일,충청북도 제천시 청전동,경상사고,0,0,1,0,차대사람 - 횡단중,안전운전불이행,건조,맑음,단일로 - 기타,승용,여,25세,상해없음,보행자,남,54세,경상
2019032200100379,2019년 3월 22일 16시,금요일,충청북도 진천군 광혜원면,중상사고,0,1,0,0,차대사람 - 기타,안전운전불이행,건조,맑음,교차로 - 교차로안,승용,남,48세,상해없음,보행자,여,69세,중상
2019032200100380,2019년 3월 22일 16시,금요일,충청북도 진천군 이월면,경상사고,0,0,1,0,차대차 - 추돌,중앙선침범,건조,맑음,단일로 - 교량,승용,여,55세,상해없음,승용,남,29세,경상
2019032200100418,2019년 3월 22일 17시,금요일,충청북도 청주시 청원구 북이면,중상사고,0,1,1,0,차대차 - 기타,안전거리미확보,건조,맑음,단일로 - 기타,승용,여,30세,상해없음,승용,여,33세,중상
2019032200100419,2019년 3월 22일 17시,금요일,충청북도 청주시 청원구 율량동,경상사고,0,0,1,0,차대차 - 측면충돌,직진우회전진행방해,건조,맑음,교차로 - 교차로안,승용,남,52세,상해없음,이륜,남,22세,경상
2019032200100420,2019년 3월 22일 17시,금요일,충청북도 충주시 칠금동,경상사고,0,0,1,0,차대사람 - 기타,안전운전불이행,건조,맑음,기타 - 기타,승용,여,52세,상해없음,보행자,여,10세,경상
2019032200100421,2019년 3월 22일 17시,금요일,충청북도 제천시 청전동,경상사고,0,0,1,0,차대차 - 정면충돌,안전운전불이행,건조,맑음,교차로 - 교차로횡단보도내,승용,여,54세,상해없음,자전거,남,76세,경상
2019032200100422,2019년 3월 22일 17시,금요일,충청북도 보은군 수한면,경상사고,0,0,1,0,차량단독 - 전도전복 - 전복,안전운전불이행,건조,맑음,단일로 - 지하차도(도로)내,화물,남,76세,경상,,,,
2019032200100423,2019년 3월 22일 17시,금요일,충청북도 음성군 대소면,경상사고,0,0,3,0,차대차 - 추돌,안전운전불이행,건조,맑음,교차로 - 교차로부근,승용,여,56세,경상,승용,여,39세,경상
2019032200100477,2019년 3월 22일 18시,금요일,충청북도 제천시 중앙로2가,경상사고,0,0,1,0,차대사람 - 횡단중,안전운전불이행,건조,맑음,교차로 - 교차로부근,승용,남,54세,상해없음,보행자,여,21세,경상
2019032200100565,2019년 3월 22일 20시,금요일,충청북도 청주시 서원구 개신동,경상사고,0,0,2,0,차대차 - 기타,안전운전불이행,건조,맑음,교차로 - 교차로안,승용,남,57세,상해없음,승용,여,30세,경상
2019032200100596,2019년 3월 22일 21시,금요일,충청북도 진천군 진천읍,경상사고,0,0,4,0,차대차 - 측면충돌,신호위반,건조,맑음,교차로 - 교차로안,승용,남,52세,상해없음,승용,남,40세,경상
2019032200100618,2019년 3월 22일 22시,금요일,충청북도 청주시 서원구 사직동,중상사고,0,1,3,0,차대차 - 기타,안전운전불이행,건조,맑음,단일로 - 기타,승합,남,46세,상해없음,승용,남,58세,중상
2019032200100619,2019년 3월 22일 22시,금요일,충청북도 진천군 이월면,경상사고,0,0,3,0,차대차 - 기타,안전운전불이행,건조,맑음,단일로 - 기타,승용,남,29세,경상,승용,남,40세,경상
2019032200100620,2019년 3월 22일 22시,금요일,충청북도 청주시 상당구 용암동,중상사고,0,1,0,0,차대차 - 측면충돌,안전운전불이행,건조,맑음,교차로 - 교차로안,승용,여,49세,상해없음,이륜,남,31세,중상
2019032200100621,2019년 3월 22일 22시,금요일,충청북도 영동군 황간면,사망사고,1,2,0,0,차대차 - 기타,안전운전불이행,건조,맑음,단일로 - 기타,승용,남,33세,중상,승용,여,41세,사망
2019032200100650,2019년 3월 22일 23시,금요일,충청북도 청주시 상당구 북문로3가동,경상사고,0,0,1,0,차대차 - 기타,신호위반,건조,맑음,교차로 - 교차로안,승용,남,58세,상해없음,이륜,남,17세,경상
2019032300100095,2019년 3월 23일 06시,토요일,충청북도 청주시 흥덕구 옥산면,중상사고,0,1,1,0,차대차 - 기타,안전운전불이행,건조,맑음,교차로 - 교차로안,건설기계,남,37세,중상,화물,남,55세,경상
2019032300100109,2019년 3월 23일 07시,토요일,충청북도 청주시 청원구 오창읍,경상사고,0,0,1,0,차대차 - 기타,안전운전불이행,건조,맑음,단일로 - 기타,승용,남,27세,상해없음,승용,남,51세,경상
2019032300100110,2019년 3월 23일 07시,토요일,충청북도 청주시 상당구 남일면,경상사고,0,0,2,0,차대차 - 측면충돌,신호위반,건조,맑음,교차로 - 교차로부근,승용,여,62세,상해없음,승용,남,38세,경상
2019032300100153,2019년 3월 23일 09시,토요일,충청북도 청주시 청원구 사천동,중상사고,0,2,1,0,차대차 - 기타,신호위반,건조,맑음,교차로 - 교차로안,승용,남,41세,상해없음,승용,남,59세,경상
2019032300100174,2019년 3월 23일 10시,토요일,충청북도 청주시 청원구 율량동,경상사고,0,0,4,0,차대차 - 추돌,안전운전불이행,건조,맑음,교차로 - 교차로부근,승용,남,39세,상해없음,승용,남,40세,경상
2019032300100175,2019년 3월 23일 10시,토요일,충청북도 충주시 봉방동,경상사고,0,0,1,0,차대차 - 기타,안전운전불이행,건조,맑음,교차로 - 교차로안,승용,여,67세,상해없음,승용,남,49세,경상
2019032300100209,2019년 3월 23일 11시,토요일,충청북도 충주시 달천동,경상사고,0,0,1,0,차대차 - 추돌,안전운전불이행,건조,맑음,단일로 - 기타,건설기계,남,53세,상해없음,승용,여,43세,경상
2019032300100210,2019년 3월 23일 11시,토요일,충청북도 제천시 신월동,경상사고,0,0,1,0,차대차 - 측면충돌,안전운전불이행,건조,맑음,단일로 - 지하차도(도로)내,건설기계,남,59세,상해없음,승용,여,49세,경상
2019032300100211,2019년 3월 23일 11시,토요일,충청북도 청주시 상당구 탑동,경상사고,0,0,2,0,차대차 - 측면충돌,교차로운행방법위반,건조,맑음,교차로 - 교차로안,승용,남,30세,경상,승용,남,52세,경상
2019032300100284,2019년 3월 23일 13시,토요일,충청북도 청주시 흥덕구 강내면,경상사고,0,0,7,0,차대차 - 측면충돌,안전운전불이행,젖음/습기,안개,단일로 - 기타,승합,남,59세,경상,화물,남,43세,경상
2019032300100285,2019년 3월 23일 13시,토요일,충청북도 청주시 상당구 낭성면,중상사고,0,1,1,0,차량단독 - 도로외이탈 - 추락,안전운전불이행,건조,맑음,단일로 - 지하차도(도로)내,승용,남,61세,경상,,,,
2019032300100286,2019년 3월 23일 13시,토요일,충청북도 청주시 서원구 수곡동,경상사고,0,0,1,0,차대차 - 추돌,안전운전불이행,젖음/습기,비,교차로 - 교차로부근,특수,남,46세,상해없음,승용,여,56세,상해없음
2019032300100333,2019년 3월 23일 14시,토요일,충청북도 옥천군 옥천읍,중상사고,0,1,0,0,차대차 - 측면충돌,교차로운행방법위반,젖음/습기,비,교차로 - 교차로안,이륜,남,52세,중상,승용,남,43세,상해없음