사고번호,사고일시,요일,시군구,사고내용,사망자수,중상자수,경상자수,부상신고자수,사고유형,법규위반,노면상태,기상상태,도로형태,가해운전자 차종,가해운전자 성별,가해운전자 연령,가해운전자 상해정도,피해운전자 차종,피해운전자 성별,피해운전자 연령,피해운전자 상해정도
2019032300100334,2019년 3월 23일 14시,토요일,충청북도 청주시 흥덕구 신촌동,경상사고,0,0,2,0,차대차 - 측면충돌,안전운전불이행,건조,맑음,단일로 - 기타,승용,남,64세,상해없음,승용,남,26세,경상
2019032300100368,2019년 3월 23일 15시,토요일,충청북도 청주시 흥덕구 강내면,중상사고,0,1,1,1,차대차 - 기타,중앙선침범,젖음/습기,흐림,교차로 - 교차로부근,화물,남,59세,부상신고,승용,여,55세,중상
2019032300100411,2019년 3월 23일 16시,토요일,충청북도 음성군 생극면,중상사고,0,1,1,0,차대차 - 측면충돌,신호위반,젖음/습기,맑음,교차로 - 교차로안,승용,남,22세,경상,승용,남,52세,중상
2019032300100412,2019년 3월 23일 16시,토요일,충청북도 청주시 상당구 서문동,경상사고,0,0,1,0,차대차 - 측면충돌,안전운전불이행,건조,맑음,교차로 - 교차로부근,승용,여,45세,상해없음,화물,남,59세,경상
2019032300100453,2019년 3월 23일 17시,토요일,충청북도 청주시 서원구 남이면,경상사고,0,0,1,0,차대차 - 추돌,안전운전불이행,건조,맑음,단일로 - 기타,승용,남,47세,상해없음,승용,남,39세,경상
2019032300100474,2019년 3월 23일 18시,토요일,충청북도 청주시 청원구 사천동,중상사고,0,1,0,0,차대차 - 측면충돌,안전운전불이행,건조,맑음,단일로 - 기타,승용,남,34세,상해없음,이륜,남,37세,중상
2019032300100475,2019년 3월 23일 18시,토요일,충청북도 청주시 청원구 외남동,중상사고,0,1,1,0,차량단독 - 기타,안전운전불이행,건조,맑음,단일로 - 기타,승합,남,50세,상해없음,,,,
2019032300100476,2019년 3월 23일 18시,토요일,충청북도 괴산군 감물면,부상신고사고,0,0,0,1,차량단독 - 공작물충돌,안전운전불이행,건조,맑음,교차로 - 교차로안,화물,남,57세,부상신고,,,,
2019032300100508,2019년 3월 23일 19시,토요일,충청북도 제천시 덕산면,경상사고,0,0,3,0,차대차 - 측면충돌,안전운전불이행,건조,맑음,교차로 - 교차로안,승용,남,73세,상해없음,화물,남,53세,경상
2019032300100550,2019년 3월 23일 20시,토요일,충청북도 청주시 흥덕구 복대동,경상사고,0,0,5,0,차대차 - 측면충돌,안전거리미확보,건조,맑음,단일로 - 기타,승용,남,29세,상해없음,승용,남,38세,경상
2019032300100599,2019년 3월 23일 22시,토요일,충청북도 청주시 청원구 사천동,중상사고,0,1,0,0,차대차 - 측면충돌,안전운전불이행,건조,맑음,교차로 - 교차로안,승용,남,59세,상해없음,이륜,남,19세,중상
2019032300100600,2019년 3월 23일 22시,토요일,충청북도 충주시 호암동,경상사고,0,0,2,0,차대차 - 정면충돌,신호위반,건조,흐림,교차로 - 교차로안,승용,남,59세,상해없음,승용,남,67세,경상
2019032300100619,2019년 3월 23일 23시,토요일,충청북도 청주시 청원구 내덕동,중상사고,0,1,2,0,차대차 - 기타,차로위반,건조,맑음,교차로 - 교차로부근,승용,남,39세,경상,승용,남,52세,경상
2019032300100620,2019년 3월 23일 23시,토요일,충청북도 제천시 청전동,경상사고,0,0,2,0,차대차 - 정면충돌,직진우회전진행방해,건조,맑음,교차로 - 교차로안,화물,남,53세,경상,이륜,남,21세,경상
2019032300100621,2019년 3월 23일 23시,토요일,충청북도 증평군 증평읍,경상사고,0,0,6,0,차대차 - 추돌,안전운전불이행,건조,맑음,교차로 - 교차로부근,화물,남,51세,상해없음,승용,남,30세,경상
2019032400100038,2019년 3월 24일 00시,일요일,충청북도 충주시 금릉동,중상사고,0,1,0,1,차대차 - 측면충돌,안전운전불이행,건조,맑음,교차로 - 교차로안,승용,여,52세,부상신고,승용,남,23세,중상
2019032400100063,2019년 3월 24일 02시,일요일,충청북도 청주시 흥덕구 강서동,경상사고,0,0,4,0,차대차 - 측면충돌,신호위반,건조,맑음,교차로 - 교차로안,승용,남,23세,상해없음,승용,남,58세,경상
2019032400100097,2019년 3월 24일 06시,일요일,충청북도 음성군 대소면,중상사고,0,1,1,0,차대차 - 측면충돌,신호위반,건조,맑음,교차로 - 교차로안,승용,여,34세,경상,승용,남,71세,중상
2019032400100120,2019년 3월 24일 08시,일요일,충청북도 충주시 지현동,경상사고,0,0,1,0,차대차 - 기타,안전운전불이행,건조,맑음,교차로 - 교차로안,승합,남,40세,상해없음,승용,여,53세,경상
2019032400100156,2019년 3월 24일 10시,일요일,충청북도 영동군 영동읍,경상사고,0,0,1,0,차대차 - 측면충돌,안전운전불이행,건조,맑음,교차로 - 교차로안,승용,남,33세,상해없음,자전거,남,63세,경상
2019032400100157,2019년 3월 24일 10시,일요일,충청북도 청주시 서원구 수곡동,경상사고,0,0,2,0,차대차 - 기타,안전운전불이행,건조,맑음,교차로 - 교차로안,승용,남,56세,경상,승용,남,62세,경상
2019032400100193,2019년 3월 24일 11시,일요일,충청북도 청주시 흥덕구 오송읍,경상사고,0,0,1,0,차대사람 - 기타,안전운전불이행,건조,맑음,교차로 - 교차로부근,승용,남,53세,기타불명,보행자,남,24세,경상
2019032400100215,2019년 3월 24일 12시,일요일,충청북도 청주시 청원구 우암동,중상사고,0,1,0,0,차대사람 - 기타,안전운전불이행,건조,맑음,교차로 - 교차로안,승용,여,59세,상해없음,보행자,남,32세,중상
2019032400100216,2019년 3월 24일 12시,일요일,충청북도 충주시 호암동,중상사고,0,1,2,0,차대차 - 측면충돌,신호위반,건조,맑음,교차로 - 교차로안,승용,남,43세,상해없음,승용,여,50세,중상
2019032400100217,2019년 3월 24일 12시,일요일,충청북도 청주시 서원구 사직동,경상사고,0,0,2,0,차대차 - 기타,안전운전불이행,건조,맑음,교차로 - 교차로부근,승용,남,64세,상해없음,승용,남,24세,상해없음
2019032400100275,2019년 3월 24일 14시,일요일,충청북도 충주시 충인동,경상사고,0,0,1,0,차대차 - 측면충돌,안전운전불이행,건조,맑음,교차로 - 교차로안,자전거,여,68세,경상,승용,남,40세,상해없음
2019032400100276,2019년 3월 24일 14시,일요일,충청북도 청주시 상당구 영운동,중상사고,0,2,0,0,차대차 - 측면충돌,중앙선침범,건조,맑음,단일로 - 기타,승용,여,37세,상해없음,승용,여,43세,중상
2019032400100277,2019년 3월 24일 14시,일요일,충청북도 청주시 상당구 금천동,경상사고,0,0,2,0,차대사람 - 횡단중,신호위반,건조,맑음,교차로 - 교차로횡단보도내,승합,남,48세,상해없음,보행자,남,67세,경상
2019032400100313,2019년 3월 24일 15시,일요일,충청북도 청주시 흥덕구 옥산면,경상사고,0,0,5,0,차대차 - 추돌,안전운전불이행,건조,맑음,단일로 - 기타,승용,남,51세,상해없음,승용,남,25세,경상
2019032400100340,2019년 3월 24일 16시,일요일,충청북도 영동군 영동읍,경상사고,0,0,1,0,차대차 - 측면충돌,안전운전불이행,건조,맑음,교차로 - 교차로안,화물,남,60세,상해없음,승용,여,51세,경상
2019032400100341,2019년 3월 24일 16시,일요일,충청북도 음성군 감곡면,중상사고,0,2,0,0,차대차 - 측면충돌,안전운전불이행,건조,맑음,교차로 - 교차로부근,이륜,남,55세,중상,이륜,남,34세,중상
2019032400100374,2019년 3월 24일 17시,일요일,충청북도 충주시 호암동,경상사고,0,0,4,0,차대차 - 기타,안전운전불이행,건조,맑음,기타 - 기타,승용,남,22세,경상,승용,여,48세,경상
2019032400100431,2019년 3월 24일 19시,일요일,충청북도 음성군 맹동면,경상사고,0,0,3,0,차대차 - 측면충돌,신호위반,건조,맑음,교차로 - 교차로안,승용,여,48세,상해없음,승용,남,49세,경상
2019032400100453,2019년 3월 24일 20시,일요일,충청북도 충주시 연수동,경상사고,0,0,4,0,차대차 - 추돌,안전운전불이행,건조,맑음,단일로 - 기타,승용,여,21세,상해없음,승용,남,35세,경상
2019032400100454,2019년 3월 24일 20시,일요일,충청북도 청주시 흥덕구 가경동,경상사고,0,0,1,0,차대차 - 기타,안전거리미확보,건조,맑음,단일로 - 기타,승용,남,69세,상해없음,승용,여,58세,경상
2019032400100485,2019년 3월 24일 21시,일요일,충청북도 증평군 증평읍,경상사고,0,0,1,0,차대차 - 추돌,안전운전불이행,건조,맑음,교차로 - 교차로부근,승용,남,34세,상해없음,승용,남,23세,경상
2019032500100023,2019년 3월 25일 01시,월요일,충청북도 청주시 청원구 율량동,중상사고,0,1,0,0,차대차 - 정면충돌,안전운전불이행,건조,맑음,교차로 - 교차로부근,승용,여,49세,상해없음,이륜,남,54세,중상
2019032500100030,2019년 3월 25일 02시,월요일,충청북도 보은군 보은읍,부상신고사고,0,0,0,1,차대사람 - 기타,안전운전불이행,건조,흐림,주차장 - 주차장,승용,여,59세,상해없음,보행자,남,49세,부상신고
2019032500100031,2019년 3월 25일 02시,월요일,충청북도 보은군 보은읍,중상사고,0,1,0,0,차대사람 - 보도통행중,안전운전불이행,건조,맑음,단일로 - 지하차도(도로)내,승합,여,19세,상해없음,보행자,남,81세,중상
2019032500100047,2019년 3월 25일 05시,월요일,충청북도 청주시 서원구 사직동,사망사고,1,0,0,0,차대사람 - 횡단중,안전운전불이행,건조,맑음,단일로 - 기타,특수,남,45세,상해없음,보행자,여,79세,사망
2019032500100072,2019년 3월 25일 07시,월요일,충청북도 청주시 흥덕구 강내면,경상사고,0,0,1,0,차대차 - 측면충돌,안전거리미확보,건조,맑음,교차로 - 교차로부근,승용,남,42세,상해없음,승용,남,31세,경상
2019032500100073,2019년 3월 25일 07시,월요일,충청북도 청주시 상당구 문화동,경상사고,0,0,3,0,차대차 - 측면충돌,안전운전불이행,건조,맑음,교차로 - 교차로안,화물,남,65세,상해없음,승합,남,59세,경상
2019032500100116,2019년 3월 25일 08시,월요일,충청북도 제천시 명동,경상사고,0,0,1,0,차대차 - 추돌,안전운전불이행,건조,맑음,단일로 - 지하차도(도로)내,승용,남,65세,상해없음,농기계,남,72세,기타불명
2019032500100154,2019년 3월 25일 09시,월요일,충청북도 청주시 서원구 사창동,경상사고,0,0,1,0,차대차 - 측면충돌,안전운전불이행,건조,맑음,교차로 - 교차로부근,화물,남,51세,상해없음,승용,남,44세,경상
2019032500100155,2019년 3월 25일 09시,월요일,충청북도 보은군 보은읍,중상사고,0,1,0,0,차대사람 - 기타,안전운전불이행,건조,맑음,주차장 - 주차장,화물,남,25세,상해없음,보행자,남,74세,중상
2019032500100178,2019년 3월 25일 10시,월요일,충청북도 충주시 연수동,중상사고,0,1,0,0,차대차 - 기타,신호위반,건조,맑음,교차로 - 교차로안,승용,여,65세,상해없음,원동기,남,37세,중상
2019032500100179,2019년 3월 25일 10시,월요일,충청북도 제천시 송학면,부상신고사고,0,0,0,1,차대차 - 측면충돌,직진우회전진행방해,건조,맑음,교차로 - 교차로안,농기계,남,75세,부상신고,화물,남,60세,상해없음
2019032500100180,2019년 3월 25일 10시,월요일,충청북도 영동군 용산면,경상사고,0,0,1,0,차대차 - 정면충돌,안전운전불이행,건조,맑음,교차로 - 교차로안,농기계,남,84세,경상,화물,남,51세,상해없음
2019032500100181,2019년 3월 25일 10시,월요일,충청북도 청주시 흥덕구 봉명동,경상사고,0,0,1,0,차대차 - 측면충돌,신호위반,건조,맑음,교차로 - 교차로안,승용,남,68세,상해없음,화물,남,27세,경상
2019032500100182,2019년 3월 25일 10시,월요일,충청북도 청주시 상당구 남일면,경상사고,0,0,4,0,차대차 - 정면충돌,중앙선침범,건조,맑음,단일로 - 기타,건설기계,남,59세,경상,승용,남,64세,경상
2019032500100238,2019년 3월 25일 12시,월요일,충청북도 제천시 청전동,중상사고,0,1,0,0,차대사람 - 횡단중,보행자보호의무위반,건조,맑음,교차로 - 교차로횡단보도내,이륜,남,20세,상해없음,보행자,여,60세,중상
2019032500100264,2019년 3월 25일 13시,월요일,충청북도 청주시 서원구 사직동,중상사고,0,1,0,0,차대차 - 측면충돌,안전운전불이행,건조,맑음,교차로 - 교차로안,승용,남,76세,상해없음,자전거,여,80세,중상
2019032500100265,2019년 3월 25일 13시,월요일,충청북도 청주시 상당구 탑동,중상사고,0,1,0,0,차대차 - 측면충돌,안전운전불이행,건조,맑음,단일로 - 기타,화물,남,62세,상해없음,이륜,남,84세,중상
2019032500100300,2019년 3월 25일 14시,월요일,충청북도 충주시 용산동,중상사고,0,1,0,0,차대차 - 기타,안전운전불이행,건조,맑음,단일로 - 기타,승합,남,37세,상해없음,이륜,남,86세,중상
2019032500100301,2019년 3월 25일 14시,월요일,충청북도 제천시 명동,부상신고사고,0,0,0,1,차대차 - 측면충돌,중앙선침범,건조,맑음,단일로 - 기타,이륜,남,70세,부상신고,승용,남,38세,상해없음
2019032500100329,2019년 3월 25일 15시,월요일,충청북도 음성군 원남면,중상사고,0,1,1,0,차대차 - 측면충돌,신호위반,건조,맑음,교차로 - 교차로안,화물,남,54세,상해없음,승용,남,68세,경상
2019032500100367,2019년 3월 25일 16시,월요일,충청북도 증평군 증평읍,경상사고,0,0,1,0,차대차 - 추돌,안전운전불이행,건조,맑음,단일로 - 기타,화물,남,49세,상해없음,화물,남,62세,경상
2019032500100411,2019년 3월 25일 17시,월요일,충청북도 청주시 흥덕구 운천동,경상사고,0,0,1,0,차대차 - 기타,안전운전불이행,건조,맑음,교차로 - 교차로안,승용,남,55세,상해없음,승용,여,22세,경상
2019032500100453,2019년 3월 25일 18시,월요일,충청북도 음성군 감곡면,중상사고,0,2,0,0,차대차 - 측면충돌,교차로운행방법위반,건조,맑음,교차로 - 교차로안,승용,남,20세,상해없음,승용,여,29세,중상
2019032500100524,2019년 3월 25일 20시,월요일,충청북도 보은군 보은읍,경상사고,0,0,2,0,차대차 - 측면충돌,교차로운행방법위반,건조,맑음,교차로 - 교차로안,화물,남,64세,상해없음,승용,남,18세,경상
2019032500100561,2019년 3월 25일 21시,월요일,충청북도 음성군 금왕읍,경상사고,0,0,1,0,차대차 - 기타,안전거리미확보,건조,맑음,교차로 - 교차로부근,승용,여,45세,상해없음,승용,남,47세,상해없음
2019032500100562,2019년 3월 25일 21시,월요일,충청북도 청주시 상당구 용암동,경상사고,0,0,4,0,차대차 - 기타,안전운전불이행,건조,맑음,단일로 - 기타,승용,여,54세,경상,이륜,남,21세,경상
2019032500100589,2019년 3월 25일 22시,월요일,충청북도 충주시 봉방동,경상사고,0,0,1,0,차대사람 - 기타,안전운전불이행,건조,맑음,단일로 - 기타,승용,남,47세,상해없음,보행자,남,38세,경상
2019032500100607,2019년 3월 25일 23시,월요일,충청북도 청주시 흥덕구 가경동,경상사고,0,0,2,0,차대차 - 측면충돌,안전운전불이행,건조,맑음,교차로 - 교차로안,승용,남,59세,상해없음,승용,남,24세,경상
2019032500100608,2019년 3월 25일 23시,월요일,충청북도 청주시 흥덕구 봉명동,경상사고,0,0,1,0,차대차 - 측면충돌,안전운전불이행,건조,맑음,주차장 - 주차장,승용,남,25세,상해없음,승용,남,19세,경상
2019032600100024,2019년 3월 26일 00시,화요일,충청북도 영동군 영동읍,중상사고,0,2,0,0,차대차 - 측면충돌,신호위반,건조,맑음,교차로 - 교차로안,승용,여,59세,상해없음,승용,남,50세,중상
2019032600100037,2019년 3월 26일 01시,화요일,충청북도 진천군 진천읍,중상사고,0,1,0,0,차대차 - 기타,안전거리미확보,건조,맑음,교차로 - 교차로부근,승용,남,28세,상해없음,승용,남,28세,중상
2019032600100046,2019년 3월 26일 02시,화요일,충청북도 청주시 서원구 사창동,중상사고,0,1,0,0,차대사람 - 기타,안전운전불이행,건조,맑음,교차로 - 교차로부근,승용,남,19세,상해없음,보행자,남,24세,중상
2019032600100061,2019년 3월 26일 04시,화요일,충청북도 충주시 칠금동,경상사고,0,0,1,0,차량단독 - 공작물충돌,안전운전불이행,건조,맑음,기타 - 기타,승용,남,46세,경상,,,,
2019032600100105,2019년 3월 26일 07시,화요일,충청북도 청주시 흥덕구 봉명동,경상사고,0,0,1,0,차대차 - 측면충돌,안전운전불이행,건조,맑음,단일로 - 기타,승용,남,65세,상해없음,승용,여,30세,경상
2019032600100133,2019년 3월 26일 08시,화요일,충청북도 청주시 흥덕구 복대동,경상사고,0,0,2,0,차대차 - 측면충돌,교차로운행방법위반,건조,맑음,교차로 - 교차로안,자전거,남,15세,경상,자전거,남,35세,경상
2019032600100134,2019년 3월 26일 08시,화요일,충청북도 청주시 상당구 용암동,경상사고,0,0,1,0,차대차 - 기타,안전운전불이행,건조,맑음,단일로 - 지하차도(도로)내,승용,남,83세,상해없음,승용,남,22세,경상
2019032600100135,2019년 3월 26일 08시,화요일,충청북도 청주시 상당구 영운동,중상사고,0,1,0,0,차대차 - 정면충돌,교차로운행방법위반,건조,맑음,교차로 - 교차로안,화물,남,56세,상해없음,개인형이동수단(PM),남,19세,중상
2019032600100168,2019년 3월 26일 09시,화요일,충청북도 괴산군 괴산읍,중상사고,0,2,1,0,차대차 - 측면충돌,직진우회전진행방해,건조,맑음,교차로 - 교차로안,화물,남,68세,중상,화물,여,57세,경상
2019032600100169,2019년 3월 26일 09시,화요일,충청북도 청주시 흥덕구 지동동,중상사고,0,1,1,1,차대차 - 추돌,안전거리미확보,건조,맑음,교차로 - 교차로부근,화물,남,66세,부상신고,승용,여,24세,경상
2019032600100171,2019년 3월 26일 09시,화요일,충청북도 옥천군 동이면,중상사고,0,1,1,0,차대차 - 기타,안전운전불이행,건조,맑음,단일로 - 기타,승용,남,41세,경상,화물,남,37세,중상
2019032600100228,2019년 3월 26일 11시,화요일,충청북도 충주시 살미면,중상사고,0,1,1,0,차대차 - 측면충돌,신호위반,건조,맑음,교차로 - 교차로안,특수,남,40세,상해없음,승용,남,72세,경상
2019032600100229,2019년 3월 26일 11시,화요일,충청북도 음성군 금왕읍,중상사고,0,1,0,0,차대차 - 측면충돌,교차로운행방법위반,건조,맑음,교차로 - 교차로안,승용,여,70세,상해없음,이륜,남,79세,중상
2019032600100263,2019년 3월 26일 12시,화요일,충청북도 청주시 서원구 사창동,경상사고,0,0,1,0,차대차 - 기타,안전운전불이행,건조,맑음,교차로 - 교차로안,승용,남,29세,상해없음,승용,남,72세,경상
2019032600100287,2019년 3월 26일 13시,화요일,충청북도 청주시 흥덕구 복대동,경상사고,0,0,1,0,차대차 - 추돌,교차로운행방법위반,건조,맑음,교차로 - 교차로부근,승용,여,53세,상해없음,이륜,남,32세,경상
2019032600100323,2019년 3월 26일 14시,화요일,충청북도 진천군 문백면,부상신고사고,0,0,0,1,차량단독 - 전도전복 - 전복,안전운전불이행,건조,맑음,단일로 - 기타,승용,여,46세,부상신고,,,,
2019032600100392,2019년 3월 26일 16시,화요일,충청북도 음성군 원남면,경상사고,0,0,1,0,차대차 - 측면충돌,안전거리미확보,건조,맑음,단일로 - 기타,특수,남,44세,경상,승합,여,62세,상해없음
2019032600100393,2019년 3월 26일 16시,화요일,충청북도 진천군 문백면,경상사고,0,0,1,0,차대차 - 측면충돌,차로위반,건조,맑음,교차로 - 교차로부근,승용,남,53세,상해없음,화물,남,44세,경상
2019032600100476,2019년 3월 26일 18시,화요일,충청북도 영동군 상촌면,중상사고,0,1,0,0,차량단독 - 공작물충돌,안전운전불이행,건조,맑음,단일로 - 기타,화물,남,74세,중상,,,,
2019032600100513,2019년 3월 26일 19시,화요일,충청북도 충주시 교현동,경상사고,0,0,2,0,차대차 - 기타,불법유턴,건조,맑음,기타 - 기타,승합,남,48세,경상,승용,남,27세,경상
2019032600100514,2019년 3월 26일 19시,화요일,충청북도 청주시 상당구 남주동,경상사고,0,0,1,0,차대차 - 기타,신호위반,건조,맑음,교차로 - 교차로안,승용,여,26세,상해없음,승용,남,36세,상해없음
2019032600100550,2019년 3월 26일 20시,화요일,충청북도 충주시 교현동,경상사고,0,0,1,0,차대차 - 기타,안전거리미확보,건조,맑음,단일로 - 기타,승용,여,23세,상해없음,이륜,남,19세,상해없음
2019032600100551,2019년 3월 26일 20시,화요일,충청북도 청주시 상당구 금천동,중상사고,0,1,0,0,차대사람 - 기타,안전운전불이행,건조,맑음,교차로 - 교차로안,승용,여,20세,상해없음,보행자,남,54세,중상
2019032600100552,2019년 3월 26일 20시,화요일,충청북도 청주시 서원구 수곡동,경상사고,0,0,1,0,차대차 - 측면충돌,안전운전불이행,건조,맑음,단일로 - 기타,승용,남,50세,상해없음,이륜,남,22세,경상
2019032700100023,2019년 3월 27일 00시,수요일,충청북도 청주시 흥덕구 송절동,경상사고,0,0,2,1,차대차 - 측면충돌,과속,건조,맑음,교차로 - 교차로부근,승용,남,70세,부상신고,건설기계,남,66세,경상
2019032700100047,2019년 3월 27일 02시,수요일,충청북도 청주시 청원구 율량동,중상사고,0,1,0,0,차량단독 - 기타,안전운전불이행,건조,맑음,교차로 - 교차로부근,승용,남,19세,상해없음,,,,
2019032700100048,2019년 3월 27일 02시,수요일,충청북도 충주시 교현동,경상사고,0,0,1,0,차대사람 - 기타,안전운전불이행,건조,맑음,단일로 - 기타,승용,남,51세,상해없음,보행자,남,32세,경상
2019032700100049,2019년 3월 27일 02시,수요일,충청북도 제천시 장락동,중상사고,0,1,0,0,차량단독 - 공작물충돌,안전운전불이행,건조,맑음,단일로 - 지하차도(도로)내,승용,남,22세,중상,,,,
2019032700100055,2019년 3월 27일 03시,수요일,충청북도 청주시 청원구 내덕동,사망사고,1,0,1,0,차대차 - 추돌,안전운전불이행,건조,맑음,교차로 - 교차로부근,승용,남,22세,사망,화물,남,36세,경상
2019032700100068,2019년 3월 27일 05시,수요일,충청북도 청주시 청원구 우암동,경상사고,0,0,3,0,차대차 - 측면충돌,신호위반,건조,맑음,교차로 - 교차로안,승용,남,21세,상해없음,승합,남,56세,경상
2019032700100069,2019년 3월 27일 05시,수요일,충청북도 음성군 대소면,중상사고,0,2,0,0,차대차 - 추돌,안전운전불이행,건조,맑음,교차로 - 교차로안,화물,남,41세,중상,건설기계,남,46세,중상
2019032700100140,2019년 3월 27일 08시,수요일,충청북도 청주시 서원구 분평동,경상사고,0,0,1,0,차대차 - 측면충돌,신호위반,건조,맑음,교차로 - 교차로안,승용,남,33세,상해없음,화물,남,45세,경상
2019032700100171,2019년 3월 27일 09시,수요일,충청북도 제천시 신백동,중상사고,0,1,0,0,차대차 - 측면충돌,안전운전불이행,건조,맑음,교차로 - 교차로안,승용,여,60세,상해없음,자전거,남,84세,중상
2019032700100172,2019년 3월 27일 09시,수요일,충청북도 진천군 진천읍,경상사고,0,0,1,0,차대차 - 기타,안전운전불이행,건조,맑음,단일로 - 기타,승용,여,38세,상해없음,화물,남,63세,경상
2019032700100254,2019년 3월 27일 12시,수요일,충청북도 청주시 서원구 성화동,경상사고,0,0,2,0,차대차 - 기타,안전운전불이행,건조,맑음,교차로 - 교차로안,승용,남,73세,상해없음,승용,여,52세,경상
2019032700100278,2019년 3월 27일 13시,수요일,충청북도 괴산군 괴산읍,중상사고,0,1,0,0,차대차 - 측면충돌,안전운전불이행,건조,맑음,교차로 - 교차로안,이륜,남,88세,중상,화물,남,32세,상해없음
2019032700100303,2019년 3월 27일 14시,수요일,충청북도 증평군 증평읍,중상사고,0,1,0,0,차대사람 - 보도통행중,신호위반,건조,맑음,교차로 - 교차로안,승용,남,31세,상해없음,보행자,여,87세,중상
2019032700100330,2019년 3월 27일 15시,수요일,충청북도 충주시 금릉동,중상사고,0,1,0,0,차대차 - 기타,기타,건조,맑음,교차로 - 교차로안,승용,여,71세,상해없음,승합,남,51세,중상
2019032700100331,2019년 3월 27일 15시,수요일,충청북도 옥천군 옥천읍,경상사고,0,0,1,0,차대차 - 측면충돌,안전운전불이행,건조,맑음,단일로 - 기타,승용,남,73세,상해없음,화물,남,47세,경상
2019032700100332,2019년 3월 27일 15시,수요일,충청북도 단양군 대강면,중상사고,0,1,0,0,차대차 - 기타,직진우회전진행방해,건조,맑음,교차로 - 교차로안,승용,남,77세,상해없음,화물,남,62세,상해없음
2019032700100333,2019년 3월 27일 15시,수요일,충청북도 청주시 흥덕구 복대동,경상사고,0,0,1,0,차대사람 - 횡단중,안전운전불이행,건조,맑음,단일로 - 기타,승용,남,47세,상해없음,보행자,여,69세,경상
2019032700100362,2019년 3월 27일 16시,수요일,충청북도 청주시 서원구 사직동,경상사고,0,0,2,0,차대차 - 기타,안전운전불이행,건조,맑음,단일로 - 기타,승용,남,29세,상해없음,승용,남,83세,경상
2019032700100363,2019년 3월 27일 16시,수요일,충청북도 음성군 삼성면,경상사고,0,0,1,0,차대차 - 기타,안전거리미확보,건조,맑음,단일로 - 기타,승용,남,61세,상해없음,승용,남,61세,상해없음
2019032700100393,2019년 3월 27일 17시,수요일,충청북도 청주시 서원구 모충동,경상사고,0,0,1,0,차대차 - 추돌,안전운전불이행,건조,맑음,교차로 - 교차로부근,승용,남,27세,상해없음,승용,여,49세,경상
2019032700100432,2019년 3월 27일 18시,수요일,충청북도 청주시 청원구 율량동,중상사고,0,1,1,0,차대차 - 기타,신호위반,건조,맑음,교차로 - 교차로부근,화물,남,66세,상해없음,승용,남,64세,경상
2019032700100433,2019년 3월 27일 18시,수요일,충청북도 청주시 청원구 오창읍,중상사고,0,1,0,0,차대차 - 기타,안전운전불이행,건조,맑음,교차로 - 교차로부근,화물,남,61세,상해없음,자전거,남,63세,중상
2019032700100434,2019년 3월 27일 18시,수요일,충청북도 단양군 매포읍,부상신고사고,0,0,0,1,차량단독 - 전도전복 - 전도,기타,건조,맑음,단일로 - 기타,이륜,남,66세,부상신고,,,,
2019032700100435,2019년 3월 27일 18시,수요일,충청북도 청주시 흥덕구 외북동,경상사고,0,0,1,0,차대차 - 측면충돌,안전운전불이행,건조,맑음,교차로 - 교차로부근,승용,여,29세,상해없음,화물,남,63세,경상
2019032700100498,2019년 3월 27일 20시,수요일,충청북도 청주시 서원구 산남동,경상사고,0,0,1,0,차대차 - 측면충돌,안전운전불이행,건조,맑음,단일로 - 지하차도(도로)내,승용,남,54세,상해없음,승용,여,24세,경상
2019032700100579,2019년 3월 27일 23시,수요일,충청북도 음성군 금왕읍,중상사고,0,1,0,0,차대사람 - 차도통행중,안전운전불이행,건조,맑음,교차로 - 교차로부근,승용,남,35세,상해없음,보행자,남,42세,중상
2019032700100580,2019년 3월 27일 23시,수요일,충청북도 단양군 매포읍,경상사고,0,0,2,0,차량단독 - 공작물충돌,안전운전불이행,건조,맑음,단일로 - 기타,승용,남,34세,경상,,,,
2019032800100037,2019년 3월 28일 01시,목요일,충청북도 청주시 흥덕구 봉명동,경상사고,0,0,5,0,차대차 - 측면충돌,신호위반,건조,맑음,교차로 - 교차로안,승용,여,25세,경상,승용,남,49세,상해없음
2019032800100060,2019년 3월 28일 04시,목요일,충청북도 청주시 청원구 오창읍,경상사고,0,0,1,0,차대차 - 측면충돌,안전운전불이행,건조,맑음,단일로 - 기타,승용,남,48세,경상,이륜,기타불명,미분류,기타불명
2019032800100092,2019년 3월 28일 07시,목요일,충청북도 제천시 신백동,중상사고,0,1,2,0,차대차 - 정면충돌,기타,건조,맑음,교차로 - 교차로안,승용,남,50세,중상,승용,남,44세,경상
2019032800100093,2019년 3월 28일 07시,목요일,충청북도 진천군 덕산면,중상사고,0,1,0,0,차량단독 - 공작물충돌,안전운전불이행,건조,맑음,단일로 - 기타,승용,남,44세,중상,,,,
2019032800100094,2019년 3월 28일 07시,목요일,충청북도 청주시 흥덕구 비하동,경상사고,0,0,1,0,차대차 - 기타,안전운전불이행,건조,맑음,교차로 - 교차로부근,승용,남,26세,상해없음,승용,여,41세,경상
2019032800100128,2019년 3월 28일 08시,목요일,충청북도 청주시 서원구 사직동,경상사고,0,0,1,0,차대차 - 측면충돌,교차로운행방법위반,건조,맑음,교차로 - 교차로안,승용,여,36세,상해없음,승합,남,22세,경상