사고번호,사고일시,요일,시군구,사고내용,사망자수,중상자수,경상자수,부상신고자수,사고유형,법규위반,노면상태,기상상태,도로형태,가해운전자 차종,가해운전자 성별,가해운전자 연령,가해운전자 상해정도,피해운전자 차종,피해운전자 성별,피해운전자 연령,피해운전자 상해정도
2019040600100423,2019년 4월 6일 16시,토요일,충청북도 청주시 청원구 율량동,경상사고,0,0,2,0,차대차 - 기타,안전운전불이행,건조,맑음,교차로 - 교차로안,승용,남,58세,기타불명,승용,여,24세,경상
2019040600100424,2019년 4월 6일 16시,토요일,충청북도 청주시 흥덕구 복대동,경상사고,0,0,1,0,차대차 - 측면충돌,안전운전불이행,건조,맑음,교차로 - 교차로부근,승용,남,28세,상해없음,자전거,남,24세,경상
2019040600100459,2019년 4월 6일 17시,토요일,충청북도 청주시 청원구 오창읍,경상사고,0,0,1,0,차대차 - 기타,안전운전불이행,건조,맑음,교차로 - 교차로안,승용,남,54세,상해없음,승용,남,54세,경상
2019040600100460,2019년 4월 6일 17시,토요일,충청북도 청주시 상당구 용암동,중상사고,0,1,0,0,차대차 - 측면충돌,중앙선침범,건조,맑음,단일로 - 지하차도(도로)내,승용,여,39세,상해없음,이륜,남,39세,중상
2019040600100494,2019년 4월 6일 18시,토요일,충청북도 괴산군 연풍면,경상사고,0,0,1,0,차대사람 - 기타,기타,건조,맑음,기타 - 기타,승용,남,73세,상해없음,보행자,여,69세,경상
2019040600100622,2019년 4월 6일 22시,토요일,충청북도 제천시 화산동,부상신고사고,0,0,0,1,차량단독 - 도로외이탈 - 추락,안전운전불이행,건조,흐림,단일로 - 기타,화물,남,44세,부상신고,,,,
2019040600100623,2019년 4월 6일 22시,토요일,충청북도 단양군 단성면,경상사고,0,0,1,0,차대차 - 기타,안전운전불이행,건조,맑음,교차로 - 교차로부근,화물,남,58세,상해없음,승용,여,55세,경상
2019040700100092,2019년 4월 7일 05시,일요일,충청북도 청주시 흥덕구 옥산면,사망사고,1,0,0,0,차대사람 - 횡단중,안전운전불이행,건조,맑음,단일로 - 지하차도(도로)내,승용,여,27세,상해없음,보행자,남,76세,사망
2019040700100110,2019년 4월 7일 07시,일요일,충청북도 증평군 도안면,중상사고,0,1,1,0,차대차 - 측면충돌,직진우회전진행방해,건조,맑음,교차로 - 교차로안,승용,남,58세,경상,승용,남,33세,중상
2019040700100128,2019년 4월 7일 09시,일요일,충청북도 음성군 맹동면,경상사고,0,0,1,0,차대차 - 측면충돌,안전운전불이행,건조,맑음,단일로 - 기타,승용,여,63세,상해없음,승용,여,26세,경상
2019040700100152,2019년 4월 7일 10시,일요일,충청북도 청주시 서원구 사창동,경상사고,0,0,4,0,차대차 - 추돌,안전운전불이행,건조,맑음,교차로 - 교차로안,승용,여,59세,상해없음,승용,남,48세,경상
2019040700100153,2019년 4월 7일 10시,일요일,충청북도 청주시 청원구 오창읍,경상사고,0,0,2,0,차대차 - 기타,교차로운행방법위반,건조,맑음,교차로 - 교차로안,승용,남,76세,상해없음,승용,여,32세,경상
2019040700100234,2019년 4월 7일 13시,일요일,충청북도 음성군 대소면,중상사고,0,1,2,0,차대차 - 측면충돌,중앙선침범,건조,맑음,교차로 - 교차로안,승용,남,64세,경상,승용,여,33세,중상
2019040700100266,2019년 4월 7일 14시,일요일,충청북도 청주시 상당구 영동,경상사고,0,0,1,0,차대사람 - 차도통행중,안전운전불이행,건조,맑음,단일로 - 기타,화물,남,79세,상해없음,보행자,여,13세,경상
2019040700100267,2019년 4월 7일 14시,일요일,충청북도 충주시 칠금동,경상사고,0,0,3,0,차대차 - 기타,안전운전불이행,건조,맑음,단일로 - 기타,승용,여,63세,상해없음,승합,남,48세,경상
2019040700100268,2019년 4월 7일 14시,일요일,충청북도 청주시 상당구 미원면,경상사고,0,0,1,0,차대사람 - 기타,안전운전불이행,건조,맑음,교차로 - 교차로안,승용,남,47세,상해없음,보행자,남,68세,경상
2019040700100300,2019년 4월 7일 15시,일요일,충청북도 음성군 음성읍,경상사고,0,0,1,0,차대차 - 후진중충돌,안전운전불이행,건조,맑음,교차로 - 교차로안,승용,남,72세,상해없음,승용,남,25세,경상
2019040700100342,2019년 4월 7일 16시,일요일,충청북도 충주시 교현동,중상사고,0,1,0,0,차대차 - 측면충돌,안전운전불이행,건조,맑음,기타 - 기타,승합,남,72세,상해없음,원동기,남,64세,중상
2019040700100380,2019년 4월 7일 17시,일요일,충청북도 충주시 신니면,경상사고,0,0,2,0,차대차 - 측면충돌,안전거리미확보,건조,맑음,교차로 - 교차로안,화물,남,47세,상해없음,승용,남,25세,상해없음
2019040700100381,2019년 4월 7일 17시,일요일,충청북도 옥천군 옥천읍,경상사고,0,0,1,0,차대차 - 측면충돌,교차로운행방법위반,건조,맑음,교차로 - 교차로안,이륜,남,77세,경상,승용,여,56세,상해없음
2019040700100397,2019년 4월 7일 18시,일요일,충청북도 청주시 상당구 영운동,중상사고,0,2,1,1,차대차 - 측면충돌,교차로운행방법위반,건조,맑음,교차로 - 교차로안,승용,여,38세,경상,승용,남,52세,중상
2019040700100427,2019년 4월 7일 19시,일요일,충청북도 청주시 흥덕구 복대동,경상사고,0,0,2,0,차대차 - 기타,차로위반,건조,맑음,단일로 - 기타,승용,남,32세,상해없음,승용,남,25세,경상
2019040700100457,2019년 4월 7일 20시,일요일,충청북도 제천시 금성면,경상사고,0,0,1,0,차대사람 - 횡단중,안전운전불이행,건조,맑음,단일로 - 지하차도(도로)내,승용,여,59세,상해없음,보행자,남,61세,경상
2019040800100030,2019년 4월 8일 00시,월요일,충청북도 진천군 덕산면,경상사고,0,0,1,0,차량단독 - 공작물충돌,안전운전불이행,건조,맑음,단일로 - 기타,승용,여,48세,경상,,,,
2019040800100064,2019년 4월 8일 05시,월요일,충청북도 청주시 상당구 용암동,부상신고사고,0,0,0,1,차대차 - 추돌,안전운전불이행,건조,맑음,단일로 - 지하차도(도로)내,이륜,남,23세,부상신고,승용,남,45세,상해없음
2019040800100101,2019년 4월 8일 07시,월요일,충청북도 제천시 두학동,경상사고,0,0,1,0,차량단독 - 공작물충돌,안전운전불이행,건조,맑음,단일로 - 기타,승용,여,29세,경상,,,,
2019040800100102,2019년 4월 8일 07시,월요일,충청북도 음성군 삼성면,경상사고,0,0,1,0,차대차 - 측면충돌,안전운전불이행,건조,맑음,교차로 - 교차로안,이륜,남,33세,경상,승용,남,31세,상해없음
2019040800100142,2019년 4월 8일 08시,월요일,충청북도 단양군 매포읍,경상사고,0,0,1,0,차대차 - 추돌,안전운전불이행,건조,맑음,단일로 - 기타,화물,남,56세,상해없음,승용,여,31세,경상
2019040800100143,2019년 4월 8일 08시,월요일,충청북도 청주시 흥덕구 복대동,경상사고,0,0,1,0,차대차 - 기타,안전운전불이행,건조,맑음,단일로 - 기타,화물,남,35세,상해없음,자전거,남,22세,경상
2019040800100191,2019년 4월 8일 09시,월요일,충청북도 제천시 수산면,중상사고,0,1,1,0,차대차 - 추돌,안전거리미확보,건조,맑음,단일로 - 지하차도(도로)내,승용,남,32세,상해없음,농기계,남,79세,중상
2019040800100227,2019년 4월 8일 10시,월요일,충청북도 청주시 청원구 우암동,경상사고,0,0,1,0,차대차 - 기타,차로위반,건조,맑음,교차로 - 교차로부근,승용,남,72세,상해없음,이륜,남,67세,경상
2019040800100228,2019년 4월 8일 10시,월요일,충청북도 진천군 덕산면,경상사고,0,0,2,0,차대차 - 정면충돌,안전운전불이행,건조,맑음,교차로 - 교차로안,승용,남,57세,경상,화물,남,62세,경상
2019040800100229,2019년 4월 8일 10시,월요일,충청북도 청주시 흥덕구 강내면,경상사고,0,0,1,0,차대차 - 측면충돌,안전운전불이행,건조,맑음,단일로 - 기타,화물,남,37세,상해없음,화물,남,59세,경상
2019040800100258,2019년 4월 8일 11시,월요일,충청북도 음성군 대소면,중상사고,0,1,1,0,차대차 - 측면충돌,교차로운행방법위반,건조,맑음,교차로 - 교차로안,승용,남,42세,상해없음,승합,남,43세,경상
2019040800100290,2019년 4월 8일 12시,월요일,충청북도 진천군 진천읍,경상사고,0,0,1,0,차대차 - 측면충돌,직진우회전진행방해,건조,맑음,교차로 - 교차로안,승용,남,63세,상해없음,이륜,남,21세,경상
2019040800100350,2019년 4월 8일 14시,월요일,충청북도 진천군 진천읍,경상사고,0,0,1,0,차대차 - 추돌,안전운전불이행,건조,맑음,주차장 - 주차장,승용,남,53세,상해없음,승용,남,53세,경상
2019040800100351,2019년 4월 8일 14시,월요일,충청북도 청주시 흥덕구 오송읍,경상사고,0,0,2,0,차대차 - 기타,안전운전불이행,건조,맑음,교차로 - 교차로횡단보도내,화물,여,45세,상해없음,자전거,남,9세,경상
2019040800100352,2019년 4월 8일 14시,월요일,충청북도 청주시 흥덕구 봉명동,경상사고,0,0,1,0,차대차 - 추돌,불법유턴,건조,맑음,교차로 - 교차로안,승용,남,54세,상해없음,이륜,남,19세,경상
2019040800100387,2019년 4월 8일 15시,월요일,충청북도 청주시 서원구 사창동,경상사고,0,0,1,0,차대사람 - 기타,보행자보호의무위반,건조,맑음,단일로 - 기타,승용,남,54세,상해없음,보행자,여,21세,경상
2019040800100455,2019년 4월 8일 17시,월요일,충청북도 청주시 서원구 사창동,경상사고,0,0,1,0,차대차 - 측면충돌,교차로운행방법위반,건조,맑음,교차로 - 교차로안,이륜,남,26세,경상,승용,여,56세,상해없음
2019040800100456,2019년 4월 8일 17시,월요일,충청북도 제천시 의림동,경상사고,0,0,1,0,차대사람 - 횡단중,기타,건조,맑음,단일로 - 지하차도(도로)내,승용,남,25세,상해없음,보행자,남,9세,경상
2019040800100457,2019년 4월 8일 17시,월요일,충청북도 제천시 화산동,경상사고,0,0,1,0,차대사람 - 횡단중,안전운전불이행,건조,맑음,단일로 - 지하차도(도로)내,승용,남,57세,상해없음,보행자,여,3세,경상
2019040800100458,2019년 4월 8일 17시,월요일,충청북도 음성군 소이면,중상사고,0,1,0,0,차량단독 - 도로외이탈 - 추락,안전운전불이행,건조,맑음,교차로 - 교차로부근,농기계,남,39세,중상,,,,
2019040800100502,2019년 4월 8일 18시,월요일,충청북도 제천시 장락동,경상사고,0,0,1,0,차대차 - 측면충돌,신호위반,건조,맑음,교차로 - 교차로안,화물,남,54세,상해없음,승용,여,53세,경상
2019040800100503,2019년 4월 8일 18시,월요일,충청북도 음성군 금왕읍,경상사고,0,0,2,0,차량단독 - 공작물충돌,안전운전불이행,건조,맑음,교차로 - 교차로부근,승용,남,33세,경상,,,,
2019040800100546,2019년 4월 8일 19시,월요일,충청북도 청주시 상당구 용담동,경상사고,0,0,3,0,차대차 - 측면충돌,신호위반,건조,맑음,교차로 - 교차로안,승용,남,37세,상해없음,승용,여,39세,경상
2019040800100580,2019년 4월 8일 20시,월요일,충청북도 진천군 진천읍,중상사고,0,1,0,0,차대사람 - 기타,보행자보호의무위반,건조,맑음,단일로 - 기타,승합,여,51세,상해없음,보행자,남,51세,중상
2019040800100625,2019년 4월 8일 22시,월요일,충청북도 제천시 청전동,경상사고,0,0,1,0,차대차 - 측면충돌,안전운전불이행,건조,맑음,교차로 - 교차로부근,승용,남,68세,경상,승용,남,56세,상해없음
2019040900100061,2019년 4월 9일 03시,화요일,충청북도 충주시 신니면,경상사고,0,0,1,0,차량단독 - 기타,안전운전불이행,건조,맑음,단일로 - 기타,승용,남,57세,경상,,,,
2019040900100083,2019년 4월 9일 06시,화요일,충청북도 청주시 흥덕구 송정동,경상사고,0,0,1,0,차대차 - 후진중충돌,안전운전불이행,건조,맑음,단일로 - 기타,특수,남,39세,상해없음,화물,남,57세,경상
2019040900100084,2019년 4월 9일 06시,화요일,충청북도 청주시 흥덕구 지동동,경상사고,0,0,1,0,차대차 - 기타,안전거리미확보,건조,맑음,단일로 - 기타,승용,남,28세,상해없음,승용,남,53세,경상
2019040900100126,2019년 4월 9일 08시,화요일,충청북도 제천시 장락동,중상사고,0,1,0,0,차대차 - 기타,신호위반,건조,맑음,교차로 - 교차로안,승용,남,33세,상해없음,승용,남,68세,상해없음
2019040900100162,2019년 4월 9일 09시,화요일,충청북도 청주시 흥덕구 문암동,중상사고,0,1,0,0,차대차 - 정면충돌,안전운전불이행,건조,맑음,교차로 - 교차로안,승용,여,35세,상해없음,승용,여,53세,중상
2019040900100243,2019년 4월 9일 12시,화요일,충청북도 청주시 상당구 용담동,경상사고,0,0,1,0,차대차 - 추돌,안전운전불이행,건조,맑음,교차로 - 교차로안,승용,남,57세,상해없음,승용,여,40세,경상
2019040900100268,2019년 4월 9일 13시,화요일,충청북도 충주시 안림동,중상사고,0,1,0,0,차대차 - 정면충돌,안전운전불이행,건조,맑음,단일로 - 기타,화물,남,50세,상해없음,자전거,여,51세,중상
2019040900100269,2019년 4월 9일 13시,화요일,충청북도 제천시 영천동,경상사고,0,0,1,0,차대차 - 기타,안전운전불이행,건조,맑음,기타 - 기타,승합,남,46세,상해없음,승용,남,32세,상해없음
2019040900100329,2019년 4월 9일 15시,화요일,충청북도 보은군 회인면,부상신고사고,0,0,0,1,차량단독 - 전도전복 - 전도,안전운전불이행,젖음/습기,흐림,단일로 - 지하차도(도로)내,사륜오토바이(ATV),남,79세,부상신고,,,,
2019040900100330,2019년 4월 9일 15시,화요일,충청북도 단양군 매포읍,경상사고,0,0,2,0,차대차 - 측면충돌,안전운전불이행,건조,맑음,교차로 - 교차로안,승용,여,58세,경상,승용,여,49세,경상
2019040900100357,2019년 4월 9일 16시,화요일,충청북도 제천시 장락동,경상사고,0,0,2,0,차대차 - 측면충돌,교차로운행방법위반,젖음/습기,비,교차로 - 교차로안,승용,여,49세,경상,승용,남,23세,경상
2019040900100392,2019년 4월 9일 17시,화요일,충청북도 청주시 상당구 미원면,중상사고,0,1,0,0,차대차 - 정면충돌,교차로운행방법위반,건조,맑음,교차로 - 교차로안,화물,남,65세,상해없음,승용,여,56세,중상
2019040900100496,2019년 4월 9일 19시,화요일,충청북도 청주시 서원구 사직동,중상사고,0,1,0,0,차대사람 - 기타,직진우회전진행방해,건조,맑음,교차로 - 교차로안,승용,여,48세,상해없음,보행자,남,73세,중상
2019040900100497,2019년 4월 9일 19시,화요일,충청북도 충주시 단월동,중상사고,0,1,0,0,차대차 - 측면충돌,신호위반,젖음/습기,비,교차로 - 교차로안,승용,남,28세,상해없음,자전거,남,19세,중상
2019040900100498,2019년 4월 9일 19시,화요일,충청북도 충주시 문화동,경상사고,0,0,1,0,차대사람 - 횡단중,안전운전불이행,젖음/습기,비,교차로 - 교차로안,이륜,남,22세,상해없음,보행자,남,58세,경상
2019040900100499,2019년 4월 9일 19시,화요일,충청북도 음성군 대소면,중상사고,0,1,0,0,차대사람 - 차도통행중,안전운전불이행,젖음/습기,비,교차로 - 교차로부근,승용,남,50세,상해없음,보행자,남,22세,중상
2019040900100500,2019년 4월 9일 19시,화요일,충청북도 청주시 흥덕구 복대동,경상사고,0,0,1,0,차대차 - 기타,차로위반,건조,맑음,단일로 - 기타,승용,남,31세,상해없음,이륜,남,43세,경상
2019040900100552,2019년 4월 9일 20시,화요일,충청북도 청주시 청원구 주중동,중상사고,0,1,0,0,차대사람 - 기타,안전운전불이행,젖음/습기,비,교차로 - 교차로안,승용,여,46세,상해없음,보행자,여,51세,중상
2019040900100553,2019년 4월 9일 20시,화요일,충청북도 제천시 동현동,경상사고,0,0,1,0,차대사람 - 횡단중,안전운전불이행,젖음/습기,비,교차로 - 교차로안,승용,여,50세,상해없음,보행자,여,44세,경상
2019040900100554,2019년 4월 9일 20시,화요일,충청북도 제천시 신월동,경상사고,0,0,1,0,차대사람 - 길가장자리구역통행중,안전운전불이행,젖음/습기,눈,단일로 - 지하차도(도로)내,승용,남,30세,상해없음,보행자,여,19세,경상
2019040900100555,2019년 4월 9일 20시,화요일,충청북도 충주시 산척면,경상사고,0,0,1,0,차대차 - 기타,안전운전불이행,서리/결빙,눈,단일로 - 교량,승용,남,43세,경상,승용,남,33세,상해없음
2019040900100556,2019년 4월 9일 20시,화요일,충청북도 충주시 산척면,경상사고,0,0,4,0,차대차 - 측면충돌,안전운전불이행,서리/결빙,눈,단일로 - 교량,승용,남,35세,상해없음,승용,남,57세,상해없음
2019040900100611,2019년 4월 9일 21시,화요일,충청북도 단양군 대강면,사망사고,1,2,2,0,차대차 - 추돌,안전운전불이행,젖음/습기,눈,단일로 - 기타,화물,남,46세,경상,승용,남,39세,사망
2019040900100612,2019년 4월 9일 21시,화요일,충청북도 청주시 청원구 오동동,중상사고,0,1,0,0,차대차 - 기타,신호위반,젖음/습기,비,교차로 - 교차로안,승용,남,30세,상해없음,승용,남,63세,중상
2019040900100613,2019년 4월 9일 21시,화요일,충청북도 진천군 진천읍,중상사고,0,1,0,0,차대사람 - 기타,안전운전불이행,건조,맑음,교차로 - 교차로안,승용,여,54세,상해없음,보행자,여,44세,중상
2019040900100675,2019년 4월 9일 22시,화요일,충청북도 충주시 지현동,중상사고,0,1,1,0,차대차 - 추돌,안전운전불이행,젖음/습기,비,단일로 - 기타,승용,남,39세,경상,화물,남,55세,기타불명
2019040900100731,2019년 4월 9일 23시,화요일,충청북도 청주시 서원구 사직동,중상사고,0,1,2,0,차대차 - 추돌,안전운전불이행,젖음/습기,비,교차로 - 교차로부근,승용,남,55세,상해없음,승용,남,26세,중상
2019040900100732,2019년 4월 9일 23시,화요일,충청북도 청주시 청원구 오창읍,중상사고,0,3,0,0,차대차 - 기타,신호위반,젖음/습기,비,교차로 - 교차로안,승용,남,23세,상해없음,승용,남,37세,중상
2019040900100733,2019년 4월 9일 23시,화요일,충청북도 제천시 송학면,경상사고,0,0,1,0,차대차 - 추돌,안전거리미확보,적설,눈,단일로 - 기타,승용,남,60세,상해없음,승용,남,58세,경상
2019041000100043,2019년 4월 10일 00시,수요일,충청북도 청주시 서원구 사직동,경상사고,0,0,2,0,차대차 - 추돌,안전운전불이행,건조,맑음,교차로 - 교차로부근,승용,남,55세,상해없음,화물,남,54세,경상
2019041000100092,2019년 4월 10일 05시,수요일,충청북도 증평군 증평읍,중상사고,0,1,0,0,차대차 - 측면충돌,안전운전불이행,건조,맑음,교차로 - 교차로부근,승용,남,25세,상해없음,화물,남,53세,중상
2019041000100212,2019년 4월 10일 10시,수요일,충청북도 제천시 남천동,경상사고,0,0,1,0,차대차 - 추돌,안전거리미확보,건조,맑음,교차로 - 교차로부근,승용,남,63세,상해없음,이륜,남,66세,경상
2019041000100213,2019년 4월 10일 10시,수요일,충청북도 청주시 흥덕구 복대동,경상사고,0,0,2,0,차대차 - 측면충돌,교차로운행방법위반,건조,맑음,교차로 - 교차로안,승용,여,36세,경상,승용,남,65세,경상
2019041000100283,2019년 4월 10일 12시,수요일,충청북도 제천시 서부동,경상사고,0,0,1,0,차대차 - 측면충돌,기타,건조,맑음,교차로 - 교차로안,이륜,남,23세,경상,화물,남,64세,상해없음
2019041000100284,2019년 4월 10일 12시,수요일,충청북도 청주시 상당구 북문로1가동,중상사고,0,1,0,0,차대사람 - 횡단중,보행자보호의무위반,건조,맑음,교차로 - 교차로횡단보도내,승용,남,57세,상해없음,보행자,남,84세,중상
2019041000100310,2019년 4월 10일 13시,수요일,충청북도 음성군 삼성면,경상사고,0,0,1,0,차대차 - 측면충돌,안전운전불이행,건조,흐림,교차로 - 교차로안,승용,남,65세,상해없음,화물,남,58세,경상
2019041000100366,2019년 4월 10일 15시,수요일,충청북도 청주시 청원구 오창읍,경상사고,0,0,1,0,차대차 - 측면충돌,안전운전불이행,건조,맑음,교차로 - 교차로안,화물,남,58세,상해없음,승용,남,32세,경상
2019041000100367,2019년 4월 10일 15시,수요일,충청북도 청주시 청원구 사천동,경상사고,0,0,1,0,차대차 - 후진중충돌,불법유턴,건조,맑음,단일로 - 기타,승용,여,46세,상해없음,승용,여,39세,경상
2019041000100396,2019년 4월 10일 16시,수요일,충청북도 제천시 청전동,경상사고,0,0,1,0,차대차 - 정면충돌,신호위반,건조,맑음,교차로 - 교차로안,승용,남,74세,상해없음,승용,남,45세,경상
2019041000100479,2019년 4월 10일 18시,수요일,충청북도 제천시 중앙로1가,경상사고,0,0,1,0,차대사람 - 횡단중,안전운전불이행,건조,맑음,교차로 - 교차로횡단보도내,승용,남,27세,상해없음,보행자,여,15세,경상
2019041000100480,2019년 4월 10일 18시,수요일,충청북도 청주시 서원구 산남동,경상사고,0,0,1,0,차대차 - 측면충돌,안전운전불이행,건조,맑음,교차로 - 교차로부근,승합,남,58세,상해없음,승용,남,22세,상해없음
2019041000100553,2019년 4월 10일 20시,수요일,충청북도 청주시 청원구 주중동,중상사고,0,1,1,0,차대차 - 기타,직진우회전진행방해,건조,맑음,교차로 - 교차로안,자전거,여,49세,중상,승용,여,28세,경상
2019041000100554,2019년 4월 10일 20시,수요일,충청북도 제천시 모산동,중상사고,0,1,0,0,차대차 - 추돌,안전운전불이행,건조,맑음,단일로 - 지하차도(도로)내,승용,남,28세,상해없음,이륜,남,21세,중상
2019041000100555,2019년 4월 10일 20시,수요일,충청북도 청주시 흥덕구 비하동,경상사고,0,0,4,0,차대차 - 기타,교차로운행방법위반,건조,맑음,교차로 - 교차로안,승합,남,46세,상해없음,승용,남,26세,경상
2019041000100556,2019년 4월 10일 20시,수요일,충청북도 괴산군 장연면,중상사고,0,1,0,0,차대차 - 추돌,안전거리미확보,건조,맑음,단일로 - 교량,화물,남,22세,중상,특수,남,56세,상해없음
2019041000100612,2019년 4월 10일 22시,수요일,충청북도 청주시 청원구 주중동,경상사고,0,0,1,0,차량단독 - 기타,안전운전불이행,건조,맑음,단일로 - 기타,이륜,남,21세,경상,,,,
2019041000100613,2019년 4월 10일 22시,수요일,충청북도 청주시 청원구 오창읍,경상사고,0,0,3,0,차대차 - 추돌,안전운전불이행,건조,맑음,교차로 - 교차로횡단보도내,승용,남,49세,상해없음,승용,남,28세,경상
2019041000100642,2019년 4월 10일 23시,수요일,충청북도 청주시 서원구 모충동,경상사고,0,0,2,0,차대차 - 측면충돌,안전운전불이행,건조,맑음,단일로 - 지하차도(도로)내,화물,남,47세,상해없음,승용,여,27세,경상
2019041100100047,2019년 4월 11일 02시,목요일,충청북도 청주시 서원구 개신동,중상사고,0,1,0,0,차량단독 - 기타,안전운전불이행,건조,맑음,교차로 - 교차로부근,원동기,남,57세,중상,,,,
2019041100100109,2019년 4월 11일 07시,목요일,충청북도 청주시 흥덕구 오송읍,경상사고,0,0,1,0,차대차 - 기타,교차로운행방법위반,건조,맑음,교차로 - 교차로안,승용,여,46세,상해없음,승용,남,45세,경상
2019041100100110,2019년 4월 11일 07시,목요일,충청북도 청주시 흥덕구 복대동,중상사고,0,1,2,0,차대차 - 추돌,안전거리미확보,건조,맑음,교차로 - 교차로부근,승합,남,68세,상해없음,승합,남,48세,경상
2019041100100208,2019년 4월 11일 10시,목요일,충청북도 청주시 흥덕구 향정동,경상사고,0,0,1,0,차대차 - 측면충돌,안전운전불이행,건조,맑음,교차로 - 교차로안,화물,남,37세,상해없음,승용,여,51세,경상
2019041100100209,2019년 4월 11일 10시,목요일,충청북도 청주시 서원구 수곡동,경상사고,0,0,1,0,차대차 - 추돌,안전운전불이행,건조,맑음,단일로 - 기타,승용,여,27세,상해없음,승용,남,35세,경상
2019041100100235,2019년 4월 11일 11시,목요일,충청북도 제천시 의림동,경상사고,0,0,2,0,차대차 - 측면충돌,직진우회전진행방해,건조,맑음,교차로 - 교차로안,승용,남,67세,경상,승용,여,40세,경상
2019041100100266,2019년 4월 11일 12시,목요일,충청북도 충주시 교현동,중상사고,0,1,1,1,차대차 - 정면충돌,신호위반,건조,맑음,교차로 - 교차로안,승용,여,56세,부상신고,승합,여,63세,경상
2019041100100267,2019년 4월 11일 12시,목요일,충청북도 제천시 의림동,경상사고,0,0,3,0,차대차 - 추돌,안전거리미확보,건조,맑음,교차로 - 교차로부근,승합,남,44세,상해없음,승용,여,66세,경상
2019041100100294,2019년 4월 11일 13시,목요일,충청북도 충주시 문화동,경상사고,0,0,1,0,차대차 - 측면충돌,안전운전불이행,건조,맑음,단일로 - 기타,승용,남,73세,상해없음,승용,남,41세,경상
2019041100100295,2019년 4월 11일 13시,목요일,충청북도 옥천군 옥천읍,경상사고,0,0,2,0,차대차 - 추돌,안전운전불이행,건조,맑음,교차로 - 교차로안,승용,남,57세,상해없음,승용,여,56세,경상
2019041100100325,2019년 4월 11일 14시,목요일,충청북도 증평군 증평읍,사망사고,1,0,0,0,차대사람 - 횡단중,보행자보호의무위반,건조,맑음,교차로 - 교차로안,화물,남,57세,상해없음,보행자,여,82세,사망
2019041100100348,2019년 4월 11일 15시,목요일,충청북도 진천군 진천읍,경상사고,0,0,1,0,차대차 - 기타,안전운전불이행,건조,맑음,주차장 - 주차장,승용,남,63세,상해없음,승용,여,33세,경상
2019041100100349,2019년 4월 11일 15시,목요일,충청북도 청주시 흥덕구 지동동,경상사고,0,0,1,0,차대차 - 기타,안전운전불이행,건조,맑음,단일로 - 기타,화물,남,48세,상해없음,승용,남,60세,경상
2019041100100372,2019년 4월 11일 16시,목요일,충청북도 청주시 서원구 사창동,경상사고,0,0,2,0,차대차 - 기타,안전운전불이행,건조,맑음,교차로 - 교차로부근,승용,남,27세,상해없음,승용,남,41세,경상
2019041100100373,2019년 4월 11일 16시,목요일,충청북도 청주시 청원구 율량동,중상사고,0,1,0,0,차대사람 - 기타,안전운전불이행,건조,맑음,교차로 - 교차로횡단보도내,화물,남,53세,상해없음,보행자,남,14세,중상
2019041100100401,2019년 4월 11일 17시,목요일,충청북도 제천시 영천동,중상사고,0,1,0,0,차대차 - 추돌,안전거리미확보,건조,맑음,단일로 - 기타,승용,여,43세,상해없음,승용,여,62세,중상
2019041100100437,2019년 4월 11일 18시,목요일,충청북도 충주시 교현동,경상사고,0,0,7,0,차대차 - 기타,안전거리미확보,건조,맑음,기타 - 기타,승용,남,41세,상해없음,승합,남,54세,상해없음
2019041100100438,2019년 4월 11일 18시,목요일,충청북도 음성군 맹동면,경상사고,0,0,2,0,차대차 - 추돌,안전거리미확보,건조,맑음,단일로 - 기타,승용,여,42세,경상,화물,남,58세,상해없음
2019041100100439,2019년 4월 11일 18시,목요일,충청북도 옥천군 옥천읍,경상사고,0,0,1,0,차대차 - 후진중충돌,기타,건조,맑음,주차장 - 주차장,화물,남,61세,상해없음,승용,남,38세,경상
2019041100100482,2019년 4월 11일 19시,목요일,충청북도 청주시 상당구 석교동,중상사고,0,2,0,0,차대차 - 추돌,안전운전불이행,건조,맑음,교차로 - 교차로부근,승용,남,55세,상해없음,승용,남,36세,중상
2019041100100511,2019년 4월 11일 20시,목요일,충청북도 청주시 청원구 내덕동,중상사고,0,1,0,0,차대차 - 기타,중앙선침범,건조,맑음,단일로 - 교량,이륜,남,43세,상해없음,이륜,남,29세,중상
2019041100100512,2019년 4월 11일 20시,목요일,충청북도 청주시 흥덕구 송정동,경상사고,0,0,1,0,차대차 - 추돌,안전운전불이행,건조,맑음,교차로 - 교차로부근,승용,남,19세,상해없음,승용,남,66세,상해없음
2019041100100546,2019년 4월 11일 21시,목요일,충청북도 청주시 청원구 율량동,경상사고,0,0,3,0,차대차 - 기타,안전운전불이행,건조,맑음,교차로 - 교차로부근,승용,남,54세,상해없음,승용,여,33세,경상
2019041100100547,2019년 4월 11일 21시,목요일,충청북도 청주시 흥덕구 옥산면,경상사고,0,0,1,0,차대차 - 기타,안전운전불이행,건조,맑음,교차로 - 교차로안,승용,남,33세,상해없음,승용,여,39세,경상
2019041100100548,2019년 4월 11일 21시,목요일,충청북도 청주시 흥덕구 운천동,경상사고,0,0,2,0,차대차 - 정면충돌,신호위반,건조,맑음,교차로 - 교차로안,승용,여,53세,상해없음,화물,여,45세,경상
2019041100100549,2019년 4월 11일 21시,목요일,충청북도 청주시 상당구 영운동,경상사고,0,0,1,0,차대사람 - 기타,안전운전불이행,건조,맑음,교차로 - 교차로부근,승용,남,63세,상해없음,보행자,남,54세,경상