사고번호,사고일시,요일,시군구,사고내용,사망자수,중상자수,경상자수,부상신고자수,사고유형,법규위반,노면상태,기상상태,도로형태,가해운전자 차종,가해운전자 성별,가해운전자 연령,가해운전자 상해정도,피해운전자 차종,피해운전자 성별,피해운전자 연령,피해운전자 상해정도
2019041100100550,2019년 4월 11일 21시,목요일,충청북도 청주시 서원구 분평동,경상사고,0,0,1,0,차대차 - 측면충돌,안전거리미확보,건조,맑음,교차로 - 교차로안,승용,남,65세,상해없음,승용,여,31세,경상
2019041100100570,2019년 4월 11일 22시,목요일,충청북도 청주시 흥덕구 송정동,경상사고,0,0,2,0,차대차 - 추돌,안전운전불이행,건조,맑음,단일로 - 기타,승용,남,60세,상해없음,승용,남,57세,경상
2019041100100598,2019년 4월 11일 23시,목요일,충청북도 청주시 청원구 오창읍,경상사고,0,0,3,0,차대차 - 기타,안전운전불이행,건조,맑음,교차로 - 교차로부근,승용,남,50세,상해없음,승용,여,47세,경상
2019041100100599,2019년 4월 11일 23시,목요일,충청북도 증평군 증평읍,경상사고,0,0,1,0,차대차 - 추돌,안전거리미확보,건조,맑음,교차로 - 교차로안,승용,남,53세,상해없음,승용,남,63세,경상
2019041100100600,2019년 4월 11일 23시,목요일,충청북도 청주시 흥덕구 가경동,경상사고,0,0,1,0,차대차 - 측면충돌,중앙선침범,건조,맑음,교차로 - 교차로부근,승용,남,40세,상해없음,승용,남,28세,상해없음
2019041100100601,2019년 4월 11일 23시,목요일,충청북도 청주시 흥덕구 향정동,경상사고,0,0,1,0,차대사람 - 횡단중,안전운전불이행,건조,맑음,교차로 - 교차로부근,승용,남,33세,상해없음,보행자,남,29세,경상
2019041100100602,2019년 4월 11일 23시,목요일,충청북도 청주시 흥덕구 복대동,중상사고,0,1,0,0,차대차 - 기타,안전운전불이행,건조,맑음,단일로 - 기타,승용,남,26세,상해없음,승용,여,41세,중상
2019041200100037,2019년 4월 12일 01시,금요일,충청북도 청주시 청원구 우암동,경상사고,0,0,2,0,차대차 - 기타,교차로운행방법위반,건조,맑음,교차로 - 교차로안,승용,남,19세,경상,승용,여,60세,경상
2019041200100100,2019년 4월 12일 07시,금요일,충청북도 청주시 청원구 북이면,경상사고,0,0,1,0,차대차 - 기타,안전거리미확보,건조,맑음,단일로 - 기타,승용,남,33세,상해없음,승합,남,41세,경상
2019041200100101,2019년 4월 12일 07시,금요일,충청북도 제천시 중앙로1가,경상사고,0,0,1,0,차대사람 - 차도통행중,안전운전불이행,건조,흐림,단일로 - 지하차도(도로)내,승합,남,70세,상해없음,보행자,여,86세,경상
2019041200100128,2019년 4월 12일 08시,금요일,충청북도 음성군 금왕읍,경상사고,0,0,1,0,차대차 - 측면충돌,차로위반,건조,맑음,교차로 - 교차로부근,승용,여,30세,상해없음,승용,남,77세,경상
2019041200100129,2019년 4월 12일 08시,금요일,충청북도 청주시 서원구 분평동,중상사고,0,1,0,0,차대사람 - 기타,안전운전불이행,건조,맑음,교차로 - 교차로부근,승용,남,33세,상해없음,보행자,남,14세,중상
2019041200100177,2019년 4월 12일 09시,금요일,충청북도 청주시 청원구 오창읍,경상사고,0,0,1,0,차대차 - 기타,안전운전불이행,건조,맑음,교차로 - 교차로안,승용,여,31세,상해없음,자전거,남,76세,경상
2019041200100178,2019년 4월 12일 09시,금요일,충청북도 진천군 덕산면,경상사고,0,0,3,0,차대차 - 측면충돌,직진우회전진행방해,건조,맑음,교차로 - 교차로안,승용,여,36세,경상,화물,남,56세,경상
2019041200100212,2019년 4월 12일 10시,금요일,충청북도 괴산군 괴산읍,중상사고,0,1,0,0,차대차 - 측면충돌,직진우회전진행방해,건조,맑음,교차로 - 교차로안,건설기계,남,51세,상해없음,승용,남,76세,중상
2019041200100239,2019년 4월 12일 11시,금요일,충청북도 충주시 앙성면,경상사고,0,0,1,0,차대차 - 기타,직진우회전진행방해,건조,맑음,교차로 - 교차로안,화물,남,31세,상해없음,승용,여,65세,경상
2019041200100240,2019년 4월 12일 11시,금요일,충청북도 진천군 문백면,경상사고,0,0,2,0,차대차 - 기타,안전운전불이행,건조,맑음,교차로 - 교차로안,화물,남,49세,경상,건설기계,남,57세,경상
2019041200100241,2019년 4월 12일 11시,금요일,충청북도 청주시 흥덕구 복대동,경상사고,0,0,1,0,차대차 - 측면충돌,안전운전불이행,건조,맑음,단일로 - 기타,승용,남,28세,상해없음,화물,남,53세,경상
2019041200100242,2019년 4월 12일 11시,금요일,충청북도 청주시 서원구 산남동,경상사고,0,0,2,0,차대차 - 후진중충돌,안전운전불이행,건조,맑음,주차장 - 주차장,승용,여,43세,경상,승용,여,56세,경상
2019041200100267,2019년 4월 12일 12시,금요일,충청북도 충주시 앙성면,경상사고,0,0,1,0,차대차 - 기타,안전운전불이행,건조,맑음,단일로 - 기타,승용,여,47세,상해없음,승용,남,66세,경상
2019041200100354,2019년 4월 12일 15시,금요일,충청북도 청주시 청원구 오창읍,중상사고,0,1,0,0,차대사람 - 횡단중,중앙선침범,건조,맑음,단일로 - 기타,승용,남,67세,상해없음,보행자,남,65세,중상
2019041200100355,2019년 4월 12일 15시,금요일,충청북도 충주시 교현동,중상사고,0,1,3,0,차대차 - 추돌,안전운전불이행,건조,맑음,교차로 - 교차로부근,승용,남,60세,상해없음,승용,여,47세,경상
2019041200100356,2019년 4월 12일 15시,금요일,충청북도 충주시 동량면,경상사고,0,0,1,0,차대사람 - 횡단중,안전운전불이행,건조,맑음,단일로 - 기타,승용,남,72세,상해없음,보행자,남,4세,경상
2019041200100357,2019년 4월 12일 15시,금요일,충청북도 청주시 서원구 분평동,경상사고,0,0,1,0,차대차 - 후진중충돌,안전운전불이행,건조,맑음,교차로 - 교차로안,화물,남,60세,상해없음,승용,남,34세,경상
2019041200100395,2019년 4월 12일 16시,금요일,충청북도 단양군 단성면,경상사고,0,0,1,0,차량단독 - 기타,안전운전불이행,건조,맑음,단일로 - 기타,승용,여,42세,경상,,,,
2019041200100396,2019년 4월 12일 16시,금요일,충청북도 단양군 가곡면,중상사고,0,1,2,0,차대사람 - 횡단중,과속,건조,맑음,기타 - 기타,승용,남,38세,경상,보행자,남,6세,중상
2019041200100441,2019년 4월 12일 17시,금요일,충청북도 청주시 흥덕구 서촌동,중상사고,0,1,0,0,차대차 - 측면충돌,차로위반,건조,맑음,단일로 - 기타,특수,남,52세,상해없음,승용,여,25세,중상
2019041200100496,2019년 4월 12일 18시,금요일,충청북도 충주시 금릉동,경상사고,0,0,1,0,차대차 - 측면충돌,안전운전불이행,건조,맑음,단일로 - 기타,자전거,남,13세,경상,승용,여,43세,상해없음
2019041200100497,2019년 4월 12일 18시,금요일,충청북도 청주시 흥덕구 가경동,경상사고,0,0,1,0,차대차 - 측면충돌,안전운전불이행,건조,맑음,교차로 - 교차로부근,승용,여,52세,경상,승용,남,48세,상해없음
2019041200100498,2019년 4월 12일 18시,금요일,충청북도 청주시 서원구 남이면,부상신고사고,0,0,0,1,차대차 - 기타,안전운전불이행,건조,맑음,교차로 - 교차로안,이륜,남,47세,부상신고,승용,남,47세,상해없음
2019041200100534,2019년 4월 12일 19시,금요일,충청북도 충주시 달천동,중상사고,0,1,3,1,차대차 - 기타,신호위반,건조,맑음,교차로 - 교차로안,승용,여,19세,부상신고,승용,남,41세,경상
2019041200100535,2019년 4월 12일 19시,금요일,충청북도 음성군 맹동면,중상사고,0,1,0,0,차대차 - 기타,교차로운행방법위반,건조,맑음,교차로 - 교차로안,승용,여,46세,상해없음,이륜,남,34세,중상
2019041200100536,2019년 4월 12일 19시,금요일,충청북도 청주시 상당구 용담동,경상사고,0,0,1,0,차대차 - 측면충돌,교차로운행방법위반,건조,맑음,교차로 - 교차로안,화물,남,57세,상해없음,승용,남,67세,경상
2019041200100574,2019년 4월 12일 20시,금요일,충청북도 청주시 청원구 내덕동,중상사고,0,1,0,0,차대사람 - 횡단중,안전운전불이행,건조,맑음,단일로 - 기타,승용,남,24세,상해없음,보행자,여,80세,중상
2019041200100608,2019년 4월 12일 21시,금요일,충청북도 증평군 증평읍,경상사고,0,0,1,0,차대차 - 측면충돌,신호위반,건조,맑음,교차로 - 교차로안,승용,남,61세,상해없음,승용,남,39세,경상
2019041200100633,2019년 4월 12일 22시,금요일,충청북도 진천군 진천읍,경상사고,0,0,2,1,차대차 - 기타,직진우회전진행방해,건조,기타,교차로 - 교차로안,승용,남,25세,상해없음,승용,남,18세,경상
2019041200100672,2019년 4월 12일 23시,금요일,충청북도 충주시 연수동,경상사고,0,0,2,0,차대차 - 후진중충돌,안전운전불이행,건조,맑음,교차로 - 교차로안,승용,남,60세,상해없음,승용,남,24세,경상
2019041300100031,2019년 4월 13일 00시,토요일,충청북도 청주시 서원구 사창동,경상사고,0,0,1,0,차대사람 - 기타,불법유턴,건조,맑음,단일로 - 기타,승용,남,29세,상해없음,보행자,남,26세,경상
2019041300100048,2019년 4월 13일 01시,토요일,충청북도 음성군 대소면,경상사고,0,0,4,0,차대차 - 측면충돌,교차로운행방법위반,건조,맑음,교차로 - 교차로안,승용,남,54세,상해없음,승용,남,34세,경상
2019041300100067,2019년 4월 13일 02시,토요일,충청북도 음성군 생극면,경상사고,0,0,2,0,차량단독 - 공작물충돌,안전운전불이행,건조,맑음,교차로 - 교차로안,승용,남,19세,상해없음,,,,
2019041300100068,2019년 4월 13일 02시,토요일,충청북도 진천군 진천읍,사망사고,1,0,0,0,차대차 - 추돌,안전운전불이행,건조,맑음,단일로 - 기타,승용,여,28세,상해없음,자전거,남,54세,사망
2019041300100084,2019년 4월 13일 03시,토요일,충청북도 음성군 음성읍,경상사고,0,0,2,0,차대차 - 측면충돌,교차로운행방법위반,건조,맑음,교차로 - 교차로안,승용,남,46세,상해없음,승합,남,41세,경상
2019041300100106,2019년 4월 13일 05시,토요일,충청북도 청주시 흥덕구 송절동,경상사고,0,0,2,0,차대차 - 측면충돌,신호위반,건조,맑음,교차로 - 교차로안,승용,남,27세,상해없음,승용,남,47세,경상
2019041300100119,2019년 4월 13일 06시,토요일,충청북도 청주시 흥덕구 강서동,경상사고,0,0,1,0,차대차 - 측면충돌,안전운전불이행,건조,맑음,교차로 - 교차로안,승용,남,52세,상해없음,승용,남,73세,경상
2019041300100134,2019년 4월 13일 07시,토요일,충청북도 청주시 흥덕구 신봉동,경상사고,0,0,1,0,차대차 - 추돌,안전거리미확보,건조,맑음,단일로 - 기타,화물,남,77세,상해없음,승용,남,70세,경상
2019041300100155,2019년 4월 13일 08시,토요일,충청북도 제천시 화산동,중상사고,0,1,0,0,차대차 - 측면충돌,안전운전불이행,건조,맑음,단일로 - 기타,승용,여,54세,상해없음,자전거,남,69세,중상
2019041300100156,2019년 4월 13일 08시,토요일,충청북도 청주시 상당구 용담동,경상사고,0,0,1,0,차대차 - 측면충돌,신호위반,건조,맑음,교차로 - 교차로안,승용,남,61세,상해없음,승용,여,45세,경상
2019041300100172,2019년 4월 13일 09시,토요일,충청북도 음성군 금왕읍,경상사고,0,0,1,0,차대차 - 후진중충돌,안전운전불이행,건조,맑음,주차장 - 주차장,승용,여,56세,상해없음,승용,여,65세,경상
2019041300100173,2019년 4월 13일 09시,토요일,충청북도 청주시 흥덕구 복대동,경상사고,0,0,2,0,차대차 - 기타,안전거리미확보,건조,맑음,교차로 - 교차로부근,승용,남,36세,상해없음,승합,남,56세,상해없음
2019041300100174,2019년 4월 13일 09시,토요일,충청북도 청주시 상당구 미원면,경상사고,0,0,2,0,차대차 - 기타,직진우회전진행방해,건조,맑음,교차로 - 교차로안,화물,남,67세,상해없음,승합,남,38세,상해없음
2019041300100200,2019년 4월 13일 10시,토요일,충청북도 옥천군 청성면,경상사고,0,0,1,0,차대차 - 측면충돌,안전운전불이행,건조,맑음,교차로 - 교차로안,이륜,남,53세,경상,화물,남,65세,상해없음
2019041300100201,2019년 4월 13일 10시,토요일,충청북도 단양군 매포읍,경상사고,0,0,1,0,차대차 - 추돌,안전거리미확보,건조,맑음,기타 - 기타,특수,남,44세,상해없음,특수,남,49세,경상
2019041300100284,2019년 4월 13일 12시,토요일,충청북도 충주시 살미면,경상사고,0,0,1,0,차대차 - 추돌,안전운전불이행,건조,맑음,교차로 - 교차로안,화물,남,71세,상해없음,승용,남,78세,경상
2019041300100408,2019년 4월 13일 15시,토요일,충청북도 청주시 서원구 수곡동,경상사고,0,0,1,0,차대차 - 측면충돌,안전운전불이행,건조,맑음,교차로 - 교차로안,승용,여,68세,상해없음,이륜,남,19세,경상
2019041300100412,2019년 4월 13일 15시,토요일,충청북도 청주시 흥덕구 옥산면,경상사고,0,0,2,0,차대차 - 기타,안전운전불이행,건조,맑음,단일로 - 기타,승용,남,44세,상해없음,승용,여,22세,경상
2019041300100446,2019년 4월 13일 16시,토요일,충청북도 청주시 청원구 오창읍,중상사고,0,1,0,0,차대차 - 기타,안전운전불이행,건조,맑음,교차로 - 교차로안,자전거,남,40세,중상,승용,남,52세,상해없음
2019041300100447,2019년 4월 13일 16시,토요일,충청북도 청주시 흥덕구 오송읍,경상사고,0,0,2,0,차대차 - 기타,신호위반,건조,맑음,단일로 - 기타,승용,남,27세,경상,승용,남,45세,경상
2019041300100485,2019년 4월 13일 17시,토요일,충청북도 청주시 청원구 오창읍,중상사고,0,1,2,0,차대차 - 측면충돌,교차로운행방법위반,건조,맑음,교차로 - 교차로안,승용,남,63세,경상,화물,남,66세,중상
2019041300100486,2019년 4월 13일 17시,토요일,충청북도 옥천군 옥천읍,경상사고,0,0,1,0,차대사람 - 기타,안전운전불이행,건조,맑음,교차로 - 교차로부근,승용,여,45세,상해없음,보행자,여,36세,경상
2019041300100530,2019년 4월 13일 18시,토요일,충청북도 충주시 달천동,중상사고,0,2,2,0,차대차 - 측면충돌,안전거리미확보,건조,맑음,기타 - 기타,승용,남,58세,상해없음,승합,남,38세,중상
2019041300100607,2019년 4월 13일 20시,토요일,충청북도 청주시 상당구 북문로1가동,경상사고,0,0,1,0,차대차 - 추돌,안전거리미확보,건조,맑음,단일로 - 지하차도(도로)내,승용,남,22세,상해없음,승용,남,61세,경상
2019041300100648,2019년 4월 13일 21시,토요일,충청북도 단양군 단양읍,중상사고,0,1,0,0,차대사람 - 횡단중,안전운전불이행,건조,맑음,기타 - 기타,승용,남,66세,상해없음,보행자,남,22세,중상
2019041300100649,2019년 4월 13일 21시,토요일,충청북도 청주시 흥덕구 오송읍,중상사고,0,1,0,0,차대사람 - 횡단중,안전운전불이행,건조,맑음,단일로 - 기타,승용,여,25세,상해없음,보행자,여,57세,중상
2019041400100025,2019년 4월 14일 00시,일요일,충청북도 제천시 신동,경상사고,0,0,2,0,차대차 - 측면충돌,안전거리미확보,건조,맑음,단일로 - 지하차도(도로)내,승용,남,59세,상해없음,화물,남,36세,경상
2019041400100026,2019년 4월 14일 00시,일요일,충청북도 단양군 매포읍,부상신고사고,0,0,0,1,차대차 - 측면충돌,기타,건조,맑음,교차로 - 교차로안,화물,남,55세,상해없음,승용,남,66세,부상신고
2019041400100182,2019년 4월 14일 12시,일요일,충청북도 청주시 청원구 오창읍,경상사고,0,0,1,0,차대차 - 기타,안전운전불이행,건조,맑음,교차로 - 교차로안,이륜,남,50세,경상,화물,남,57세,상해없음
2019041400100240,2019년 4월 14일 14시,일요일,충청북도 청주시 흥덕구 복대동,경상사고,0,0,1,0,차대차 - 측면충돌,직진우회전진행방해,건조,맑음,교차로 - 교차로안,이륜,남,53세,경상,승용,남,31세,상해없음
2019041400100263,2019년 4월 14일 15시,일요일,충청북도 청주시 서원구 사직동,경상사고,0,0,1,0,차대차 - 기타,안전운전불이행,건조,맑음,교차로 - 교차로안,화물,남,57세,상해없음,화물,남,61세,경상
2019041400100264,2019년 4월 14일 15시,일요일,충청북도 청주시 청원구 우암동,경상사고,0,0,4,0,차대차 - 기타,차로위반,건조,맑음,단일로 - 기타,승용,남,57세,상해없음,승용,여,34세,경상
2019041400100341,2019년 4월 14일 18시,일요일,충청북도 청주시 흥덕구 비하동,경상사고,0,0,2,0,차대차 - 측면충돌,안전운전불이행,건조,맑음,단일로 - 기타,승용,남,22세,상해없음,승용,여,34세,경상
2019041400100366,2019년 4월 14일 19시,일요일,충청북도 청주시 청원구 내수읍,경상사고,0,0,1,0,차대차 - 기타,안전운전불이행,건조,맑음,교차로 - 교차로부근,승용,남,64세,상해없음,원동기,남,38세,경상
2019041400100367,2019년 4월 14일 19시,일요일,충청북도 진천군 진천읍,부상신고사고,0,0,0,1,차대차 - 측면충돌,안전운전불이행,건조,맑음,교차로 - 교차로부근,원동기,남,16세,부상신고,승용,남,66세,상해없음
2019041400100392,2019년 4월 14일 20시,일요일,충청북도 음성군 생극면,경상사고,0,0,1,0,차대차 - 추돌,안전운전불이행,건조,맑음,교차로 - 교차로부근,승용,여,47세,상해없음,승용,남,63세,경상
2019041500100058,2019년 4월 15일 05시,월요일,충청북도 청주시 흥덕구 옥산면,경상사고,0,0,2,0,차대차 - 기타,신호위반,건조,맑음,교차로 - 교차로안,승용,여,52세,경상,승용,남,51세,경상
2019041500100067,2019년 4월 15일 06시,월요일,충청북도 보은군 보은읍,중상사고,0,1,0,0,차대차 - 추돌,안전운전불이행,건조,맑음,단일로 - 지하차도(도로)내,승용,남,70세,상해없음,승용,남,49세,중상
2019041500100085,2019년 4월 15일 07시,월요일,충청북도 청주시 청원구 북이면,중상사고,0,2,0,0,차대차 - 측면충돌,신호위반,건조,맑음,교차로 - 교차로안,승용,남,73세,중상,승용,남,30세,중상
2019041500100086,2019년 4월 15일 07시,월요일,충청북도 충주시 대소원면,경상사고,0,0,1,0,차대차 - 측면충돌,안전운전불이행,건조,맑음,교차로 - 교차로안,승용,남,29세,상해없음,승용,남,38세,경상
2019041500100129,2019년 4월 15일 08시,월요일,충청북도 청주시 청원구 주중동,경상사고,0,0,3,0,차대차 - 기타,안전운전불이행,건조,맑음,교차로 - 교차로안,승용,여,49세,상해없음,승용,여,24세,경상
2019041500100130,2019년 4월 15일 08시,월요일,충청북도 충주시 지현동,중상사고,0,1,0,0,차대사람 - 횡단중,보행자보호의무위반,건조,맑음,단일로 - 기타,승용,남,33세,상해없음,보행자,여,11세,중상
2019041500100131,2019년 4월 15일 08시,월요일,충청북도 충주시 동량면,중상사고,0,2,0,0,차대차 - 측면충돌,신호위반,건조,맑음,교차로 - 교차로안,특수,남,48세,상해없음,승용,남,40세,중상
2019041500100132,2019년 4월 15일 08시,월요일,충청북도 청주시 흥덕구 비하동,경상사고,0,0,1,0,차대차 - 기타,안전운전불이행,건조,맑음,교차로 - 교차로안,이륜,남,66세,경상,승용,여,41세,상해없음
2019041500100133,2019년 4월 15일 08시,월요일,충청북도 청주시 흥덕구 지동동,중상사고,0,1,0,0,차대차 - 측면충돌,안전운전불이행,건조,맑음,교차로 - 교차로부근,승용,남,53세,상해없음,이륜,남,34세,중상
2019041500100222,2019년 4월 15일 10시,월요일,충청북도 제천시 중앙로2가,중상사고,0,1,0,0,차대차 - 측면충돌,안전거리미확보,건조,맑음,교차로 - 교차로안,승용,남,59세,상해없음,이륜,여,56세,중상
2019041500100223,2019년 4월 15일 10시,월요일,충청북도 청주시 흥덕구 오송읍,중상사고,0,1,0,0,차대차 - 측면충돌,안전거리미확보,건조,맑음,교차로 - 교차로부근,승용,여,58세,상해없음,화물,남,54세,중상
2019041500100245,2019년 4월 15일 11시,월요일,충청북도 제천시 명지동,중상사고,0,4,0,0,차대차 - 측면충돌,안전운전불이행,건조,맑음,기타 - 기타,승용,남,77세,상해없음,승용,남,39세,중상
2019041500100246,2019년 4월 15일 11시,월요일,충청북도 증평군 증평읍,경상사고,0,0,1,0,차대차 - 추돌,안전운전불이행,건조,맑음,교차로 - 교차로부근,승용,여,32세,상해없음,화물,남,61세,경상
2019041500100271,2019년 4월 15일 12시,월요일,충청북도 제천시 명동,경상사고,0,0,1,0,차대차 - 후진중충돌,안전운전불이행,건조,맑음,단일로 - 기타,화물,남,32세,상해없음,이륜,남,38세,경상
2019041500100272,2019년 4월 15일 12시,월요일,충청북도 괴산군 칠성면,중상사고,0,1,0,0,차량단독 - 도로외이탈 - 추락,안전운전불이행,건조,맑음,교차로 - 교차로부근,이륜,남,53세,중상,,,,
2019041500100310,2019년 4월 15일 13시,월요일,충청북도 충주시 봉방동,중상사고,0,2,0,0,차대차 - 기타,안전운전불이행,건조,맑음,단일로 - 기타,승용,남,25세,상해없음,승용,남,50세,중상
2019041500100311,2019년 4월 15일 13시,월요일,충청북도 보은군 산외면,중상사고,0,1,1,0,차대차 - 추돌,과속,건조,맑음,단일로 - 터널,승용,남,59세,상해없음,승용,남,59세,중상
2019041500100312,2019년 4월 15일 13시,월요일,충청북도 청주시 흥덕구 봉명동,경상사고,0,0,1,0,차대사람 - 기타,불법유턴,건조,맑음,교차로 - 교차로안,승용,남,36세,상해없음,보행자,여,24세,경상
2019041500100358,2019년 4월 15일 14시,월요일,충청북도 충주시 문화동,경상사고,0,0,1,0,차대차 - 측면충돌,안전운전불이행,건조,맑음,단일로 - 기타,이륜,남,69세,상해없음,승용,여,55세,경상
2019041500100359,2019년 4월 15일 14시,월요일,충청북도 충주시 동량면,중상사고,0,1,0,0,차대사람 - 횡단중,안전운전불이행,건조,맑음,교차로 - 교차로안,승합,남,44세,상해없음,보행자,여,89세,중상
2019041500100360,2019년 4월 15일 14시,월요일,충청북도 청주시 상당구 가덕면,부상신고사고,0,0,0,1,차량단독 - 공작물충돌,안전운전불이행,건조,맑음,단일로 - 지하차도(도로)내,승용,남,71세,부상신고,,,,
2019041500100407,2019년 4월 15일 15시,월요일,충청북도 청주시 청원구 율량동,경상사고,0,0,1,0,차대차 - 기타,안전운전불이행,건조,맑음,교차로 - 교차로안,승용,남,53세,상해없음,승용,남,38세,경상
2019041500100408,2019년 4월 15일 15시,월요일,충청북도 충주시 교현동,경상사고,0,0,1,0,차대사람 - 기타,안전운전불이행,건조,맑음,단일로 - 기타,승합,남,48세,상해없음,보행자,남,77세,경상
2019041500100409,2019년 4월 15일 15시,월요일,충청북도 충주시 연수동,경상사고,0,0,2,0,차대차 - 측면충돌,안전운전불이행,건조,맑음,교차로 - 교차로안,승용,여,43세,경상,이륜,여,69세,경상
2019041500100410,2019년 4월 15일 15시,월요일,충청북도 충주시 호암동,경상사고,0,0,1,0,차대차 - 측면충돌,안전운전불이행,건조,맑음,교차로 - 교차로안,승용,남,54세,상해없음,승용,남,45세,경상
2019041500100458,2019년 4월 15일 16시,월요일,충청북도 제천시 송학면,경상사고,0,0,1,0,차대차 - 추돌,안전운전불이행,건조,맑음,단일로 - 기타,화물,남,65세,상해없음,승용,남,77세,경상
2019041500100459,2019년 4월 15일 16시,월요일,충청북도 청주시 서원구 모충동,경상사고,0,0,1,0,차대차 - 측면충돌,안전운전불이행,건조,맑음,교차로 - 교차로안,승용,남,57세,상해없음,승용,남,59세,경상
2019041500100508,2019년 4월 15일 17시,월요일,충청북도 청주시 청원구 북이면,중상사고,0,1,1,0,차대차 - 측면충돌,직진우회전진행방해,건조,맑음,교차로 - 교차로안,승용,남,69세,상해없음,승용,여,61세,중상
2019041500100509,2019년 4월 15일 17시,월요일,충청북도 제천시 동현동,경상사고,0,0,1,0,차대차 - 측면충돌,불법유턴,건조,맑음,교차로 - 교차로안,승용,남,35세,상해없음,승용,여,43세,경상
2019041500100510,2019년 4월 15일 17시,월요일,충청북도 옥천군 옥천읍,중상사고,0,1,0,0,차대차 - 측면충돌,안전운전불이행,건조,맑음,교차로 - 교차로안,승용,남,49세,상해없음,자전거,남,12세,중상
2019041500100511,2019년 4월 15일 17시,월요일,충청북도 청주시 흥덕구 강서동,경상사고,0,0,2,0,차대차 - 측면충돌,직진우회전진행방해,건조,맑음,교차로 - 교차로안,승용,남,52세,경상,승용,남,33세,경상
2019041500100512,2019년 4월 15일 17시,월요일,충청북도 청주시 청원구 오창읍,경상사고,0,0,1,0,차대차 - 추돌,안전거리미확보,건조,맑음,단일로 - 기타,승용,여,46세,상해없음,승용,남,29세,경상
2019041500100560,2019년 4월 15일 18시,월요일,충청북도 음성군 감곡면,중상사고,0,2,3,0,차대차 - 측면충돌,교차로운행방법위반,건조,맑음,교차로 - 교차로안,승용,남,21세,상해없음,승용,남,63세,중상
2019041500100561,2019년 4월 15일 18시,월요일,충청북도 음성군 대소면,경상사고,0,0,3,0,차대차 - 추돌,안전거리미확보,건조,맑음,단일로 - 기타,승용,여,35세,경상,승용,남,32세,경상
2019041500100562,2019년 4월 15일 18시,월요일,충청북도 청주시 상당구 용암동,중상사고,0,1,0,0,차대차 - 측면충돌,신호위반,건조,맑음,교차로 - 교차로안,자전거,남,68세,중상,승용,여,64세,상해없음
2019041500100611,2019년 4월 15일 19시,월요일,충청북도 음성군 감곡면,중상사고,0,1,0,0,차대사람 - 횡단중,보행자보호의무위반,건조,맑음,교차로 - 교차로안,승용,남,49세,상해없음,보행자,남,68세,중상
2019041500100612,2019년 4월 15일 19시,월요일,충청북도 단양군 매포읍,중상사고,0,1,0,0,차대차 - 측면충돌,안전거리미확보,건조,맑음,단일로 - 기타,건설기계,남,36세,상해없음,승용,여,52세,중상
2019041500100652,2019년 4월 15일 20시,월요일,충청북도 청주시 서원구 수곡동,경상사고,0,0,1,0,차대차 - 측면충돌,안전운전불이행,건조,맑음,단일로 - 기타,승용,남,33세,상해없음,원동기,남,26세,경상
2019041500100675,2019년 4월 15일 21시,월요일,충청북도 옥천군 옥천읍,중상사고,0,1,0,0,차대차 - 측면충돌,신호위반,건조,맑음,교차로 - 교차로안,승용,남,67세,상해없음,승용,남,44세,중상
2019041500100694,2019년 4월 15일 22시,월요일,충청북도 청주시 흥덕구 정봉동,경상사고,0,0,1,0,차대차 - 측면충돌,안전거리미확보,건조,맑음,단일로 - 기타,기타불명,기타불명,미분류,기타불명,승용,남,36세,경상
2019041600100026,2019년 4월 16일 00시,화요일,충청북도 청주시 흥덕구 가경동,경상사고,0,0,3,0,차대차 - 기타,안전거리미확보,건조,맑음,단일로 - 기타,승용,남,26세,상해없음,승용,남,21세,경상
2019041600100045,2019년 4월 16일 02시,화요일,충청북도 청주시 청원구 내수읍,경상사고,0,0,1,0,차량단독 - 기타,안전운전불이행,건조,맑음,단일로 - 기타,승용,남,33세,경상,,,,
2019041600100046,2019년 4월 16일 02시,화요일,충청북도 충주시 문화동,경상사고,0,0,2,1,차대차 - 측면충돌,안전운전불이행,건조,맑음,단일로 - 기타,승용,여,51세,부상신고,승용,여,34세,경상
2019041600100065,2019년 4월 16일 05시,화요일,충청북도 청주시 서원구 산남동,경상사고,0,0,1,0,차대차 - 측면충돌,신호위반,건조,맑음,교차로 - 교차로안,승용,남,38세,상해없음,승용,남,67세,경상
2019041600100077,2019년 4월 16일 06시,화요일,충청북도 청주시 흥덕구 외북동,경상사고,0,0,1,0,차대차 - 측면충돌,안전운전불이행,건조,맑음,교차로 - 교차로부근,승용,여,36세,상해없음,승합,남,65세,경상
2019041600100201,2019년 4월 16일 09시,화요일,충청북도 청주시 청원구 오창읍,경상사고,0,0,1,0,차대차 - 기타,안전운전불이행,건조,맑음,단일로 - 기타,이륜,남,37세,경상,승용,남,41세,상해없음
2019041600100202,2019년 4월 16일 09시,화요일,충청북도 충주시 달천동,중상사고,0,2,0,0,차대차 - 기타,안전운전불이행,건조,맑음,교차로 - 교차로안,승용,여,42세,중상,화물,남,63세,중상
2019041600100226,2019년 4월 16일 10시,화요일,충청북도 청주시 서원구 사직동,경상사고,0,0,2,0,차대차 - 측면충돌,안전운전불이행,건조,맑음,단일로 - 기타,화물,남,64세,상해없음,승용,여,60세,경상