사고번호,사고일시,요일,시군구,사고내용,사망자수,중상자수,경상자수,부상신고자수,사고유형,법규위반,노면상태,기상상태,도로형태,가해운전자 차종,가해운전자 성별,가해운전자 연령,가해운전자 상해정도,피해운전자 차종,피해운전자 성별,피해운전자 연령,피해운전자 상해정도
2019041600100227,2019년 4월 16일 10시,화요일,충청북도 청주시 상당구 영운동,사망사고,1,0,0,0,차대사람 - 차도통행중,안전운전불이행,건조,맑음,단일로 - 지하차도(도로)내,승용,여,49세,상해없음,보행자,남,84세,사망
2019041600100311,2019년 4월 16일 12시,화요일,충청북도 청주시 서원구 남이면,경상사고,0,0,1,0,차대차 - 추돌,안전운전불이행,건조,맑음,교차로 - 교차로부근,승용,남,60세,상해없음,승용,남,36세,경상
2019041600100360,2019년 4월 16일 14시,화요일,충청북도 청주시 청원구 주중동,경상사고,0,0,1,0,차량단독 - 기타,안전운전불이행,건조,맑음,단일로 - 기타,승합,기타불명,미분류,기타불명,,,,
2019041600100361,2019년 4월 16일 14시,화요일,충청북도 음성군 음성읍,경상사고,0,0,1,0,차대차 - 측면충돌,교차로운행방법위반,건조,맑음,교차로 - 교차로안,승용,남,29세,상해없음,승용,남,68세,경상
2019041600100362,2019년 4월 16일 14시,화요일,충청북도 진천군 덕산면,중상사고,0,1,0,0,차대사람 - 기타,안전운전불이행,건조,맑음,단일로 - 기타,화물,남,76세,상해없음,보행자,여,88세,중상
2019041600100443,2019년 4월 16일 16시,화요일,충청북도 청주시 서원구 사창동,중상사고,0,1,0,0,차대차 - 기타,직진우회전진행방해,건조,맑음,교차로 - 교차로안,이륜,남,19세,기타불명,자전거,남,26세,중상
2019041600100444,2019년 4월 16일 16시,화요일,충청북도 청주시 상당구 용정동,경상사고,0,0,2,0,차대차 - 기타,안전거리미확보,건조,맑음,교차로 - 교차로부근,승용,남,52세,상해없음,승용,여,57세,경상
2019041600100490,2019년 4월 16일 17시,화요일,충청북도 청주시 서원구 사직동,중상사고,0,2,0,0,차대차 - 기타,교차로운행방법위반,건조,맑음,교차로 - 교차로안,승용,남,76세,상해없음,승용,여,53세,중상
2019041600100491,2019년 4월 16일 17시,화요일,충청북도 청주시 청원구 오창읍,경상사고,0,0,1,0,차대차 - 기타,교차로운행방법위반,건조,맑음,교차로 - 교차로안,승합,남,44세,상해없음,승용,여,69세,경상
2019041600100492,2019년 4월 16일 17시,화요일,충청북도 제천시 화산동,경상사고,0,0,1,0,차대차 - 측면충돌,교차로운행방법위반,건조,맑음,교차로 - 교차로안,승용,남,46세,상해없음,승용,남,68세,경상
2019041600100493,2019년 4월 16일 17시,화요일,충청북도 청주시 상당구 용담동,중상사고,0,1,3,0,차대차 - 측면충돌,교차로운행방법위반,건조,맑음,교차로 - 교차로안,화물,남,43세,경상,승용,여,48세,경상
2019041600100542,2019년 4월 16일 18시,화요일,충청북도 음성군 대소면,중상사고,0,1,0,0,차대사람 - 횡단중,보행자보호의무위반,건조,맑음,교차로 - 교차로부근,승용,여,44세,상해없음,보행자,여,8세,중상
2019041600100576,2019년 4월 16일 19시,화요일,충청북도 제천시 청전동,중상사고,0,1,2,0,차대차 - 측면충돌,직진우회전진행방해,건조,맑음,교차로 - 교차로안,승용,남,59세,경상,승용,남,24세,경상
2019041600100614,2019년 4월 16일 20시,화요일,충청북도 음성군 금왕읍,중상사고,0,1,0,0,차대차 - 추돌,안전거리미확보,건조,맑음,단일로 - 기타,화물,남,64세,상해없음,승용,여,59세,중상
2019041600100615,2019년 4월 16일 20시,화요일,충청북도 청주시 흥덕구 강내면,경상사고,0,0,1,0,차대차 - 측면충돌,안전거리미확보,건조,맑음,단일로 - 기타,화물,남,69세,상해없음,승용,여,52세,경상
2019041600100616,2019년 4월 16일 20시,화요일,충청북도 청주시 상당구 서문동,중상사고,0,3,0,0,차대차 - 측면충돌,안전운전불이행,건조,맑음,교차로 - 교차로부근,이륜,남,30세,중상,승용,남,42세,상해없음
2019041600100647,2019년 4월 16일 21시,화요일,충청북도 청주시 흥덕구 오송읍,경상사고,0,0,1,0,차량단독 - 기타,안전운전불이행,건조,맑음,교차로 - 교차로부근,승합,남,44세,상해없음,,,,
2019041700100024,2019년 4월 17일 00시,수요일,충청북도 청주시 흥덕구 강내면,경상사고,0,0,1,0,차대차 - 측면충돌,중앙선침범,건조,맑음,단일로 - 기타,특수,남,53세,상해없음,승용,남,50세,경상
2019041700100074,2019년 4월 17일 06시,수요일,충청북도 청주시 청원구 내덕동,중상사고,0,1,0,0,차대차 - 측면충돌,차로위반,건조,맑음,교차로 - 교차로안,승용,여,38세,상해없음,화물,남,65세,중상
2019041700100075,2019년 4월 17일 06시,수요일,충청북도 청주시 서원구 수곡동,경상사고,0,0,2,0,차대차 - 기타,차로위반,건조,맑음,단일로 - 지하차도(도로)내,승용,남,68세,경상,승용,남,46세,경상
2019041700100098,2019년 4월 17일 07시,수요일,충청북도 청주시 흥덕구 신봉동,경상사고,0,0,2,0,차대차 - 추돌,안전거리미확보,건조,맑음,교차로 - 교차로부근,승용,남,51세,상해없음,승용,여,37세,경상
2019041700100099,2019년 4월 17일 07시,수요일,충청북도 청주시 상당구 낭성면,경상사고,0,0,2,0,차대차 - 측면충돌,교차로운행방법위반,건조,맑음,교차로 - 교차로안,승용,남,42세,경상,화물,남,60세,경상
2019041700100138,2019년 4월 17일 08시,수요일,충청북도 제천시 교동,경상사고,0,0,1,0,차대차 - 측면충돌,신호위반,건조,맑음,교차로 - 교차로부근,승용,남,60세,상해없음,승용,여,60세,경상
2019041700100139,2019년 4월 17일 08시,수요일,충청북도 청주시 흥덕구 복대동,경상사고,0,0,1,0,차대차 - 추돌,안전운전불이행,건조,맑음,단일로 - 기타,승용,남,78세,상해없음,승용,여,47세,경상
2019041700100183,2019년 4월 17일 09시,수요일,충청북도 청주시 서원구 사직동,경상사고,0,0,3,0,차대차 - 기타,직진우회전진행방해,건조,맑음,교차로 - 교차로안,승용,여,78세,상해없음,승용,남,24세,경상
2019041700100184,2019년 4월 17일 09시,수요일,충청북도 충주시 충인동,경상사고,0,0,2,0,차대차 - 추돌,안전운전불이행,건조,맑음,단일로 - 기타,승용,남,61세,상해없음,승용,여,51세,경상
2019041700100185,2019년 4월 17일 09시,수요일,충청북도 음성군 삼성면,경상사고,0,0,3,0,차대차 - 측면충돌,안전운전불이행,건조,맑음,단일로 - 기타,승용,여,67세,경상,화물,남,39세,경상
2019041700100217,2019년 4월 17일 10시,수요일,충청북도 충주시 주덕읍,중상사고,0,1,0,0,차대사람 - 기타,안전운전불이행,건조,맑음,단일로 - 기타,농기계,남,60세,상해없음,보행자,여,68세,중상
2019041700100241,2019년 4월 17일 11시,수요일,충청북도 옥천군 청산면,중상사고,0,2,1,0,차대차 - 측면충돌,신호위반,건조,맑음,교차로 - 교차로안,승용,남,76세,상해없음,승용,남,49세,경상
2019041700100242,2019년 4월 17일 11시,수요일,충청북도 청주시 흥덕구 복대동,중상사고,0,1,1,0,차대차 - 측면충돌,안전운전불이행,건조,맑음,단일로 - 기타,이륜,남,33세,중상,이륜,남,27세,경상
2019041700100271,2019년 4월 17일 12시,수요일,충청북도 음성군 맹동면,경상사고,0,0,3,0,차대차 - 측면충돌,교차로운행방법위반,건조,맑음,교차로 - 교차로안,승용,남,69세,경상,승용,남,52세,경상
2019041700100300,2019년 4월 17일 13시,수요일,충청북도 보은군 수한면,중상사고,0,1,0,0,차대차 - 정면충돌,중앙선침범,건조,맑음,단일로 - 지하차도(도로)내,승용,여,61세,상해없음,승용,여,32세,중상
2019041700100301,2019년 4월 17일 13시,수요일,충청북도 진천군 광혜원면,경상사고,0,0,2,0,차대차 - 추돌,안전운전불이행,건조,맑음,교차로 - 교차로부근,승용,남,62세,상해없음,승용,남,41세,경상
2019041700100377,2019년 4월 17일 15시,수요일,충청북도 괴산군 청천면,중상사고,0,1,0,0,차대차 - 측면충돌,안전운전불이행,건조,맑음,단일로 - 기타,승용,남,70세,상해없음,이륜,남,66세,중상
2019041700100378,2019년 4월 17일 15시,수요일,충청북도 진천군 덕산면,경상사고,0,0,1,0,차대차 - 기타,직진우회전진행방해,건조,맑음,교차로 - 교차로안,승용,여,64세,상해없음,승용,남,46세,경상
2019041700100379,2019년 4월 17일 15시,수요일,충청북도 진천군 덕산면,중상사고,0,1,0,0,차량단독 - 전도전복 - 전도,안전운전불이행,건조,맑음,단일로 - 기타,이륜,남,51세,중상,,,,
2019041700100492,2019년 4월 17일 18시,수요일,충청북도 충주시 성남동,중상사고,0,2,0,0,차대차 - 측면충돌,신호위반,건조,맑음,교차로 - 교차로안,화물,남,57세,상해없음,승용,남,74세,중상
2019041700100493,2019년 4월 17일 18시,수요일,충청북도 옥천군 옥천읍,경상사고,0,0,1,0,차대사람 - 횡단중,안전운전불이행,건조,맑음,교차로 - 교차로부근,승용,여,51세,상해없음,보행자,여,58세,경상
2019041700100494,2019년 4월 17일 18시,수요일,충청북도 청주시 서원구 모충동,경상사고,0,0,3,0,차대차 - 측면충돌,교차로운행방법위반,건조,맑음,교차로 - 교차로부근,이륜,남,60세,경상,승용,여,28세,경상
2019041700100495,2019년 4월 17일 18시,수요일,충청북도 청주시 상당구 용담동,경상사고,0,0,1,0,차량단독 - 기타,안전운전불이행,건조,맑음,단일로 - 지하차도(도로)내,승용,남,52세,상해없음,,,,
2019041700100536,2019년 4월 17일 19시,수요일,충청북도 충주시 대소원면,경상사고,0,0,1,0,차대차 - 측면충돌,안전운전불이행,건조,흐림,교차로 - 교차로안,승용,남,34세,상해없음,이륜,남,35세,경상
2019041700100537,2019년 4월 17일 19시,수요일,충청북도 제천시 하소동,경상사고,0,0,1,0,차대차 - 추돌,안전운전불이행,건조,맑음,교차로 - 교차로부근,승용,남,52세,상해없음,승용,남,59세,경상
2019041700100538,2019년 4월 17일 19시,수요일,충청북도 증평군 증평읍,중상사고,0,1,0,0,차대사람 - 횡단중,보행자보호의무위반,건조,맑음,교차로 - 교차로횡단보도내,승용,남,36세,상해없음,보행자,여,58세,중상
2019041700100579,2019년 4월 17일 20시,수요일,충청북도 청주시 흥덕구 송절동,중상사고,0,1,0,0,차대사람 - 횡단중,과속,건조,맑음,단일로 - 기타,승용,남,39세,상해없음,보행자,여,69세,중상
2019041700100608,2019년 4월 17일 21시,수요일,충청북도 음성군 감곡면,중상사고,0,1,0,0,차량단독 - 공작물충돌,안전운전불이행,건조,맑음,단일로 - 기타,승용,남,70세,중상,,,,
2019041700100633,2019년 4월 17일 22시,수요일,충청북도 청주시 서원구 모충동,경상사고,0,0,1,0,차대차 - 측면충돌,안전운전불이행,건조,맑음,교차로 - 교차로안,승용,남,58세,상해없음,승용,남,67세,경상
2019041700100655,2019년 4월 17일 23시,수요일,충청북도 청주시 흥덕구 수의동,경상사고,0,0,3,0,차대차 - 기타,안전운전불이행,건조,맑음,단일로 - 기타,승용,남,41세,상해없음,승용,남,25세,경상
2019041800100014,2019년 4월 18일 00시,목요일,충청북도 청주시 흥덕구 복대동,경상사고,0,0,3,0,차대차 - 추돌,안전운전불이행,건조,맑음,단일로 - 기타,이륜,남,19세,경상,승용,남,50세,경상
2019041800100091,2019년 4월 18일 07시,목요일,충청북도 청주시 서원구 사직동,중상사고,0,1,0,0,차대차 - 기타,안전거리미확보,건조,맑음,단일로 - 기타,이륜,남,20세,중상,승용,남,63세,상해없음
2019041800100092,2019년 4월 18일 07시,목요일,충청북도 청주시 흥덕구 봉명동,경상사고,0,0,1,0,차대차 - 측면충돌,교차로운행방법위반,건조,맑음,교차로 - 교차로안,승용,남,56세,상해없음,자전거,남,15세,경상
2019041800100124,2019년 4월 18일 08시,목요일,충청북도 청주시 상당구 수동,경상사고,0,0,1,0,차대차 - 측면충돌,안전운전불이행,건조,맑음,교차로 - 교차로안,승용,여,61세,상해없음,이륜,남,65세,경상
2019041800100125,2019년 4월 18일 08시,목요일,충청북도 진천군 광혜원면,사망사고,1,0,0,0,차량단독 - 전도전복 - 전도,안전운전불이행,건조,맑음,단일로 - 기타,이륜,남,33세,사망,,,,
2019041800100126,2019년 4월 18일 08시,목요일,충청북도 청주시 흥덕구 송정동,경상사고,0,0,3,0,차대차 - 측면충돌,직진우회전진행방해,건조,맑음,교차로 - 교차로안,승용,남,31세,경상,승합,남,55세,경상
2019041800100127,2019년 4월 18일 08시,목요일,충청북도 청주시 흥덕구 가경동,부상신고사고,0,0,0,1,차대사람 - 횡단중,안전운전불이행,건조,맑음,단일로 - 기타,기타불명,기타불명,미분류,기타불명,보행자,여,7세,부상신고
2019041800100170,2019년 4월 18일 09시,목요일,충청북도 충주시 신니면,경상사고,0,0,2,0,차대차 - 추돌,안전운전불이행,건조,맑음,단일로 - 기타,화물,남,56세,상해없음,화물,남,68세,경상
2019041800100171,2019년 4월 18일 09시,목요일,충청북도 충주시 칠금동,경상사고,0,0,4,0,차대차 - 추돌,안전운전불이행,건조,맑음,기타 - 기타,승용,남,77세,상해없음,승용,남,27세,경상
2019041800100172,2019년 4월 18일 09시,목요일,충청북도 옥천군 군서면,경상사고,0,0,2,0,차대차 - 정면충돌,안전운전불이행,건조,맑음,교차로 - 교차로안,승용,남,70세,상해없음,화물,남,68세,경상
2019041800100205,2019년 4월 18일 10시,목요일,충청북도 청주시 상당구 가덕면,부상신고사고,0,0,0,1,차대사람 - 기타,안전운전불이행,건조,맑음,단일로 - 기타,화물,남,65세,상해없음,보행자,남,59세,부상신고
2019041800100235,2019년 4월 18일 11시,목요일,충청북도 보은군 산외면,경상사고,0,0,1,0,차대차 - 정면충돌,안전운전불이행,건조,맑음,단일로 - 지하차도(도로)내,화물,남,56세,상해없음,이륜,남,55세,경상
2019041800100265,2019년 4월 18일 12시,목요일,충청북도 청주시 상당구 영운동,중상사고,0,1,0,0,차대차 - 측면충돌,안전운전불이행,건조,맑음,교차로 - 교차로안,이륜,남,72세,중상,화물,남,51세,상해없음
2019041800100371,2019년 4월 18일 15시,목요일,충청북도 충주시 교현동,중상사고,0,1,0,0,차대사람 - 횡단중,안전운전불이행,건조,맑음,기타 - 기타,승용,남,51세,상해없음,보행자,여,62세,중상
2019041800100372,2019년 4월 18일 15시,목요일,충청북도 청주시 흥덕구 복대동,경상사고,0,0,1,0,차대차 - 추돌,안전운전불이행,건조,맑음,교차로 - 교차로부근,승용,남,56세,상해없음,승용,여,48세,경상
2019041800100408,2019년 4월 18일 16시,목요일,충청북도 청주시 서원구 사창동,경상사고,0,0,1,0,차량단독 - 기타,기타,건조,맑음,단일로 - 기타,승합,남,55세,상해없음,,,,
2019041800100444,2019년 4월 18일 17시,목요일,충청북도 청주시 청원구 내덕동,경상사고,0,0,2,0,차대차 - 기타,안전거리미확보,건조,맑음,교차로 - 교차로안,화물,남,56세,상해없음,승용,남,25세,경상
2019041800100445,2019년 4월 18일 17시,목요일,충청북도 청주시 청원구 사천동,경상사고,0,0,1,0,차대차 - 정면충돌,안전운전불이행,건조,맑음,교차로 - 교차로안,승용,여,36세,상해없음,승용,여,42세,경상
2019041800100446,2019년 4월 18일 17시,목요일,충청북도 충주시 연수동,중상사고,0,1,0,0,차대차 - 기타,중앙선침범,건조,맑음,단일로 - 기타,화물,남,52세,상해없음,이륜,남,34세,중상
2019041800100447,2019년 4월 18일 17시,목요일,충청북도 충주시 안림동,경상사고,0,0,1,0,차대차 - 측면충돌,안전운전불이행,건조,맑음,교차로 - 교차로안,승용,여,65세,상해없음,승용,여,35세,경상
2019041800100448,2019년 4월 18일 17시,목요일,충청북도 증평군 증평읍,중상사고,0,1,1,0,차대차 - 추돌,안전운전불이행,건조,맑음,단일로 - 기타,화물,남,47세,상해없음,승용,여,57세,중상
2019041800100449,2019년 4월 18일 17시,목요일,충청북도 음성군 금왕읍,경상사고,0,0,1,0,차대차 - 측면충돌,교차로운행방법위반,건조,맑음,교차로 - 교차로안,특수,남,29세,상해없음,승용,남,67세,상해없음
2019041800100480,2019년 4월 18일 18시,목요일,충청북도 청주시 청원구 율량동,중상사고,0,1,0,0,차대차 - 기타,안전운전불이행,건조,맑음,교차로 - 교차로안,승용,남,62세,상해없음,승용,남,54세,중상
2019041800100481,2019년 4월 18일 18시,목요일,충청북도 단양군 단양읍,경상사고,0,0,1,0,차대차 - 후진중충돌,안전운전불이행,건조,맑음,주차장 - 주차장,승용,남,38세,상해없음,승용,여,59세,경상
2019041800100482,2019년 4월 18일 18시,목요일,충청북도 진천군 광혜원면,중상사고,0,1,0,0,차대사람 - 횡단중,안전운전불이행,건조,맑음,단일로 - 기타,승용,여,43세,상해없음,보행자,남,58세,중상
2019041800100483,2019년 4월 18일 18시,목요일,충청북도 청주시 흥덕구 오송읍,경상사고,0,0,1,0,차대차 - 추돌,안전거리미확보,건조,맑음,단일로 - 기타,승용,남,71세,상해없음,승용,여,41세,경상
2019041800100519,2019년 4월 18일 19시,목요일,충청북도 청주시 청원구 오창읍,중상사고,0,1,0,0,차대차 - 기타,신호위반,건조,맑음,교차로 - 교차로부근,승용,남,26세,상해없음,이륜,남,54세,중상
2019041800100520,2019년 4월 18일 19시,목요일,충청북도 청주시 흥덕구 봉명동,중상사고,0,1,0,0,차대사람 - 횡단중,안전운전불이행,건조,맑음,교차로 - 교차로횡단보도내,승용,여,50세,상해없음,보행자,남,60세,중상
2019041800100575,2019년 4월 18일 21시,목요일,충청북도 청주시 청원구 내덕동,중상사고,0,1,0,0,차대사람 - 기타,보행자보호의무위반,건조,맑음,교차로 - 교차로횡단보도내,기타불명,기타불명,미분류,기타불명,보행자,여,18세,중상
2019041800100576,2019년 4월 18일 21시,목요일,충청북도 청주시 흥덕구 송정동,경상사고,0,0,2,0,차대차 - 기타,안전거리미확보,건조,맑음,단일로 - 기타,승용,여,21세,상해없음,승용,여,46세,경상
2019041900100172,2019년 4월 19일 09시,금요일,충청북도 단양군 단양읍,중상사고,0,1,0,0,차대사람 - 횡단중,안전운전불이행,건조,맑음,주차장 - 주차장,승용,남,64세,상해없음,보행자,여,58세,중상
2019041900100215,2019년 4월 19일 10시,금요일,충청북도 충주시 목행동,경상사고,0,0,3,0,차대차 - 추돌,안전운전불이행,건조,맑음,단일로 - 기타,화물,남,54세,상해없음,화물,남,55세,경상
2019041900100247,2019년 4월 19일 11시,금요일,충청북도 진천군 진천읍,경상사고,0,0,1,0,차대차 - 측면충돌,직진우회전진행방해,건조,맑음,교차로 - 교차로안,이륜,남,24세,경상,승용,남,25세,상해없음
2019041900100248,2019년 4월 19일 11시,금요일,충청북도 청주시 상당구 용암동,경상사고,0,0,2,0,차대차 - 측면충돌,신호위반,건조,맑음,교차로 - 교차로안,승용,여,61세,상해없음,화물,남,68세,경상
2019041900100313,2019년 4월 19일 13시,금요일,충청북도 충주시 교현동,경상사고,0,0,1,0,차대차 - 측면충돌,안전운전불이행,건조,맑음,교차로 - 교차로안,승용,남,77세,상해없음,승용,여,55세,경상
2019041900100354,2019년 4월 19일 14시,금요일,충청북도 청주시 흥덕구 비하동,경상사고,0,0,4,0,차대차 - 기타,안전거리미확보,건조,맑음,교차로 - 교차로부근,화물,남,39세,상해없음,승용,남,30세,경상
2019041900100355,2019년 4월 19일 14시,금요일,충청북도 청주시 상당구 남일면,중상사고,0,1,2,0,차대차 - 측면충돌,신호위반,건조,맑음,교차로 - 교차로안,승용,남,23세,상해없음,화물,남,18세,경상
2019041900100531,2019년 4월 19일 18시,금요일,충청북도 충주시 교현동,경상사고,0,0,1,0,차대차 - 기타,중앙선침범,건조,맑음,교차로 - 교차로안,자전거,남,65세,경상,승용,여,33세,상해없음
2019041900100532,2019년 4월 19일 18시,금요일,충청북도 증평군 증평읍,중상사고,0,1,0,0,차대차 - 측면충돌,안전거리미확보,건조,맑음,단일로 - 기타,승용,남,53세,상해없음,이륜,남,32세,중상
2019041900100574,2019년 4월 19일 19시,금요일,충청북도 제천시 청전동,경상사고,0,0,2,0,차대차 - 측면충돌,신호위반,건조,맑음,교차로 - 교차로안,이륜,남,17세,경상,승용,남,21세,경상
2019041900100575,2019년 4월 19일 19시,금요일,충청북도 제천시 화산동,경상사고,0,0,1,0,차대차 - 측면충돌,안전운전불이행,건조,맑음,교차로 - 교차로안,자전거,여,23세,경상,승용,여,39세,상해없음
2019041900100576,2019년 4월 19일 19시,금요일,충청북도 괴산군 소수면,부상신고사고,0,0,0,1,차대차 - 기타,중앙선침범,건조,맑음,단일로 - 기타,기타불명,기타불명,미분류,기타불명,승용,여,48세,부상신고
2019041900100577,2019년 4월 19일 19시,금요일,충청북도 진천군 덕산면,중상사고,0,1,0,0,차대차 - 기타,직진우회전진행방해,건조,맑음,교차로 - 교차로안,승용,남,21세,상해없음,이륜,남,35세,중상
2019041900100578,2019년 4월 19일 19시,금요일,충청북도 진천군 백곡면,중상사고,0,2,1,0,차대차 - 측면충돌,직진우회전진행방해,건조,맑음,교차로 - 교차로안,승용,여,53세,중상,건설기계,남,27세,경상
2019041900100579,2019년 4월 19일 19시,금요일,충청북도 청주시 흥덕구 봉명동,경상사고,0,0,2,0,차대차 - 기타,교차로운행방법위반,건조,맑음,교차로 - 교차로안,승용,남,23세,경상,이륜,남,35세,경상
2019041900100607,2019년 4월 19일 20시,금요일,충청북도 청주시 청원구 오창읍,중상사고,0,1,0,0,차대사람 - 기타,보행자보호의무위반,건조,맑음,교차로 - 교차로횡단보도내,이륜,남,30세,상해없음,보행자,남,62세,중상
2019041900100608,2019년 4월 19일 20시,금요일,충청북도 괴산군 장연면,중상사고,0,2,2,0,차대차 - 추돌,안전거리미확보,건조,맑음,단일로 - 기타,승용,여,42세,경상,승용,기타불명,미분류,기타불명
2019041900100638,2019년 4월 19일 21시,금요일,충청북도 제천시 청전동,경상사고,0,0,1,1,차대차 - 추돌,안전운전불이행,건조,맑음,교차로 - 교차로부근,승용,남,27세,부상신고,승용,남,28세,상해없음
2019041900100678,2019년 4월 19일 22시,금요일,충청북도 음성군 맹동면,중상사고,0,1,0,0,차대차 - 측면충돌,중앙선침범,건조,맑음,교차로 - 교차로부근,승용,남,41세,상해없음,승용,여,19세,중상
2019041900100679,2019년 4월 19일 22시,금요일,충청북도 청주시 서원구 모충동,중상사고,0,1,2,0,차대차 - 추돌,안전운전불이행,건조,맑음,교차로 - 교차로부근,승용,남,38세,상해없음,이륜,남,28세,경상
2019041900100680,2019년 4월 19일 22시,금요일,충청북도 청주시 상당구 용암동,중상사고,0,1,1,0,차대차 - 측면충돌,신호위반,건조,맑음,교차로 - 교차로안,승용,여,43세,상해없음,승용,남,46세,경상
2019041900100716,2019년 4월 19일 23시,금요일,충청북도 보은군 보은읍,중상사고,0,1,0,0,차대사람 - 차도통행중,안전운전불이행,건조,맑음,단일로 - 지하차도(도로)내,승용,남,18세,상해없음,보행자,남,47세,중상
2019042000100052,2019년 4월 20일 01시,토요일,충청북도 청주시 서원구 개신동,경상사고,0,0,2,0,차대차 - 기타,차로위반,건조,맑음,단일로 - 기타,승용,남,28세,상해없음,승용,남,33세,경상
2019042000100053,2019년 4월 20일 01시,토요일,충청북도 청주시 청원구 내수읍,경상사고,0,0,2,0,차대차 - 기타,안전운전불이행,건조,맑음,교차로 - 교차로안,승용,남,24세,상해없음,승용,남,61세,경상
2019042000100089,2019년 4월 20일 03시,토요일,충청북도 청주시 서원구 사창동,경상사고,0,0,1,0,차대사람 - 기타,불법유턴,건조,맑음,교차로 - 교차로부근,승용,남,57세,상해없음,보행자,남,39세,경상
2019042000100103,2019년 4월 20일 05시,토요일,충청북도 진천군 덕산면,중상사고,0,1,3,0,차대차 - 추돌,안전거리미확보,건조,맑음,단일로 - 기타,승용,남,26세,상해없음,화물,남,56세,경상
2019042000100143,2019년 4월 20일 08시,토요일,충청북도 청주시 서원구 개신동,경상사고,0,0,1,0,차대차 - 기타,교차로운행방법위반,건조,맑음,교차로 - 교차로안,승용,남,60세,상해없음,승용,여,61세,경상
2019042000100168,2019년 4월 20일 09시,토요일,충청북도 청주시 상당구 미원면,중상사고,0,2,1,0,차대차 - 정면충돌,교차로운행방법위반,건조,맑음,교차로 - 교차로안,승용,여,67세,중상,건설기계,남,58세,경상
2019042000100210,2019년 4월 20일 10시,토요일,충청북도 제천시 동현동,경상사고,0,0,2,0,차대차 - 추돌,안전운전불이행,건조,맑음,교차로 - 교차로부근,승용,여,57세,상해없음,승용,남,71세,경상
2019042000100211,2019년 4월 20일 10시,토요일,충청북도 제천시 고암동,경상사고,0,0,1,0,차대사람 - 기타,기타,건조,맑음,교차로 - 교차로부근,승용,여,76세,상해없음,보행자,남,65세,경상
2019042000100212,2019년 4월 20일 10시,토요일,충청북도 증평군 증평읍,경상사고,0,0,2,0,차대차 - 측면충돌,신호위반,건조,맑음,교차로 - 교차로안,승용,여,64세,경상,승용,남,81세,경상
2019042000100286,2019년 4월 20일 12시,토요일,충청북도 충주시 성서동,경상사고,0,0,3,0,차대차 - 기타,직진우회전진행방해,건조,맑음,교차로 - 교차로안,승용,남,33세,상해없음,승용,남,62세,경상
2019042000100287,2019년 4월 20일 12시,토요일,충청북도 청주시 상당구 북문로1가동,중상사고,0,1,0,0,차대차 - 추돌,안전운전불이행,건조,맑음,교차로 - 교차로부근,승용,남,46세,상해없음,승용,여,26세,중상
2019042000100331,2019년 4월 20일 13시,토요일,충청북도 음성군 감곡면,경상사고,0,0,1,0,차대차 - 측면충돌,안전운전불이행,건조,맑음,교차로 - 교차로부근,화물,남,80세,상해없음,승용,남,52세,경상
2019042000100332,2019년 4월 20일 13시,토요일,충청북도 단양군 대강면,중상사고,0,1,0,1,차대차 - 측면충돌,기타,건조,맑음,교차로 - 교차로안,승용,남,63세,중상,화물,남,46세,상해없음
2019042000100333,2019년 4월 20일 13시,토요일,충청북도 청주시 서원구 남이면,경상사고,0,0,2,0,차대차 - 측면충돌,안전거리미확보,건조,맑음,단일로 - 기타,승용,여,58세,경상,승용,여,55세,경상
2019042000100407,2019년 4월 20일 15시,토요일,충청북도 청주시 청원구 오창읍,경상사고,0,0,2,0,차대차 - 측면충돌,안전운전불이행,건조,맑음,단일로 - 기타,승용,여,28세,상해없음,승용,남,25세,경상
2019042000100409,2019년 4월 20일 15시,토요일,충청북도 청주시 흥덕구 옥산면,경상사고,0,0,3,0,차대차 - 추돌,신호위반,건조,맑음,단일로 - 기타,승용,남,41세,상해없음,승용,여,26세,경상
2019042000100447,2019년 4월 20일 16시,토요일,충청북도 청주시 흥덕구 정봉동,중상사고,0,1,0,0,차대차 - 기타,안전거리미확보,건조,맑음,단일로 - 고가도로위,승합,여,53세,상해없음,승용,남,66세,중상
2019042000100487,2019년 4월 20일 17시,토요일,충청북도 청주시 상당구 석교동,경상사고,0,0,1,0,차대차 - 측면충돌,안전운전불이행,건조,맑음,단일로 - 기타,이륜,남,81세,경상,승용,여,55세,상해없음
2019042000100514,2019년 4월 20일 18시,토요일,충청북도 청주시 청원구 오창읍,경상사고,0,0,1,0,차대차 - 기타,안전운전불이행,건조,맑음,단일로 - 기타,승용,남,69세,상해없음,이륜,여,21세,경상
2019042000100515,2019년 4월 20일 18시,토요일,충청북도 제천시 동현동,경상사고,0,0,3,0,차대차 - 측면충돌,신호위반,건조,맑음,교차로 - 교차로안,승용,남,67세,상해없음,승용,남,39세,경상
2019042000100554,2019년 4월 20일 19시,토요일,충청북도 제천시 고암동,중상사고,0,1,0,0,차대사람 - 횡단중,안전운전불이행,건조,맑음,단일로 - 기타,승용,여,50세,기타불명,보행자,남,82세,중상
2019042000100555,2019년 4월 20일 19시,토요일,충청북도 제천시 덕산면,사망사고,1,0,0,0,차대사람 - 횡단중,안전운전불이행,건조,맑음,단일로 - 지하차도(도로)내,승용,남,33세,상해없음,보행자,여,74세,사망