사고번호,사고일시,요일,시군구,사고내용,사망자수,중상자수,경상자수,부상신고자수,사고유형,법규위반,노면상태,기상상태,도로형태,가해운전자 차종,가해운전자 성별,가해운전자 연령,가해운전자 상해정도,피해운전자 차종,피해운전자 성별,피해운전자 연령,피해운전자 상해정도
2019042500100119,2019년 4월 25일 08시,목요일,충청북도 청주시 청원구 율량동,중상사고,0,1,0,0,차대사람 - 차도통행중,안전운전불이행,건조,맑음,교차로 - 교차로부근,승용,여,47세,상해없음,보행자,여,7세,중상
2019042500100120,2019년 4월 25일 08시,목요일,충청북도 충주시 칠금동,경상사고,0,0,2,0,차대차 - 측면충돌,안전운전불이행,젖음/습기,맑음,교차로 - 교차로안,화물,남,48세,경상,승용,남,54세,경상
2019042500100121,2019년 4월 25일 08시,목요일,충청북도 괴산군 감물면,중상사고,0,1,0,0,차대차 - 측면충돌,안전운전불이행,건조,맑음,단일로 - 기타,화물,남,56세,상해없음,승용,남,62세,중상
2019042500100122,2019년 4월 25일 08시,목요일,충청북도 청주시 흥덕구 봉명동,경상사고,0,0,3,0,차대차 - 측면충돌,교차로운행방법위반,건조,흐림,교차로 - 교차로안,승용,남,53세,경상,승용,여,30세,경상
2019042500100163,2019년 4월 25일 09시,목요일,충청북도 충주시 봉방동,경상사고,0,0,2,0,차대차 - 측면충돌,중앙선침범,건조,흐림,단일로 - 기타,승용,남,37세,상해없음,승합,남,75세,경상
2019042500100263,2019년 4월 25일 12시,목요일,충청북도 청주시 청원구 내덕동,경상사고,0,0,2,0,차대차 - 기타,안전거리미확보,젖음/습기,비,단일로 - 기타,이륜,남,38세,경상,승용,남,41세,경상
2019042500100291,2019년 4월 25일 13시,목요일,충청북도 제천시 봉양읍,경상사고,0,0,1,0,차대차 - 측면충돌,직진우회전진행방해,건조,맑음,교차로 - 교차로안,승용,남,40세,상해없음,승용,남,31세,경상
2019042500100292,2019년 4월 25일 13시,목요일,충청북도 청주시 서원구 분평동,경상사고,0,0,1,0,차대차 - 정면충돌,신호위반,건조,맑음,단일로 - 기타,승용,남,50세,상해없음,승용,남,47세,경상
2019042500100323,2019년 4월 25일 14시,목요일,충청북도 청주시 청원구 오창읍,경상사고,0,0,1,0,차대차 - 기타,안전거리미확보,건조,맑음,단일로 - 기타,화물,남,54세,상해없음,승용,남,39세,상해없음
2019042500100324,2019년 4월 25일 14시,목요일,충청북도 충주시 봉방동,경상사고,0,0,1,0,차대차 - 후진중충돌,안전운전불이행,젖음/습기,비,교차로 - 교차로부근,화물,남,44세,상해없음,화물,남,36세,경상
2019042500100356,2019년 4월 25일 15시,목요일,충청북도 청주시 서원구 남이면,경상사고,0,0,1,0,차대차 - 측면충돌,중앙선침범,젖음/습기,비,교차로 - 교차로부근,승합,여,48세,상해없음,승용,남,42세,경상
2019042500100391,2019년 4월 25일 16시,목요일,충청북도 충주시 문화동,경상사고,0,0,1,0,차대차 - 추돌,안전거리미확보,건조,맑음,교차로 - 교차로부근,승용,남,70세,상해없음,승용,남,71세,경상
2019042500100392,2019년 4월 25일 16시,목요일,충청북도 충주시 금릉동,경상사고,0,0,1,0,차대차 - 기타,기타,건조,맑음,교차로 - 교차로안,승용,남,43세,상해없음,승용,여,37세,경상
2019042500100393,2019년 4월 25일 16시,목요일,충청북도 청주시 흥덕구 지동동,경상사고,0,0,1,0,차대차 - 추돌,안전운전불이행,건조,맑음,교차로 - 교차로부근,승용,남,52세,상해없음,승용,남,54세,경상
2019042500100423,2019년 4월 25일 17시,목요일,충청북도 청주시 청원구 오창읍,경상사고,0,0,1,0,차대차 - 기타,안전운전불이행,젖음/습기,비,교차로 - 교차로안,승용,남,61세,상해없음,승용,여,28세,경상
2019042500100580,2019년 4월 25일 20시,목요일,충청북도 음성군 대소면,중상사고,0,1,0,0,차대사람 - 횡단중,안전운전불이행,젖음/습기,비,교차로 - 교차로안,승용,남,48세,상해없음,보행자,남,37세,중상
2019042500100581,2019년 4월 25일 20시,목요일,충청북도 음성군 대소면,중상사고,0,1,1,0,차대차 - 측면충돌,교차로운행방법위반,건조,맑음,교차로 - 교차로안,승용,남,29세,경상,승용,남,56세,중상
2019042500100582,2019년 4월 25일 20시,목요일,충청북도 옥천군 안남면,중상사고,0,1,0,0,차량단독 - 공작물충돌,안전운전불이행,젖음/습기,비,단일로 - 기타,화물,남,75세,중상,,,,
2019042500100632,2019년 4월 25일 21시,목요일,충청북도 청주시 청원구 사천동,경상사고,0,0,1,0,차대차 - 추돌,안전운전불이행,젖음/습기,비,단일로 - 기타,승용,남,35세,상해없음,승용,남,48세,경상
2019042500100662,2019년 4월 25일 22시,목요일,충청북도 청주시 서원구 장암동,경상사고,0,0,1,0,차대차 - 추돌,안전운전불이행,건조,맑음,단일로 - 기타,승용,남,28세,상해없음,승용,남,63세,경상
2019042500100692,2019년 4월 25일 23시,목요일,충청북도 청주시 서원구 산남동,경상사고,0,0,2,0,차대차 - 정면충돌,중앙선침범,젖음/습기,맑음,단일로 - 기타,승용,남,53세,상해없음,승용,여,49세,경상
2019042600100064,2019년 4월 26일 01시,금요일,충청북도 청주시 청원구 우암동,중상사고,0,1,0,0,차대차 - 기타,안전운전불이행,젖음/습기,비,교차로 - 교차로안,원동기,남,39세,중상,승용,남,46세,상해없음
2019042600100080,2019년 4월 26일 02시,금요일,충청북도 청주시 청원구 오동동,경상사고,0,0,1,0,차대차 - 기타,안전운전불이행,건조,흐림,단일로 - 기타,승용,남,28세,경상,승용,남,54세,상해없음
2019042600100081,2019년 4월 26일 02시,금요일,충청북도 충주시 중앙탑면,중상사고,0,1,0,0,차대차 - 추돌,안전운전불이행,젖음/습기,비,단일로 - 기타,승용,남,22세,중상,화물,남,63세,상해없음
2019042600100086,2019년 4월 26일 03시,금요일,충청북도 청주시 흥덕구 가경동,경상사고,0,0,1,0,차대차 - 기타,안전운전불이행,건조,맑음,주차장 - 주차장,승용,남,40세,상해없음,승용,여,53세,상해없음
2019042600100112,2019년 4월 26일 06시,금요일,충청북도 충주시 봉방동,중상사고,0,1,0,0,차대차 - 기타,안전운전불이행,건조,맑음,교차로 - 교차로안,이륜,남,75세,중상,화물,남,46세,상해없음
2019042600100202,2019년 4월 26일 09시,금요일,충청북도 충주시 연수동,경상사고,0,0,2,0,차대차 - 기타,기타,건조,맑음,교차로 - 교차로안,승용,여,55세,경상,승용,여,35세,경상
2019042600100225,2019년 4월 26일 10시,금요일,충청북도 청주시 흥덕구 송정동,경상사고,0,0,1,0,차대차 - 측면충돌,신호위반,건조,맑음,교차로 - 교차로안,승용,여,61세,상해없음,화물,남,32세,경상
2019042600100285,2019년 4월 26일 12시,금요일,충청북도 청주시 흥덕구 봉명동,경상사고,0,0,1,0,차대차 - 측면충돌,신호위반,건조,맑음,교차로 - 교차로안,승용,여,45세,상해없음,승용,여,27세,경상
2019042600100286,2019년 4월 26일 12시,금요일,충청북도 청주시 서원구 모충동,중상사고,0,1,0,0,차대차 - 기타,안전거리미확보,건조,맑음,단일로 - 지하차도(도로)내,승용,남,57세,상해없음,승합,남,50세,중상
2019042600100316,2019년 4월 26일 13시,금요일,충청북도 청주시 흥덕구 신봉동,경상사고,0,0,1,0,차대차 - 추돌,안전운전불이행,건조,맑음,교차로 - 교차로부근,승용,여,52세,상해없음,승용,남,50세,경상
2019042600100345,2019년 4월 26일 14시,금요일,충청북도 청주시 청원구 율량동,중상사고,0,1,1,0,차대차 - 기타,안전운전불이행,젖음/습기,흐림,교차로 - 교차로부근,승합,남,58세,상해없음,이륜,남,31세,중상
2019042600100346,2019년 4월 26일 14시,금요일,충청북도 증평군 증평읍,중상사고,0,1,0,0,차대사람 - 횡단중,안전운전불이행,건조,맑음,교차로 - 교차로안,승합,남,45세,상해없음,보행자,여,84세,중상
2019042600100347,2019년 4월 26일 14시,금요일,충청북도 청주시 흥덕구 가경동,경상사고,0,0,1,0,차대차 - 기타,안전운전불이행,건조,맑음,교차로 - 교차로안,승용,여,45세,상해없음,승용,남,64세,경상
2019042600100348,2019년 4월 26일 14시,금요일,충청북도 청주시 서원구 수곡동,경상사고,0,0,1,0,차대차 - 측면충돌,교차로운행방법위반,건조,맑음,교차로 - 교차로부근,승용,여,57세,상해없음,승용,남,43세,경상
2019042600100429,2019년 4월 26일 16시,금요일,충청북도 청주시 청원구 내수읍,경상사고,0,0,1,0,차대차 - 측면충돌,직진우회전진행방해,건조,맑음,교차로 - 교차로안,원동기,남,79세,경상,화물,남,47세,상해없음
2019042600100430,2019년 4월 26일 16시,금요일,충청북도 영동군 영동읍,경상사고,0,0,1,0,차대차 - 측면충돌,안전운전불이행,젖음/습기,비,교차로 - 교차로안,승용,남,77세,상해없음,승용,남,53세,경상
2019042600100431,2019년 4월 26일 16시,금요일,충청북도 진천군 광혜원면,사망사고,1,0,0,0,차대차 - 측면충돌,교차로운행방법위반,젖음/습기,비,교차로 - 교차로안,이륜,남,77세,사망,승용,남,72세,상해없음
2019042600100432,2019년 4월 26일 16시,금요일,충청북도 청주시 흥덕구 가경동,경상사고,0,0,1,0,차대차 - 기타,안전운전불이행,젖음/습기,비,단일로 - 기타,승합,남,47세,상해없음,승용,남,44세,경상
2019042600100433,2019년 4월 26일 16시,금요일,충청북도 청주시 흥덕구 복대동,경상사고,0,0,1,0,차대차 - 기타,안전운전불이행,건조,맑음,단일로 - 기타,승용,남,26세,상해없음,화물,남,40세,경상
2019042600100466,2019년 4월 26일 17시,금요일,충청북도 청주시 청원구 내덕동,경상사고,0,0,1,0,차대차 - 기타,직진우회전진행방해,젖음/습기,비,교차로 - 교차로안,승용,여,45세,상해없음,승용,남,67세,경상
2019042600100572,2019년 4월 26일 19시,금요일,충청북도 충주시 봉방동,경상사고,0,0,1,0,차대차 - 측면충돌,직진우회전진행방해,젖음/습기,비,교차로 - 교차로안,이륜,남,49세,상해없음,승용,남,60세,경상
2019042600100573,2019년 4월 26일 19시,금요일,충청북도 충주시 목행동,경상사고,0,0,3,0,차대차 - 측면충돌,교차로운행방법위반,건조,맑음,교차로 - 교차로안,승용,여,67세,상해없음,승용,여,35세,경상
2019042600100574,2019년 4월 26일 19시,금요일,충청북도 영동군 영동읍,중상사고,0,1,0,0,차대차 - 측면충돌,안전운전불이행,건조,맑음,교차로 - 교차로안,승용,남,35세,상해없음,이륜,남,77세,중상
2019042600100575,2019년 4월 26일 19시,금요일,충청북도 음성군 맹동면,경상사고,0,0,1,0,차대차 - 측면충돌,안전운전불이행,건조,맑음,단일로 - 기타,이륜,남,46세,경상,승용,여,42세,상해없음
2019042600100618,2019년 4월 26일 20시,금요일,충청북도 충주시 주덕읍,경상사고,0,0,2,2,차대차 - 측면충돌,안전운전불이행,건조,맑음,교차로 - 교차로안,승용,남,55세,부상신고,승용,남,26세,경상
2019042600100619,2019년 4월 26일 20시,금요일,충청북도 제천시 청전동,경상사고,0,0,1,0,차대차 - 측면충돌,교차로운행방법위반,젖음/습기,비,교차로 - 교차로안,승용,여,54세,상해없음,승용,남,43세,경상
2019042600100620,2019년 4월 26일 20시,금요일,충청북도 청주시 흥덕구 가경동,경상사고,0,0,2,0,차대차 - 기타,중앙선침범,젖음/습기,비,교차로 - 교차로부근,승용,남,26세,상해없음,승용,남,53세,경상
2019042600100621,2019년 4월 26일 20시,금요일,충청북도 청주시 상당구 금천동,중상사고,0,1,0,0,차대사람 - 기타,안전운전불이행,건조,맑음,단일로 - 기타,원동기,남,40세,상해없음,보행자,여,76세,중상
2019042600100668,2019년 4월 26일 21시,금요일,충청북도 진천군 덕산면,경상사고,0,0,2,0,차대차 - 기타,신호위반,건조,맑음,교차로 - 교차로안,승용,남,30세,경상,승용,여,28세,경상
2019042600100669,2019년 4월 26일 21시,금요일,충청북도 청주시 흥덕구 복대동,경상사고,0,0,1,0,차대차 - 측면충돌,안전운전불이행,젖음/습기,비,교차로 - 교차로안,승용,여,52세,상해없음,이륜,여,33세,경상
2019042600100721,2019년 4월 26일 23시,금요일,충청북도 제천시 강제동,경상사고,0,0,1,0,차대차 - 추돌,안전운전불이행,젖음/습기,흐림,교차로 - 교차로부근,승용,여,26세,상해없음,승용,여,40세,경상
2019042700100036,2019년 4월 27일 00시,토요일,충청북도 청주시 흥덕구 복대동,중상사고,0,2,0,0,차대차 - 측면충돌,직진우회전진행방해,건조,맑음,교차로 - 교차로안,이륜,남,55세,중상,이륜,남,24세,중상
2019042700100093,2019년 4월 27일 04시,토요일,충청북도 충주시 금릉동,중상사고,0,1,0,0,차량단독 - 공작물충돌,안전운전불이행,건조,맑음,단일로 - 기타,승용,남,30세,중상,,,,
2019042700100114,2019년 4월 27일 06시,토요일,충청북도 청주시 서원구 남이면,사망사고,1,0,0,0,차량단독 - 공작물충돌,안전운전불이행,건조,맑음,단일로 - 기타,승용,남,64세,사망,,,,
2019042700100147,2019년 4월 27일 08시,토요일,충청북도 청주시 청원구 오창읍,경상사고,0,0,2,0,차대차 - 기타,안전운전불이행,건조,맑음,교차로 - 교차로부근,화물,남,30세,상해없음,승용,여,44세,경상
2019042700100148,2019년 4월 27일 08시,토요일,충청북도 음성군 대소면,중상사고,0,1,3,0,차대차 - 측면충돌,교차로운행방법위반,건조,맑음,교차로 - 교차로안,건설기계,남,56세,상해없음,승합,남,54세,경상
2019042700100219,2019년 4월 27일 10시,토요일,충청북도 증평군 증평읍,중상사고,0,1,3,0,차대차 - 측면충돌,직진우회전진행방해,건조,맑음,교차로 - 교차로안,승용,남,69세,경상,승용,여,35세,중상
2019042700100353,2019년 4월 27일 13시,토요일,충청북도 진천군 초평면,중상사고,0,1,0,0,차대차 - 추돌,안전거리미확보,건조,맑음,단일로 - 기타,승용,남,33세,상해없음,승용,남,35세,중상
2019042700100389,2019년 4월 27일 14시,토요일,충청북도 음성군 원남면,부상신고사고,0,0,0,1,차대차 - 측면충돌,안전운전불이행,건조,맑음,교차로 - 교차로안,이륜,남,45세,부상신고,특수,남,30세,상해없음
2019042700100426,2019년 4월 27일 15시,토요일,충청북도 충주시 칠금동,경상사고,0,0,1,0,차대사람 - 기타,안전운전불이행,건조,맑음,단일로 - 기타,승용,남,33세,상해없음,보행자,여,54세,경상
2019042700100427,2019년 4월 27일 15시,토요일,충청북도 제천시 금성면,중상사고,0,2,3,0,차대차 - 정면충돌,중앙선침범,건조,맑음,기타 - 기타,승용,남,71세,중상,승용,남,27세,경상
2019042700100467,2019년 4월 27일 16시,토요일,충청북도 충주시 문화동,경상사고,0,0,1,0,차대차 - 기타,안전거리미확보,건조,맑음,단일로 - 기타,원동기,남,72세,경상,승용,남,31세,상해없음
2019042700100468,2019년 4월 27일 16시,토요일,충청북도 제천시 하소동,경상사고,0,0,2,0,차대차 - 측면충돌,안전거리미확보,건조,맑음,교차로 - 교차로부근,이륜,남,81세,경상,화물,남,54세,경상
2019042700100508,2019년 4월 27일 17시,토요일,충청북도 청주시 청원구 오창읍,경상사고,0,0,1,0,차대차 - 측면충돌,안전거리미확보,건조,맑음,교차로 - 교차로부근,승용,남,38세,상해없음,승용,여,56세,경상
2019042700100509,2019년 4월 27일 17시,토요일,충청북도 충주시 봉방동,중상사고,0,2,5,0,차대차 - 측면충돌,안전운전불이행,건조,맑음,단일로 - 기타,승용,여,63세,상해없음,승합,남,48세,상해없음
2019042700100510,2019년 4월 27일 17시,토요일,충청북도 충주시 칠금동,경상사고,0,0,4,0,차대차 - 기타,안전운전불이행,건조,맑음,단일로 - 기타,승용,남,44세,상해없음,승용,남,40세,경상
2019042700100511,2019년 4월 27일 17시,토요일,충청북도 영동군 영동읍,경상사고,0,0,3,0,차대차 - 추돌,안전운전불이행,건조,맑음,교차로 - 교차로부근,승합,남,62세,상해없음,승용,남,69세,경상
2019042700100512,2019년 4월 27일 17시,토요일,충청북도 청주시 상당구 금천동,중상사고,0,1,1,0,차대차 - 측면충돌,교차로운행방법위반,건조,맑음,교차로 - 교차로부근,승용,남,72세,상해없음,원동기,남,21세,중상
2019042700100587,2019년 4월 27일 19시,토요일,충청북도 음성군 맹동면,경상사고,0,0,1,0,차대사람 - 횡단중,안전운전불이행,건조,맑음,단일로 - 지하차도(도로)내,승용,여,20세,상해없음,보행자,남,61세,경상
2019042700100615,2019년 4월 27일 20시,토요일,충청북도 음성군 금왕읍,경상사고,0,0,1,0,차대사람 - 횡단중,안전운전불이행,건조,맑음,단일로 - 기타,원동기,남,53세,경상,보행자,기타불명,미분류,기타불명
2019042700100616,2019년 4월 27일 20시,토요일,충청북도 청주시 흥덕구 옥산면,경상사고,0,0,1,0,차대차 - 기타,중앙선침범,건조,맑음,단일로 - 기타,승용,남,48세,상해없음,승용,남,31세,경상
2019042700100648,2019년 4월 27일 21시,토요일,충청북도 충주시 앙성면,사망사고,1,3,0,0,차대차 - 정면충돌,중앙선침범,건조,맑음,단일로 - 기타,승용,여,51세,상해없음,화물,남,46세,중상
2019042700100649,2019년 4월 27일 21시,토요일,충청북도 제천시 동현동,중상사고,0,1,0,0,차대사람 - 횡단중,안전운전불이행,건조,맑음,단일로 - 지하차도(도로)내,승용,남,66세,상해없음,보행자,여,38세,중상
2019042700100650,2019년 4월 27일 21시,토요일,충청북도 청주시 흥덕구 송정동,중상사고,0,1,6,0,차대차 - 측면충돌,안전거리미확보,건조,맑음,교차로 - 교차로안,승용,여,64세,경상,승용,여,53세,중상
2019042700100702,2019년 4월 27일 23시,토요일,충청북도 청주시 서원구 사직동,중상사고,0,1,1,0,차대차 - 기타,안전거리미확보,건조,맑음,단일로 - 기타,승용,남,55세,상해없음,승용,남,34세,중상
2019042800100022,2019년 4월 28일 00시,일요일,충청북도 충주시 용산동,경상사고,0,0,1,0,차대사람 - 기타,안전운전불이행,건조,맑음,단일로 - 기타,승용,여,34세,상해없음,보행자,남,47세,경상
2019042800100032,2019년 4월 28일 01시,일요일,충청북도 제천시 하소동,중상사고,0,1,2,0,차대차 - 측면충돌,신호위반,건조,맑음,교차로 - 교차로부근,승용,여,62세,중상,승용,여,38세,경상
2019042800100046,2019년 4월 28일 02시,일요일,충청북도 충주시 연수동,사망사고,1,0,0,0,차대사람 - 횡단중,안전운전불이행,건조,흐림,단일로 - 기타,승용,남,62세,상해없음,보행자,남,46세,사망
2019042800100076,2019년 4월 28일 05시,일요일,충청북도 청주시 청원구 내덕동,경상사고,0,0,1,0,차대차 - 기타,안전운전불이행,건조,맑음,교차로 - 교차로안,승용,남,23세,상해없음,원동기,남,59세,경상
2019042800100134,2019년 4월 28일 09시,일요일,충청북도 진천군 이월면,중상사고,0,1,0,0,차대차 - 기타,직진우회전진행방해,건조,맑음,교차로 - 교차로안,이륜,여,74세,중상,승용,여,71세,상해없음
2019042800100135,2019년 4월 28일 09시,일요일,충청북도 청주시 흥덕구 복대동,경상사고,0,0,1,0,차대차 - 추돌,안전운전불이행,건조,맑음,교차로 - 교차로부근,승용,여,64세,상해없음,승용,남,51세,경상
2019042800100164,2019년 4월 28일 11시,일요일,충청북도 청주시 상당구 석교동,경상사고,0,0,1,0,차대차 - 측면충돌,신호위반,건조,맑음,교차로 - 교차로안,자전거,남,83세,경상,화물,남,59세,상해없음
2019042800100187,2019년 4월 28일 12시,일요일,충청북도 진천군 초평면,경상사고,0,0,4,0,차대차 - 추돌,안전거리미확보,건조,맑음,단일로 - 기타,승용,남,19세,상해없음,승용,남,39세,경상
2019042800100219,2019년 4월 28일 13시,일요일,충청북도 청주시 상당구 용담동,경상사고,0,0,4,0,차대차 - 측면충돌,기타,건조,맑음,교차로 - 교차로안,승용,남,73세,상해없음,승용,남,48세,경상
2019042800100247,2019년 4월 28일 14시,일요일,충청북도 청주시 청원구 율량동,경상사고,0,0,4,0,차대차 - 기타,안전운전불이행,건조,맑음,교차로 - 교차로안,승용,남,64세,상해없음,승용,남,30세,경상
2019042800100248,2019년 4월 28일 14시,일요일,충청북도 단양군 단양읍,경상사고,0,0,1,0,차대차 - 측면충돌,안전운전불이행,건조,맑음,단일로 - 기타,승합,남,58세,상해없음,승합,남,65세,상해없음
2019042800100305,2019년 4월 28일 16시,일요일,충청북도 청주시 서원구 사창동,경상사고,0,0,1,0,차대사람 - 횡단중,안전운전불이행,건조,맑음,단일로 - 기타,승용,남,44세,상해없음,보행자,여,74세,경상
2019042800100306,2019년 4월 28일 16시,일요일,충청북도 충주시 중앙탑면,중상사고,0,1,0,0,차대사람 - 기타,안전운전불이행,건조,맑음,기타 - 기타,승용,여,39세,상해없음,보행자,여,7세,중상
2019042800100307,2019년 4월 28일 16시,일요일,충청북도 청주시 흥덕구 강내면,경상사고,0,0,1,0,차대차 - 측면충돌,신호위반,건조,맑음,교차로 - 교차로안,승용,여,56세,상해없음,승용,남,67세,경상
2019042800100374,2019년 4월 28일 18시,일요일,충청북도 청주시 청원구 북이면,중상사고,0,2,0,0,차대차 - 기타,안전운전불이행,건조,맑음,교차로 - 교차로부근,승용,여,32세,중상,승용,남,66세,상해없음
2019042800100449,2019년 4월 28일 21시,일요일,충청북도 보은군 회인면,중상사고,0,1,0,0,차대차 - 정면충돌,중앙선침범,건조,흐림,단일로 - 지하차도(도로)내,승용,남,60세,상해없음,승용,남,52세,중상
2019042800100450,2019년 4월 28일 21시,일요일,충청북도 청주시 흥덕구 오송읍,경상사고,0,0,2,0,차대차 - 측면충돌,중앙선침범,건조,맑음,교차로 - 교차로안,화물,남,33세,상해없음,승용,남,48세,경상
2019042900100032,2019년 4월 29일 00시,월요일,충청북도 충주시 교현동,사망사고,1,0,0,0,차량단독 - 주/정차차량 충돌,안전운전불이행,건조,맑음,기타 - 기타,이륜,남,28세,사망,,,,
2019042900100037,2019년 4월 29일 01시,월요일,충청북도 청주시 흥덕구 복대동,경상사고,0,0,2,0,차대차 - 측면충돌,신호위반,건조,맑음,교차로 - 교차로안,승용,남,32세,상해없음,승용,남,58세,상해없음
2019042900100038,2019년 4월 29일 01시,월요일,충청북도 청주시 흥덕구 가경동,중상사고,0,1,0,0,차대차 - 기타,안전운전불이행,건조,맑음,단일로 - 기타,승용,남,38세,상해없음,승용,남,23세,중상
2019042900100054,2019년 4월 29일 04시,월요일,충청북도 제천시 하소동,경상사고,0,0,1,0,차량단독 - 전도전복 - 전도,안전운전불이행,건조,맑음,교차로 - 교차로안,이륜,남,19세,경상,,,,
2019042900100074,2019년 4월 29일 06시,월요일,충청북도 음성군 맹동면,중상사고,0,1,0,0,차대차 - 기타,안전거리미확보,건조,맑음,단일로 - 기타,기타불명,기타불명,미분류,기타불명,화물,남,62세,중상
2019042900100137,2019년 4월 29일 08시,월요일,충청북도 옥천군 군서면,중상사고,0,1,0,0,차대차 - 후진중충돌,불법유턴,건조,맑음,단일로 - 기타,승용,남,62세,상해없음,이륜,남,58세,중상
2019042900100171,2019년 4월 29일 09시,월요일,충청북도 청주시 청원구 우암동,경상사고,0,0,1,0,차대차 - 측면충돌,직진우회전진행방해,건조,맑음,교차로 - 교차로안,이륜,남,77세,경상,승용,여,54세,상해없음
2019042900100204,2019년 4월 29일 10시,월요일,충청북도 청주시 서원구 사직동,경상사고,0,0,1,0,차대차 - 측면충돌,안전운전불이행,건조,맑음,교차로 - 교차로안,승용,여,62세,상해없음,이륜,남,56세,경상
2019042900100205,2019년 4월 29일 10시,월요일,충청북도 청주시 청원구 오동동,경상사고,0,0,4,0,차대차 - 기타,안전운전불이행,건조,맑음,교차로 - 교차로부근,화물,남,27세,경상,승용,남,32세,경상
2019042900100206,2019년 4월 29일 10시,월요일,충청북도 청주시 흥덕구 가경동,경상사고,0,0,2,0,차대차 - 추돌,안전운전불이행,건조,맑음,교차로 - 교차로부근,화물,남,67세,상해없음,승용,남,51세,경상
2019042900100207,2019년 4월 29일 10시,월요일,충청북도 청주시 흥덕구 비하동,사망사고,1,0,0,0,차량단독 - 공작물충돌,안전운전불이행,건조,맑음,단일로 - 기타,승용,여,45세,사망,,,,
2019042900100249,2019년 4월 29일 11시,월요일,충청북도 영동군 심천면,경상사고,0,0,2,0,차대차 - 측면충돌,신호위반,젖음/습기,비,교차로 - 교차로안,승용,남,59세,상해없음,화물,남,53세,경상
2019042900100250,2019년 4월 29일 11시,월요일,충청북도 음성군 소이면,경상사고,0,0,1,0,차대사람 - 기타,안전운전불이행,건조,맑음,단일로 - 기타,화물,남,39세,상해없음,보행자,여,81세,경상
2019042900100251,2019년 4월 29일 11시,월요일,충청북도 청주시 서원구 남이면,경상사고,0,0,1,0,차대차 - 측면충돌,신호위반,건조,맑음,교차로 - 교차로부근,화물,남,50세,상해없음,승용,남,69세,경상
2019042900100252,2019년 4월 29일 11시,월요일,충청북도 청주시 상당구 방서동,경상사고,0,0,1,0,차대차 - 추돌,안전운전불이행,건조,맑음,교차로 - 교차로부근,화물,남,52세,상해없음,승용,여,48세,경상
2019042900100281,2019년 4월 29일 12시,월요일,충청북도 충주시 교현동,중상사고,0,1,0,0,차대차 - 기타,교차로운행방법위반,건조,맑음,교차로 - 교차로안,승용,여,63세,상해없음,승용,남,62세,중상
2019042900100306,2019년 4월 29일 13시,월요일,충청북도 충주시 교현동,경상사고,0,0,1,0,차대차 - 기타,교차로운행방법위반,건조,맑음,교차로 - 교차로안,승용,남,72세,상해없음,이륜,남,24세,경상
2019042900100307,2019년 4월 29일 13시,월요일,충청북도 청주시 흥덕구 강내면,중상사고,0,1,1,0,차대차 - 측면충돌,안전운전불이행,건조,맑음,교차로 - 교차로안,승용,여,52세,중상,화물,남,59세,경상
2019042900100343,2019년 4월 29일 14시,월요일,충청북도 음성군 감곡면,사망사고,1,0,0,0,차량단독 - 공작물충돌,안전운전불이행,건조,흐림,단일로 - 기타,이륜,남,40세,사망,,,,
2019042900100344,2019년 4월 29일 14시,월요일,충청북도 단양군 영춘면,경상사고,0,0,1,0,차대차 - 측면충돌,중앙선침범,건조,맑음,단일로 - 기타,승용,여,59세,상해없음,승용,남,38세,경상
2019042900100345,2019년 4월 29일 14시,월요일,충청북도 진천군 진천읍,중상사고,0,1,0,0,차대차 - 측면충돌,직진우회전진행방해,건조,맑음,교차로 - 교차로안,승합,남,51세,기타불명,승용,남,49세,중상
2019042900100381,2019년 4월 29일 15시,월요일,충청북도 청주시 청원구 율량동,중상사고,0,1,3,0,차대차 - 기타,신호위반,건조,맑음,교차로 - 교차로안,화물,여,34세,상해없음,승용,남,80세,경상
2019042900100382,2019년 4월 29일 15시,월요일,충청북도 제천시 중앙로2가,경상사고,0,0,1,0,차대차 - 측면충돌,직진우회전진행방해,건조,맑음,교차로 - 교차로안,승용,남,68세,상해없음,승용,남,54세,경상
2019042900100416,2019년 4월 29일 16시,월요일,충청북도 괴산군 청천면,경상사고,0,0,2,0,차대차 - 측면충돌,중앙선침범,젖음/습기,비,단일로 - 기타,승용,남,74세,상해없음,승용,남,55세,경상
2019042900100417,2019년 4월 29일 16시,월요일,충청북도 진천군 진천읍,경상사고,0,0,1,0,차대차 - 정면충돌,신호위반,젖음/습기,비,교차로 - 교차로안,이륜,남,51세,경상,승용,남,36세,상해없음
2019042900100460,2019년 4월 29일 17시,월요일,충청북도 충주시 교현동,경상사고,0,0,1,0,차대차 - 측면충돌,안전거리미확보,건조,맑음,기타 - 기타,이륜,남,74세,경상,승용,여,52세,상해없음
2019042900100461,2019년 4월 29일 17시,월요일,충청북도 청주시 상당구 방서동,경상사고,0,0,2,0,차대차 - 측면충돌,안전운전불이행,젖음/습기,비,교차로 - 교차로안,화물,남,50세,상해없음,승용,남,23세,경상
2019042900100515,2019년 4월 29일 18시,월요일,충청북도 음성군 맹동면,경상사고,0,0,1,0,차대차 - 측면충돌,안전운전불이행,젖음/습기,흐림,단일로 - 기타,승용,여,58세,상해없음,승용,여,31세,경상