사고번호,사고일시,요일,시군구,사고내용,사망자수,중상자수,경상자수,부상신고자수,사고유형,법규위반,노면상태,기상상태,도로형태,가해운전자 차종,가해운전자 성별,가해운전자 연령,가해운전자 상해정도,피해운전자 차종,피해운전자 성별,피해운전자 연령,피해운전자 상해정도
2019042900100516,2019년 4월 29일 18시,월요일,충청북도 청주시 흥덕구 수의동,경상사고,0,0,2,0,차대차 - 기타,안전거리미확보,젖음/습기,비,단일로 - 기타,승용,여,53세,상해없음,승용,여,18세,경상
2019042900100546,2019년 4월 29일 19시,월요일,충청북도 청주시 서원구 사창동,경상사고,0,0,1,0,차대차 - 기타,안전거리미확보,젖음/습기,비,단일로 - 기타,승용,남,33세,상해없음,원동기,남,19세,경상
2019042900100574,2019년 4월 29일 20시,월요일,충청북도 청주시 흥덕구 강서동,경상사고,0,0,1,0,차대차 - 추돌,안전거리미확보,건조,맑음,단일로 - 기타,화물,남,61세,상해없음,승용,남,43세,경상
2019042900100597,2019년 4월 29일 21시,월요일,충청북도 청주시 청원구 오창읍,중상사고,0,3,0,0,차대차 - 기타,안전운전불이행,건조,맑음,교차로 - 교차로부근,승용,남,28세,상해없음,승용,여,28세,중상
2019042900100598,2019년 4월 29일 21시,월요일,충청북도 옥천군 옥천읍,중상사고,0,1,0,0,차대사람 - 횡단중,보행자보호의무위반,건조,맑음,주차장 - 주차장,승용,남,24세,상해없음,보행자,남,56세,중상
2019043000100025,2019년 4월 30일 00시,화요일,충청북도 청주시 서원구 사창동,경상사고,0,0,2,0,차대차 - 추돌,안전운전불이행,건조,맑음,단일로 - 기타,승용,남,32세,상해없음,승용,남,60세,경상
2019043000100026,2019년 4월 30일 00시,화요일,충청북도 음성군 음성읍,중상사고,0,1,0,0,차대사람 - 횡단중,안전운전불이행,건조,맑음,교차로 - 교차로부근,기타불명,기타불명,미분류,기타불명,보행자,남,25세,중상
2019043000100027,2019년 4월 30일 00시,화요일,충청북도 청주시 흥덕구 봉명동,경상사고,0,0,1,0,차대차 - 기타,교차로운행방법위반,건조,맑음,교차로 - 교차로안,승용,여,49세,상해없음,승용,남,31세,경상
2019043000100029,2019년 4월 30일 00시,화요일,충청북도 청주시 흥덕구 석소동,사망사고,1,1,0,0,차대차 - 추돌,안전운전불이행,건조,맑음,단일로 - 기타,승용,여,45세,중상,화물,남,46세,상해없음
2019043000100046,2019년 4월 30일 02시,화요일,충청북도 청주시 서원구 산남동,사망사고,1,0,0,0,차대사람 - 횡단중,과속,건조,맑음,단일로 - 기타,승용,남,39세,상해없음,보행자,남,52세,사망
2019043000100095,2019년 4월 30일 07시,화요일,충청북도 음성군 음성읍,경상사고,0,0,1,0,차대차 - 측면충돌,안전운전불이행,건조,맑음,교차로 - 교차로안,승용,여,52세,경상,승용,여,45세,상해없음
2019043000100125,2019년 4월 30일 08시,화요일,충청북도 청주시 서원구 사직동,경상사고,0,0,1,0,차대차 - 기타,차로위반,건조,맑음,교차로 - 교차로부근,승용,남,80세,상해없음,승용,여,36세,경상
2019043000100166,2019년 4월 30일 09시,화요일,충청북도 제천시 하소동,경상사고,0,0,1,0,차대차 - 정면충돌,교차로운행방법위반,건조,맑음,교차로 - 교차로안,승용,남,49세,상해없음,승용,여,33세,경상
2019043000100167,2019년 4월 30일 09시,화요일,충청북도 청주시 상당구 남주동,중상사고,0,1,0,0,차대사람 - 길가장자리구역통행중,안전운전불이행,건조,맑음,단일로 - 지하차도(도로)내,화물,남,73세,상해없음,보행자,여,72세,중상
2019043000100200,2019년 4월 30일 10시,화요일,충청북도 청주시 흥덕구 운천동,중상사고,0,1,0,0,차대차 - 측면충돌,안전운전불이행,건조,맑음,단일로 - 기타,승용,남,57세,상해없음,자전거,남,74세,중상
2019043000100201,2019년 4월 30일 10시,화요일,충청북도 제천시 중앙로2가,경상사고,0,0,1,0,차대차 - 측면충돌,교차로운행방법위반,건조,맑음,교차로 - 교차로안,승용,남,76세,상해없음,승용,남,54세,경상
2019043000100202,2019년 4월 30일 10시,화요일,충청북도 음성군 금왕읍,중상사고,0,1,1,0,차대차 - 측면충돌,안전운전불이행,건조,맑음,단일로 - 기타,건설기계,남,22세,경상,승용,남,63세,중상
2019043000100269,2019년 4월 30일 12시,화요일,충청북도 진천군 진천읍,경상사고,0,0,1,0,차대차 - 기타,안전운전불이행,건조,맑음,교차로 - 교차로안,이륜,남,71세,경상,기타불명,기타불명,미분류,기타불명
2019043000100290,2019년 4월 30일 13시,화요일,충청북도 청주시 청원구 오창읍,경상사고,0,0,3,0,차대차 - 추돌,교차로운행방법위반,건조,맑음,교차로 - 교차로횡단보도내,화물,남,62세,상해없음,승합,남,58세,상해없음
2019043000100291,2019년 4월 30일 13시,화요일,충청북도 괴산군 감물면,사망사고,1,0,0,0,차대사람 - 기타,안전운전불이행,건조,맑음,교차로 - 교차로부근,승용,남,47세,상해없음,보행자,남,68세,사망
2019043000100321,2019년 4월 30일 14시,화요일,충청북도 충주시 용산동,경상사고,0,0,2,0,차대차 - 기타,기타,건조,맑음,단일로 - 기타,승용,남,76세,상해없음,승용,남,43세,경상
2019043000100322,2019년 4월 30일 14시,화요일,충청북도 옥천군 옥천읍,경상사고,0,0,1,0,차대차 - 기타,안전거리미확보,건조,맑음,교차로 - 교차로부근,승용,남,51세,상해없음,이륜,여,70세,경상
2019043000100323,2019년 4월 30일 14시,화요일,충청북도 진천군 이월면,중상사고,0,2,0,0,차량단독 - 기타,안전운전불이행,건조,맑음,단일로 - 기타,이륜,남,79세,중상,,,,
2019043000100324,2019년 4월 30일 14시,화요일,충청북도 진천군 이월면,중상사고,0,2,0,0,차량단독 - 기타,안전운전불이행,건조,맑음,교차로 - 교차로부근,이륜,남,79세,중상,,,,
2019043000100325,2019년 4월 30일 14시,화요일,충청북도 청주시 흥덕구 외북동,중상사고,0,1,1,0,차대차 - 추돌,안전운전불이행,건조,맑음,단일로 - 기타,승용,남,50세,상해없음,승용,여,57세,경상
2019043000100358,2019년 4월 30일 15시,화요일,충청북도 보은군 탄부면,사망사고,1,0,0,0,차대차 - 정면충돌,중앙선침범,건조,맑음,교차로 - 교차로안,이륜,여,69세,사망,건설기계,남,23세,상해없음
2019043000100359,2019년 4월 30일 15시,화요일,충청북도 보은군 보은읍,중상사고,0,1,0,0,차량단독 - 기타,안전운전불이행,건조,맑음,단일로 - 지하차도(도로)내,이륜,남,62세,상해없음,,,,
2019043000100360,2019년 4월 30일 15시,화요일,충청북도 청주시 서원구 미평동,중상사고,0,1,0,0,차대차 - 측면충돌,안전거리미확보,건조,맑음,단일로 - 기타,승용,여,60세,기타불명,승용,여,47세,중상
2019043000100361,2019년 4월 30일 15시,화요일,충청북도 충주시 노은면,중상사고,0,1,1,0,차대차 - 추돌,안전운전불이행,건조,맑음,단일로 - 터널,승용,남,52세,상해없음,화물,남,39세,중상
2019043000100433,2019년 4월 30일 17시,화요일,충청북도 제천시 중앙로2가,경상사고,0,0,2,0,차대차 - 측면충돌,기타,건조,맑음,교차로 - 교차로안,승용,여,35세,경상,승용,남,43세,경상
2019043000100434,2019년 4월 30일 17시,화요일,충청북도 증평군 증평읍,경상사고,0,0,1,0,차대차 - 정면충돌,중앙선침범,건조,맑음,단일로 - 기타,승용,여,56세,상해없음,이륜,남,19세,경상
2019043000100435,2019년 4월 30일 17시,화요일,충청북도 청주시 서원구 수곡동,경상사고,0,0,1,0,차대차 - 추돌,안전운전불이행,건조,맑음,교차로 - 교차로안,승용,남,58세,상해없음,승용,여,48세,경상
2019043000100484,2019년 4월 30일 18시,화요일,충청북도 제천시 청전동,경상사고,0,0,1,0,차대차 - 정면충돌,안전운전불이행,건조,맑음,단일로 - 지하차도(도로)내,이륜,남,17세,경상,특수,남,25세,상해없음
2019043000100485,2019년 4월 30일 18시,화요일,충청북도 진천군 진천읍,중상사고,0,1,0,0,차대차 - 측면충돌,직진우회전진행방해,건조,맑음,교차로 - 교차로안,화물,남,65세,상해없음,이륜,남,76세,중상
2019043000100520,2019년 4월 30일 19시,화요일,충청북도 청주시 청원구 사천동,경상사고,0,0,2,0,차대차 - 기타,신호위반,건조,맑음,교차로 - 교차로안,승용,남,66세,상해없음,승용,여,60세,경상
2019043000100548,2019년 4월 30일 20시,화요일,충청북도 진천군 문백면,중상사고,0,1,0,0,차대차 - 기타,차로위반,건조,맑음,단일로 - 기타,승용,남,45세,상해없음,이륜,남,35세,중상
2019043000100549,2019년 4월 30일 20시,화요일,충청북도 청주시 서원구 분평동,경상사고,0,0,1,0,차대차 - 추돌,안전운전불이행,건조,맑음,교차로 - 교차로부근,승용,여,48세,상해없음,승용,남,37세,경상
2019043000100644,2019년 4월 30일 23시,화요일,충청북도 옥천군 군북면,중상사고,0,3,1,0,차대차 - 추돌,안전운전불이행,건조,맑음,단일로 - 기타,승용,남,32세,상해없음,화물,남,51세,중상
2019050100100089,2019년 5월 1일 04시,수요일,충청북도 영동군 용산면,중상사고,0,1,0,0,차대차 - 정면충돌,중앙선침범,건조,맑음,기타 - 기타,승용,남,26세,상해없음,승용,남,51세,중상
2019050100100133,2019년 5월 1일 08시,수요일,충청북도 청주시 청원구 오창읍,경상사고,0,0,1,0,차대차 - 측면충돌,교차로운행방법위반,건조,맑음,교차로 - 교차로안,화물,남,54세,기타불명,승용,남,26세,경상
2019050100100134,2019년 5월 1일 08시,수요일,충청북도 충주시 호암동,중상사고,0,1,2,0,차대차 - 기타,안전운전불이행,건조,맑음,교차로 - 교차로안,승용,여,45세,상해없음,승용,여,44세,중상
2019050100100135,2019년 5월 1일 08시,수요일,충청북도 제천시 봉양읍,중상사고,0,1,1,0,차대차 - 정면충돌,교차로운행방법위반,건조,맑음,교차로 - 교차로안,화물,남,53세,경상,승용,남,60세,중상
2019050100100136,2019년 5월 1일 08시,수요일,충청북도 제천시 청전동,경상사고,0,0,1,0,차대사람 - 기타,안전운전불이행,건조,맑음,단일로 - 지하차도(도로)내,승용,여,39세,상해없음,보행자,여,13세,경상
2019050100100176,2019년 5월 1일 10시,수요일,충청북도 진천군 덕산면,경상사고,0,0,1,0,차대차 - 기타,직진우회전진행방해,건조,맑음,교차로 - 교차로안,승합,남,53세,상해없음,사륜오토바이(ATV),여,64세,경상
2019050100100194,2019년 5월 1일 11시,수요일,충청북도 청주시 흥덕구 문암동,경상사고,0,0,2,0,차대차 - 추돌,안전운전불이행,건조,맑음,단일로 - 기타,승용,남,38세,상해없음,승용,남,53세,경상
2019050100100238,2019년 5월 1일 12시,수요일,충청북도 증평군 증평읍,경상사고,0,0,1,0,차대차 - 측면충돌,안전운전불이행,건조,맑음,교차로 - 교차로안,승용,남,28세,상해없음,이륜,남,58세,경상
2019050100100239,2019년 5월 1일 12시,수요일,충청북도 청주시 흥덕구 지동동,경상사고,0,0,1,0,차대차 - 측면충돌,신호위반,건조,맑음,교차로 - 교차로안,승용,남,60세,상해없음,승용,남,48세,경상
2019050100100273,2019년 5월 1일 13시,수요일,충청북도 청주시 상당구 영운동,경상사고,0,0,1,0,차대차 - 측면충돌,안전운전불이행,건조,맑음,교차로 - 교차로부근,승합,남,32세,상해없음,승용,여,35세,경상
2019050100100308,2019년 5월 1일 14시,수요일,충청북도 증평군 증평읍,경상사고,0,0,1,0,차대차 - 추돌,안전거리미확보,건조,맑음,교차로 - 교차로부근,이륜,남,79세,경상,승용,남,25세,상해없음
2019050100100309,2019년 5월 1일 14시,수요일,충청북도 증평군 증평읍,경상사고,0,0,1,0,차대차 - 측면충돌,안전운전불이행,건조,맑음,교차로 - 교차로부근,승용,남,21세,기타불명,이륜,남,46세,경상
2019050100100310,2019년 5월 1일 14시,수요일,충청북도 음성군 금왕읍,중상사고,0,1,0,0,차대사람 - 횡단중,안전운전불이행,건조,맑음,교차로 - 교차로부근,승용,남,57세,상해없음,보행자,남,8세,중상
2019050100100311,2019년 5월 1일 14시,수요일,충청북도 음성군 대소면,중상사고,0,2,1,0,차대차 - 후진중충돌,안전운전불이행,건조,맑음,주차장 - 주차장,승용,남,41세,경상,승용,남,64세,중상
2019050100100312,2019년 5월 1일 14시,수요일,충청북도 진천군 진천읍,중상사고,0,1,0,0,차대차 - 측면충돌,안전거리미확보,건조,맑음,단일로 - 기타,승용,남,22세,상해없음,이륜,남,38세,중상
2019050100100313,2019년 5월 1일 14시,수요일,충청북도 청주시 흥덕구 비하동,경상사고,0,0,1,0,차대차 - 측면충돌,교차로운행방법위반,건조,맑음,교차로 - 교차로안,승용,여,31세,상해없음,자전거,여,62세,경상
2019050100100347,2019년 5월 1일 15시,수요일,충청북도 청주시 청원구 내수읍,중상사고,0,1,0,0,차대차 - 정면충돌,중앙선침범,건조,맑음,교차로 - 교차로부근,승용,남,38세,상해없음,이륜,남,33세,중상
2019050100100348,2019년 5월 1일 15시,수요일,충청북도 음성군 금왕읍,경상사고,0,0,1,0,차대차 - 측면충돌,안전운전불이행,건조,맑음,교차로 - 교차로부근,승용,여,47세,경상,승용,여,58세,상해없음
2019050100100384,2019년 5월 1일 16시,수요일,충청북도 충주시 연수동,경상사고,0,0,1,0,차대차 - 기타,안전운전불이행,건조,맑음,교차로 - 교차로안,승용,남,58세,상해없음,승용,여,50세,경상
2019050100100385,2019년 5월 1일 16시,수요일,충청북도 증평군 증평읍,경상사고,0,0,1,0,차대차 - 기타,안전운전불이행,건조,맑음,단일로 - 기타,이륜,남,57세,경상,화물,남,54세,상해없음
2019050100100386,2019년 5월 1일 16시,수요일,충청북도 보은군 보은읍,중상사고,0,1,1,0,차대차 - 후진중충돌,안전운전불이행,건조,맑음,교차로 - 교차로안,화물,남,39세,상해없음,이륜,남,80세,경상
2019050100100387,2019년 5월 1일 16시,수요일,충청북도 청주시 흥덕구 가경동,경상사고,0,0,1,0,차대차 - 기타,안전운전불이행,건조,맑음,교차로 - 교차로안,승용,여,59세,상해없음,자전거,남,12세,경상
2019050100100388,2019년 5월 1일 16시,수요일,충청북도 청주시 청원구 정상동,중상사고,0,2,0,0,차대사람 - 기타,보행자보호의무위반,건조,맑음,교차로 - 교차로횡단보도내,승용,여,36세,상해없음,보행자,남,57세,중상
2019050100100420,2019년 5월 1일 17시,수요일,충청북도 충주시 교현동,중상사고,0,1,0,0,차대차 - 측면충돌,안전운전불이행,건조,맑음,교차로 - 교차로안,승용,남,18세,상해없음,자전거,남,25세,중상
2019050100100461,2019년 5월 1일 18시,수요일,충청북도 제천시 송학면,경상사고,0,0,1,0,차대사람 - 기타,안전운전불이행,건조,맑음,단일로 - 지하차도(도로)내,특수,남,53세,상해없음,보행자,남,61세,경상
2019050100100462,2019년 5월 1일 18시,수요일,충청북도 청주시 흥덕구 복대동,경상사고,0,0,1,0,차대사람 - 기타,기타,건조,맑음,단일로 - 기타,개인형이동수단(PM),남,10세,상해없음,보행자,여,44세,경상
2019050100100488,2019년 5월 1일 19시,수요일,충청북도 청주시 청원구 오동동,사망사고,1,0,0,0,차대사람 - 차도통행중,안전운전불이행,건조,맑음,단일로 - 기타,승용,여,31세,상해없음,보행자,남,62세,사망
2019050100100489,2019년 5월 1일 19시,수요일,충청북도 괴산군 괴산읍,중상사고,0,1,0,0,차대사람 - 횡단중,보행자보호의무위반,건조,맑음,교차로 - 교차로안,승용,여,58세,상해없음,보행자,남,39세,중상
2019050100100490,2019년 5월 1일 19시,수요일,충청북도 음성군 소이면,경상사고,0,0,3,0,차대차 - 측면충돌,안전운전불이행,건조,맑음,단일로 - 기타,승용,남,66세,상해없음,승용,남,41세,경상
2019050100100491,2019년 5월 1일 19시,수요일,충청북도 청주시 상당구 용정동,경상사고,0,0,2,0,차대차 - 정면충돌,신호위반,건조,맑음,교차로 - 교차로안,승용,여,51세,경상,승용,여,58세,경상
2019050100100519,2019년 5월 1일 20시,수요일,충청북도 제천시 의림동,경상사고,0,0,2,0,차대차 - 정면충돌,직진우회전진행방해,건조,맑음,교차로 - 교차로안,화물,남,54세,상해없음,승용,남,77세,경상
2019050100100520,2019년 5월 1일 20시,수요일,충청북도 청주시 흥덕구 오송읍,경상사고,0,0,2,0,차대차 - 추돌,안전거리미확보,건조,맑음,교차로 - 교차로안,승용,남,30세,상해없음,승용,남,76세,경상
2019050100100521,2019년 5월 1일 20시,수요일,충청북도 청주시 흥덕구 봉명동,경상사고,0,0,1,0,차대차 - 측면충돌,안전거리미확보,건조,맑음,단일로 - 기타,승용,여,48세,상해없음,승용,남,30세,경상
2019050100100550,2019년 5월 1일 21시,수요일,충청북도 청주시 흥덕구 수의동,경상사고,0,0,1,0,차대차 - 측면충돌,안전운전불이행,건조,맑음,단일로 - 기타,화물,남,53세,상해없음,승합,남,49세,상해없음
2019050100100551,2019년 5월 1일 21시,수요일,충청북도 청주시 상당구 용암동,부상신고사고,0,0,0,1,차대차 - 측면충돌,교차로운행방법위반,건조,맑음,교차로 - 교차로안,이륜,남,43세,부상신고,승용,여,58세,상해없음
2019050100100583,2019년 5월 1일 23시,수요일,충청북도 청주시 청원구 북이면,경상사고,0,0,1,0,차대차 - 기타,안전거리미확보,건조,맑음,단일로 - 기타,승용,남,26세,상해없음,승용,여,56세,경상
2019050100100584,2019년 5월 1일 23시,수요일,충청북도 청주시 서원구 개신동,경상사고,0,0,4,0,차대차 - 측면충돌,안전거리미확보,건조,맑음,단일로 - 기타,이륜,남,20세,상해없음,승용,남,68세,경상
2019050200100056,2019년 5월 2일 05시,목요일,충청북도 증평군 증평읍,경상사고,0,0,1,0,차대차 - 측면충돌,신호위반,건조,맑음,교차로 - 교차로안,화물,남,57세,상해없음,승용,남,39세,경상
2019050200100057,2019년 5월 2일 05시,목요일,충청북도 음성군 대소면,경상사고,0,0,1,0,차대차 - 측면충돌,교차로운행방법위반,건조,맑음,교차로 - 교차로안,승용,기타불명,미분류,기타불명,승합,여,54세,상해없음
2019050200100063,2019년 5월 2일 06시,목요일,충청북도 보은군 보은읍,중상사고,0,3,0,0,차대차 - 정면충돌,교차로운행방법위반,건조,맑음,교차로 - 교차로안,승용,여,46세,중상,화물,남,61세,중상
2019050200100064,2019년 5월 2일 06시,목요일,충청북도 청주시 흥덕구 복대동,경상사고,0,0,1,0,차대차 - 기타,교차로운행방법위반,건조,맑음,교차로 - 교차로안,승용,남,52세,상해없음,승용,여,39세,경상
2019050200100092,2019년 5월 2일 07시,목요일,충청북도 제천시 대랑동,경상사고,0,0,1,0,차대차 - 추돌,안전운전불이행,건조,맑음,단일로 - 지하차도(도로)내,승용,남,30세,상해없음,건설기계,남,37세,경상
2019050200100093,2019년 5월 2일 07시,목요일,충청북도 청주시 흥덕구 송절동,경상사고,0,0,1,0,차대차 - 기타,신호위반,건조,맑음,교차로 - 교차로부근,화물,남,45세,상해없음,승용,남,35세,경상
2019050200100136,2019년 5월 2일 08시,목요일,충청북도 충주시 금릉동,중상사고,0,1,0,0,차대사람 - 기타,안전운전불이행,건조,맑음,기타 - 기타,승용,남,43세,상해없음,보행자,여,25세,중상
2019050200100137,2019년 5월 2일 08시,목요일,충청북도 청주시 서원구 수곡동,경상사고,0,0,2,0,차대차 - 측면충돌,안전운전불이행,건조,맑음,교차로 - 교차로안,승용,여,50세,상해없음,승용,여,45세,경상
2019050200100252,2019년 5월 2일 11시,목요일,충청북도 청주시 흥덕구 봉명동,경상사고,0,0,1,0,차대차 - 기타,안전운전불이행,건조,맑음,단일로 - 기타,승용,여,63세,상해없음,승용,여,45세,경상
2019050200100288,2019년 5월 2일 12시,목요일,충청북도 청주시 청원구 외남동,중상사고,0,1,0,0,차량단독 - 공작물충돌,안전운전불이행,건조,맑음,단일로 - 교량,승용,남,28세,중상,,,,
2019050200100289,2019년 5월 2일 12시,목요일,충청북도 청주시 흥덕구 복대동,중상사고,0,1,0,0,차대차 - 측면충돌,안전운전불이행,건조,맑음,교차로 - 교차로부근,이륜,남,34세,중상,승용,남,55세,상해없음
2019050200100290,2019년 5월 2일 12시,목요일,충청북도 진천군 진천읍,경상사고,0,0,1,0,차대차 - 추돌,안전운전불이행,건조,맑음,단일로 - 기타,화물,남,30세,상해없음,화물,남,45세,경상
2019050200100317,2019년 5월 2일 13시,목요일,충청북도 청주시 흥덕구 남촌동,경상사고,0,0,3,0,차대차 - 기타,안전운전불이행,건조,맑음,단일로 - 기타,승용,여,33세,상해없음,화물,남,37세,경상
2019050200100359,2019년 5월 2일 14시,목요일,충청북도 제천시 고암동,중상사고,0,2,0,0,차대차 - 기타,안전운전불이행,건조,맑음,단일로 - 지하차도(도로)내,승용,남,57세,상해없음,승용,남,38세,중상
2019050200100360,2019년 5월 2일 14시,목요일,충청북도 영동군 영동읍,경상사고,0,0,1,0,차대차 - 측면충돌,안전운전불이행,건조,맑음,단일로 - 기타,승용,여,38세,기타불명,승용,남,28세,경상
2019050200100361,2019년 5월 2일 14시,목요일,충청북도 청주시 서원구 모충동,중상사고,0,1,0,0,차대차 - 측면충돌,안전운전불이행,건조,맑음,기타 - 기타,승용,여,50세,상해없음,이륜,남,46세,중상
2019050200100401,2019년 5월 2일 15시,목요일,충청북도 청주시 흥덕구 송정동,경상사고,0,0,1,0,차대차 - 기타,중앙선침범,건조,맑음,교차로 - 교차로부근,승용,남,54세,상해없음,승용,남,72세,상해없음
2019050200100438,2019년 5월 2일 16시,목요일,충청북도 제천시 서부동,경상사고,0,0,2,0,차대차 - 측면충돌,안전운전불이행,건조,맑음,교차로 - 교차로안,승용,남,33세,경상,승용,여,32세,경상
2019050200100439,2019년 5월 2일 16시,목요일,충청북도 청주시 상당구 용암동,중상사고,0,1,0,0,차대사람 - 횡단중,보행자보호의무위반,건조,맑음,교차로 - 교차로횡단보도내,승용,남,69세,상해없음,보행자,여,9세,중상
2019050200100485,2019년 5월 2일 17시,목요일,충청북도 충주시 금가면,중상사고,0,1,1,0,차대차 - 정면충돌,안전거리미확보,건조,맑음,단일로 - 교량,승용,여,54세,중상,화물,남,58세,상해없음
2019050200100486,2019년 5월 2일 17시,목요일,충청북도 충주시 연수동,경상사고,0,0,1,0,차대차 - 추돌,안전운전불이행,건조,맑음,교차로 - 교차로안,화물,남,50세,상해없음,승용,여,62세,경상
2019050200100533,2019년 5월 2일 18시,목요일,충청북도 충주시 교현동,경상사고,0,0,1,1,차대차 - 측면충돌,중앙선침범,건조,맑음,교차로 - 교차로안,승용,남,39세,부상신고,승용,남,54세,경상
2019050200100534,2019년 5월 2일 18시,목요일,충청북도 음성군 금왕읍,경상사고,0,0,1,0,차대사람 - 길가장자리구역통행중,안전운전불이행,건조,맑음,교차로 - 교차로부근,승용,여,61세,상해없음,보행자,여,75세,경상
2019050200100535,2019년 5월 2일 18시,목요일,충청북도 청주시 상당구 용정동,경상사고,0,0,1,0,차대차 - 추돌,안전운전불이행,건조,맑음,단일로 - 기타,승용,남,39세,경상,건설기계,기타불명,미분류,기타불명
2019050200100586,2019년 5월 2일 19시,목요일,충청북도 충주시 안림동,경상사고,0,0,2,0,차대차 - 기타,직진우회전진행방해,건조,맑음,교차로 - 교차로안,승용,남,74세,상해없음,승용,남,65세,경상
2019050200100615,2019년 5월 2일 20시,목요일,충청북도 충주시 주덕읍,사망사고,1,0,0,0,차대사람 - 횡단중,안전운전불이행,건조,맑음,교차로 - 교차로부근,화물,남,65세,상해없음,보행자,여,57세,사망
2019050200100646,2019년 5월 2일 21시,목요일,충청북도 청주시 상당구 용암동,경상사고,0,0,1,0,차대차 - 후진중충돌,안전운전불이행,건조,맑음,교차로 - 교차로안,승용,남,49세,상해없음,승용,여,22세,경상
2019050200100685,2019년 5월 2일 22시,목요일,충청북도 옥천군 옥천읍,중상사고,0,2,1,0,차대차 - 기타,교차로운행방법위반,건조,맑음,교차로 - 교차로안,승용,남,50세,경상,승용,남,57세,중상
2019050300100041,2019년 5월 3일 00시,금요일,충청북도 청주시 상당구 석교동,중상사고,0,1,0,0,차대차 - 기타,신호위반,건조,맑음,교차로 - 교차로안,승용,남,22세,상해없음,이륜,남,30세,중상
2019050300100065,2019년 5월 3일 03시,금요일,충청북도 청주시 흥덕구 향정동,사망사고,1,0,0,0,차량단독 - 공작물충돌,안전운전불이행,건조,맑음,단일로 - 기타,이륜,남,29세,사망,,,,
2019050300100116,2019년 5월 3일 07시,금요일,충청북도 청주시 상당구 용암동,경상사고,0,0,3,0,차대차 - 측면충돌,신호위반,건조,맑음,교차로 - 교차로안,승용,여,47세,상해없음,승용,남,47세,경상
2019050300100230,2019년 5월 3일 10시,금요일,충청북도 청주시 청원구 율량동,경상사고,0,0,2,0,차대차 - 기타,신호위반,건조,맑음,교차로 - 교차로안,승용,여,51세,상해없음,화물,남,40세,경상
2019050300100264,2019년 5월 3일 11시,금요일,충청북도 옥천군 옥천읍,중상사고,0,1,0,0,차대차 - 측면충돌,교차로운행방법위반,건조,맑음,교차로 - 교차로안,승용,남,26세,상해없음,승용,남,34세,중상
2019050300100265,2019년 5월 3일 11시,금요일,충청북도 진천군 진천읍,경상사고,0,0,1,0,차대차 - 추돌,안전거리미확보,건조,맑음,단일로 - 기타,승용,남,52세,상해없음,이륜,남,71세,경상
2019050300100266,2019년 5월 3일 11시,금요일,충청북도 청주시 상당구 지북동,경상사고,0,0,2,0,차대차 - 추돌,안전운전불이행,건조,맑음,교차로 - 교차로부근,화물,남,51세,상해없음,승용,남,36세,경상
2019050300100267,2019년 5월 3일 11시,금요일,충청북도 충주시 노은면,경상사고,0,0,2,1,차대차 - 추돌,안전거리미확보,건조,맑음,단일로 - 기타,승용,남,89세,상해없음,승용,남,25세,부상신고
2019050300100339,2019년 5월 3일 13시,금요일,충청북도 청주시 청원구 우암동,경상사고,0,0,1,0,차대사람 - 기타,안전거리미확보,건조,맑음,단일로 - 기타,승합,기타불명,미분류,기타불명,보행자,여,71세,경상
2019050300100340,2019년 5월 3일 13시,금요일,충청북도 음성군 금왕읍,경상사고,0,0,1,0,차대차 - 추돌,안전운전불이행,건조,맑음,단일로 - 기타,승용,남,48세,상해없음,승용,여,25세,경상
2019050300100379,2019년 5월 3일 14시,금요일,충청북도 음성군 금왕읍,경상사고,0,0,1,1,차대차 - 측면충돌,직진우회전진행방해,건조,맑음,교차로 - 교차로안,승용,남,48세,부상신고,승용,남,46세,경상
2019050300100415,2019년 5월 3일 15시,금요일,충청북도 단양군 적성면,경상사고,0,0,3,0,차대차 - 추돌,안전거리미확보,건조,맑음,단일로 - 기타,승용,여,22세,상해없음,승용,남,32세,경상
2019050300100416,2019년 5월 3일 15시,금요일,충청북도 청주시 청원구 율량동,경상사고,0,0,3,0,차대차 - 기타,안전운전불이행,건조,맑음,교차로 - 교차로부근,이륜,남,31세,경상,승용,여,35세,경상
2019050300100417,2019년 5월 3일 15시,금요일,충청북도 진천군 광혜원면,경상사고,0,0,1,0,차대차 - 추돌,안전운전불이행,건조,맑음,단일로 - 기타,화물,남,56세,상해없음,승용,남,56세,경상
2019050300100463,2019년 5월 3일 16시,금요일,충청북도 청주시 서원구 사창동,중상사고,0,1,0,0,차대차 - 측면충돌,안전거리미확보,건조,맑음,교차로 - 교차로횡단보도내,원동기,남,71세,중상,승용,여,45세,상해없음
2019050300100464,2019년 5월 3일 16시,금요일,충청북도 충주시 엄정면,경상사고,0,0,1,0,차대차 - 기타,중앙선침범,건조,맑음,단일로 - 기타,화물,남,46세,상해없음,건설기계,남,65세,경상
2019050300100465,2019년 5월 3일 16시,금요일,충청북도 제천시 중앙로2가,경상사고,0,0,2,0,차대차 - 추돌,안전운전불이행,건조,맑음,교차로 - 교차로부근,승용,남,57세,상해없음,승용,여,65세,경상
2019050300100523,2019년 5월 3일 17시,금요일,충청북도 음성군 금왕읍,경상사고,0,0,1,0,차대사람 - 횡단중,중앙선침범,건조,맑음,교차로 - 교차로부근,승용,여,26세,상해없음,보행자,남,62세,경상
2019050300100524,2019년 5월 3일 17시,금요일,충청북도 음성군 대소면,중상사고,0,1,0,0,차대차 - 측면충돌,교차로운행방법위반,건조,맑음,교차로 - 교차로안,승용,남,65세,상해없음,화물,남,48세,중상