사고번호,사고일시,요일,시군구,사고내용,사망자수,중상자수,경상자수,부상신고자수,사고유형,법규위반,노면상태,기상상태,도로형태,가해운전자 차종,가해운전자 성별,가해운전자 연령,가해운전자 상해정도,피해운전자 차종,피해운전자 성별,피해운전자 연령,피해운전자 상해정도
2019050300100525,2019년 5월 3일 17시,금요일,충청북도 진천군 초평면,중상사고,0,1,3,0,차대차 - 기타,안전운전불이행,건조,맑음,단일로 - 기타,승용,남,58세,상해없음,승용,남,30세,중상
2019050300100526,2019년 5월 3일 17시,금요일,충청북도 청주시 상당구 금천동,경상사고,0,0,1,0,차대사람 - 길가장자리구역통행중,안전운전불이행,건조,맑음,단일로 - 지하차도(도로)내,승용,남,34세,상해없음,보행자,남,22세,경상
2019050300100527,2019년 5월 3일 17시,금요일,충청북도 청주시 상당구 석교동,경상사고,0,0,1,0,차대차 - 측면충돌,안전운전불이행,건조,맑음,단일로 - 교량,승용,여,65세,상해없음,승합,남,51세,경상
2019050300100584,2019년 5월 3일 18시,금요일,충청북도 청주시 서원구 사창동,부상신고사고,0,0,0,1,차대차 - 기타,안전운전불이행,건조,맑음,교차로 - 교차로횡단보도내,승용,남,45세,상해없음,자전거,남,47세,부상신고
2019050300100585,2019년 5월 3일 18시,금요일,충청북도 영동군 영동읍,경상사고,0,0,2,0,차대차 - 측면충돌,안전운전불이행,건조,맑음,교차로 - 교차로안,승용,남,22세,상해없음,화물,남,62세,경상
2019050300100625,2019년 5월 3일 19시,금요일,충청북도 충주시 교현동,중상사고,0,1,0,0,차대사람 - 보도통행중,안전운전불이행,건조,맑음,교차로 - 교차로안,승용,남,43세,상해없음,보행자,남,13세,중상
2019050300100657,2019년 5월 3일 20시,금요일,충청북도 증평군 도안면,경상사고,0,0,1,0,차대차 - 측면충돌,신호위반,건조,맑음,교차로 - 교차로안,승용,여,66세,상해없음,승용,남,28세,경상
2019050300100658,2019년 5월 3일 20시,금요일,충청북도 청주시 흥덕구 가경동,경상사고,0,0,1,0,차대차 - 측면충돌,안전거리미확보,건조,맑음,단일로 - 기타,승용,남,39세,상해없음,승용,남,36세,경상
2019050300100698,2019년 5월 3일 21시,금요일,충청북도 청주시 흥덕구 복대동,중상사고,0,1,0,0,차대차 - 측면충돌,안전운전불이행,건조,맑음,교차로 - 교차로안,화물,남,57세,상해없음,이륜,남,33세,중상
2019050300100699,2019년 5월 3일 21시,금요일,충청북도 청주시 상당구 용암동,경상사고,0,0,1,0,차대차 - 추돌,안전운전불이행,건조,맑음,교차로 - 교차로부근,승용,여,49세,상해없음,승용,여,38세,경상
2019050300100729,2019년 5월 3일 22시,금요일,충청북도 청주시 흥덕구 송정동,경상사고,0,0,2,0,차대차 - 기타,신호위반,건조,맑음,교차로 - 교차로안,이륜,남,21세,경상,승용,남,29세,경상
2019050300100751,2019년 5월 3일 23시,금요일,충청북도 충주시 용산동,경상사고,0,0,1,0,차대차 - 측면충돌,안전운전불이행,건조,흐림,교차로 - 교차로안,승용,여,24세,상해없음,승용,남,51세,경상
2019050300100752,2019년 5월 3일 23시,금요일,충청북도 청주시 흥덕구 봉명동,경상사고,0,0,2,0,차대차 - 측면충돌,안전거리미확보,건조,맑음,교차로 - 교차로부근,이륜,남,27세,경상,이륜,남,30세,경상
2019050400100038,2019년 5월 4일 00시,토요일,충청북도 청주시 청원구 주성동,경상사고,0,0,1,0,차량단독 - 기타,안전운전불이행,건조,맑음,교차로 - 교차로부근,승용,남,62세,상해없음,,,,
2019050400100039,2019년 5월 4일 00시,토요일,충청북도 청주시 흥덕구 가경동,경상사고,0,0,1,0,차대차 - 정면충돌,중앙선침범,건조,맑음,교차로 - 교차로부근,승용,남,22세,상해없음,승용,남,53세,경상
2019050400100062,2019년 5월 4일 01시,토요일,충청북도 청주시 청원구 율량동,중상사고,0,1,0,0,차대사람 - 기타,신호위반,건조,맑음,단일로 - 기타,승용,남,66세,상해없음,보행자,남,30세,중상
2019050400100071,2019년 5월 4일 02시,토요일,충청북도 제천시 청전동,경상사고,0,0,1,0,차대사람 - 기타,안전운전불이행,건조,맑음,교차로 - 교차로부근,승용,남,48세,상해없음,보행자,남,35세,경상
2019050400100072,2019년 5월 4일 02시,토요일,충청북도 제천시 남천동,중상사고,0,1,0,0,차대사람 - 횡단중,안전운전불이행,건조,맑음,교차로 - 교차로부근,승용,남,24세,상해없음,보행자,남,53세,중상
2019050400100082,2019년 5월 4일 03시,토요일,충청북도 충주시 교현동,경상사고,0,0,2,0,차대차 - 기타,신호위반,건조,맑음,교차로 - 교차로안,승용,남,27세,상해없음,승용,남,39세,경상
2019050400100103,2019년 5월 4일 05시,토요일,충청북도 청주시 서원구 사직동,경상사고,0,0,1,0,차량단독 - 기타,안전운전불이행,건조,맑음,교차로 - 교차로부근,승용,남,38세,경상,,,,
2019050400100126,2019년 5월 4일 07시,토요일,충청북도 충주시 주덕읍,경상사고,0,0,1,0,차대차 - 추돌,신호위반,건조,맑음,교차로 - 교차로안,승용,남,71세,상해없음,승용,여,57세,경상
2019050400100127,2019년 5월 4일 07시,토요일,충청북도 충주시 칠금동,경상사고,0,0,3,0,차대차 - 기타,기타,건조,맑음,교차로 - 교차로안,승용,남,69세,경상,승용,남,33세,경상
2019050400100128,2019년 5월 4일 07시,토요일,충청북도 충주시 봉방동,경상사고,0,0,3,1,차대차 - 추돌,안전운전불이행,건조,맑음,교차로 - 교차로안,화물,남,54세,부상신고,화물,남,46세,경상
2019050400100148,2019년 5월 4일 08시,토요일,충청북도 괴산군 괴산읍,중상사고,0,1,0,0,차량단독 - 기타,안전운전불이행,건조,맑음,교차로 - 교차로안,이륜,남,58세,중상,,,,
2019050400100199,2019년 5월 4일 10시,토요일,충청북도 진천군 이월면,중상사고,0,1,0,0,차대차 - 기타,직진우회전진행방해,건조,맑음,교차로 - 교차로안,승용,남,31세,상해없음,원동기,여,73세,중상
2019050400100200,2019년 5월 4일 10시,토요일,충청북도 청주시 서원구 분평동,경상사고,0,0,2,0,차대차 - 추돌,안전운전불이행,건조,맑음,교차로 - 교차로안,승용,여,21세,상해없음,승용,남,64세,경상
2019050400100288,2019년 5월 4일 12시,토요일,충청북도 음성군 금왕읍,경상사고,0,0,4,0,차대차 - 추돌,안전운전불이행,건조,맑음,교차로 - 교차로부근,화물,남,25세,상해없음,화물,남,64세,경상
2019050400100369,2019년 5월 4일 14시,토요일,충청북도 음성군 대소면,경상사고,0,0,1,0,차대차 - 측면충돌,안전운전불이행,건조,맑음,교차로 - 교차로안,이륜,남,66세,경상,특수,남,37세,상해없음
2019050400100370,2019년 5월 4일 14시,토요일,충청북도 청주시 상당구 남문로1가동,중상사고,0,1,0,0,차대사람 - 기타,기타,건조,맑음,단일로 - 지하차도(도로)내,승합,남,56세,상해없음,보행자,남,79세,중상
2019050400100371,2019년 5월 4일 14시,토요일,충청북도 청주시 상당구 문화동,경상사고,0,0,1,0,차대차 - 기타,기타,건조,맑음,단일로 - 지하차도(도로)내,승용,여,57세,상해없음,자전거,남,72세,경상
2019050400100372,2019년 5월 4일 14시,토요일,충청북도 청주시 상당구 용암동,경상사고,0,0,1,0,차대차 - 측면충돌,안전운전불이행,건조,맑음,교차로 - 교차로부근,승용,여,60세,상해없음,승용,남,36세,경상
2019050400100418,2019년 5월 4일 15시,토요일,충청북도 옥천군 옥천읍,경상사고,0,0,1,0,차대사람 - 기타,안전운전불이행,건조,맑음,단일로 - 기타,승용,여,62세,상해없음,보행자,남,9세,경상
2019050400100463,2019년 5월 4일 16시,토요일,충청북도 청주시 상당구 가덕면,중상사고,0,4,0,0,차대차 - 기타,안전운전불이행,건조,맑음,단일로 - 기타,이륜,남,25세,중상,이륜,남,28세,중상
2019050400100493,2019년 5월 4일 17시,토요일,충청북도 영동군 용산면,경상사고,0,0,4,0,차대차 - 측면충돌,안전거리미확보,건조,맑음,단일로 - 기타,화물,여,57세,상해없음,승용,남,38세,경상
2019050400100538,2019년 5월 4일 18시,토요일,충청북도 단양군 적성면,경상사고,0,0,3,0,차대차 - 추돌,안전운전불이행,건조,맑음,기타 - 기타,승용,남,30세,상해없음,승용,남,45세,경상
2019050400100539,2019년 5월 4일 18시,토요일,충청북도 청주시 서원구 수곡동,경상사고,0,0,1,0,차대차 - 측면충돌,교차로운행방법위반,건조,맑음,교차로 - 교차로안,승용,남,44세,상해없음,이륜,남,18세,경상
2019050400100571,2019년 5월 4일 19시,토요일,충청북도 영동군 용산면,경상사고,0,0,1,0,차대차 - 측면충돌,안전운전불이행,건조,맑음,교차로 - 교차로부근,이륜,남,77세,경상,승용,남,64세,상해없음
2019050400100572,2019년 5월 4일 19시,토요일,충청북도 음성군 감곡면,경상사고,0,0,5,0,차대차 - 추돌,안전운전불이행,건조,맑음,교차로 - 교차로부근,승용,여,52세,경상,승용,남,42세,경상
2019050400100573,2019년 5월 4일 19시,토요일,충청북도 청주시 서원구 산남동,경상사고,0,0,1,0,차대차 - 기타,안전운전불이행,건조,맑음,교차로 - 교차로안,승용,여,47세,상해없음,원동기,남,56세,경상
2019050400100598,2019년 5월 4일 20시,토요일,충청북도 충주시 봉방동,중상사고,0,1,0,0,차대차 - 측면충돌,안전운전불이행,건조,맑음,교차로 - 교차로안,승합,남,64세,상해없음,이륜,남,24세,중상
2019050400100635,2019년 5월 4일 21시,토요일,충청북도 청주시 흥덕구 신봉동,중상사고,0,1,2,0,차대차 - 측면충돌,신호위반,건조,맑음,교차로 - 교차로안,이륜,남,17세,중상,승용,남,28세,경상
2019050400100694,2019년 5월 4일 23시,토요일,충청북도 청주시 상당구 북문로2가동,경상사고,0,0,1,0,차대차 - 기타,신호위반,건조,맑음,단일로 - 기타,이륜,남,19세,경상,승용,남,49세,상해없음
2019050400100695,2019년 5월 4일 23시,토요일,충청북도 청주시 흥덕구 복대동,중상사고,0,1,0,0,차대차 - 측면충돌,안전운전불이행,건조,맑음,단일로 - 기타,이륜,남,66세,상해없음,승용,남,64세,상해없음
2019050500100079,2019년 5월 5일 05시,일요일,충청북도 충주시 교현동,경상사고,0,0,3,0,차대차 - 추돌,안전운전불이행,건조,맑음,기타 - 기타,승용,남,23세,상해없음,승용,남,18세,경상
2019050500100091,2019년 5월 5일 06시,일요일,충청북도 영동군 용산면,경상사고,0,0,2,0,차대차 - 기타,안전운전불이행,건조,맑음,단일로 - 기타,승용,여,26세,상해없음,승합,남,62세,경상
2019050500100177,2019년 5월 5일 11시,일요일,충청북도 충주시 산척면,경상사고,0,0,1,0,차대차 - 기타,안전운전불이행,건조,맑음,교차로 - 교차로부근,이륜,남,66세,경상,화물,남,52세,상해없음
2019050500100178,2019년 5월 5일 11시,일요일,충청북도 제천시 송학면,경상사고,0,0,1,0,차량단독 - 공작물충돌,안전운전불이행,건조,맑음,교차로 - 교차로부근,승용,남,61세,경상,,,,
2019050500100179,2019년 5월 5일 11시,일요일,충청북도 증평군 증평읍,경상사고,0,0,1,0,차대차 - 측면충돌,신호위반,건조,맑음,교차로 - 교차로안,승용,여,27세,경상,승용,남,51세,상해없음
2019050500100180,2019년 5월 5일 11시,일요일,충청북도 충주시 노은면,중상사고,0,1,3,0,차대차 - 기타,안전운전불이행,건조,맑음,단일로 - 기타,승용,여,48세,경상,승합,남,54세,상해없음
2019050500100209,2019년 5월 5일 12시,일요일,충청북도 음성군 음성읍,경상사고,0,0,3,0,차대차 - 측면충돌,안전운전불이행,건조,맑음,교차로 - 교차로부근,승용,남,57세,상해없음,승용,남,30세,경상
2019050500100251,2019년 5월 5일 13시,일요일,충청북도 제천시 청풍면,경상사고,0,0,3,0,차대차 - 추돌,안전운전불이행,건조,맑음,기타 - 기타,화물,남,52세,상해없음,승용,남,60세,경상
2019050500100252,2019년 5월 5일 13시,일요일,충청북도 청주시 흥덕구 강내면,경상사고,0,0,2,0,차대차 - 후진중충돌,안전운전불이행,건조,맑음,단일로 - 기타,승용,여,40세,상해없음,승용,남,37세,경상
2019050500100294,2019년 5월 5일 14시,일요일,충청북도 청주시 서원구 사직동,경상사고,0,0,1,0,차대차 - 기타,안전운전불이행,건조,맑음,단일로 - 기타,화물,남,58세,상해없음,승용,여,63세,경상
2019050500100295,2019년 5월 5일 14시,일요일,충청북도 증평군 증평읍,경상사고,0,0,1,0,차대차 - 측면충돌,안전운전불이행,건조,맑음,교차로 - 교차로안,승용,여,67세,상해없음,승용,여,58세,경상
2019050500100335,2019년 5월 5일 15시,일요일,충청북도 청주시 청원구 내덕동,중상사고,0,1,0,0,차대차 - 기타,신호위반,건조,맑음,기타 - 기타,승용,남,61세,상해없음,이륜,남,33세,중상
2019050500100336,2019년 5월 5일 15시,일요일,충청북도 충주시 산척면,경상사고,0,0,3,0,차대차 - 기타,안전운전불이행,건조,맑음,교차로 - 교차로안,화물,남,27세,경상,승용,남,69세,경상
2019050500100337,2019년 5월 5일 15시,일요일,충청북도 청주시 흥덕구 가경동,경상사고,0,0,1,0,차대차 - 측면충돌,신호위반,건조,맑음,교차로 - 교차로안,승용,여,59세,상해없음,승용,여,33세,경상
2019050500100492,2019년 5월 5일 19시,일요일,충청북도 제천시 수산면,중상사고,0,1,1,0,차량단독 - 도로외이탈 - 기타,안전운전불이행,건조,흐림,단일로 - 기타,화물,남,60세,상해없음,,,,
2019050500100521,2019년 5월 5일 20시,일요일,충청북도 제천시 모산동,사망사고,1,0,0,0,차대사람 - 횡단중,안전운전불이행,건조,맑음,단일로 - 지하차도(도로)내,승용,남,34세,상해없음,보행자,여,57세,사망
2019050500100522,2019년 5월 5일 20시,일요일,충청북도 진천군 이월면,경상사고,0,0,2,0,차대차 - 기타,안전운전불이행,건조,맑음,단일로 - 기타,기타불명,기타불명,미분류,기타불명,승용,여,57세,경상
2019050500100523,2019년 5월 5일 20시,일요일,충청북도 충주시 대소원면,경상사고,0,0,8,2,차대차 - 추돌,안전거리미확보,건조,맑음,단일로 - 기타,승용,남,23세,경상,승용,남,35세,경상
2019050500100554,2019년 5월 5일 21시,일요일,충청북도 청주시 흥덕구 송절동,중상사고,0,3,0,0,차대차 - 기타,신호위반,건조,맑음,교차로 - 교차로안,승용,남,61세,중상,승합,남,36세,중상
2019050500100555,2019년 5월 5일 21시,일요일,충청북도 청주시 흥덕구 상신동,경상사고,0,0,3,0,차대차 - 기타,안전운전불이행,건조,맑음,교차로 - 교차로부근,승용,남,22세,기타불명,승용,여,39세,경상
2019050500100585,2019년 5월 5일 22시,일요일,충청북도 청주시 서원구 사창동,경상사고,0,0,3,0,차대차 - 추돌,안전운전불이행,건조,맑음,단일로 - 기타,승용,남,51세,상해없음,승용,남,29세,경상
2019050500100586,2019년 5월 5일 22시,일요일,충청북도 옥천군 군서면,경상사고,0,0,4,0,차대차 - 측면충돌,교차로운행방법위반,건조,맑음,교차로 - 교차로안,승용,남,48세,경상,승용,남,32세,경상
2019050600100025,2019년 5월 6일 00시,월요일,충청북도 청주시 흥덕구 복대동,중상사고,0,1,0,1,차대사람 - 기타,안전운전불이행,건조,맑음,단일로 - 기타,이륜,남,27세,부상신고,보행자,여,59세,중상
2019050600100042,2019년 5월 6일 01시,월요일,충청북도 청주시 흥덕구 가경동,중상사고,0,1,1,0,차대차 - 기타,안전운전불이행,건조,맑음,단일로 - 기타,승용,남,24세,상해없음,승용,남,36세,중상
2019050600100061,2019년 5월 6일 02시,월요일,충청북도 충주시 교현동,경상사고,0,0,3,0,차대차 - 기타,신호위반,건조,맑음,교차로 - 교차로안,승용,남,42세,상해없음,승용,남,61세,경상
2019050600100070,2019년 5월 6일 03시,월요일,충청북도 청주시 흥덕구 강내면,경상사고,0,0,2,0,차대차 - 측면충돌,신호위반,건조,맑음,교차로 - 교차로안,승용,남,29세,상해없음,승용,남,27세,경상
2019050600100084,2019년 5월 6일 05시,월요일,충청북도 청주시 상당구 서문동,경상사고,0,0,6,0,차대차 - 측면충돌,신호위반,건조,맑음,교차로 - 교차로안,승용,여,51세,경상,승용,남,63세,경상
2019050600100098,2019년 5월 6일 07시,월요일,충청북도 음성군 금왕읍,경상사고,0,0,1,0,차대사람 - 차도통행중,안전운전불이행,건조,맑음,교차로 - 교차로부근,승용,여,60세,상해없음,보행자,남,42세,경상
2019050600100244,2019년 5월 6일 13시,월요일,충청북도 충주시 호암동,경상사고,0,0,4,0,차대차 - 추돌,안전운전불이행,건조,맑음,단일로 - 기타,승용,남,62세,상해없음,승용,여,63세,경상
2019050600100245,2019년 5월 6일 13시,월요일,충청북도 청주시 흥덕구 복대동,중상사고,0,1,0,0,차대차 - 기타,중앙선침범,건조,맑음,교차로 - 교차로부근,승합,남,36세,상해없음,승합,남,41세,상해없음
2019050600100292,2019년 5월 6일 14시,월요일,충청북도 청주시 서원구 성화동,경상사고,0,0,2,0,차대차 - 측면충돌,안전운전불이행,건조,맑음,교차로 - 교차로부근,승용,여,31세,상해없음,승용,남,30세,경상
2019050600100335,2019년 5월 6일 15시,월요일,충청북도 충주시 살미면,중상사고,0,1,0,0,차량단독 - 전도전복 - 전도,안전운전불이행,건조,맑음,단일로 - 기타,건설기계,남,46세,중상,,,,
2019050600100336,2019년 5월 6일 15시,월요일,충청북도 진천군 문백면,경상사고,0,0,3,0,차대차 - 추돌,안전운전불이행,건조,맑음,주차장 - 주차장,승용,남,54세,경상,승용,남,52세,경상
2019050600100337,2019년 5월 6일 15시,월요일,충청북도 청주시 상당구 남주동,중상사고,0,1,0,0,차대사람 - 횡단중,보행자보호의무위반,건조,맑음,단일로 - 지하차도(도로)내,승용,남,54세,상해없음,보행자,남,67세,중상
2019050600100376,2019년 5월 6일 16시,월요일,충청북도 청주시 청원구 우암동,경상사고,0,0,3,0,차대차 - 기타,불법유턴,건조,맑음,단일로 - 기타,승용,남,27세,상해없음,승용,남,37세,경상
2019050600100377,2019년 5월 6일 16시,월요일,충청북도 영동군 영동읍,경상사고,0,0,2,0,차대차 - 후진중충돌,안전운전불이행,건조,맑음,교차로 - 교차로안,승용,남,53세,상해없음,승용,남,32세,경상
2019050600100378,2019년 5월 6일 16시,월요일,충청북도 청주시 흥덕구 복대동,중상사고,0,1,0,0,차대사람 - 기타,보행자보호의무위반,건조,맑음,교차로 - 교차로횡단보도내,승용,남,59세,상해없음,보행자,남,76세,중상
2019050600100420,2019년 5월 6일 17시,월요일,충청북도 청주시 청원구 오창읍,경상사고,0,0,1,0,차량단독 - 공작물충돌,안전운전불이행,건조,맑음,교차로 - 교차로부근,승용,여,50세,경상,,,,
2019050600100421,2019년 5월 6일 17시,월요일,충청북도 충주시 호암동,중상사고,0,1,5,2,차대차 - 측면충돌,안전운전불이행,건조,맑음,교차로 - 교차로안,승용,여,65세,경상,승용,여,42세,경상
2019050600100422,2019년 5월 6일 17시,월요일,충청북도 청주시 서원구 수곡동,경상사고,0,0,2,0,차대차 - 측면충돌,교차로운행방법위반,건조,맑음,교차로 - 교차로안,승용,여,45세,상해없음,이륜,남,27세,경상
2019050600100423,2019년 5월 6일 17시,월요일,충청북도 청주시 상당구 탑동,경상사고,0,0,2,0,차대차 - 측면충돌,안전운전불이행,건조,맑음,교차로 - 교차로안,승용,남,39세,상해없음,승용,남,28세,경상
2019050600100464,2019년 5월 6일 18시,월요일,충청북도 청주시 서원구 사직동,경상사고,0,0,1,0,차량단독 - 전도전복 - 전도,안전운전불이행,건조,맑음,교차로 - 교차로부근,이륜,남,53세,경상,,,,
2019050600100465,2019년 5월 6일 18시,월요일,충청북도 제천시 강제동,부상신고사고,0,0,0,1,차량단독 - 전도전복 - 전도,안전운전불이행,건조,맑음,교차로 - 교차로횡단보도내,이륜,남,21세,부상신고,,,,
2019050600100531,2019년 5월 6일 20시,월요일,충청북도 청주시 흥덕구 강서동,경상사고,0,0,1,0,차대사람 - 기타,보행자보호의무위반,건조,맑음,교차로 - 교차로안,승용,남,18세,상해없음,보행자,남,43세,경상
2019050600100532,2019년 5월 6일 20시,월요일,충청북도 청주시 상당구 석교동,경상사고,0,0,1,0,차대차 - 기타,안전운전불이행,건조,맑음,단일로 - 지하차도(도로)내,승용,남,64세,상해없음,이륜,남,58세,경상
2019050600100533,2019년 5월 6일 20시,월요일,충청북도 괴산군 연풍면,경상사고,0,0,3,3,차대차 - 추돌,안전운전불이행,건조,맑음,단일로 - 기타,승용,남,25세,상해없음,승용,여,35세,경상
2019050600100583,2019년 5월 6일 22시,월요일,충청북도 청주시 흥덕구 송정동,경상사고,0,0,2,0,차대차 - 추돌,안전거리미확보,건조,맑음,단일로 - 기타,승용,남,55세,상해없음,승용,남,49세,경상
2019050700100035,2019년 5월 7일 00시,화요일,충청북도 충주시 호암동,경상사고,0,0,6,0,차대차 - 측면충돌,신호위반,건조,맑음,교차로 - 교차로안,승용,남,36세,경상,승용,남,41세,경상
2019050700100036,2019년 5월 7일 00시,화요일,충청북도 충주시 호암동,경상사고,0,0,3,0,차대차 - 측면충돌,신호위반,건조,맑음,교차로 - 교차로안,승용,남,47세,경상,승용,남,62세,경상
2019050700100046,2019년 5월 7일 01시,화요일,충청북도 청주시 서원구 개신동,경상사고,0,0,1,0,차대차 - 측면충돌,중앙선침범,건조,맑음,교차로 - 교차로안,자전거,남,17세,경상,승용,남,55세,상해없음
2019050700100065,2019년 5월 7일 05시,화요일,충청북도 청주시 청원구 오동동,경상사고,0,0,1,0,차대차 - 후진중충돌,안전운전불이행,건조,맑음,교차로 - 교차로부근,승용,여,42세,상해없음,승용,남,44세,경상
2019050700100187,2019년 5월 7일 09시,화요일,충청북도 충주시 충인동,경상사고,0,0,1,0,차대차 - 기타,신호위반,건조,맑음,교차로 - 교차로안,승용,남,60세,상해없음,이륜,남,65세,경상
2019050700100188,2019년 5월 7일 09시,화요일,충청북도 진천군 진천읍,경상사고,0,0,1,0,차대차 - 기타,신호위반,건조,맑음,교차로 - 교차로안,건설기계,남,58세,상해없음,승용,남,74세,경상
2019050700100189,2019년 5월 7일 09시,화요일,충청북도 청주시 서원구 산남동,중상사고,0,1,1,0,차대차 - 기타,안전운전불이행,건조,맑음,교차로 - 교차로부근,승용,여,34세,상해없음,승용,여,44세,경상
2019050700100234,2019년 5월 7일 10시,화요일,충청북도 청주시 상당구 지북동,경상사고,0,0,1,0,차대차 - 측면충돌,안전거리미확보,건조,맑음,단일로 - 기타,화물,남,60세,상해없음,승용,여,62세,경상
2019050700100265,2019년 5월 7일 11시,화요일,충청북도 충주시 연수동,중상사고,0,1,1,0,차대차 - 측면충돌,직진우회전진행방해,건조,맑음,교차로 - 교차로안,원동기,남,78세,중상,승용,남,42세,경상
2019050700100266,2019년 5월 7일 11시,화요일,충청북도 충주시 봉방동,경상사고,0,0,1,0,차대차 - 후진중충돌,안전운전불이행,건조,맑음,교차로 - 교차로부근,승용,남,76세,상해없음,화물,남,35세,경상
2019050700100306,2019년 5월 7일 12시,화요일,충청북도 충주시 주덕읍,경상사고,0,0,1,0,차대차 - 기타,안전운전불이행,건조,맑음,교차로 - 교차로안,승용,남,36세,상해없음,자전거,남,72세,경상
2019050700100351,2019년 5월 7일 13시,화요일,충청북도 충주시 신니면,중상사고,0,1,0,0,차대차 - 기타,안전운전불이행,건조,맑음,교차로 - 교차로안,화물,남,28세,상해없음,이륜,남,76세,중상
2019050700100386,2019년 5월 7일 14시,화요일,충청북도 보은군 보은읍,중상사고,0,1,1,0,차대차 - 측면충돌,안전운전불이행,건조,맑음,교차로 - 교차로안,승용,남,43세,중상,승용,남,37세,경상
2019050700100387,2019년 5월 7일 14시,화요일,충청북도 청주시 상당구 평촌동,경상사고,0,0,1,0,차량단독 - 전도전복 - 전도,안전운전불이행,젖음/습기,맑음,교차로 - 교차로부근,이륜,남,26세,경상,,,,
2019050700100388,2019년 5월 7일 14시,화요일,충청북도 청주시 상당구 평촌동,경상사고,0,0,1,0,차량단독 - 기타,안전운전불이행,건조,맑음,교차로 - 교차로부근,이륜,남,25세,경상,,,,
2019050700100427,2019년 5월 7일 15시,화요일,충청북도 청주시 서원구 남이면,경상사고,0,0,2,0,차대차 - 측면충돌,신호위반,건조,맑음,교차로 - 교차로부근,승용,여,55세,경상,승용,여,61세,경상
2019050700100428,2019년 5월 7일 15시,화요일,충청북도 청주시 상당구 금천동,경상사고,0,0,1,0,차대사람 - 기타,안전운전불이행,건조,맑음,기타 - 기타,승용,여,59세,상해없음,보행자,여,81세,경상
2019050700100473,2019년 5월 7일 16시,화요일,충청북도 충주시 주덕읍,부상신고사고,0,0,0,1,차대차 - 측면충돌,교차로운행방법위반,건조,맑음,교차로 - 교차로안,이륜,남,65세,부상신고,승용,남,66세,상해없음
2019050700100568,2019년 5월 7일 18시,화요일,충청북도 제천시 고암동,중상사고,0,1,0,0,차대차 - 측면충돌,안전운전불이행,건조,맑음,교차로 - 교차로안,자전거,남,12세,중상,화물,남,33세,상해없음
2019050700100569,2019년 5월 7일 18시,화요일,충청북도 단양군 단양읍,경상사고,0,0,1,0,차량단독 - 공작물충돌,안전운전불이행,건조,맑음,기타 - 기타,승용,남,77세,경상,,,,
2019050700100570,2019년 5월 7일 18시,화요일,충청북도 청주시 흥덕구 가경동,중상사고,0,1,0,0,차대사람 - 차도통행중,안전운전불이행,건조,맑음,단일로 - 기타,승용,남,66세,상해없음,보행자,여,60세,중상
2019050700100621,2019년 5월 7일 19시,화요일,충청북도 청주시 서원구 개신동,경상사고,0,0,1,0,차대차 - 기타,안전운전불이행,건조,맑음,교차로 - 교차로안,승용,남,59세,상해없음,승용,여,58세,경상
2019050700100622,2019년 5월 7일 19시,화요일,충청북도 제천시 중앙로2가,경상사고,0,0,2,0,차대차 - 정면충돌,직진우회전진행방해,건조,맑음,교차로 - 교차로안,승용,남,66세,경상,승용,여,43세,경상
2019050700100623,2019년 5월 7일 19시,화요일,충청북도 청주시 흥덕구 화계동,경상사고,0,0,3,0,차대차 - 기타,안전운전불이행,건조,맑음,교차로 - 교차로안,승용,남,47세,경상,승용,여,27세,경상
2019050700100624,2019년 5월 7일 19시,화요일,충청북도 청주시 서원구 모충동,경상사고,0,0,1,0,차대차 - 측면충돌,교차로운행방법위반,건조,맑음,교차로 - 교차로안,화물,남,73세,상해없음,승용,여,36세,경상
2019050700100666,2019년 5월 7일 20시,화요일,충청북도 청주시 서원구 성화동,중상사고,0,1,0,0,차대차 - 측면충돌,안전운전불이행,건조,맑음,교차로 - 교차로안,승용,남,46세,상해없음,이륜,남,50세,중상
2019050700100711,2019년 5월 7일 22시,화요일,충청북도 충주시 금릉동,경상사고,0,0,1,0,차대차 - 기타,신호위반,건조,맑음,교차로 - 교차로안,승용,여,41세,상해없음,승용,남,56세,경상
2019050700100728,2019년 5월 7일 23시,화요일,충청북도 청주시 청원구 내수읍,중상사고,0,1,0,0,차대차 - 기타,안전운전불이행,건조,맑음,단일로 - 기타,화물,남,59세,상해없음,승용,여,37세,중상
2019050700100729,2019년 5월 7일 23시,화요일,충청북도 청주시 흥덕구 비하동,경상사고,0,0,1,0,차대차 - 추돌,안전운전불이행,건조,맑음,교차로 - 교차로부근,승용,남,78세,상해없음,승용,남,49세,경상
2019050800100058,2019년 5월 8일 03시,수요일,충청북도 제천시 하소동,경상사고,0,0,1,0,차대차 - 측면충돌,직진우회전진행방해,건조,맑음,교차로 - 교차로안,화물,남,51세,상해없음,승용,남,46세,경상
2019050800100133,2019년 5월 8일 08시,수요일,충청북도 진천군 덕산면,경상사고,0,0,1,0,차대사람 - 기타,안전운전불이행,건조,맑음,교차로 - 교차로부근,화물,남,59세,상해없음,보행자,여,75세,경상
2019050800100134,2019년 5월 8일 08시,수요일,충청북도 청주시 흥덕구 송정동,부상신고사고,0,0,0,1,차대차 - 기타,신호위반,건조,맑음,교차로 - 교차로안,승용,남,32세,상해없음,승용,남,62세,부상신고