사고번호,사고일시,요일,시군구,사고내용,사망자수,중상자수,경상자수,부상신고자수,사고유형,법규위반,노면상태,기상상태,도로형태,가해운전자 차종,가해운전자 성별,가해운전자 연령,가해운전자 상해정도,피해운전자 차종,피해운전자 성별,피해운전자 연령,피해운전자 상해정도
2019051600100611,2019년 5월 16일 19시,목요일,충청북도 청주시 청원구 내덕동,경상사고,0,0,1,0,차대사람 - 기타,안전운전불이행,건조,맑음,교차로 - 교차로부근,승용,남,52세,상해없음,보행자,남,35세,경상
2019051600100612,2019년 5월 16일 19시,목요일,충청북도 청주시 흥덕구 봉명동,경상사고,0,0,1,0,차대차 - 측면충돌,안전운전불이행,건조,맑음,단일로 - 기타,승용,여,39세,상해없음,자전거,남,9세,경상
2019051600100643,2019년 5월 16일 20시,목요일,충청북도 청주시 청원구 내덕동,경상사고,0,0,1,0,차대차 - 기타,안전거리미확보,건조,맑음,교차로 - 교차로부근,이륜,남,41세,경상,승용,남,48세,상해없음
2019051600100644,2019년 5월 16일 20시,목요일,충청북도 청주시 흥덕구 복대동,경상사고,0,0,1,0,차대사람 - 횡단중,보행자보호의무위반,건조,맑음,교차로 - 교차로횡단보도내,승용,남,57세,상해없음,보행자,여,56세,경상
2019051600100675,2019년 5월 16일 21시,목요일,충청북도 청주시 청원구 오창읍,중상사고,0,1,1,0,차대차 - 기타,신호위반,건조,맑음,교차로 - 교차로안,승용,남,50세,상해없음,이륜,남,17세,중상
2019051600100676,2019년 5월 16일 21시,목요일,충청북도 단양군 영춘면,경상사고,0,0,1,0,차량단독 - 공작물충돌,안전운전불이행,건조,맑음,기타 - 기타,승합,남,50세,경상,,,,
2019051700100050,2019년 5월 17일 02시,금요일,충청북도 청주시 흥덕구 오송읍,중상사고,0,3,1,0,차대차 - 측면충돌,신호위반,건조,맑음,교차로 - 교차로안,승용,여,26세,중상,승용,남,44세,경상
2019051700100058,2019년 5월 17일 03시,금요일,충청북도 증평군 증평읍,중상사고,0,1,0,0,차량단독 - 기타,안전운전불이행,건조,맑음,단일로 - 기타,승용,남,51세,중상,,,,
2019051700100103,2019년 5월 17일 07시,금요일,충청북도 청주시 흥덕구 지동동,경상사고,0,0,1,0,차대차 - 추돌,안전거리미확보,건조,맑음,교차로 - 교차로부근,승용,남,26세,상해없음,승용,남,36세,경상
2019051700100142,2019년 5월 17일 08시,금요일,충청북도 청주시 청원구 오창읍,중상사고,0,1,0,0,차대차 - 측면충돌,직진우회전진행방해,건조,맑음,교차로 - 교차로안,승용,남,38세,상해없음,승용,남,28세,중상
2019051700100143,2019년 5월 17일 08시,금요일,충청북도 청주시 청원구 주성동,경상사고,0,0,1,0,차대차 - 기타,안전거리미확보,건조,맑음,교차로 - 교차로부근,승용,남,28세,상해없음,승용,남,31세,경상
2019051700100144,2019년 5월 17일 08시,금요일,충청북도 충주시 문화동,경상사고,0,0,2,0,차대차 - 측면충돌,안전운전불이행,건조,맑음,교차로 - 교차로안,승용,남,42세,상해없음,승용,남,49세,경상
2019051700100145,2019년 5월 17일 08시,금요일,충청북도 청주시 흥덕구 오송읍,경상사고,0,0,1,0,차대차 - 기타,신호위반,건조,맑음,교차로 - 교차로안,승용,여,34세,상해없음,승용,여,31세,경상
2019051700100146,2019년 5월 17일 08시,금요일,충청북도 청주시 상당구 용담동,경상사고,0,0,1,0,차대차 - 측면충돌,안전운전불이행,건조,맑음,단일로 - 기타,승용,여,50세,상해없음,승용,여,56세,경상
2019051700100177,2019년 5월 17일 09시,금요일,충청북도 청주시 청원구 우암동,경상사고,0,0,1,0,차대차 - 기타,신호위반,건조,맑음,교차로 - 교차로횡단보도내,승용,남,68세,상해없음,자전거,여,68세,경상
2019051700100178,2019년 5월 17일 09시,금요일,충청북도 음성군 음성읍,중상사고,0,4,1,0,차대차 - 측면충돌,안전운전불이행,건조,맑음,단일로 - 지하차도(도로)내,화물,남,65세,중상,승용,여,42세,중상
2019051700100211,2019년 5월 17일 10시,금요일,충청북도 청주시 청원구 오창읍,경상사고,0,0,1,0,차대차 - 기타,안전운전불이행,건조,맑음,단일로 - 기타,승용,남,44세,상해없음,승용,여,56세,상해없음
2019051700100212,2019년 5월 17일 10시,금요일,충청북도 청주시 흥덕구 운천동,경상사고,0,0,1,0,차대차 - 기타,신호위반,건조,맑음,교차로 - 교차로안,승용,여,66세,기타불명,승용,남,42세,경상
2019051700100239,2019년 5월 17일 11시,금요일,충청북도 제천시 남천동,중상사고,0,1,0,0,차대사람 - 횡단중,보행자보호의무위반,건조,맑음,기타 - 기타,승용,남,38세,상해없음,보행자,여,53세,중상
2019051700100269,2019년 5월 17일 12시,금요일,충청북도 충주시 수안보면,중상사고,0,1,3,0,차대차 - 기타,안전운전불이행,건조,맑음,교차로 - 교차로안,승용,남,58세,상해없음,화물,남,54세,경상
2019051700100270,2019년 5월 17일 12시,금요일,충청북도 영동군 추풍령면,부상신고사고,0,0,0,1,차량단독 - 전도전복 - 전도,안전운전불이행,건조,맑음,단일로 - 기타,이륜,남,56세,부상신고,,,,
2019051700100271,2019년 5월 17일 12시,금요일,충청북도 영동군 영동읍,중상사고,0,1,0,0,차대사람 - 횡단중,안전운전불이행,건조,맑음,단일로 - 기타,화물,남,63세,상해없음,보행자,여,84세,중상
2019051700100272,2019년 5월 17일 12시,금요일,충청북도 청주시 흥덕구 옥산면,경상사고,0,0,1,0,차대차 - 측면충돌,중앙선침범,건조,맑음,교차로 - 교차로부근,자전거,여,69세,경상,승합,남,64세,상해없음
2019051700100345,2019년 5월 17일 14시,금요일,충청북도 청주시 흥덕구 옥산면,경상사고,0,0,1,1,차대차 - 정면충돌,중앙선침범,건조,맑음,단일로 - 기타,승용,여,60세,부상신고,화물,남,50세,경상
2019051700100385,2019년 5월 17일 15시,금요일,충청북도 충주시 달천동,경상사고,0,0,2,0,차대차 - 기타,안전거리미확보,건조,맑음,단일로 - 기타,승용,남,45세,상해없음,승용,여,26세,경상
2019051700100386,2019년 5월 17일 15시,금요일,충청북도 보은군 수한면,중상사고,0,2,0,0,차대차 - 측면충돌,교차로운행방법위반,건조,맑음,교차로 - 교차로안,건설기계,남,51세,상해없음,승용,남,82세,중상
2019051700100470,2019년 5월 17일 17시,금요일,충청북도 청주시 청원구 내수읍,경상사고,0,0,3,0,차대차 - 기타,직진우회전진행방해,건조,맑음,교차로 - 교차로안,승용,남,27세,경상,승용,여,68세,경상
2019051700100516,2019년 5월 17일 18시,금요일,충청북도 청주시 청원구 내수읍,경상사고,0,0,1,0,차대차 - 기타,신호위반,건조,흐림,교차로 - 교차로안,승용,남,25세,상해없음,화물,남,58세,경상
2019051700100517,2019년 5월 17일 18시,금요일,충청북도 청주시 서원구 사창동,경상사고,0,0,2,0,차대차 - 측면충돌,안전거리미확보,건조,맑음,단일로 - 기타,승용,남,49세,상해없음,승용,여,49세,경상
2019051700100518,2019년 5월 17일 18시,금요일,충청북도 청주시 흥덕구 가경동,경상사고,0,0,3,0,차대차 - 기타,직진우회전진행방해,건조,맑음,교차로 - 교차로안,승용,남,71세,경상,화물,남,23세,경상
2019051700100519,2019년 5월 17일 18시,금요일,충청북도 청주시 흥덕구 봉명동,부상신고사고,0,0,0,1,차대차 - 기타,안전운전불이행,건조,맑음,교차로 - 교차로안,이륜,남,20세,부상신고,승용,여,44세,상해없음
2019051700100520,2019년 5월 17일 18시,금요일,충청북도 청주시 서원구 분평동,경상사고,0,0,1,0,차대차 - 측면충돌,안전운전불이행,건조,맑음,교차로 - 교차로횡단보도내,승용,여,62세,상해없음,자전거,여,22세,경상
2019051700100566,2019년 5월 17일 19시,금요일,충청북도 청주시 청원구 사천동,중상사고,0,1,0,0,차대차 - 기타,안전운전불이행,건조,맑음,단일로 - 기타,이륜,남,29세,중상,승용,여,40세,상해없음
2019051700100567,2019년 5월 17일 19시,금요일,충청북도 청주시 서원구 죽림동,경상사고,0,0,1,0,차대차 - 기타,안전운전불이행,건조,맑음,단일로 - 지하차도(도로)내,이륜,남,17세,경상,화물,남,48세,상해없음
2019051700100568,2019년 5월 17일 19시,금요일,충청북도 청주시 서원구 성화동,경상사고,0,0,1,0,차대차 - 측면충돌,안전운전불이행,건조,맑음,단일로 - 기타,승용,남,44세,상해없음,자전거,남,50세,경상
2019051700100569,2019년 5월 17일 19시,금요일,충청북도 청주시 흥덕구 가경동,경상사고,0,0,2,0,차대차 - 기타,신호위반,건조,맑음,교차로 - 교차로안,승용,남,64세,상해없음,승용,여,48세,경상
2019051700100610,2019년 5월 17일 20시,금요일,충청북도 청주시 서원구 사직동,경상사고,0,0,1,0,차대차 - 측면충돌,안전거리미확보,건조,맑음,교차로 - 교차로안,승용,남,69세,상해없음,승용,남,53세,상해없음
2019051700100611,2019년 5월 17일 20시,금요일,충청북도 청주시 청원구 내덕동,중상사고,0,1,0,0,차대사람 - 기타,과속,건조,맑음,단일로 - 기타,승용,남,28세,상해없음,보행자,남,56세,중상
2019051700100612,2019년 5월 17일 20시,금요일,충청북도 음성군 금왕읍,경상사고,0,0,1,0,차대차 - 정면충돌,교차로운행방법위반,건조,맑음,교차로 - 교차로안,승용,남,61세,상해없음,이륜,남,28세,경상
2019051700100613,2019년 5월 17일 20시,금요일,충청북도 옥천군 옥천읍,중상사고,0,2,0,0,차대차 - 추돌,신호위반,건조,맑음,교차로 - 교차로안,승용,남,28세,상해없음,기타불명,기타불명,미분류,기타불명
2019051700100649,2019년 5월 17일 21시,금요일,충청북도 제천시 의림동,중상사고,0,2,0,0,차대차 - 추돌,안전운전불이행,건조,맑음,교차로 - 교차로부근,승용,남,42세,상해없음,화물,여,59세,중상
2019051700100650,2019년 5월 17일 21시,금요일,충청북도 청주시 흥덕구 복대동,경상사고,0,0,1,0,차대차 - 정면충돌,중앙선침범,건조,맑음,단일로 - 기타,자전거,남,16세,경상,승용,여,39세,상해없음
2019051700100679,2019년 5월 17일 22시,금요일,충청북도 증평군 증평읍,중상사고,0,1,0,0,차대사람 - 길가장자리구역통행중,안전운전불이행,건조,맑음,단일로 - 기타,승용,남,49세,상해없음,보행자,남,76세,중상
2019051700100680,2019년 5월 17일 22시,금요일,충청북도 청주시 흥덕구 비하동,경상사고,0,0,6,0,차대차 - 측면충돌,교차로운행방법위반,건조,맑음,교차로 - 교차로안,승용,여,40세,경상,승용,남,25세,경상
2019051800100037,2019년 5월 18일 00시,토요일,충청북도 청주시 청원구 내덕동,경상사고,0,0,2,0,차대차 - 기타,직진우회전진행방해,건조,맑음,교차로 - 교차로안,승용,남,69세,경상,승용,남,22세,경상
2019051800100038,2019년 5월 18일 00시,토요일,충청북도 청주시 흥덕구 봉명동,중상사고,0,4,2,0,차대차 - 측면충돌,교차로운행방법위반,건조,맑음,교차로 - 교차로안,승용,남,56세,경상,승용,남,23세,중상
2019051800100071,2019년 5월 18일 01시,토요일,충청북도 충주시 충의동,중상사고,0,3,0,0,차대차 - 기타,기타,건조,맑음,교차로 - 교차로안,승용,남,54세,상해없음,승용,여,49세,중상
2019051800100072,2019년 5월 18일 01시,토요일,충청북도 청주시 서원구 산남동,경상사고,0,0,1,0,차대차 - 측면충돌,중앙선침범,젖음/습기,비,교차로 - 교차로안,승용,남,23세,상해없음,승용,여,46세,경상
2019051800100088,2019년 5월 18일 02시,토요일,충청북도 증평군 증평읍,경상사고,0,0,2,0,차대차 - 추돌,안전운전불이행,젖음/습기,비,교차로 - 교차로부근,승용,남,25세,상해없음,승용,남,49세,경상
2019051800100133,2019년 5월 18일 05시,토요일,충청북도 제천시 대랑동,중상사고,0,1,1,0,차대차 - 정면충돌,안전운전불이행,건조,맑음,단일로 - 지하차도(도로)내,승용,여,50세,경상,특수,남,50세,기타불명
2019051800100134,2019년 5월 18일 05시,토요일,충청북도 옥천군 동이면,중상사고,0,1,0,0,차대차 - 추돌,안전운전불이행,젖음/습기,비,단일로 - 기타,승용,남,57세,상해없음,이륜,남,68세,중상
2019051800100135,2019년 5월 18일 05시,토요일,충청북도 충주시 중앙탑면,사망사고,1,1,0,1,차대차 - 추돌,과속,건조,흐림,단일로 - 기타,승용,남,37세,사망,화물,남,55세,상해없음
2019051800100175,2019년 5월 18일 08시,토요일,충청북도 충주시 호암동,중상사고,0,1,0,0,차대차 - 정면충돌,신호위반,젖음/습기,비,교차로 - 교차로안,승용,남,32세,상해없음,승용,여,50세,중상
2019051800100176,2019년 5월 18일 08시,토요일,충청북도 증평군 증평읍,경상사고,0,0,1,0,차대차 - 측면충돌,신호위반,젖음/습기,비,교차로 - 교차로안,승용,남,61세,상해없음,승용,여,60세,경상
2019051800100194,2019년 5월 18일 09시,토요일,충청북도 청주시 서원구 사직동,경상사고,0,0,1,0,차대차 - 기타,교차로운행방법위반,건조,맑음,교차로 - 교차로안,승용,여,44세,상해없음,승용,남,57세,경상
2019051800100195,2019년 5월 18일 09시,토요일,충청북도 청주시 청원구 우암동,경상사고,0,0,1,0,차대차 - 기타,차로위반,건조,맑음,단일로 - 기타,승용,남,42세,경상,승합,남,69세,상해없음
2019051800100196,2019년 5월 18일 09시,토요일,충청북도 충주시 용산동,중상사고,0,1,1,1,차대차 - 기타,안전운전불이행,건조,맑음,단일로 - 기타,승용,여,67세,부상신고,승용,남,78세,경상
2019051800100197,2019년 5월 18일 09시,토요일,충청북도 제천시 신동,중상사고,0,1,1,0,차대차 - 측면충돌,안전운전불이행,젖음/습기,비,단일로 - 지하차도(도로)내,승용,남,36세,상해없음,승용,여,62세,중상
2019051800100198,2019년 5월 18일 09시,토요일,충청북도 괴산군 문광면,중상사고,0,1,0,0,차량단독 - 전도전복 - 전도,안전운전불이행,젖음/습기,비,단일로 - 기타,자전거,남,75세,중상,,,,
2019051800100231,2019년 5월 18일 10시,토요일,충청북도 옥천군 옥천읍,경상사고,0,0,1,0,차대차 - 기타,교차로운행방법위반,건조,맑음,교차로 - 교차로안,승용,남,68세,상해없음,이륜,남,59세,경상
2019051800100232,2019년 5월 18일 10시,토요일,충청북도 단양군 매포읍,경상사고,0,0,1,0,차대사람 - 기타,안전운전불이행,건조,맑음,단일로 - 기타,승합,남,37세,상해없음,보행자,남,73세,경상
2019051800100271,2019년 5월 18일 11시,토요일,충청북도 제천시 봉양읍,중상사고,0,1,2,3,차대차 - 측면충돌,직진우회전진행방해,건조,맑음,교차로 - 교차로안,승용,남,40세,상해없음,승용,남,26세,경상
2019051800100272,2019년 5월 18일 11시,토요일,충청북도 진천군 덕산면,경상사고,0,0,1,0,차대차 - 기타,직진우회전진행방해,건조,맑음,교차로 - 교차로안,승용,여,62세,상해없음,승용,여,45세,경상
2019051800100274,2019년 5월 18일 11시,토요일,충청북도 청주시 흥덕구 옥산면,경상사고,0,0,3,0,차대차 - 추돌,안전운전불이행,건조,흐림,단일로 - 기타,승용,남,65세,상해없음,화물,남,71세,상해없음
2019051800100308,2019년 5월 18일 12시,토요일,충청북도 제천시 의림동,중상사고,0,1,0,0,차대사람 - 횡단중,안전운전불이행,젖음/습기,비,단일로 - 기타,화물,남,49세,상해없음,보행자,여,64세,중상
2019051800100309,2019년 5월 18일 12시,토요일,충청북도 청주시 흥덕구 강내면,경상사고,0,0,2,1,차대차 - 기타,안전거리미확보,건조,맑음,단일로 - 기타,승용,남,62세,경상,승용,남,46세,부상신고
2019051800100310,2019년 5월 18일 12시,토요일,충청북도 음성군 금왕읍,중상사고,0,1,0,0,차대차 - 추돌,안전운전불이행,건조,맑음,단일로 - 기타,화물,남,60세,상해없음,승용,여,60세,중상
2019051800100359,2019년 5월 18일 13시,토요일,충청북도 제천시 청전동,경상사고,0,0,4,0,차대차 - 추돌,안전운전불이행,건조,맑음,교차로 - 교차로부근,승용,남,47세,상해없음,승용,남,40세,경상
2019051800100399,2019년 5월 18일 14시,토요일,충청북도 충주시 달천동,중상사고,0,2,0,0,차대차 - 측면충돌,신호위반,건조,맑음,교차로 - 교차로안,화물,남,54세,중상,화물,남,35세,중상
2019051800100400,2019년 5월 18일 14시,토요일,충청북도 제천시 모산동,경상사고,0,0,1,0,차대차 - 추돌,안전거리미확보,건조,맑음,단일로 - 지하차도(도로)내,승용,남,45세,상해없음,승용,여,77세,경상
2019051800100434,2019년 5월 18일 15시,토요일,충청북도 제천시 영천동,경상사고,0,0,1,0,차대차 - 후진중충돌,안전운전불이행,건조,맑음,주차장 - 주차장,승용,여,61세,상해없음,승용,남,50세,기타불명
2019051800100435,2019년 5월 18일 15시,토요일,충청북도 제천시 청전동,경상사고,0,0,1,0,차대차 - 측면충돌,직진우회전진행방해,건조,맑음,교차로 - 교차로안,승용,남,53세,상해없음,승용,남,23세,상해없음
2019051800100469,2019년 5월 18일 16시,토요일,충청북도 청주시 청원구 내덕동,경상사고,0,0,9,0,차대차 - 추돌,안전운전불이행,건조,맑음,교차로 - 교차로부근,승용,남,29세,경상,승용,남,59세,경상
2019051800100473,2019년 5월 18일 16시,토요일,충청북도 청주시 흥덕구 강내면,경상사고,0,0,2,0,차대차 - 추돌,안전운전불이행,젖음/습기,비,단일로 - 기타,승용,여,44세,상해없음,승용,남,35세,경상
2019051800100537,2019년 5월 18일 18시,토요일,충청북도 충주시 충의동,경상사고,0,0,1,0,차대사람 - 기타,안전운전불이행,건조,맑음,기타 - 기타,승용,여,64세,상해없음,보행자,여,53세,경상
2019051800100538,2019년 5월 18일 18시,토요일,충청북도 증평군 증평읍,경상사고,0,0,1,0,차대차 - 측면충돌,신호위반,건조,맑음,교차로 - 교차로안,이륜,남,63세,기타불명,승용,남,57세,상해없음
2019051800100539,2019년 5월 18일 18시,토요일,충청북도 청주시 서원구 모충동,경상사고,0,0,2,0,차대사람 - 차도통행중,안전운전불이행,건조,맑음,단일로 - 기타,이륜,남,38세,경상,보행자,남,84세,경상
2019051800100540,2019년 5월 18일 18시,토요일,충청북도 진천군 문백면,경상사고,0,0,2,0,차대차 - 추돌,안전운전불이행,건조,맑음,단일로 - 기타,화물,남,27세,상해없음,승용,남,52세,경상
2019051800100576,2019년 5월 18일 19시,토요일,충청북도 청주시 상당구 용암동,경상사고,0,0,1,0,차대사람 - 기타,안전운전불이행,건조,맑음,교차로 - 교차로부근,화물,남,44세,상해없음,보행자,여,63세,경상
2019051800100605,2019년 5월 18일 20시,토요일,충청북도 청주시 서원구 개신동,경상사고,0,0,1,0,차대차 - 측면충돌,안전운전불이행,건조,맑음,교차로 - 교차로안,이륜,남,23세,경상,승합,남,40세,상해없음
2019051800100606,2019년 5월 18일 20시,토요일,충청북도 청주시 청원구 율량동,중상사고,0,1,0,0,차대차 - 정면충돌,안전운전불이행,건조,맑음,교차로 - 교차로안,승용,남,25세,상해없음,이륜,남,56세,중상
2019051800100607,2019년 5월 18일 20시,토요일,충청북도 충주시 안림동,경상사고,0,0,1,0,차대차 - 측면충돌,안전거리미확보,건조,맑음,단일로 - 기타,화물,남,55세,상해없음,승용,남,24세,경상
2019051800100608,2019년 5월 18일 20시,토요일,충청북도 청주시 상당구 용암동,경상사고,0,0,1,0,차대사람 - 차도통행중,안전운전불이행,건조,맑음,단일로 - 기타,승합,남,46세,상해없음,보행자,남,57세,경상
2019051800100660,2019년 5월 18일 22시,토요일,충청북도 충주시 문화동,경상사고,0,0,1,0,차대차 - 추돌,안전운전불이행,건조,맑음,교차로 - 교차로부근,화물,남,43세,상해없음,승용,남,48세,경상
2019051900100107,2019년 5월 19일 06시,일요일,충청북도 청주시 청원구 율량동,중상사고,0,1,0,0,차대차 - 추돌,안전운전불이행,젖음/습기,비,단일로 - 기타,승용,남,28세,상해없음,승용,남,48세,중상
2019051900100108,2019년 5월 19일 06시,일요일,충청북도 청주시 서원구 남이면,경상사고,0,0,1,0,차대차 - 측면충돌,중앙선침범,젖음/습기,비,교차로 - 교차로부근,승용,남,34세,상해없음,화물,남,42세,경상
2019051900100168,2019년 5월 19일 10시,일요일,충청북도 청주시 청원구 율량동,경상사고,0,0,1,0,차대차 - 정면충돌,신호위반,건조,맑음,교차로 - 교차로안,승용,여,34세,상해없음,승용,남,24세,경상
2019051900100193,2019년 5월 19일 11시,일요일,충청북도 제천시 신월동,경상사고,0,0,1,0,차대차 - 추돌,과속,건조,맑음,교차로 - 교차로부근,승용,남,23세,상해없음,자전거,남,65세,경상
2019051900100218,2019년 5월 19일 12시,일요일,충청북도 제천시 장락동,중상사고,0,1,0,0,차대사람 - 횡단중,안전운전불이행,건조,맑음,교차로 - 교차로횡단보도내,특수,남,48세,상해없음,보행자,여,80세,중상
2019051900100309,2019년 5월 19일 15시,일요일,충청북도 충주시 중앙탑면,경상사고,0,0,1,0,차대차 - 측면충돌,신호위반,건조,흐림,교차로 - 교차로안,승용,남,66세,상해없음,승용,남,24세,경상
2019051900100342,2019년 5월 19일 16시,일요일,충청북도 제천시 모산동,경상사고,0,0,1,0,차대차 - 기타,안전거리미확보,건조,맑음,단일로 - 지하차도(도로)내,승용,남,47세,상해없음,사륜오토바이(ATV),남,84세,상해없음
2019051900100343,2019년 5월 19일 16시,일요일,충청북도 영동군 영동읍,경상사고,0,0,1,0,차대사람 - 횡단중,안전운전불이행,건조,흐림,교차로 - 교차로안,화물,남,63세,상해없음,보행자,남,69세,경상
2019051900100455,2019년 5월 19일 19시,일요일,충청북도 청주시 상당구 용담동,경상사고,0,0,1,0,차대차 - 기타,안전운전불이행,건조,흐림,단일로 - 지하차도(도로)내,승용,남,54세,상해없음,이륜,남,42세,경상
2019051900100495,2019년 5월 19일 20시,일요일,충청북도 청주시 흥덕구 옥산면,경상사고,0,0,2,0,차대차 - 추돌,안전거리미확보,건조,맑음,단일로 - 기타,승용,남,46세,경상,농기계,남,53세,경상
2019051900100586,2019년 5월 19일 23시,일요일,충청북도 청주시 청원구 사천동,경상사고,0,0,1,0,차대차 - 측면충돌,안전운전불이행,건조,맑음,교차로 - 교차로안,승용,남,29세,상해없음,승용,여,52세,경상
2019052000100039,2019년 5월 20일 01시,월요일,충청북도 음성군 대소면,부상신고사고,0,0,0,1,차대사람 - 길가장자리구역통행중,안전운전불이행,건조,맑음,주차장 - 주차장,승용,남,47세,상해없음,보행자,여,24세,부상신고
2019052000100069,2019년 5월 20일 06시,월요일,충청북도 진천군 덕산면,경상사고,0,0,2,0,차대차 - 기타,안전운전불이행,건조,맑음,단일로 - 기타,화물,남,55세,상해없음,승용,여,60세,경상
2019052000100084,2019년 5월 20일 07시,월요일,충청북도 청주시 서원구 사창동,경상사고,0,0,1,0,차대사람 - 횡단중,안전운전불이행,건조,맑음,단일로 - 기타,승용,여,53세,상해없음,보행자,여,51세,경상
2019052000100085,2019년 5월 20일 07시,월요일,충청북도 청주시 상당구 북문로2가동,중상사고,0,1,0,0,차량단독 - 기타,안전운전불이행,건조,맑음,단일로 - 기타,승합,남,44세,상해없음,,,,
2019052000100086,2019년 5월 20일 07시,월요일,충청북도 진천군 문백면,경상사고,0,0,3,0,차대차 - 기타,안전거리미확보,건조,맑음,단일로 - 터널,승합,남,63세,경상,승용,여,36세,경상
2019052000100087,2019년 5월 20일 07시,월요일,충청북도 청주시 흥덕구 송정동,중상사고,0,1,1,0,차대차 - 기타,직진우회전진행방해,건조,맑음,교차로 - 교차로안,승용,남,46세,중상,승용,남,30세,경상
2019052000100131,2019년 5월 20일 08시,월요일,충청북도 제천시 장락동,경상사고,0,0,1,0,차대차 - 측면충돌,신호위반,건조,맑음,단일로 - 지하차도(도로)내,승용,여,39세,상해없음,승용,여,23세,경상
2019052000100132,2019년 5월 20일 08시,월요일,충청북도 음성군 감곡면,경상사고,0,0,1,0,차대사람 - 횡단중,보행자보호의무위반,건조,맑음,교차로 - 교차로안,화물,남,56세,상해없음,보행자,여,16세,경상
2019052000100163,2019년 5월 20일 09시,월요일,충청북도 청주시 청원구 사천동,경상사고,0,0,2,0,차대차 - 기타,안전거리미확보,건조,맑음,단일로 - 교량,승용,남,23세,상해없음,승용,남,22세,경상
2019052000100164,2019년 5월 20일 09시,월요일,충청북도 청주시 흥덕구 봉명동,중상사고,0,1,0,0,차대차 - 측면충돌,안전운전불이행,건조,맑음,단일로 - 기타,승용,남,71세,상해없음,자전거,여,58세,중상
2019052000100165,2019년 5월 20일 09시,월요일,충청북도 청주시 청원구 사천동,경상사고,0,0,2,0,차대차 - 추돌,안전운전불이행,건조,맑음,교차로 - 교차로부근,승용,남,23세,상해없음,승용,남,22세,경상
2019052000100207,2019년 5월 20일 10시,월요일,충청북도 충주시 성내동,경상사고,0,0,1,0,차대차 - 기타,교차로운행방법위반,건조,맑음,교차로 - 교차로안,승용,여,34세,상해없음,승용,남,57세,상해없음
2019052000100208,2019년 5월 20일 10시,월요일,충청북도 충주시 교현동,경상사고,0,0,4,0,차대차 - 추돌,안전운전불이행,건조,맑음,단일로 - 기타,승용,남,62세,상해없음,승용,남,63세,경상
2019052000100209,2019년 5월 20일 10시,월요일,충청북도 영동군 영동읍,중상사고,0,1,0,0,차대차 - 측면충돌,기타,건조,맑음,교차로 - 교차로안,화물,남,53세,상해없음,자전거,여,64세,중상
2019052000100242,2019년 5월 20일 11시,월요일,충청북도 음성군 감곡면,경상사고,0,0,4,0,차대차 - 추돌,안전운전불이행,건조,맑음,교차로 - 교차로안,승용,남,76세,상해없음,승용,여,20세,경상
2019052000100276,2019년 5월 20일 12시,월요일,충청북도 괴산군 연풍면,경상사고,0,0,1,0,차대사람 - 기타,안전운전불이행,건조,맑음,단일로 - 기타,특수,남,60세,상해없음,보행자,여,41세,경상
2019052000100277,2019년 5월 20일 12시,월요일,충청북도 음성군 감곡면,중상사고,0,2,3,0,차대차 - 추돌,안전운전불이행,건조,맑음,교차로 - 교차로부근,승용,남,61세,상해없음,승용,남,45세,경상
2019052000100345,2019년 5월 20일 14시,월요일,충청북도 청주시 상당구 남문로1가동,부상신고사고,0,0,0,1,차대사람 - 차도통행중,안전운전불이행,건조,맑음,단일로 - 기타,승용,남,65세,상해없음,보행자,여,81세,부상신고
2019052000100380,2019년 5월 20일 15시,월요일,충청북도 청주시 청원구 내수읍,중상사고,0,1,0,0,차대사람 - 기타,안전운전불이행,건조,맑음,단일로 - 기타,승용,여,73세,상해없음,보행자,남,26세,중상
2019052000100381,2019년 5월 20일 15시,월요일,충청북도 옥천군 옥천읍,중상사고,0,1,0,0,차대차 - 측면충돌,안전운전불이행,건조,맑음,교차로 - 교차로안,승합,남,74세,상해없음,이륜,여,59세,중상
2019052000100382,2019년 5월 20일 15시,월요일,충청북도 청주시 흥덕구 비하동,중상사고,0,1,2,0,차대차 - 측면충돌,신호위반,건조,맑음,교차로 - 교차로안,승용,여,32세,경상,승용,남,41세,중상
2019052000100383,2019년 5월 20일 15시,월요일,충청북도 청주시 서원구 분평동,경상사고,0,0,2,0,차대사람 - 기타,안전운전불이행,건조,맑음,단일로 - 지하차도(도로)내,자전거,남,13세,경상,보행자,남,7세,경상
2019052000100432,2019년 5월 20일 16시,월요일,충청북도 청주시 청원구 우암동,중상사고,0,1,0,0,차대차 - 기타,교차로운행방법위반,건조,맑음,교차로 - 교차로안,승용,남,27세,상해없음,이륜,남,48세,중상
2019052000100433,2019년 5월 20일 16시,월요일,충청북도 충주시 주덕읍,경상사고,0,0,2,1,차량단독 - 기타,안전운전불이행,건조,맑음,단일로 - 기타,승용,남,36세,경상,,,,
2019052000100434,2019년 5월 20일 16시,월요일,충청북도 제천시 금성면,경상사고,0,0,1,0,차대차 - 추돌,안전운전불이행,건조,맑음,교차로 - 교차로부근,승용,남,62세,상해없음,승용,남,49세,경상
2019052000100435,2019년 5월 20일 16시,월요일,충청북도 청주시 흥덕구 봉명동,경상사고,0,0,1,0,차대차 - 기타,안전운전불이행,건조,맑음,단일로 - 기타,승용,남,61세,상해없음,화물,남,31세,경상