사고번호,사고일시,요일,시군구,사고내용,사망자수,중상자수,경상자수,부상신고자수,사고유형,법규위반,노면상태,기상상태,도로형태,가해운전자 차종,가해운전자 성별,가해운전자 연령,가해운전자 상해정도,피해운전자 차종,피해운전자 성별,피해운전자 연령,피해운전자 상해정도
2019052000100495,2019년 5월 20일 17시,월요일,충청북도 청주시 서원구 사창동,중상사고,0,1,0,0,차대차 - 기타,교차로운행방법위반,건조,맑음,교차로 - 교차로안,승용,남,36세,상해없음,이륜,남,21세,중상
2019052000100496,2019년 5월 20일 17시,월요일,충청북도 음성군 감곡면,중상사고,0,1,0,0,차대차 - 측면충돌,직진우회전진행방해,건조,맑음,교차로 - 교차로안,승합,남,65세,상해없음,이륜,남,70세,중상
2019052000100544,2019년 5월 20일 18시,월요일,충청북도 청주시 서원구 사직동,경상사고,0,0,2,0,차량단독 - 기타,안전운전불이행,건조,맑음,단일로 - 기타,승용,여,30세,경상,,,,
2019052000100545,2019년 5월 20일 18시,월요일,충청북도 제천시 강제동,중상사고,0,1,0,0,차대사람 - 횡단중,보행자보호의무위반,건조,맑음,교차로 - 교차로횡단보도내,승용,남,50세,상해없음,보행자,여,20세,중상
2019052000100622,2019년 5월 20일 20시,월요일,충청북도 청주시 흥덕구 복대동,경상사고,0,0,1,0,차대차 - 기타,안전운전불이행,건조,맑음,교차로 - 교차로부근,승용,남,25세,상해없음,자전거,남,19세,경상
2019052000100649,2019년 5월 20일 21시,월요일,충청북도 청주시 청원구 오창읍,경상사고,0,0,1,0,차대사람 - 기타,안전운전불이행,건조,맑음,교차로 - 교차로안,승용,남,61세,상해없음,보행자,여,59세,경상
2019052000100650,2019년 5월 20일 21시,월요일,충청북도 청주시 흥덕구 복대동,경상사고,0,0,3,0,차대차 - 측면충돌,신호위반,건조,맑음,교차로 - 교차로안,승용,남,51세,상해없음,승합,남,61세,경상
2019052000100651,2019년 5월 20일 21시,월요일,충청북도 청주시 흥덕구 복대동,부상신고사고,0,0,0,1,차대차 - 기타,신호위반,건조,맑음,교차로 - 교차로부근,이륜,남,23세,부상신고,승용,남,27세,상해없음
2019052000100673,2019년 5월 20일 22시,월요일,충청북도 청주시 서원구 사창동,경상사고,0,0,4,0,차대차 - 기타,안전운전불이행,건조,맑음,교차로 - 교차로부근,이륜,남,19세,상해없음,승용,남,70세,경상
2019052000100698,2019년 5월 20일 23시,월요일,충청북도 청주시 청원구 오창읍,경상사고,0,0,2,0,차대차 - 측면충돌,안전운전불이행,건조,맑음,교차로 - 교차로안,승용,남,37세,경상,화물,남,36세,경상
2019052100100046,2019년 5월 21일 00시,화요일,충청북도 청주시 흥덕구 강서동,경상사고,0,0,3,1,차대차 - 측면충돌,교차로운행방법위반,건조,맑음,교차로 - 교차로부근,승용,남,45세,부상신고,승용,남,34세,경상
2019052100100047,2019년 5월 21일 00시,화요일,충청북도 청주시 상당구 남문로1가동,부상신고사고,0,0,0,1,차대사람 - 기타,안전운전불이행,건조,맑음,단일로 - 지하차도(도로)내,기타불명,기타불명,미분류,기타불명,보행자,남,59세,부상신고
2019052100100059,2019년 5월 21일 01시,화요일,충청북도 청주시 상당구 영운동,경상사고,0,0,1,0,차대사람 - 기타,안전운전불이행,건조,맑음,단일로 - 지하차도(도로)내,승용,남,39세,상해없음,보행자,남,38세,경상
2019052100100151,2019년 5월 21일 08시,화요일,충청북도 진천군 덕산면,중상사고,0,1,0,0,차대차 - 측면충돌,차로위반,건조,맑음,단일로 - 기타,승용,남,35세,상해없음,승용,여,38세,중상
2019052100100251,2019년 5월 21일 10시,화요일,충청북도 괴산군 괴산읍,경상사고,0,0,1,0,차대차 - 측면충돌,차로위반,건조,맑음,교차로 - 교차로안,화물,남,76세,기타불명,승용,여,43세,경상
2019052100100255,2019년 5월 21일 10시,화요일,충청북도 영동군 추풍령면,중상사고,0,1,1,0,차대사람 - 기타,안전운전불이행,건조,맑음,기타 - 기타,승용,남,28세,경상,보행자,남,43세,중상
2019052100100282,2019년 5월 21일 11시,화요일,충청북도 청주시 서원구 사창동,부상신고사고,0,0,0,1,차대차 - 기타,교차로운행방법위반,건조,맑음,교차로 - 교차로부근,이륜,남,46세,부상신고,승용,여,53세,상해없음
2019052100100318,2019년 5월 21일 12시,화요일,충청북도 충주시 주덕읍,경상사고,0,0,2,0,차대차 - 기타,기타,건조,맑음,교차로 - 교차로부근,승용,남,48세,상해없음,이륜,남,82세,경상
2019052100100319,2019년 5월 21일 12시,화요일,충청북도 제천시 모산동,경상사고,0,0,1,0,차대차 - 추돌,안전운전불이행,건조,맑음,기타 - 기타,화물,남,66세,상해없음,승용,남,58세,경상
2019052100100320,2019년 5월 21일 12시,화요일,충청북도 괴산군 청천면,사망사고,1,0,1,0,차량단독 - 도로외이탈 - 추락,안전운전불이행,건조,맑음,단일로 - 기타,농기계,남,78세,경상,,,,
2019052100100321,2019년 5월 21일 12시,화요일,충청북도 청주시 상당구 용담동,경상사고,0,0,1,0,차대차 - 측면충돌,안전운전불이행,건조,맑음,교차로 - 교차로부근,승용,남,69세,상해없음,승용,여,43세,경상
2019052100100346,2019년 5월 21일 13시,화요일,충청북도 충주시 안림동,경상사고,0,0,2,0,차대차 - 기타,안전거리미확보,건조,맑음,기타 - 기타,승용,여,64세,상해없음,승용,남,39세,경상
2019052100100347,2019년 5월 21일 13시,화요일,충청북도 증평군 증평읍,중상사고,0,1,0,0,차대사람 - 차도통행중,안전운전불이행,건조,맑음,단일로 - 기타,승합,남,44세,상해없음,보행자,남,67세,중상
2019052100100378,2019년 5월 21일 14시,화요일,충청북도 청주시 서원구 사직동,경상사고,0,0,1,0,차대차 - 기타,안전운전불이행,건조,맑음,단일로 - 기타,화물,남,52세,상해없음,승용,남,71세,경상
2019052100100446,2019년 5월 21일 16시,화요일,충청북도 충주시 봉방동,중상사고,0,1,0,0,차량단독 - 공작물충돌,안전운전불이행,건조,맑음,단일로 - 기타,화물,남,24세,중상,,,,
2019052100100447,2019년 5월 21일 16시,화요일,충청북도 충주시 문화동,경상사고,0,0,1,0,차대차 - 기타,직진우회전진행방해,건조,맑음,교차로 - 교차로안,승용,남,22세,상해없음,원동기,남,73세,경상
2019052100100448,2019년 5월 21일 16시,화요일,충청북도 영동군 황간면,중상사고,0,1,0,0,차대차 - 추돌,안전운전불이행,건조,맑음,단일로 - 기타,승용,여,35세,상해없음,승용,여,47세,중상
2019052100100449,2019년 5월 21일 16시,화요일,충청북도 청주시 흥덕구 봉명동,경상사고,0,0,2,0,차대차 - 기타,안전운전불이행,건조,맑음,교차로 - 교차로안,승용,남,43세,상해없음,승용,남,53세,경상
2019052100100500,2019년 5월 21일 17시,화요일,충청북도 청주시 청원구 율량동,경상사고,0,0,1,0,차대차 - 기타,안전거리미확보,건조,맑음,교차로 - 교차로부근,승용,남,59세,상해없음,승용,여,45세,경상
2019052100100501,2019년 5월 21일 17시,화요일,충청북도 청주시 청원구 우암동,경상사고,0,0,2,0,차대차 - 기타,차로위반,건조,맑음,교차로 - 교차로부근,승용,여,53세,경상,승용,남,22세,경상
2019052100100502,2019년 5월 21일 17시,화요일,충청북도 청주시 서원구 모충동,경상사고,0,0,1,0,차대사람 - 기타,안전운전불이행,건조,맑음,단일로 - 기타,승용,여,37세,상해없음,보행자,남,8세,경상
2019052100100554,2019년 5월 21일 18시,화요일,충청북도 청주시 청원구 오창읍,중상사고,0,1,1,0,차대차 - 추돌,안전운전불이행,건조,맑음,단일로 - 기타,화물,남,40세,상해없음,승용,남,31세,중상
2019052100100605,2019년 5월 21일 19시,화요일,충청북도 청주시 서원구 사창동,경상사고,0,0,1,0,차대차 - 기타,교차로운행방법위반,건조,맑음,교차로 - 교차로부근,이륜,남,24세,상해없음,이륜,남,33세,경상
2019052100100644,2019년 5월 21일 20시,화요일,충청북도 진천군 진천읍,중상사고,0,1,0,0,차대차 - 정면충돌,안전운전불이행,건조,맑음,교차로 - 교차로안,승용,남,26세,상해없음,이륜,남,25세,중상
2019052100100677,2019년 5월 21일 21시,화요일,충청북도 청주시 흥덕구 향정동,중상사고,0,1,0,0,차대차 - 기타,안전운전불이행,건조,맑음,기타 - 기타,자전거,남,35세,중상,자전거,남,29세,상해없음
2019052100100707,2019년 5월 21일 22시,화요일,충청북도 충주시 성남동,경상사고,0,0,1,0,차대사람 - 기타,안전운전불이행,건조,맑음,기타 - 기타,화물,남,51세,상해없음,보행자,남,21세,경상
2019052100100708,2019년 5월 21일 22시,화요일,충청북도 제천시 고암동,경상사고,0,0,1,0,차대사람 - 길가장자리구역통행중,안전운전불이행,건조,맑음,교차로 - 교차로안,승용,여,63세,기타불명,보행자,남,26세,경상
2019052100100709,2019년 5월 21일 22시,화요일,충청북도 청주시 흥덕구 비하동,경상사고,0,0,1,0,차대차 - 측면충돌,교차로운행방법위반,건조,맑음,교차로 - 교차로횡단보도내,승용,남,38세,상해없음,승용,여,58세,경상
2019052100100710,2019년 5월 21일 22시,화요일,충청북도 청주시 상당구 금천동,경상사고,0,0,1,0,차대사람 - 기타,안전운전불이행,건조,맑음,단일로 - 기타,승용,남,31세,상해없음,보행자,남,70세,경상
2019052100100711,2019년 5월 21일 22시,화요일,충청북도 청주시 상당구 용담동,중상사고,0,1,0,0,차대사람 - 기타,중앙선침범,건조,맑음,단일로 - 지하차도(도로)내,승용,남,61세,상해없음,보행자,여,17세,중상
2019052200100069,2019년 5월 22일 05시,수요일,충청북도 청주시 상당구 북문로3가동,중상사고,0,1,0,0,차대차 - 기타,안전운전불이행,건조,맑음,교차로 - 교차로부근,승용,여,19세,상해없음,자전거,남,89세,중상
2019052200100107,2019년 5월 22일 07시,수요일,충청북도 청주시 청원구 북이면,경상사고,0,0,1,0,차대차 - 기타,직진우회전진행방해,건조,맑음,교차로 - 교차로안,사륜오토바이(ATV),남,49세,경상,건설기계,남,57세,상해없음
2019052200100108,2019년 5월 22일 07시,수요일,충청북도 청주시 상당구 남일면,중상사고,0,1,0,0,차대차 - 기타,안전운전불이행,건조,맑음,교차로 - 교차로안,승용,남,77세,상해없음,승용,여,50세,중상
2019052200100165,2019년 5월 22일 08시,수요일,충청북도 청주시 청원구 오창읍,경상사고,0,0,1,0,차대차 - 기타,안전운전불이행,건조,맑음,교차로 - 교차로안,화물,남,45세,상해없음,승용,여,43세,경상
2019052200100166,2019년 5월 22일 08시,수요일,충청북도 충주시 용두동,경상사고,0,0,2,0,차대차 - 추돌,안전운전불이행,건조,맑음,기타 - 기타,승용,남,22세,상해없음,승용,남,61세,경상
2019052200100167,2019년 5월 22일 08시,수요일,충청북도 충주시 지현동,경상사고,0,0,2,0,차대차 - 기타,안전운전불이행,건조,맑음,기타 - 기타,승용,여,35세,경상,화물,남,58세,경상
2019052200100216,2019년 5월 22일 09시,수요일,충청북도 청주시 청원구 율량동,경상사고,0,0,1,0,차량단독 - 도로외이탈 - 추락,안전운전불이행,건조,맑음,단일로 - 기타,개인형이동수단(PM),남,81세,경상,,,,
2019052200100245,2019년 5월 22일 10시,수요일,충청북도 진천군 진천읍,경상사고,0,0,1,0,차대차 - 기타,직진우회전진행방해,건조,맑음,교차로 - 교차로안,승용,여,43세,상해없음,승용,남,34세,경상
2019052200100273,2019년 5월 22일 11시,수요일,충청북도 음성군 감곡면,경상사고,0,0,2,1,차대차 - 측면충돌,안전운전불이행,건조,맑음,교차로 - 교차로안,화물,남,63세,부상신고,승용,남,59세,경상
2019052200100306,2019년 5월 22일 12시,수요일,충청북도 음성군 금왕읍,경상사고,0,0,1,0,차대차 - 측면충돌,안전운전불이행,건조,맑음,교차로 - 교차로부근,화물,남,37세,상해없음,승용,남,63세,경상
2019052200100345,2019년 5월 22일 13시,수요일,충청북도 음성군 금왕읍,중상사고,0,1,0,0,차대사람 - 횡단중,안전운전불이행,건조,맑음,교차로 - 교차로안,승용,여,51세,상해없음,보행자,남,71세,중상
2019052200100384,2019년 5월 22일 14시,수요일,충청북도 보은군 보은읍,경상사고,0,0,1,0,차대차 - 측면충돌,안전운전불이행,건조,맑음,교차로 - 교차로부근,승용,여,45세,상해없음,이륜,남,77세,경상
2019052200100414,2019년 5월 22일 15시,수요일,충청북도 청주시 서원구 산남동,부상신고사고,0,0,0,1,차대차 - 측면충돌,안전운전불이행,건조,맑음,단일로 - 지하차도(도로)내,승용,남,36세,부상신고,화물,남,55세,상해없음
2019052200100452,2019년 5월 22일 16시,수요일,충청북도 충주시 연수동,경상사고,0,0,1,0,차대차 - 기타,불법유턴,건조,맑음,교차로 - 교차로횡단보도내,자전거,여,64세,경상,승용,여,23세,상해없음
2019052200100453,2019년 5월 22일 16시,수요일,충청북도 청주시 흥덕구 봉명동,경상사고,0,0,1,0,차대차 - 기타,교차로운행방법위반,건조,맑음,교차로 - 교차로안,개인형이동수단(PM),여,24세,경상,승용,남,49세,상해없음
2019052200100454,2019년 5월 22일 16시,수요일,충청북도 청주시 서원구 개신동,경상사고,0,0,1,0,차대사람 - 기타,안전운전불이행,건조,맑음,기타 - 기타,이륜,남,25세,상해없음,보행자,남,25세,경상
2019052200100455,2019년 5월 22일 16시,수요일,충청북도 음성군 감곡면,중상사고,0,1,4,0,차대차 - 추돌,안전운전불이행,건조,맑음,단일로 - 기타,화물,남,61세,중상,승용,남,51세,경상
2019052200100505,2019년 5월 22일 17시,수요일,충청북도 청주시 청원구 내덕동,중상사고,0,1,4,0,차대차 - 기타,안전운전불이행,건조,맑음,교차로 - 교차로부근,건설기계,남,53세,상해없음,승합,여,53세,중상
2019052200100506,2019년 5월 22일 17시,수요일,충청북도 제천시 송학면,경상사고,0,0,1,0,차량단독 - 공작물충돌,안전운전불이행,건조,맑음,기타 - 기타,승용,여,31세,경상,,,,
2019052200100507,2019년 5월 22일 17시,수요일,충청북도 청주시 상당구 용암동,중상사고,0,1,0,0,차대사람 - 횡단중,신호위반,건조,맑음,교차로 - 교차로횡단보도내,이륜,남,53세,상해없음,보행자,남,8세,중상
2019052200100555,2019년 5월 22일 18시,수요일,충청북도 증평군 증평읍,중상사고,0,1,0,0,차대차 - 후진중충돌,안전운전불이행,건조,맑음,교차로 - 교차로안,승용,여,69세,상해없음,승용,여,42세,중상
2019052200100598,2019년 5월 22일 19시,수요일,충청북도 청주시 서원구 사창동,경상사고,0,0,1,0,차량단독 - 기타,안전운전불이행,건조,맑음,교차로 - 교차로안,이륜,남,25세,경상,,,,
2019052200100599,2019년 5월 22일 19시,수요일,충청북도 청주시 흥덕구 복대동,경상사고,0,0,1,0,차대차 - 측면충돌,안전운전불이행,건조,맑음,교차로 - 교차로안,승용,여,50세,상해없음,이륜,남,32세,경상
2019052300100033,2019년 5월 23일 00시,목요일,충청북도 청주시 서원구 수곡동,중상사고,0,1,0,0,차대차 - 정면충돌,안전운전불이행,건조,맑음,교차로 - 교차로안,승용,남,23세,기타불명,승용,남,53세,중상
2019052300100069,2019년 5월 23일 03시,목요일,충청북도 청주시 상당구 수동,중상사고,0,3,0,0,차대차 - 정면충돌,신호위반,건조,맑음,교차로 - 교차로안,승용,남,32세,중상,승용,남,24세,중상
2019052300100111,2019년 5월 23일 07시,목요일,충청북도 증평군 증평읍,중상사고,0,1,0,0,차대차 - 측면충돌,신호위반,건조,맑음,교차로 - 교차로안,승용,남,40세,상해없음,승용,여,45세,중상
2019052300100159,2019년 5월 23일 08시,목요일,충청북도 제천시 고암동,경상사고,0,0,1,0,차대사람 - 차도통행중,기타,건조,맑음,기타 - 기타,승용,남,43세,상해없음,보행자,남,7세,경상
2019052300100160,2019년 5월 23일 08시,목요일,충청북도 청주시 흥덕구 수의동,경상사고,0,0,1,0,차대차 - 기타,안전거리미확보,건조,맑음,단일로 - 기타,승용,남,58세,상해없음,승용,남,20세,경상
2019052300100161,2019년 5월 23일 08시,목요일,충청북도 청주시 상당구 남일면,경상사고,0,0,1,0,차대차 - 측면충돌,안전운전불이행,건조,맑음,교차로 - 교차로안,이륜,남,65세,상해없음,자전거,남,26세,경상
2019052300100198,2019년 5월 23일 09시,목요일,충청북도 청주시 청원구 사천동,경상사고,0,0,2,0,차대차 - 기타,안전운전불이행,건조,맑음,교차로 - 교차로부근,승용,남,62세,상해없음,승용,남,68세,경상
2019052300100223,2019년 5월 23일 10시,목요일,충청북도 제천시 영천동,부상신고사고,0,0,0,1,차대사람 - 횡단중,안전운전불이행,건조,맑음,단일로 - 지하차도(도로)내,화물,남,57세,상해없음,보행자,남,10세,부상신고
2019052300100224,2019년 5월 23일 10시,목요일,충청북도 영동군 영동읍,사망사고,1,0,0,0,차대사람 - 기타,기타,건조,맑음,단일로 - 기타,승합,남,61세,상해없음,보행자,여,79세,사망
2019052300100225,2019년 5월 23일 10시,목요일,충청북도 청주시 흥덕구 복대동,경상사고,0,0,3,0,차대차 - 측면충돌,직진우회전진행방해,건조,맑음,교차로 - 교차로안,승합,남,67세,경상,승용,여,28세,경상
2019052300100307,2019년 5월 23일 12시,목요일,충청북도 진천군 이월면,중상사고,0,1,1,0,차대차 - 추돌,안전운전불이행,건조,맑음,단일로 - 기타,승용,남,25세,상해없음,승용,남,70세,경상
2019052300100308,2019년 5월 23일 12시,목요일,충청북도 청주시 상당구 석교동,경상사고,0,0,1,0,차대차 - 측면충돌,교차로운행방법위반,건조,맑음,교차로 - 교차로부근,건설기계,남,57세,상해없음,승용,여,45세,경상
2019052300100343,2019년 5월 23일 13시,목요일,충청북도 제천시 화산동,경상사고,0,0,2,0,차대차 - 측면충돌,직진우회전진행방해,건조,맑음,교차로 - 교차로안,이륜,남,83세,경상,승용,여,35세,경상
2019052300100344,2019년 5월 23일 13시,목요일,충청북도 단양군 매포읍,중상사고,0,1,0,0,차대사람 - 기타,안전운전불이행,건조,맑음,단일로 - 기타,화물,남,40세,상해없음,보행자,남,54세,중상
2019052300100373,2019년 5월 23일 14시,목요일,충청북도 충주시 칠금동,중상사고,0,1,9,0,차대차 - 추돌,안전운전불이행,건조,맑음,단일로 - 기타,승용,여,47세,상해없음,승용,여,57세,경상
2019052300100449,2019년 5월 23일 16시,목요일,충청북도 청주시 상당구 용정동,중상사고,0,1,0,0,차대차 - 기타,안전운전불이행,건조,맑음,교차로 - 교차로안,자전거,남,15세,중상,승용,남,53세,상해없음
2019052300100450,2019년 5월 23일 16시,목요일,충청북도 청주시 서원구 모충동,경상사고,0,0,1,0,차대사람 - 횡단중,신호위반,건조,맑음,교차로 - 교차로횡단보도내,승용,여,48세,상해없음,보행자,여,62세,경상
2019052300100481,2019년 5월 23일 17시,목요일,충청북도 증평군 증평읍,중상사고,0,1,0,0,차대사람 - 횡단중,안전운전불이행,건조,맑음,단일로 - 기타,승용,여,29세,상해없음,보행자,여,79세,중상
2019052300100482,2019년 5월 23일 17시,목요일,충청북도 청주시 흥덕구 복대동,중상사고,0,1,0,0,차대차 - 측면충돌,중앙선침범,건조,맑음,교차로 - 교차로부근,이륜,남,36세,중상,승용,남,48세,상해없음
2019052300100483,2019년 5월 23일 17시,목요일,충청북도 청주시 서원구 수곡동,경상사고,0,0,1,0,차대차 - 정면충돌,교차로운행방법위반,건조,맑음,교차로 - 교차로안,원동기,남,17세,상해없음,화물,여,66세,경상
2019052300100532,2019년 5월 23일 18시,목요일,충청북도 청주시 서원구 사창동,경상사고,0,0,1,0,차대사람 - 기타,안전운전불이행,건조,맑음,교차로 - 교차로안,화물,남,68세,상해없음,보행자,여,20세,경상
2019052300100533,2019년 5월 23일 18시,목요일,충청북도 괴산군 괴산읍,경상사고,0,0,1,0,차대차 - 추돌,안전운전불이행,건조,맑음,교차로 - 교차로부근,승용,여,72세,상해없음,승용,여,44세,경상
2019052300100534,2019년 5월 23일 18시,목요일,충청북도 음성군 대소면,경상사고,0,0,3,0,차대차 - 측면충돌,직진우회전진행방해,건조,맑음,교차로 - 교차로안,화물,여,52세,경상,화물,남,58세,경상
2019052300100535,2019년 5월 23일 18시,목요일,충청북도 청주시 상당구 석교동,경상사고,0,0,1,0,차대차 - 정면충돌,안전운전불이행,건조,맑음,교차로 - 교차로안,화물,남,27세,상해없음,자전거,남,59세,경상
2019052300100626,2019년 5월 23일 20시,목요일,충청북도 청주시 흥덕구 복대동,중상사고,0,1,0,0,차대차 - 측면충돌,안전운전불이행,건조,맑음,교차로 - 교차로부근,승용,남,38세,상해없음,승용,남,50세,중상
2019052300100627,2019년 5월 23일 20시,목요일,충청북도 청주시 흥덕구 복대동,경상사고,0,0,1,0,차대차 - 측면충돌,안전운전불이행,건조,맑음,단일로 - 기타,승용,남,23세,상해없음,승용,여,59세,경상
2019052300100659,2019년 5월 23일 21시,목요일,충청북도 충주시 수안보면,경상사고,0,0,1,0,차대차 - 기타,직진우회전진행방해,건조,맑음,교차로 - 교차로안,승용,남,60세,상해없음,자전거,남,23세,경상
2019052300100660,2019년 5월 23일 21시,목요일,충청북도 청주시 흥덕구 서촌동,경상사고,0,0,1,0,차대차 - 추돌,안전운전불이행,건조,맑음,단일로 - 기타,승용,남,36세,상해없음,이륜,남,75세,경상
2019052300100684,2019년 5월 23일 22시,목요일,충청북도 청주시 흥덕구 복대동,경상사고,0,0,1,0,차대사람 - 기타,안전운전불이행,건조,맑음,교차로 - 교차로부근,승용,남,41세,상해없음,보행자,남,31세,경상
2019052300100710,2019년 5월 23일 23시,목요일,충청북도 충주시 대소원면,중상사고,0,1,1,0,차량단독 - 공작물충돌,안전운전불이행,건조,맑음,단일로 - 기타,원동기,남,19세,경상,,,,
2019052300100711,2019년 5월 23일 23시,목요일,충청북도 청주시 서원구 수곡동,경상사고,0,0,1,0,차대차 - 기타,안전운전불이행,건조,맑음,교차로 - 교차로안,자전거,남,25세,경상,승용,남,61세,상해없음
2019052400100085,2019년 5월 24일 05시,금요일,충청북도 청주시 서원구 미평동,경상사고,0,0,1,0,차대차 - 측면충돌,안전운전불이행,건조,맑음,교차로 - 교차로횡단보도내,승용,여,52세,상해없음,자전거,여,43세,경상
2019052400100112,2019년 5월 24일 07시,금요일,충청북도 충주시 금릉동,중상사고,0,1,0,0,차대차 - 기타,신호위반,건조,맑음,교차로 - 교차로안,승합,남,58세,상해없음,승용,여,41세,중상
2019052400100113,2019년 5월 24일 07시,금요일,충청북도 청주시 흥덕구 운천동,경상사고,0,0,1,0,차대차 - 후진중충돌,안전운전불이행,건조,맑음,단일로 - 지하차도(도로)내,승용,여,62세,상해없음,승용,남,39세,경상
2019052400100149,2019년 5월 24일 08시,금요일,충청북도 충주시 교현동,경상사고,0,0,1,0,차대차 - 추돌,안전운전불이행,건조,맑음,단일로 - 기타,승용,여,49세,상해없음,승용,남,28세,경상
2019052400100190,2019년 5월 24일 09시,금요일,충청북도 청주시 흥덕구 복대동,경상사고,0,0,1,0,차대차 - 기타,안전운전불이행,건조,맑음,단일로 - 기타,이륜,남,17세,상해없음,승용,남,61세,경상
2019052400100191,2019년 5월 24일 09시,금요일,충청북도 단양군 매포읍,경상사고,0,0,1,0,차대차 - 기타,안전운전불이행,건조,맑음,단일로 - 기타,화물,남,57세,상해없음,건설기계,남,51세,경상
2019052400100228,2019년 5월 24일 10시,금요일,충청북도 충주시 교현동,경상사고,0,0,2,0,차대차 - 기타,직진우회전진행방해,건조,맑음,교차로 - 교차로안,자전거,남,29세,경상,이륜,여,72세,경상
2019052400100298,2019년 5월 24일 12시,금요일,충청북도 청주시 청원구 내덕동,경상사고,0,0,2,0,차대차 - 측면충돌,안전운전불이행,건조,맑음,교차로 - 교차로부근,승용,남,54세,상해없음,승용,여,49세,경상
2019052400100341,2019년 5월 24일 13시,금요일,충청북도 청주시 청원구 오동동,경상사고,0,0,3,0,차대차 - 기타,안전거리미확보,건조,맑음,단일로 - 기타,승용,여,53세,경상,화물,남,33세,경상
2019052400100342,2019년 5월 24일 13시,금요일,충청북도 진천군 문백면,경상사고,0,0,1,0,차대차 - 측면충돌,안전거리미확보,건조,맑음,단일로 - 기타,승용,여,65세,상해없음,승합,남,58세,경상
2019052400100382,2019년 5월 24일 14시,금요일,충청북도 제천시 덕산면,중상사고,0,1,0,0,차대차 - 측면충돌,중앙선침범,건조,맑음,단일로 - 지하차도(도로)내,승용,남,42세,상해없음,화물,남,51세,중상
2019052400100424,2019년 5월 24일 15시,금요일,충청북도 청주시 서원구 사창동,경상사고,0,0,1,0,차대차 - 기타,안전거리미확보,건조,맑음,교차로 - 교차로부근,승용,남,47세,상해없음,승용,남,60세,경상
2019052400100425,2019년 5월 24일 15시,금요일,충청북도 충주시 대소원면,중상사고,0,1,1,0,차대차 - 추돌,안전운전불이행,건조,맑음,기타 - 기타,화물,남,53세,상해없음,화물,남,43세,중상
2019052400100426,2019년 5월 24일 15시,금요일,충청북도 제천시 의림동,경상사고,0,0,1,0,차대차 - 정면충돌,직진우회전진행방해,건조,맑음,교차로 - 교차로안,이륜,남,35세,상해없음,화물,남,52세,경상
2019052400100427,2019년 5월 24일 15시,금요일,충청북도 청주시 흥덕구 복대동,중상사고,0,1,0,0,차대차 - 측면충돌,신호위반,건조,맑음,교차로 - 교차로횡단보도내,승용,여,50세,상해없음,개인형이동수단(PM),여,37세,중상
2019052400100474,2019년 5월 24일 16시,금요일,충청북도 청주시 상당구 평촌동,경상사고,0,0,1,0,차대차 - 측면충돌,안전운전불이행,건조,맑음,단일로 - 기타,승용,남,68세,상해없음,승용,남,41세,경상
2019052400100586,2019년 5월 24일 18시,금요일,충청북도 영동군 황간면,중상사고,0,2,1,1,차대차 - 측면충돌,중앙선침범,건조,맑음,단일로 - 기타,화물,남,70세,상해없음,승용,여,57세,부상신고
2019052400100587,2019년 5월 24일 18시,금요일,충청북도 진천군 진천읍,중상사고,0,1,0,0,차대사람 - 기타,안전운전불이행,건조,맑음,기타 - 기타,승용,남,37세,상해없음,보행자,남,3세,중상
2019052400100588,2019년 5월 24일 18시,금요일,충청북도 청주시 흥덕구 봉명동,경상사고,0,0,4,0,차대차 - 측면충돌,신호위반,건조,맑음,교차로 - 교차로안,승용,여,30세,경상,승용,남,37세,경상
2019052400100639,2019년 5월 24일 19시,금요일,충청북도 청주시 청원구 율량동,중상사고,0,1,0,0,차대차 - 측면충돌,안전운전불이행,건조,맑음,단일로 - 기타,승용,여,67세,상해없음,원동기,남,30세,중상
2019052400100640,2019년 5월 24일 19시,금요일,충청북도 충주시 중앙탑면,경상사고,0,0,1,0,차대차 - 기타,안전운전불이행,건조,맑음,단일로 - 기타,승용,남,44세,상해없음,승용,남,51세,경상
2019052400100641,2019년 5월 24일 19시,금요일,충청북도 영동군 영동읍,중상사고,0,1,0,0,차대사람 - 횡단중,안전운전불이행,건조,맑음,단일로 - 기타,이륜,남,57세,상해없음,보행자,여,7세,중상
2019052400100642,2019년 5월 24일 19시,금요일,충청북도 청주시 흥덕구 봉명동,경상사고,0,0,2,0,차대차 - 측면충돌,신호위반,건조,맑음,교차로 - 교차로안,승용,여,51세,경상,화물,남,63세,경상
2019052400100674,2019년 5월 24일 20시,금요일,충청북도 충주시 충의동,경상사고,0,0,2,0,차대차 - 측면충돌,교차로운행방법위반,건조,맑음,교차로 - 교차로안,승용,남,58세,경상,승용,여,57세,상해없음
2019052400100766,2019년 5월 24일 23시,금요일,충청북도 청주시 상당구 용암동,경상사고,0,0,1,0,차대차 - 측면충돌,중앙선침범,건조,맑음,교차로 - 교차로부근,승용,남,50세,상해없음,이륜,남,35세,경상
2019052500100021,2019년 5월 25일 00시,토요일,충청북도 청주시 흥덕구 옥산면,중상사고,0,1,0,0,차대차 - 측면충돌,직진우회전진행방해,건조,맑음,교차로 - 교차로안,승용,남,21세,상해없음,이륜,남,26세,중상