사고번호,사고일시,요일,시군구,사고내용,사망자수,중상자수,경상자수,부상신고자수,사고유형,법규위반,노면상태,기상상태,도로형태,가해운전자 차종,가해운전자 성별,가해운전자 연령,가해운전자 상해정도,피해운전자 차종,피해운전자 성별,피해운전자 연령,피해운전자 상해정도
2019052500100022,2019년 5월 25일 00시,토요일,충청북도 청주시 상당구 영운동,경상사고,0,0,1,0,차대차 - 추돌,안전운전불이행,건조,맑음,단일로 - 지하차도(도로)내,승용,남,39세,상해없음,승용,남,57세,상해없음
2019052500100070,2019년 5월 25일 03시,토요일,충청북도 음성군 음성읍,중상사고,0,1,0,0,차대차 - 측면충돌,교차로운행방법위반,건조,맑음,교차로 - 교차로안,승용,남,20세,상해없음,승용,남,23세,상해없음
2019052500100071,2019년 5월 25일 03시,토요일,충청북도 청주시 흥덕구 복대동,경상사고,0,0,2,0,차대사람 - 횡단중,보행자보호의무위반,건조,맑음,교차로 - 교차로부근,승용,남,46세,상해없음,보행자,남,34세,경상
2019052500100083,2019년 5월 25일 04시,토요일,충청북도 청주시 흥덕구 복대동,경상사고,0,0,1,0,차대차 - 추돌,안전운전불이행,건조,맑음,교차로 - 교차로부근,승용,남,23세,상해없음,승용,남,63세,상해없음
2019052500100109,2019년 5월 25일 06시,토요일,충청북도 충주시 목행동,경상사고,0,0,2,0,차대차 - 기타,기타,건조,맑음,교차로 - 교차로안,화물,남,64세,경상,승용,남,52세,경상
2019052500100131,2019년 5월 25일 07시,토요일,충청북도 충주시 칠금동,중상사고,0,1,0,0,차대차 - 기타,기타,건조,맑음,교차로 - 교차로안,화물,남,38세,상해없음,승용,여,24세,중상
2019052500100132,2019년 5월 25일 07시,토요일,충청북도 제천시 청전동,중상사고,0,1,0,0,차량단독 - 도로외이탈 - 추락,안전운전불이행,건조,맑음,단일로 - 기타,자전거,남,80세,중상,,,,
2019052500100133,2019년 5월 25일 07시,토요일,충청북도 청주시 흥덕구 현암동,경상사고,0,0,1,0,차대차 - 측면충돌,안전운전불이행,건조,맑음,단일로 - 기타,승용,여,29세,상해없음,화물,남,63세,경상
2019052500100162,2019년 5월 25일 08시,토요일,충청북도 충주시 앙성면,사망사고,1,0,0,0,차량단독 - 전도전복 - 전도,안전운전불이행,건조,맑음,단일로 - 기타,이륜,남,51세,사망,,,,
2019052500100163,2019년 5월 25일 08시,토요일,충청북도 괴산군 소수면,경상사고,0,0,1,0,차대차 - 기타,안전운전불이행,건조,맑음,단일로 - 기타,승용,남,49세,상해없음,승용,여,39세,경상
2019052500100164,2019년 5월 25일 08시,토요일,충청북도 청주시 흥덕구 복대동,사망사고,1,0,0,1,차대차 - 측면충돌,과속,건조,맑음,단일로 - 기타,승용,남,29세,부상신고,자전거,남,72세,사망
2019052500100217,2019년 5월 25일 10시,토요일,충청북도 청주시 흥덕구 가경동,경상사고,0,0,1,0,차대차 - 추돌,안전운전불이행,건조,맑음,교차로 - 교차로부근,승용,남,58세,상해없음,자전거,남,22세,경상
2019052500100251,2019년 5월 25일 11시,토요일,충청북도 청주시 상당구 남일면,경상사고,0,0,1,0,차량단독 - 공작물충돌,안전운전불이행,건조,맑음,단일로 - 지하차도(도로)내,승용,남,69세,경상,,,,
2019052500100294,2019년 5월 25일 12시,토요일,충청북도 보은군 탄부면,중상사고,0,1,0,0,차대차 - 기타,안전운전불이행,건조,맑음,단일로 - 기타,승용,여,37세,상해없음,승용,남,58세,중상
2019052500100334,2019년 5월 25일 13시,토요일,충청북도 충주시 중앙탑면,경상사고,0,0,1,0,차대차 - 추돌,교차로운행방법위반,건조,맑음,교차로 - 교차로안,승용,남,33세,상해없음,승용,여,64세,경상
2019052500100369,2019년 5월 25일 14시,토요일,충청북도 청주시 흥덕구 운천동,중상사고,0,3,0,0,차대차 - 측면충돌,신호위반,건조,맑음,교차로 - 교차로안,승용,남,39세,상해없음,승용,남,50세,중상
2019052500100409,2019년 5월 25일 15시,토요일,충청북도 제천시 청전동,경상사고,0,0,3,0,차대차 - 정면충돌,직진우회전진행방해,건조,맑음,교차로 - 교차로안,화물,남,40세,경상,승용,남,21세,경상
2019052500100410,2019년 5월 25일 15시,토요일,충청북도 옥천군 옥천읍,경상사고,0,0,1,0,차대차 - 기타,안전운전불이행,건조,맑음,단일로 - 기타,화물,남,53세,상해없음,승용,남,34세,경상
2019052500100411,2019년 5월 25일 15시,토요일,충청북도 진천군 진천읍,중상사고,0,1,0,0,차대사람 - 기타,안전운전불이행,건조,맑음,교차로 - 교차로부근,승용,남,46세,상해없음,보행자,남,8세,중상
2019052500100446,2019년 5월 25일 16시,토요일,충청북도 청주시 서원구 성화동,부상신고사고,0,0,0,6,차대차 - 후진중충돌,안전운전불이행,건조,맑음,교차로 - 교차로부근,승용,남,63세,상해없음,승합,남,39세,부상신고
2019052500100447,2019년 5월 25일 16시,토요일,충청북도 청주시 흥덕구 지동동,경상사고,0,0,3,0,차대차 - 측면충돌,안전거리미확보,건조,맑음,교차로 - 교차로안,승용,남,27세,경상,승용,남,70세,경상
2019052500100448,2019년 5월 25일 16시,토요일,충청북도 음성군 금왕읍,경상사고,0,0,1,0,차대사람 - 횡단중,안전운전불이행,건조,맑음,주차장 - 주차장,승용,남,52세,상해없음,보행자,남,6세,경상
2019052500100488,2019년 5월 25일 17시,토요일,충청북도 제천시 고암동,중상사고,0,1,2,0,차대차 - 측면충돌,안전운전불이행,건조,맑음,교차로 - 교차로부근,화물,남,58세,상해없음,승용,남,76세,중상
2019052500100489,2019년 5월 25일 17시,토요일,충청북도 진천군 진천읍,중상사고,0,1,1,0,차대사람 - 횡단중,안전운전불이행,건조,맑음,교차로 - 교차로안,승용,여,51세,상해없음,보행자,여,14세,중상
2019052500100490,2019년 5월 25일 17시,토요일,충청북도 청주시 상당구 탑동,경상사고,0,0,1,0,차대차 - 측면충돌,교차로운행방법위반,건조,맑음,교차로 - 교차로안,승용,남,64세,상해없음,승용,남,28세,경상
2019052500100528,2019년 5월 25일 18시,토요일,충청북도 충주시 봉방동,부상신고사고,0,0,0,1,차량단독 - 전도전복 - 전도,안전운전불이행,건조,맑음,단일로 - 기타,이륜,남,72세,부상신고,,,,
2019052500100562,2019년 5월 25일 19시,토요일,충청북도 음성군 생극면,중상사고,0,1,0,0,차대차 - 측면충돌,중앙선침범,건조,맑음,교차로 - 교차로부근,승용,남,69세,상해없음,이륜,남,21세,중상
2019052500100563,2019년 5월 25일 19시,토요일,충청북도 옥천군 청산면,중상사고,0,1,0,0,차대차 - 측면충돌,교차로운행방법위반,건조,맑음,교차로 - 교차로안,승용,남,53세,상해없음,이륜,남,56세,중상
2019052500100589,2019년 5월 25일 20시,토요일,충청북도 청주시 서원구 남이면,중상사고,0,1,0,0,차대사람 - 횡단중,안전운전불이행,건조,맑음,교차로 - 교차로횡단보도내,승용,여,34세,상해없음,보행자,남,72세,중상
2019052500100660,2019년 5월 25일 22시,토요일,충청북도 청주시 흥덕구 복대동,중상사고,0,1,0,0,차대사람 - 횡단중,안전운전불이행,건조,맑음,교차로 - 교차로안,승용,남,52세,상해없음,보행자,여,60세,중상
2019052500100689,2019년 5월 25일 23시,토요일,충청북도 음성군 금왕읍,경상사고,0,0,1,0,차대사람 - 차도통행중,안전운전불이행,건조,맑음,교차로 - 교차로부근,기타불명,기타불명,미분류,기타불명,보행자,남,47세,경상
2019052500100690,2019년 5월 25일 23시,토요일,충청북도 청주시 상당구 금천동,경상사고,0,0,1,0,차대사람 - 기타,안전운전불이행,건조,맑음,교차로 - 교차로부근,승용,여,50세,상해없음,보행자,남,58세,경상
2019052500100692,2019년 5월 25일 23시,토요일,충청북도 청주시 서원구 현도면,경상사고,0,0,2,0,차대차 - 측면충돌,안전운전불이행,건조,맑음,단일로 - 기타,승용,남,24세,상해없음,승용,남,53세,경상
2019052600100026,2019년 5월 26일 00시,일요일,충청북도 청주시 흥덕구 옥산면,경상사고,0,0,1,0,차대사람 - 기타,기타,건조,맑음,교차로 - 교차로부근,승용,남,56세,상해없음,보행자,남,50세,경상
2019052600100101,2019년 5월 26일 06시,일요일,충청북도 제천시 청전동,중상사고,0,1,0,0,차대차 - 측면충돌,안전운전불이행,건조,맑음,단일로 - 기타,승용,남,40세,상해없음,자전거,남,74세,중상
2019052600100129,2019년 5월 26일 09시,일요일,충청북도 영동군 영동읍,중상사고,0,2,0,0,차대차 - 측면충돌,안전운전불이행,건조,맑음,단일로 - 고가도로위,이륜,남,48세,중상,이륜,남,71세,상해없음
2019052600100156,2019년 5월 26일 10시,일요일,충청북도 영동군 영동읍,중상사고,0,1,0,0,차대사람 - 기타,안전운전불이행,건조,맑음,단일로 - 기타,자전거,남,17세,상해없음,보행자,남,78세,중상
2019052600100221,2019년 5월 26일 12시,일요일,충청북도 음성군 감곡면,경상사고,0,0,1,0,차대차 - 측면충돌,직진우회전진행방해,건조,맑음,교차로 - 교차로안,승용,남,74세,상해없음,승용,남,57세,경상
2019052600100252,2019년 5월 26일 13시,일요일,충청북도 증평군 증평읍,중상사고,0,1,0,0,차대사람 - 차도통행중,안전운전불이행,건조,맑음,단일로 - 기타,승용,남,63세,상해없음,보행자,여,67세,중상
2019052600100253,2019년 5월 26일 13시,일요일,충청북도 음성군 대소면,경상사고,0,0,1,0,차대차 - 측면충돌,안전운전불이행,건조,맑음,단일로 - 기타,농기계,남,74세,상해없음,이륜,남,56세,경상
2019052600100254,2019년 5월 26일 13시,일요일,충청북도 청주시 상당구 용암동,경상사고,0,0,1,0,차대차 - 후진중충돌,안전운전불이행,건조,맑음,주차장 - 주차장,승용,남,41세,상해없음,승용,여,32세,경상
2019052600100283,2019년 5월 26일 14시,일요일,충청북도 청주시 청원구 오창읍,경상사고,0,0,3,0,차대차 - 기타,안전거리미확보,건조,맑음,교차로 - 교차로부근,승용,남,62세,상해없음,승용,여,35세,경상
2019052600100284,2019년 5월 26일 14시,일요일,충청북도 청주시 흥덕구 비하동,경상사고,0,0,3,0,차대차 - 추돌,안전거리미확보,건조,맑음,교차로 - 교차로부근,승용,여,33세,상해없음,승용,여,40세,경상
2019052600100285,2019년 5월 26일 14시,일요일,충청북도 청주시 흥덕구 석곡동,경상사고,0,0,5,0,차대차 - 추돌,안전거리미확보,건조,맑음,단일로 - 기타,승합,남,39세,경상,승용,남,59세,경상
2019052600100367,2019년 5월 26일 16시,일요일,충청북도 청주시 서원구 현도면,경상사고,0,0,1,0,차대차 - 기타,안전운전불이행,건조,맑음,단일로 - 기타,승용,남,24세,상해없음,이륜,남,32세,경상
2019052600100399,2019년 5월 26일 17시,일요일,충청북도 청주시 서원구 산남동,경상사고,0,0,1,0,차대차 - 추돌,안전운전불이행,건조,맑음,교차로 - 교차로부근,승용,남,55세,상해없음,승용,남,42세,경상
2019052600100427,2019년 5월 26일 18시,일요일,충청북도 청주시 흥덕구 옥산면,경상사고,0,0,5,0,차대차 - 측면충돌,안전운전불이행,건조,맑음,단일로 - 기타,승용,여,23세,상해없음,승합,남,60세,상해없음
2019052600100447,2019년 5월 26일 19시,일요일,충청북도 충주시 중앙탑면,중상사고,0,1,1,1,차대차 - 측면충돌,신호위반,건조,맑음,교차로 - 교차로안,승용,여,57세,부상신고,승용,남,35세,경상
2019052600100477,2019년 5월 26일 20시,일요일,충청북도 청주시 청원구 율량동,경상사고,0,0,1,0,차대차 - 정면충돌,교차로운행방법위반,건조,맑음,교차로 - 교차로안,승용,여,50세,상해없음,승용,남,35세,경상
2019052600100478,2019년 5월 26일 20시,일요일,충청북도 제천시 청전동,중상사고,0,1,1,0,차대차 - 정면충돌,신호위반,건조,맑음,교차로 - 교차로안,화물,남,24세,상해없음,승용,남,44세,경상
2019052600100479,2019년 5월 26일 20시,일요일,충청북도 음성군 삼성면,중상사고,0,2,0,0,차량단독 - 공작물충돌,안전운전불이행,건조,맑음,교차로 - 교차로부근,승용,남,71세,중상,,,,
2019052600100480,2019년 5월 26일 20시,일요일,충청북도 청주시 상당구 용담동,경상사고,0,0,4,0,차대차 - 측면충돌,안전운전불이행,건조,맑음,교차로 - 교차로안,승용,남,53세,상해없음,승합,여,60세,경상
2019052700100035,2019년 5월 27일 01시,월요일,충청북도 청주시 서원구 사직동,경상사고,0,0,1,0,차대사람 - 차도통행중,안전운전불이행,건조,흐림,교차로 - 교차로안,승용,남,74세,상해없음,보행자,남,51세,경상
2019052700100086,2019년 5월 27일 06시,월요일,충청북도 청주시 흥덕구 송정동,경상사고,0,0,3,0,차대차 - 추돌,안전운전불이행,젖음/습기,비,단일로 - 기타,승용,남,58세,상해없음,승용,여,31세,경상
2019052700100106,2019년 5월 27일 07시,월요일,충청북도 청주시 흥덕구 오송읍,중상사고,0,2,8,1,차대차 - 측면충돌,신호위반,건조,맑음,교차로 - 교차로안,승용,여,31세,중상,승합,남,51세,상해없음
2019052700100151,2019년 5월 27일 08시,월요일,충청북도 청주시 청원구 내수읍,경상사고,0,0,4,0,차대차 - 기타,안전운전불이행,젖음/습기,비,교차로 - 교차로부근,승용,남,32세,상해없음,승용,여,25세,경상
2019052700100152,2019년 5월 27일 08시,월요일,충청북도 청주시 청원구 내수읍,경상사고,0,0,2,0,차대차 - 측면충돌,중앙선침범,건조,맑음,단일로 - 기타,승용,남,58세,상해없음,승용,여,53세,경상
2019052700100153,2019년 5월 27일 08시,월요일,충청북도 옥천군 옥천읍,경상사고,0,0,2,0,차대차 - 정면충돌,직진우회전진행방해,젖음/습기,비,교차로 - 교차로안,승용,여,52세,경상,승용,남,37세,경상
2019052700100154,2019년 5월 27일 08시,월요일,충청북도 청주시 흥덕구 가경동,경상사고,0,0,1,0,차대차 - 추돌,안전운전불이행,건조,맑음,단일로 - 기타,승용,남,23세,상해없음,승용,남,25세,경상
2019052700100186,2019년 5월 27일 09시,월요일,충청북도 청주시 상당구 북문로3가동,경상사고,0,0,1,1,차대차 - 기타,안전거리미확보,젖음/습기,비,교차로 - 교차로부근,화물,남,61세,부상신고,승용,남,51세,경상
2019052700100187,2019년 5월 27일 09시,월요일,충청북도 청주시 청원구 오창읍,중상사고,0,1,0,0,차량단독 - 기타,안전운전불이행,젖음/습기,비,단일로 - 기타,화물,남,37세,중상,,,,
2019052700100188,2019년 5월 27일 09시,월요일,충청북도 청주시 청원구 오창읍,경상사고,0,0,1,0,차대차 - 기타,안전운전불이행,젖음/습기,비,단일로 - 기타,건설기계,남,53세,상해없음,승용,남,37세,상해없음
2019052700100239,2019년 5월 27일 10시,월요일,충청북도 보은군 삼승면,중상사고,0,1,0,0,차대차 - 측면충돌,신호위반,젖음/습기,비,교차로 - 교차로안,화물,남,59세,상해없음,승용,여,49세,중상
2019052700100240,2019년 5월 27일 10시,월요일,충청북도 옥천군 옥천읍,중상사고,0,1,0,0,차량단독 - 전도전복 - 전도,안전운전불이행,젖음/습기,비,단일로 - 기타,이륜,남,62세,중상,,,,
2019052700100241,2019년 5월 27일 10시,월요일,충청북도 진천군 덕산면,중상사고,0,1,0,0,차대차 - 기타,신호위반,젖음/습기,비,교차로 - 교차로안,승용,남,74세,기타불명,이륜,남,49세,중상
2019052700100277,2019년 5월 27일 11시,월요일,충청북도 청주시 청원구 오창읍,경상사고,0,0,1,0,차대차 - 기타,안전운전불이행,건조,맑음,교차로 - 교차로부근,화물,남,47세,상해없음,승용,남,62세,경상
2019052700100278,2019년 5월 27일 11시,월요일,충청북도 충주시 봉방동,중상사고,0,1,2,1,차대차 - 기타,신호위반,건조,맑음,교차로 - 교차로안,승용,여,72세,부상신고,승용,남,79세,중상
2019052700100279,2019년 5월 27일 11시,월요일,충청북도 제천시 청전동,중상사고,0,1,0,0,차대사람 - 횡단중,안전운전불이행,젖음/습기,비,교차로 - 교차로안,승용,여,38세,상해없음,보행자,여,79세,중상
2019052700100280,2019년 5월 27일 11시,월요일,충청북도 청주시 흥덕구 수의동,경상사고,0,0,1,0,차대차 - 추돌,안전운전불이행,젖음/습기,비,단일로 - 기타,화물,남,51세,상해없음,화물,남,57세,경상
2019052700100306,2019년 5월 27일 12시,월요일,충청북도 청주시 청원구 우암동,경상사고,0,0,1,0,차대차 - 기타,안전거리미확보,젖음/습기,비,교차로 - 교차로안,화물,남,66세,기타불명,승용,여,49세,경상
2019052700100307,2019년 5월 27일 12시,월요일,충청북도 충주시 수안보면,사망사고,2,0,1,0,차대차 - 측면충돌,안전운전불이행,젖음/습기,흐림,교차로 - 교차로안,승용,남,62세,사망,건설기계,남,39세,경상
2019052700100342,2019년 5월 27일 13시,월요일,충청북도 청주시 상당구 남문로1가동,중상사고,0,1,0,0,차대차 - 측면충돌,안전운전불이행,젖음/습기,비,단일로 - 지하차도(도로)내,승용,남,73세,상해없음,원동기,남,61세,중상
2019052700100377,2019년 5월 27일 14시,월요일,충청북도 청주시 흥덕구 봉명동,경상사고,0,0,1,0,차대차 - 기타,안전운전불이행,건조,맑음,교차로 - 교차로부근,승용,남,65세,상해없음,승용,남,35세,경상
2019052700100409,2019년 5월 27일 15시,월요일,충청북도 청주시 서원구 모충동,경상사고,0,0,2,0,차대차 - 추돌,안전운전불이행,건조,맑음,단일로 - 지하차도(도로)내,승용,남,65세,상해없음,화물,남,64세,경상
2019052700100410,2019년 5월 27일 15시,월요일,충청북도 청주시 상당구 석교동,경상사고,0,0,1,0,차대사람 - 차도통행중,안전운전불이행,젖음/습기,맑음,교차로 - 교차로부근,화물,남,41세,상해없음,보행자,남,64세,경상
2019052700100441,2019년 5월 27일 16시,월요일,충청북도 제천시 금성면,중상사고,0,1,1,0,차대차 - 기타,중앙선침범,젖음/습기,비,단일로 - 지하차도(도로)내,승용,여,58세,상해없음,승합,남,40세,상해없음
2019052700100475,2019년 5월 27일 17시,월요일,충청북도 청주시 서원구 사직동,경상사고,0,0,3,0,차대차 - 측면충돌,안전운전불이행,건조,맑음,교차로 - 교차로안,승용,여,55세,경상,승용,여,32세,경상
2019052700100476,2019년 5월 27일 17시,월요일,충청북도 청주시 상당구 북문로2가동,경상사고,0,0,1,0,차대사람 - 기타,안전운전불이행,건조,맑음,단일로 - 기타,승용,남,71세,기타불명,보행자,여,18세,경상
2019052700100477,2019년 5월 27일 17시,월요일,충청북도 음성군 음성읍,중상사고,0,1,0,0,차대차 - 추돌,안전운전불이행,젖음/습기,비,단일로 - 기타,이륜,남,66세,중상,승합,남,69세,상해없음
2019052700100577,2019년 5월 27일 20시,월요일,충청북도 충주시 대소원면,중상사고,0,1,0,0,차대사람 - 횡단중,안전운전불이행,건조,맑음,교차로 - 교차로안,승용,남,59세,상해없음,보행자,남,34세,중상
2019052800100045,2019년 5월 28일 01시,화요일,충청북도 음성군 생극면,경상사고,0,0,1,0,차대차 - 측면충돌,안전운전불이행,건조,맑음,단일로 - 기타,이륜,남,61세,경상,화물,남,53세,상해없음
2019052800100055,2019년 5월 28일 03시,화요일,충청북도 청주시 상당구 용정동,경상사고,0,0,2,0,차대차 - 추돌,안전운전불이행,건조,맑음,단일로 - 지하차도(도로)내,승용,남,29세,기타불명,승용,남,39세,경상
2019052800100081,2019년 5월 28일 06시,화요일,충청북도 충주시 주덕읍,경상사고,0,0,1,0,차대차 - 기타,신호위반,건조,맑음,단일로 - 기타,승용,남,48세,상해없음,화물,남,54세,경상
2019052800100137,2019년 5월 28일 08시,화요일,충청북도 충주시 문화동,경상사고,0,0,1,0,차대차 - 기타,안전거리미확보,건조,맑음,기타 - 기타,자전거,남,54세,경상,승용,여,30세,상해없음
2019052800100138,2019년 5월 28일 08시,화요일,충청북도 제천시 중앙로1가,중상사고,0,1,0,0,차대차 - 추돌,안전운전불이행,건조,맑음,교차로 - 교차로부근,승용,남,21세,상해없음,승용,남,47세,상해없음
2019052800100225,2019년 5월 28일 10시,화요일,충청북도 보은군 수한면,사망사고,1,3,3,0,차대차 - 추돌,안전운전불이행,건조,맑음,단일로 - 기타,화물,남,53세,상해없음,승용,남,74세,경상
2019052800100283,2019년 5월 28일 12시,화요일,충청북도 청주시 청원구 내덕동,경상사고,0,0,1,0,차대차 - 추돌,안전운전불이행,건조,맑음,교차로 - 교차로안,이륜,남,24세,상해없음,승용,남,57세,경상
2019052800100317,2019년 5월 28일 13시,화요일,충청북도 청주시 흥덕구 봉명동,중상사고,0,1,0,0,차대차 - 기타,안전운전불이행,건조,맑음,교차로 - 교차로부근,화물,남,44세,상해없음,이륜,남,51세,중상
2019052800100318,2019년 5월 28일 13시,화요일,충청북도 청주시 상당구 용정동,경상사고,0,0,1,0,차대차 - 기타,안전운전불이행,건조,맑음,교차로 - 교차로부근,원동기,남,14세,상해없음,승용,남,59세,상해없음
2019052800100362,2019년 5월 28일 14시,화요일,충청북도 청주시 청원구 내덕동,중상사고,0,1,0,0,차대차 - 측면충돌,안전운전불이행,건조,맑음,단일로 - 기타,자전거,남,76세,중상,승합,남,60세,상해없음
2019052800100363,2019년 5월 28일 14시,화요일,충청북도 제천시 고암동,경상사고,0,0,3,0,차대차 - 측면충돌,직진우회전진행방해,건조,맑음,교차로 - 교차로안,승용,남,72세,경상,화물,여,43세,경상
2019052800100463,2019년 5월 28일 16시,화요일,충청북도 청주시 상당구 방서동,경상사고,0,0,3,0,차대차 - 측면충돌,교차로운행방법위반,건조,맑음,교차로 - 교차로안,승용,여,66세,상해없음,승용,여,37세,경상
2019052800100527,2019년 5월 28일 17시,화요일,충청북도 충주시 문화동,경상사고,0,0,1,0,차대차 - 기타,직진우회전진행방해,건조,맑음,교차로 - 교차로안,자전거,남,49세,경상,승용,남,65세,상해없음
2019052800100528,2019년 5월 28일 17시,화요일,충청북도 충주시 금릉동,중상사고,0,1,1,1,차대차 - 측면충돌,교차로운행방법위반,건조,맑음,교차로 - 교차로안,승용,여,58세,부상신고,승용,남,23세,중상
2019052800100529,2019년 5월 28일 17시,화요일,충청북도 제천시 명동,경상사고,0,0,1,0,차대차 - 측면충돌,신호위반,건조,맑음,교차로 - 교차로안,승용,여,66세,상해없음,승용,남,28세,경상
2019052800100632,2019년 5월 28일 19시,화요일,충청북도 청주시 청원구 북이면,경상사고,0,0,1,0,차량단독 - 전도전복 - 전도,안전운전불이행,건조,맑음,단일로 - 기타,화물,남,56세,경상,,,,
2019052800100633,2019년 5월 28일 19시,화요일,충청북도 청주시 청원구 내수읍,경상사고,0,0,1,0,차대사람 - 기타,기타,건조,맑음,교차로 - 교차로안,승용,남,24세,기타불명,보행자,남,48세,경상
2019052800100634,2019년 5월 28일 19시,화요일,충청북도 청주시 흥덕구 가경동,경상사고,0,0,1,0,차대차 - 측면충돌,안전운전불이행,건조,맑음,교차로 - 교차로안,승용,남,59세,상해없음,승용,남,25세,경상
2019052800100673,2019년 5월 28일 20시,화요일,충청북도 충주시 교현동,경상사고,0,0,1,0,차대차 - 기타,기타,건조,맑음,교차로 - 교차로안,승용,남,22세,상해없음,이륜,남,24세,경상
2019052800100674,2019년 5월 28일 20시,화요일,충청북도 제천시 청전동,경상사고,0,0,1,3,차대차 - 측면충돌,직진우회전진행방해,건조,맑음,교차로 - 교차로안,승용,남,54세,상해없음,승용,여,52세,경상
2019052800100675,2019년 5월 28일 20시,화요일,충청북도 제천시 중앙로2가,경상사고,0,0,1,0,차대차 - 측면충돌,안전운전불이행,건조,흐림,단일로 - 기타,승용,남,50세,경상,승용,남,33세,상해없음
2019052800100676,2019년 5월 28일 20시,화요일,충청북도 진천군 광혜원면,경상사고,0,0,2,0,차대차 - 기타,안전거리미확보,건조,맑음,교차로 - 교차로부근,승용,여,54세,상해없음,승용,남,44세,경상
2019052800100677,2019년 5월 28일 20시,화요일,충청북도 청주시 상당구 용암동,경상사고,0,0,1,0,차대차 - 측면충돌,신호위반,건조,맑음,교차로 - 교차로안,승용,남,22세,상해없음,이륜,남,21세,경상
2019052800100703,2019년 5월 28일 21시,화요일,충청북도 충주시 봉방동,부상신고사고,0,0,0,1,차대차 - 기타,안전운전불이행,건조,맑음,단일로 - 기타,자전거,남,20세,부상신고,이륜,남,48세,상해없음
2019052800100704,2019년 5월 28일 21시,화요일,충청북도 충주시 금릉동,경상사고,0,0,1,0,차대차 - 기타,안전거리미확보,건조,맑음,교차로 - 교차로안,승용,여,50세,상해없음,승용,남,47세,경상
2019052800100773,2019년 5월 28일 23시,화요일,충청북도 청주시 서원구 사직동,경상사고,0,0,2,0,차대차 - 기타,교차로운행방법위반,건조,맑음,교차로 - 교차로안,승용,여,45세,상해없음,승용,여,61세,경상
2019052800100774,2019년 5월 28일 23시,화요일,충청북도 음성군 대소면,경상사고,0,0,1,0,차대차 - 추돌,안전운전불이행,건조,맑음,교차로 - 교차로부근,승용,남,31세,상해없음,승용,남,31세,경상
2019052800100775,2019년 5월 28일 23시,화요일,충청북도 청주시 흥덕구 운천동,경상사고,0,0,1,0,차대차 - 기타,안전운전불이행,건조,맑음,단일로 - 기타,승용,남,37세,상해없음,승용,남,54세,경상
2019052900100101,2019년 5월 29일 07시,수요일,충청북도 괴산군 연풍면,중상사고,0,1,0,0,차대차 - 측면충돌,중앙선침범,건조,맑음,교차로 - 교차로부근,이륜,남,75세,중상,건설기계,남,56세,상해없음
2019052900100102,2019년 5월 29일 07시,수요일,충청북도 청주시 흥덕구 강내면,경상사고,0,0,1,0,차대차 - 측면충돌,교차로운행방법위반,건조,맑음,교차로 - 교차로안,승합,남,42세,상해없음,승용,남,57세,경상
2019052900100103,2019년 5월 29일 07시,수요일,충청북도 청주시 상당구 금천동,경상사고,0,0,1,0,차대차 - 측면충돌,안전운전불이행,건조,맑음,단일로 - 지하차도(도로)내,승용,여,31세,상해없음,승용,여,33세,경상
2019052900100142,2019년 5월 29일 08시,수요일,충청북도 청주시 청원구 오창읍,중상사고,0,1,0,0,차대사람 - 횡단중,안전운전불이행,건조,맑음,교차로 - 교차로안,승용,남,45세,상해없음,보행자,여,55세,중상
2019052900100143,2019년 5월 29일 08시,수요일,충청북도 영동군 영동읍,경상사고,0,0,1,0,차대차 - 측면충돌,기타,건조,맑음,단일로 - 기타,승용,남,52세,상해없음,승용,여,41세,경상
2019052900100144,2019년 5월 29일 08시,수요일,충청북도 청주시 흥덕구 정봉동,경상사고,0,0,4,0,차대차 - 추돌,안전운전불이행,건조,맑음,단일로 - 기타,화물,남,58세,상해없음,화물,남,56세,경상
2019052900100188,2019년 5월 29일 09시,수요일,충청북도 보은군 수한면,사망사고,1,1,0,0,차대차 - 측면충돌,안전운전불이행,건조,맑음,교차로 - 교차로안,이륜,남,83세,사망,화물,남,46세,상해없음
2019052900100189,2019년 5월 29일 09시,수요일,충청북도 청주시 흥덕구 지동동,경상사고,0,0,1,0,차대차 - 기타,안전거리미확보,건조,맑음,단일로 - 기타,승용,남,44세,상해없음,승용,남,51세,경상
2019052900100224,2019년 5월 29일 10시,수요일,충청북도 진천군 이월면,경상사고,0,0,2,0,차대차 - 추돌,안전거리미확보,건조,맑음,단일로 - 기타,화물,남,52세,경상,화물,남,60세,경상
2019052900100255,2019년 5월 29일 11시,수요일,충청북도 청주시 청원구 오창읍,경상사고,0,0,2,0,차대차 - 측면충돌,안전운전불이행,건조,맑음,교차로 - 교차로안,승용,여,33세,상해없음,승용,남,73세,경상
2019052900100256,2019년 5월 29일 11시,수요일,충청북도 진천군 진천읍,중상사고,0,1,0,0,차대차 - 측면충돌,신호위반,건조,맑음,교차로 - 교차로안,이륜,여,57세,중상,화물,남,59세,상해없음
2019052900100282,2019년 5월 29일 12시,수요일,충청북도 충주시 살미면,중상사고,0,1,0,0,차대차 - 측면충돌,안전거리미확보,건조,맑음,단일로 - 기타,이륜,남,63세,중상,화물,남,65세,상해없음
2019052900100283,2019년 5월 29일 12시,수요일,충청북도 제천시 영천동,경상사고,0,0,1,0,차대차 - 측면충돌,신호위반,건조,맑음,교차로 - 교차로안,화물,남,75세,상해없음,승용,남,59세,경상