사고번호,사고일시,요일,시군구,사고내용,사망자수,중상자수,경상자수,부상신고자수,사고유형,법규위반,노면상태,기상상태,도로형태,가해운전자 차종,가해운전자 성별,가해운전자 연령,가해운전자 상해정도,피해운전자 차종,피해운전자 성별,피해운전자 연령,피해운전자 상해정도
2019052900100284,2019년 5월 29일 12시,수요일,충청북도 청주시 상당구 미원면,중상사고,0,1,2,0,차대차 - 측면충돌,신호위반,건조,맑음,교차로 - 교차로안,이륜,남,83세,중상,승용,남,72세,경상
2019052900100346,2019년 5월 29일 14시,수요일,충청북도 청주시 청원구 오창읍,중상사고,0,1,0,0,차대사람 - 기타,안전운전불이행,건조,맑음,단일로 - 기타,승용,여,43세,상해없음,보행자,남,77세,중상
2019052900100443,2019년 5월 29일 16시,수요일,충청북도 청주시 서원구 산남동,경상사고,0,0,1,0,차대차 - 측면충돌,안전운전불이행,건조,맑음,교차로 - 교차로안,자전거,남,8세,경상,승용,남,45세,상해없음
2019052900100500,2019년 5월 29일 17시,수요일,충청북도 괴산군 괴산읍,경상사고,0,0,3,0,차대차 - 측면충돌,직진우회전진행방해,건조,맑음,교차로 - 교차로안,승용,남,50세,경상,화물,남,43세,경상
2019052900100501,2019년 5월 29일 17시,수요일,충청북도 보은군 회인면,중상사고,0,1,0,0,차량단독 - 도로외이탈 - 추락,안전운전불이행,건조,맑음,단일로 - 교량,사륜오토바이(ATV),여,84세,중상,,,,
2019052900100502,2019년 5월 29일 17시,수요일,충청북도 진천군 진천읍,경상사고,0,0,2,0,차대차 - 측면충돌,안전운전불이행,건조,맑음,주차장 - 주차장,화물,남,61세,상해없음,승합,여,49세,경상
2019052900100503,2019년 5월 29일 17시,수요일,충청북도 청주시 흥덕구 강내면,중상사고,0,1,0,1,차대차 - 측면충돌,교차로운행방법위반,건조,맑음,교차로 - 교차로안,승용,여,47세,부상신고,화물,남,69세,중상
2019052900100553,2019년 5월 29일 18시,수요일,충청북도 청주시 청원구 오창읍,중상사고,0,1,1,0,차대차 - 기타,신호위반,건조,맑음,교차로 - 교차로안,승용,남,42세,상해없음,승용,남,27세,중상
2019052900100554,2019년 5월 29일 18시,수요일,충청북도 충주시 산척면,중상사고,0,1,0,0,차대차 - 기타,안전운전불이행,건조,맑음,단일로 - 기타,승용,남,31세,상해없음,농기계,남,89세,중상
2019052900100614,2019년 5월 29일 19시,수요일,충청북도 청주시 흥덕구 옥산면,중상사고,0,1,7,0,차대차 - 측면충돌,안전운전불이행,건조,맑음,단일로 - 기타,승용,남,32세,상해없음,승용,남,64세,경상
2019052900100676,2019년 5월 29일 21시,수요일,충청북도 음성군 대소면,경상사고,0,0,1,0,차대사람 - 횡단중,보행자보호의무위반,건조,맑음,교차로 - 교차로횡단보도내,승용,여,57세,상해없음,보행자,남,29세,경상
2019052900100702,2019년 5월 29일 22시,수요일,충청북도 충주시 안림동,중상사고,0,2,0,0,차대차 - 추돌,안전운전불이행,건조,흐림,단일로 - 기타,승용,여,55세,상해없음,화물,남,57세,상해없음
2019052900100725,2019년 5월 29일 23시,수요일,충청북도 청주시 청원구 오창읍,중상사고,0,1,0,0,차대차 - 기타,안전운전불이행,건조,맑음,단일로 - 기타,승용,남,33세,상해없음,개인형이동수단(PM),남,30세,중상
2019053000100052,2019년 5월 30일 02시,목요일,충청북도 청주시 서원구 산남동,경상사고,0,0,1,0,차대차 - 측면충돌,안전운전불이행,건조,맑음,교차로 - 교차로부근,승용,여,30세,상해없음,승용,남,51세,경상
2019053000100075,2019년 5월 30일 04시,목요일,충청북도 충주시 연수동,경상사고,0,0,1,0,차대차 - 추돌,안전운전불이행,건조,맑음,교차로 - 교차로부근,승용,남,18세,상해없음,화물,남,80세,상해없음
2019053000100112,2019년 5월 30일 07시,목요일,충청북도 증평군 증평읍,중상사고,0,1,0,0,차대차 - 측면충돌,과속,건조,맑음,단일로 - 기타,승용,남,37세,상해없음,자전거,여,77세,중상
2019053000100148,2019년 5월 30일 08시,목요일,충청북도 충주시 중앙탑면,경상사고,0,0,3,0,차대차 - 기타,안전운전불이행,건조,맑음,단일로 - 기타,승용,여,47세,상해없음,승용,여,35세,경상
2019053000100149,2019년 5월 30일 08시,목요일,충청북도 영동군 용산면,중상사고,0,1,0,0,차대차 - 측면충돌,신호위반,건조,맑음,교차로 - 교차로안,승용,남,48세,상해없음,승용,남,68세,중상
2019053000100150,2019년 5월 30일 08시,목요일,충청북도 음성군 원남면,경상사고,0,0,1,0,차대차 - 기타,차로위반,건조,맑음,단일로 - 기타,화물,남,44세,상해없음,승용,남,28세,경상
2019053000100151,2019년 5월 30일 08시,목요일,충청북도 진천군 진천읍,경상사고,0,0,1,0,차대차 - 후진중충돌,안전운전불이행,건조,맑음,단일로 - 기타,화물,남,45세,상해없음,승용,남,27세,경상
2019053000100197,2019년 5월 30일 09시,목요일,충청북도 음성군 맹동면,경상사고,0,0,1,0,차대차 - 측면충돌,안전거리미확보,건조,맑음,교차로 - 교차로부근,승용,남,54세,상해없음,승용,여,37세,경상
2019053000100264,2019년 5월 30일 11시,목요일,충청북도 충주시 중앙탑면,경상사고,0,0,2,0,차대차 - 기타,중앙선침범,건조,맑음,기타 - 기타,승용,여,67세,경상,승용,여,60세,경상
2019053000100265,2019년 5월 30일 11시,목요일,충청북도 청주시 흥덕구 가경동,경상사고,0,0,1,0,차대차 - 기타,안전거리미확보,건조,맑음,단일로 - 기타,승용,남,67세,상해없음,승용,남,36세,경상
2019053000100299,2019년 5월 30일 12시,목요일,충청북도 진천군 초평면,경상사고,0,0,1,0,차대차 - 정면충돌,직진우회전진행방해,건조,맑음,교차로 - 교차로안,승용,남,54세,상해없음,화물,남,49세,경상
2019053000100322,2019년 5월 30일 13시,목요일,충청북도 청주시 청원구 율량동,중상사고,0,1,0,0,차대차 - 기타,안전운전불이행,건조,맑음,교차로 - 교차로부근,화물,남,65세,상해없음,승합,남,55세,중상
2019053000100323,2019년 5월 30일 13시,목요일,충청북도 청주시 서원구 미평동,중상사고,0,1,1,0,차대차 - 추돌,신호위반,건조,맑음,교차로 - 교차로부근,화물,남,20세,중상,화물,남,52세,경상
2019053000100367,2019년 5월 30일 15시,목요일,충청북도 청주시 청원구 북이면,경상사고,0,0,1,0,차대차 - 기타,안전운전불이행,건조,맑음,단일로 - 기타,승용,남,52세,상해없음,승용,남,21세,경상
2019053000100368,2019년 5월 30일 15시,목요일,충청북도 제천시 백운면,경상사고,0,0,2,0,차량단독 - 공작물충돌,안전운전불이행,건조,맑음,단일로 - 지하차도(도로)내,화물,남,53세,경상,,,,
2019053000100369,2019년 5월 30일 15시,목요일,충청북도 음성군 대소면,경상사고,0,0,1,0,차대차 - 추돌,신호위반,건조,맑음,교차로 - 교차로부근,승용,여,64세,상해없음,승용,여,53세,경상
2019053000100398,2019년 5월 30일 16시,목요일,충청북도 청주시 상당구 영동,경상사고,0,0,1,0,차대사람 - 기타,안전운전불이행,건조,맑음,단일로 - 기타,승용,여,25세,기타불명,보행자,남,22세,경상
2019053000100399,2019년 5월 30일 16시,목요일,충청북도 충주시 교현동,경상사고,0,0,1,0,차대차 - 측면충돌,안전거리미확보,건조,맑음,단일로 - 기타,자전거,여,79세,경상,승용,남,36세,상해없음
2019053000100400,2019년 5월 30일 16시,목요일,충청북도 진천군 덕산면,경상사고,0,0,1,0,차대차 - 측면충돌,안전거리미확보,건조,맑음,단일로 - 기타,이륜,남,73세,경상,승용,여,53세,상해없음
2019053000100436,2019년 5월 30일 17시,목요일,충청북도 제천시 하소동,중상사고,0,1,0,0,차대사람 - 횡단중,안전운전불이행,건조,맑음,단일로 - 기타,승용,여,60세,상해없음,보행자,여,75세,중상
2019053000100480,2019년 5월 30일 18시,목요일,충청북도 청주시 흥덕구 가경동,경상사고,0,0,1,0,차대차 - 측면충돌,신호위반,건조,맑음,교차로 - 교차로안,승용,여,45세,상해없음,이륜,남,40세,경상
2019053000100519,2019년 5월 30일 19시,목요일,충청북도 충주시 연수동,중상사고,0,1,0,0,차대사람 - 횡단중,기타,건조,맑음,단일로 - 기타,승합,남,49세,상해없음,보행자,여,79세,중상
2019053000100520,2019년 5월 30일 19시,목요일,충청북도 제천시 봉양읍,경상사고,0,0,1,0,차대사람 - 기타,안전운전불이행,건조,맑음,기타 - 기타,승용,여,47세,상해없음,보행자,남,8세,경상
2019053000100521,2019년 5월 30일 19시,목요일,충청북도 청주시 흥덕구 복대동,경상사고,0,0,1,0,차대차 - 추돌,안전운전불이행,건조,맑음,교차로 - 교차로부근,승용,여,43세,상해없음,이륜,남,29세,경상
2019053000100522,2019년 5월 30일 19시,목요일,충청북도 청주시 흥덕구 복대동,경상사고,0,0,1,0,차대사람 - 횡단중,보행자보호의무위반,건조,맑음,교차로 - 교차로횡단보도내,이륜,남,49세,상해없음,보행자,여,22세,경상
2019053000100556,2019년 5월 30일 20시,목요일,충청북도 충주시 교현동,중상사고,0,2,0,0,차대차 - 추돌,안전운전불이행,건조,맑음,교차로 - 교차로안,승용,남,52세,상해없음,승용,여,42세,중상
2019053000100557,2019년 5월 30일 20시,목요일,충청북도 청주시 상당구 용암동,경상사고,0,0,1,0,차대차 - 측면충돌,안전운전불이행,건조,맑음,교차로 - 교차로부근,승용,남,44세,상해없음,승용,남,36세,경상
2019053000100589,2019년 5월 30일 21시,목요일,충청북도 청주시 흥덕구 복대동,중상사고,0,1,0,0,차대차 - 추돌,안전운전불이행,건조,맑음,단일로 - 기타,화물,남,49세,상해없음,승용,남,49세,중상
2019053000100642,2019년 5월 30일 23시,목요일,충청북도 제천시 장락동,경상사고,0,0,1,0,차대차 - 추돌,안전운전불이행,건조,흐림,교차로 - 교차로부근,승용,남,27세,상해없음,화물,남,47세,경상
2019053000100643,2019년 5월 30일 23시,목요일,충청북도 제천시 청전동,경상사고,0,0,1,0,차대사람 - 횡단중,신호위반,젖음/습기,비,교차로 - 교차로횡단보도내,승용,남,57세,기타불명,보행자,남,43세,경상
2019053000100644,2019년 5월 30일 23시,목요일,충청북도 청주시 흥덕구 봉명동,경상사고,0,0,2,0,차대차 - 추돌,안전운전불이행,젖음/습기,맑음,교차로 - 교차로부근,승용,남,50세,상해없음,승용,남,34세,경상
2019053100100037,2019년 5월 31일 00시,금요일,충청북도 청주시 서원구 사창동,경상사고,0,0,1,0,차대사람 - 횡단중,불법유턴,건조,맑음,단일로 - 기타,승용,남,27세,상해없음,보행자,남,22세,경상
2019053100100038,2019년 5월 31일 00시,금요일,충청북도 청주시 청원구 내덕동,경상사고,0,0,1,0,차대차 - 기타,안전운전불이행,건조,맑음,교차로 - 교차로안,승용,남,33세,상해없음,승용,남,65세,경상
2019053100100039,2019년 5월 31일 00시,금요일,충청북도 충주시 연수동,경상사고,0,0,1,0,차대차 - 기타,안전거리미확보,건조,맑음,교차로 - 교차로안,승용,남,25세,상해없음,승용,남,50세,경상
2019053100100101,2019년 5월 31일 06시,금요일,충청북도 청주시 청원구 내덕동,경상사고,0,0,1,0,차대차 - 기타,신호위반,건조,맑음,교차로 - 교차로안,화물,남,39세,상해없음,화물,남,41세,경상
2019053100100330,2019년 5월 31일 13시,금요일,충청북도 충주시 성남동,경상사고,0,0,2,0,차대차 - 기타,안전운전불이행,건조,맑음,단일로 - 기타,승용,남,30세,경상,이륜,남,62세,경상
2019053100100331,2019년 5월 31일 13시,금요일,충청북도 제천시 교동,경상사고,0,0,1,0,차대차 - 측면충돌,교차로운행방법위반,건조,맑음,교차로 - 교차로안,화물,남,63세,상해없음,승용,남,24세,경상
2019053100100332,2019년 5월 31일 13시,금요일,충청북도 보은군 내북면,경상사고,0,0,1,0,차대차 - 측면충돌,기타,건조,맑음,교차로 - 교차로안,화물,남,52세,상해없음,이륜,남,77세,경상
2019053100100333,2019년 5월 31일 13시,금요일,충청북도 음성군 대소면,경상사고,0,0,1,0,차대사람 - 횡단중,보행자보호의무위반,건조,맑음,교차로 - 교차로횡단보도내,승용,남,48세,상해없음,보행자,여,10세,경상
2019053100100334,2019년 5월 31일 13시,금요일,충청북도 청주시 흥덕구 가경동,경상사고,0,0,2,0,차대차 - 측면충돌,신호위반,건조,맑음,교차로 - 교차로안,이륜,남,58세,경상,승용,여,37세,경상
2019053100100335,2019년 5월 31일 13시,금요일,충청북도 청주시 흥덕구 복대동,경상사고,0,0,2,0,차대차 - 측면충돌,교차로운행방법위반,건조,맑음,교차로 - 교차로안,승용,여,46세,경상,승용,여,46세,경상
2019053100100375,2019년 5월 31일 14시,금요일,충청북도 충주시 대소원면,경상사고,0,0,2,0,차대차 - 정면충돌,안전운전불이행,건조,맑음,교차로 - 교차로부근,승용,남,50세,상해없음,승용,여,39세,경상
2019053100100473,2019년 5월 31일 16시,금요일,충청북도 충주시 호암동,중상사고,0,1,0,0,차대차 - 기타,안전거리미확보,건조,맑음,기타 - 기타,이륜,남,62세,중상,승용,여,49세,상해없음
2019053100100474,2019년 5월 31일 16시,금요일,충청북도 청주시 서원구 남이면,경상사고,0,0,2,0,차대차 - 추돌,안전거리미확보,건조,맑음,단일로 - 기타,승용,여,30세,상해없음,화물,남,50세,경상
2019053100100522,2019년 5월 31일 17시,금요일,충청북도 충주시 칠금동,중상사고,0,2,0,0,차대차 - 측면충돌,안전거리미확보,건조,맑음,교차로 - 교차로안,이륜,남,74세,중상,승용,여,66세,상해없음
2019053100100578,2019년 5월 31일 18시,금요일,충청북도 옥천군 옥천읍,중상사고,0,1,0,0,차대차 - 측면충돌,안전운전불이행,건조,맑음,교차로 - 교차로안,승용,여,43세,상해없음,이륜,남,70세,중상
2019053100100637,2019년 5월 31일 19시,금요일,충청북도 청주시 흥덕구 신봉동,경상사고,0,0,1,0,차대차 - 측면충돌,안전운전불이행,건조,맑음,교차로 - 교차로부근,승용,남,61세,상해없음,승용,여,29세,경상
2019053100100638,2019년 5월 31일 19시,금요일,충청북도 청주시 흥덕구 복대동,경상사고,0,0,2,0,차대차 - 측면충돌,안전운전불이행,건조,맑음,단일로 - 기타,승용,남,49세,상해없음,승용,여,25세,경상
2019053100100707,2019년 5월 31일 21시,금요일,충청북도 청주시 상당구 영동,경상사고,0,0,1,0,차대사람 - 기타,보행자보호의무위반,건조,맑음,단일로 - 기타,승용,남,30세,상해없음,보행자,남,9세,경상
2019053100100708,2019년 5월 31일 21시,금요일,충청북도 진천군 문백면,중상사고,0,1,0,0,차대차 - 정면충돌,신호위반,건조,맑음,교차로 - 교차로안,승용,남,60세,중상,승용,남,51세,상해없음
2019053100100709,2019년 5월 31일 21시,금요일,충청북도 청주시 흥덕구 봉명동,경상사고,0,0,2,0,차대차 - 측면충돌,직진우회전진행방해,건조,맑음,교차로 - 교차로안,승용,여,49세,상해없음,승용,남,60세,상해없음
2019053100100751,2019년 5월 31일 22시,금요일,충청북도 청주시 흥덕구 봉명동,중상사고,0,1,1,0,차대사람 - 횡단중,안전운전불이행,건조,맑음,단일로 - 기타,이륜,남,41세,경상,보행자,남,71세,중상
2019053100100785,2019년 5월 31일 23시,금요일,충청북도 청주시 청원구 내덕동,경상사고,0,0,1,0,차대차 - 기타,안전운전불이행,건조,맑음,교차로 - 교차로부근,이륜,남,19세,상해없음,승용,남,45세,경상
2019053100100786,2019년 5월 31일 23시,금요일,충청북도 제천시 청전동,경상사고,0,0,1,0,차대사람 - 보도통행중,기타,건조,맑음,단일로 - 기타,이륜,남,18세,상해없음,보행자,남,28세,경상
2019053100100787,2019년 5월 31일 23시,금요일,충청북도 청주시 서원구 산남동,부상신고사고,0,0,0,1,차대차 - 측면충돌,신호위반,건조,맑음,교차로 - 교차로안,이륜,남,19세,부상신고,승용,남,50세,상해없음
2019060100100042,2019년 6월 1일 01시,토요일,충청북도 청주시 흥덕구 복대동,경상사고,0,0,2,0,차대차 - 측면충돌,안전운전불이행,건조,맑음,교차로 - 교차로안,승용,남,26세,상해없음,이륜,남,31세,경상
2019060100100108,2019년 6월 1일 06시,토요일,충청북도 영동군 양강면,중상사고,0,2,0,0,차대차 - 측면충돌,안전운전불이행,건조,맑음,교차로 - 교차로안,화물,남,50세,상해없음,이륜,남,79세,중상
2019060100100163,2019년 6월 1일 09시,토요일,충청북도 청주시 상당구 수동,경상사고,0,0,2,0,차대차 - 측면충돌,직진우회전진행방해,건조,맑음,교차로 - 교차로안,승용,남,71세,상해없음,승용,여,46세,경상
2019060100100164,2019년 6월 1일 09시,토요일,충청북도 충주시 노은면,사망사고,1,3,0,0,차대차 - 측면충돌,과속,건조,맑음,단일로 - 기타,승용,여,59세,중상,승용,남,52세,중상
2019060100100165,2019년 6월 1일 09시,토요일,충청북도 제천시 중앙로2가,경상사고,0,0,1,2,차대차 - 측면충돌,직진우회전진행방해,건조,맑음,교차로 - 교차로안,승용,남,38세,상해없음,승용,여,28세,경상
2019060100100166,2019년 6월 1일 09시,토요일,충청북도 청주시 서원구 성화동,경상사고,0,0,1,0,차량단독 - 기타,안전운전불이행,건조,맑음,단일로 - 기타,농기계,남,78세,경상,,,,
2019060100100191,2019년 6월 1일 10시,토요일,충청북도 청주시 서원구 사직동,중상사고,0,1,1,0,차대차 - 기타,안전운전불이행,건조,맑음,단일로 - 기타,자전거,남,76세,기타불명,승합,남,52세,상해없음
2019060100100226,2019년 6월 1일 11시,토요일,충청북도 음성군 맹동면,경상사고,0,0,1,0,차대차 - 추돌,안전운전불이행,건조,맑음,단일로 - 기타,승용,여,52세,경상,화물,남,53세,상해없음
2019060100100227,2019년 6월 1일 11시,토요일,충청북도 청주시 흥덕구 비하동,경상사고,0,0,1,0,차대차 - 측면충돌,안전거리미확보,건조,맑음,단일로 - 기타,승용,남,18세,상해없음,승합,남,50세,경상
2019060100100265,2019년 6월 1일 12시,토요일,충청북도 음성군 음성읍,경상사고,0,0,1,0,차대차 - 추돌,안전운전불이행,건조,맑음,주차장 - 주차장,승합,남,59세,상해없음,화물,남,51세,상해없음
2019060100100301,2019년 6월 1일 13시,토요일,충청북도 보은군 수한면,중상사고,0,1,0,0,차대사람 - 횡단중,안전운전불이행,건조,맑음,교차로 - 교차로안,승용,여,62세,상해없음,보행자,남,76세,중상
2019060100100302,2019년 6월 1일 13시,토요일,충청북도 청주시 흥덕구 송정동,경상사고,0,0,1,0,차대차 - 측면충돌,과속,건조,맑음,교차로 - 교차로안,승용,여,27세,상해없음,자전거,남,46세,경상
2019060100100338,2019년 6월 1일 14시,토요일,충청북도 청주시 청원구 율량동,경상사고,0,0,1,0,차대차 - 기타,교차로운행방법위반,건조,맑음,교차로 - 교차로안,자전거,남,21세,경상,화물,남,62세,상해없음
2019060100100383,2019년 6월 1일 15시,토요일,충청북도 청주시 청원구 오창읍,중상사고,0,2,3,0,차대차 - 기타,안전운전불이행,건조,맑음,단일로 - 기타,승용,남,38세,상해없음,승용,남,48세,경상
2019060100100417,2019년 6월 1일 16시,토요일,충청북도 충주시 용두동,중상사고,0,1,0,0,차대차 - 기타,안전거리미확보,건조,맑음,단일로 - 기타,이륜,남,23세,중상,승용,남,32세,상해없음
2019060100100418,2019년 6월 1일 16시,토요일,충청북도 제천시 강제동,경상사고,0,0,1,0,차대차 - 측면충돌,안전거리미확보,건조,맑음,기타 - 기타,승용,여,51세,상해없음,이륜,남,53세,경상
2019060100100419,2019년 6월 1일 16시,토요일,충청북도 영동군 영동읍,중상사고,0,1,1,0,차대차 - 측면충돌,안전운전불이행,건조,맑음,교차로 - 교차로안,승용,여,51세,경상,승용,여,57세,중상
2019060100100420,2019년 6월 1일 16시,토요일,충청북도 괴산군 불정면,경상사고,0,0,2,0,차대차 - 측면충돌,직진우회전진행방해,건조,맑음,교차로 - 교차로안,승용,여,58세,경상,승용,남,64세,경상
2019060100100466,2019년 6월 1일 17시,토요일,충청북도 청주시 청원구 내덕동,경상사고,0,0,1,0,차대차 - 측면충돌,안전거리미확보,건조,맑음,교차로 - 교차로안,승용,여,50세,상해없음,승용,남,45세,상해없음
2019060100100467,2019년 6월 1일 17시,토요일,충청북도 충주시 교현동,경상사고,0,0,1,0,차대차 - 측면충돌,안전운전불이행,건조,맑음,교차로 - 교차로안,이륜,남,22세,상해없음,승용,여,49세,경상
2019060100100592,2019년 6월 1일 22시,토요일,충청북도 청주시 서원구 남이면,경상사고,0,0,1,0,차대사람 - 기타,안전운전불이행,건조,맑음,단일로 - 기타,화물,남,49세,상해없음,보행자,남,43세,경상
2019060100100623,2019년 6월 1일 23시,토요일,충청북도 청주시 서원구 사창동,경상사고,0,0,1,0,차대사람 - 보도통행중,안전운전불이행,건조,맑음,단일로 - 기타,승용,남,27세,상해없음,보행자,여,23세,경상
2019060100100624,2019년 6월 1일 23시,토요일,충청북도 충주시 연수동,경상사고,0,0,2,0,차대차 - 추돌,안전운전불이행,건조,맑음,교차로 - 교차로부근,승용,남,21세,상해없음,승용,남,48세,경상
2019060200100041,2019년 6월 2일 01시,일요일,충청북도 청주시 흥덕구 강내면,중상사고,0,1,1,0,차량단독 - 공작물충돌,안전운전불이행,건조,맑음,단일로 - 기타,승용,여,46세,경상,,,,
2019060200100052,2019년 6월 2일 02시,일요일,충청북도 청주시 청원구 사천동,경상사고,0,0,1,0,차대차 - 측면충돌,신호위반,건조,맑음,교차로 - 교차로안,승용,남,38세,상해없음,승용,남,46세,경상
2019060200100106,2019년 6월 2일 08시,일요일,충청북도 청주시 흥덕구 복대동,중상사고,0,2,0,0,차대차 - 측면충돌,교차로운행방법위반,건조,맑음,교차로 - 교차로안,승용,여,44세,상해없음,이륜,남,78세,중상
2019060200100123,2019년 6월 2일 09시,일요일,충청북도 청주시 흥덕구 복대동,중상사고,0,1,0,0,차대차 - 기타,신호위반,건조,맑음,교차로 - 교차로안,승용,남,39세,상해없음,승용,남,48세,중상
2019060200100145,2019년 6월 2일 10시,일요일,충청북도 음성군 금왕읍,경상사고,0,0,3,0,차대차 - 추돌,안전운전불이행,건조,맑음,교차로 - 교차로부근,승용,여,47세,상해없음,승용,남,78세,경상
2019060200100165,2019년 6월 2일 11시,일요일,충청북도 청주시 흥덕구 봉명동,경상사고,0,0,3,0,차대차 - 측면충돌,안전운전불이행,건조,맑음,단일로 - 기타,승용,남,66세,경상,승용,여,28세,경상
2019060200100177,2019년 6월 2일 12시,일요일,충청북도 제천시 청풍면,사망사고,1,1,0,0,차대차 - 정면충돌,중앙선침범,건조,맑음,단일로 - 지하차도(도로)내,이륜,남,48세,사망,승용,남,43세,상해없음
2019060200100178,2019년 6월 2일 12시,일요일,충청북도 청주시 흥덕구 봉명동,경상사고,0,0,1,0,차대차 - 기타,안전거리미확보,건조,맑음,단일로 - 기타,승용,남,27세,상해없음,이륜,남,20세,경상
2019060200100205,2019년 6월 2일 13시,일요일,충청북도 청주시 흥덕구 봉명동,경상사고,0,0,1,0,차대차 - 측면충돌,안전운전불이행,건조,맑음,단일로 - 지하차도(도로)내,승용,남,22세,상해없음,이륜,남,60세,경상
2019060200100239,2019년 6월 2일 14시,일요일,충청북도 청주시 흥덕구 신봉동,중상사고,0,1,0,0,차대사람 - 기타,안전운전불이행,건조,맑음,교차로 - 교차로부근,승용,남,58세,상해없음,보행자,남,56세,중상
2019060200100240,2019년 6월 2일 14시,일요일,충청북도 청주시 서원구 분평동,부상신고사고,0,0,0,1,차대차 - 측면충돌,안전운전불이행,건조,맑음,단일로 - 기타,자전거,여,79세,부상신고,자전거,남,18세,상해없음
2019060200100271,2019년 6월 2일 15시,일요일,충청북도 충주시 앙성면,경상사고,0,0,2,0,차대차 - 추돌,안전운전불이행,건조,맑음,교차로 - 교차로부근,화물,남,60세,상해없음,승용,남,64세,경상
2019060200100272,2019년 6월 2일 15시,일요일,충청북도 제천시 교동,부상신고사고,0,0,0,1,차대차 - 추돌,안전거리미확보,건조,맑음,단일로 - 지하차도(도로)내,승용,남,47세,상해없음,승용,남,47세,상해없음
2019060200100273,2019년 6월 2일 15시,일요일,충청북도 청주시 상당구 용암동,경상사고,0,0,1,0,차대사람 - 길가장자리구역통행중,안전운전불이행,건조,맑음,기타 - 기타,자전거,남,7세,상해없음,보행자,남,89세,경상
2019060200100304,2019년 6월 2일 16시,일요일,충청북도 청주시 청원구 오창읍,경상사고,0,0,4,0,차대차 - 추돌,안전운전불이행,건조,맑음,교차로 - 교차로부근,승용,남,47세,상해없음,승합,남,40세,경상
2019060200100305,2019년 6월 2일 16시,일요일,충청북도 진천군 초평면,사망사고,1,0,0,0,차량단독 - 기타,안전운전불이행,건조,맑음,단일로 - 기타,이륜,남,56세,사망,,,,
2019060200100341,2019년 6월 2일 17시,일요일,충청북도 청주시 서원구 산남동,중상사고,0,2,0,0,차대차 - 측면충돌,교차로운행방법위반,건조,맑음,교차로 - 교차로안,승용,여,58세,상해없음,승용,남,62세,중상
2019060200100370,2019년 6월 2일 18시,일요일,충청북도 청주시 청원구 오창읍,경상사고,0,0,3,0,차대차 - 추돌,안전운전불이행,건조,맑음,단일로 - 기타,화물,남,50세,상해없음,승용,여,32세,경상
2019060200100432,2019년 6월 2일 20시,일요일,충청북도 청주시 서원구 사직동,경상사고,0,0,1,0,차대차 - 측면충돌,안전거리미확보,건조,맑음,교차로 - 교차로부근,이륜,남,28세,경상,승용,남,58세,상해없음
2019060200100459,2019년 6월 2일 21시,일요일,충청북도 청주시 흥덕구 복대동,경상사고,0,0,2,0,차대차 - 측면충돌,안전운전불이행,건조,맑음,교차로 - 교차로안,승용,여,23세,상해없음,승용,여,52세,경상
2019060300100105,2019년 6월 3일 07시,월요일,충청북도 청주시 흥덕구 비하동,경상사고,0,0,2,0,차대차 - 기타,교차로운행방법위반,건조,맑음,교차로 - 교차로안,승용,여,40세,상해없음,승용,남,52세,경상
2019060300100106,2019년 6월 3일 07시,월요일,충청북도 청주시 상당구 용암동,경상사고,0,0,2,0,차대차 - 측면충돌,안전운전불이행,건조,맑음,단일로 - 지하차도(도로)내,승용,남,50세,경상,승용,여,48세,경상
2019060300100143,2019년 6월 3일 08시,월요일,충청북도 충주시 봉방동,중상사고,0,1,0,0,차대사람 - 차도통행중,안전운전불이행,건조,맑음,교차로 - 교차로부근,승용,여,56세,상해없음,보행자,여,67세,중상
2019060300100144,2019년 6월 3일 08시,월요일,충청북도 증평군 증평읍,경상사고,0,0,2,0,차대차 - 측면충돌,차로위반,건조,맑음,단일로 - 기타,승용,여,45세,상해없음,건설기계,남,25세,경상
2019060300100145,2019년 6월 3일 08시,월요일,충청북도 청주시 흥덕구 오송읍,부상신고사고,0,0,0,1,차대차 - 기타,중앙선침범,건조,맑음,교차로 - 교차로안,이륜,남,76세,부상신고,승용,남,33세,상해없음
2019060300100180,2019년 6월 3일 09시,월요일,충청북도 충주시 봉방동,중상사고,0,1,0,0,차대차 - 기타,안전거리미확보,건조,맑음,단일로 - 기타,원동기,남,90세 이상,중상,승용,남,49세,상해없음
2019060300100181,2019년 6월 3일 09시,월요일,충청북도 영동군 양강면,경상사고,0,0,1,0,차대차 - 측면충돌,안전운전불이행,건조,맑음,교차로 - 교차로안,이륜,남,68세,경상,승용,여,25세,상해없음
2019060300100182,2019년 6월 3일 09시,월요일,충청북도 청주시 흥덕구 송정동,중상사고,0,1,0,0,차대차 - 기타,안전운전불이행,건조,맑음,단일로 - 기타,승용,남,36세,상해없음,이륜,남,39세,중상
2019060300100183,2019년 6월 3일 09시,월요일,충청북도 청주시 상당구 용암동,경상사고,0,0,1,0,차대차 - 추돌,안전운전불이행,건조,맑음,교차로 - 교차로부근,승용,남,57세,상해없음,승용,여,60세,경상
2019060300100219,2019년 6월 3일 10시,월요일,충청북도 충주시 중앙탑면,경상사고,0,0,1,0,차대차 - 측면충돌,안전운전불이행,건조,맑음,단일로 - 기타,승용,남,48세,상해없음,화물,남,40세,경상