사고번호,사고일시,요일,시군구,사고내용,사망자수,중상자수,경상자수,부상신고자수,사고유형,법규위반,노면상태,기상상태,도로형태,가해운전자 차종,가해운전자 성별,가해운전자 연령,가해운전자 상해정도,피해운전자 차종,피해운전자 성별,피해운전자 연령,피해운전자 상해정도
2019060300100220,2019년 6월 3일 10시,월요일,충청북도 청주시 상당구 용암동,경상사고,0,0,1,0,차대차 - 추돌,차로위반,건조,맑음,단일로 - 지하차도(도로)내,승용,여,51세,상해없음,이륜,남,52세,경상
2019060300100252,2019년 6월 3일 11시,월요일,충청북도 충주시 산척면,경상사고,0,0,1,0,차대차 - 기타,안전운전불이행,건조,맑음,교차로 - 교차로안,승용,남,59세,상해없음,화물,남,66세,경상
2019060300100282,2019년 6월 3일 12시,월요일,충청북도 청주시 흥덕구 가경동,경상사고,0,0,1,1,차대차 - 정면충돌,교차로운행방법위반,건조,맑음,교차로 - 교차로안,승용,남,50세,부상신고,승용,남,66세,경상
2019060300100283,2019년 6월 3일 12시,월요일,충청북도 청주시 상당구 금천동,중상사고,0,1,2,0,차대차 - 측면충돌,신호위반,건조,맑음,교차로 - 교차로안,승용,남,69세,경상,승용,여,53세,경상
2019060300100315,2019년 6월 3일 13시,월요일,충청북도 청주시 청원구 주중동,경상사고,0,0,1,0,차대차 - 기타,안전운전불이행,건조,맑음,단일로 - 기타,화물,남,65세,상해없음,승용,남,35세,경상
2019060300100316,2019년 6월 3일 13시,월요일,충청북도 충주시 앙성면,중상사고,0,1,1,1,차대차 - 기타,안전운전불이행,건조,맑음,단일로 - 기타,승용,남,71세,부상신고,승용,남,71세,상해없음
2019060300100317,2019년 6월 3일 13시,월요일,충청북도 청주시 흥덕구 오송읍,중상사고,0,1,0,0,차대차 - 기타,안전운전불이행,건조,맑음,교차로 - 교차로안,승용,남,55세,상해없음,승용,여,36세,중상
2019060300100347,2019년 6월 3일 14시,월요일,충청북도 청주시 청원구 오창읍,경상사고,0,0,1,0,차대차 - 기타,교차로운행방법위반,건조,맑음,교차로 - 교차로안,화물,남,55세,상해없음,이륜,남,31세,경상
2019060300100348,2019년 6월 3일 14시,월요일,충청북도 청주시 청원구 율량동,경상사고,0,0,2,0,차대차 - 기타,안전운전불이행,건조,맑음,단일로 - 기타,승용,남,32세,상해없음,승용,남,37세,경상
2019060300100349,2019년 6월 3일 14시,월요일,충청북도 청주시 청원구 내수읍,중상사고,0,1,0,0,차대차 - 기타,안전운전불이행,건조,맑음,교차로 - 교차로부근,건설기계,남,57세,상해없음,이륜,남,65세,중상
2019060300100350,2019년 6월 3일 14시,월요일,충청북도 충주시 연수동,경상사고,0,0,1,0,차대차 - 측면충돌,안전운전불이행,건조,맑음,단일로 - 기타,승용,여,49세,상해없음,승용,여,26세,경상
2019060300100351,2019년 6월 3일 14시,월요일,충청북도 청주시 흥덕구 봉명동,경상사고,0,0,1,0,차대차 - 측면충돌,안전거리미확보,건조,맑음,교차로 - 교차로안,이륜,남,44세,경상,기타불명,기타불명,미분류,기타불명
2019060300100391,2019년 6월 3일 15시,월요일,충청북도 충주시 대소원면,중상사고,0,1,0,0,차대사람 - 기타,안전운전불이행,건조,맑음,교차로 - 교차로횡단보도내,승용,여,54세,상해없음,보행자,여,90세 이상,중상
2019060300100392,2019년 6월 3일 15시,월요일,충청북도 진천군 진천읍,중상사고,0,1,1,0,차대차 - 추돌,안전거리미확보,건조,맑음,단일로 - 기타,화물,남,61세,경상,화물,남,57세,중상
2019060300100429,2019년 6월 3일 16시,월요일,충청북도 청주시 청원구 오창읍,경상사고,0,0,2,0,차대차 - 추돌,안전운전불이행,건조,맑음,단일로 - 지하차도(도로)내,화물,남,51세,상해없음,화물,남,27세,경상
2019060300100430,2019년 6월 3일 16시,월요일,충청북도 충주시 문화동,경상사고,0,0,1,0,차대차 - 추돌,안전운전불이행,건조,맑음,단일로 - 기타,승용,남,55세,상해없음,화물,남,37세,경상
2019060300100431,2019년 6월 3일 16시,월요일,충청북도 충주시 금가면,중상사고,0,1,2,0,차대차 - 추돌,안전운전불이행,건조,맑음,교차로 - 교차로부근,화물,남,39세,상해없음,승용,여,58세,중상
2019060300100460,2019년 6월 3일 17시,월요일,충청북도 제천시 강제동,경상사고,0,0,1,0,차대사람 - 횡단중,보행자보호의무위반,건조,맑음,교차로 - 교차로횡단보도내,승용,여,43세,상해없음,보행자,여,9세,경상
2019060300100496,2019년 6월 3일 18시,월요일,충청북도 음성군 감곡면,중상사고,0,2,0,0,차대차 - 측면충돌,안전운전불이행,건조,맑음,단일로 - 고가도로위,승용,여,36세,중상,승용,남,78세,상해없음
2019060300100552,2019년 6월 3일 20시,월요일,충청북도 충주시 교현동,중상사고,0,1,0,0,차대차 - 기타,안전운전불이행,건조,맑음,교차로 - 교차로안,이륜,남,18세,중상,승용,여,38세,상해없음
2019060300100580,2019년 6월 3일 21시,월요일,충청북도 충주시 봉방동,중상사고,0,2,0,0,차대차 - 기타,안전운전불이행,건조,맑음,교차로 - 교차로안,화물,남,66세,상해없음,승용,남,56세,중상
2019060300100602,2019년 6월 3일 22시,월요일,충청북도 음성군 음성읍,경상사고,0,0,1,0,차대차 - 기타,안전거리미확보,건조,맑음,단일로 - 지하차도(도로)내,특수,남,31세,경상,승용,남,61세,상해없음
2019060300100623,2019년 6월 3일 23시,월요일,충청북도 청주시 청원구 우암동,경상사고,0,0,1,0,차대차 - 추돌,안전운전불이행,건조,맑음,교차로 - 교차로부근,승용,남,44세,상해없음,이륜,남,32세,경상
2019060300100624,2019년 6월 3일 23시,월요일,충청북도 청주시 상당구 용암동,경상사고,0,0,1,0,차대차 - 측면충돌,안전거리미확보,건조,맑음,교차로 - 교차로부근,승용,남,32세,상해없음,승용,여,43세,경상
2019060400100043,2019년 6월 4일 02시,화요일,충청북도 청주시 상당구 용암동,경상사고,0,0,1,0,차대차 - 측면충돌,안전운전불이행,건조,맑음,교차로 - 교차로안,승용,남,39세,상해없음,승용,남,63세,경상
2019060400100053,2019년 6월 4일 04시,화요일,충청북도 충주시 목행동,부상신고사고,0,0,0,1,차량단독 - 공작물충돌,안전운전불이행,건조,맑음,교차로 - 교차로안,승용,남,33세,부상신고,,,,
2019060400100062,2019년 6월 4일 05시,화요일,충청북도 음성군 금왕읍,중상사고,0,1,0,0,차대차 - 측면충돌,신호위반,건조,맑음,교차로 - 교차로안,화물,남,60세,상해없음,승용,여,55세,중상
2019060400100072,2019년 6월 4일 06시,화요일,충청북도 청주시 흥덕구 석소동,중상사고,0,1,0,0,차량단독 - 기타,안전운전불이행,건조,맑음,단일로 - 기타,승합,남,58세,상해없음,,,,
2019060400100095,2019년 6월 4일 07시,화요일,충청북도 보은군 삼승면,경상사고,0,0,3,0,차대차 - 기타,안전운전불이행,건조,맑음,교차로 - 교차로부근,승용,남,56세,경상,승용,남,55세,경상
2019060400100096,2019년 6월 4일 07시,화요일,충청북도 옥천군 옥천읍,경상사고,0,0,4,0,차대차 - 측면충돌,교차로운행방법위반,건조,맑음,교차로 - 교차로안,화물,남,51세,경상,화물,남,60세,경상
2019060400100128,2019년 6월 4일 08시,화요일,충청북도 괴산군 괴산읍,경상사고,0,0,1,0,차대차 - 측면충돌,안전운전불이행,건조,맑음,주차장 - 주차장,승용,남,31세,상해없음,승용,여,68세,경상
2019060400100129,2019년 6월 4일 08시,화요일,충청북도 청주시 상당구 용담동,경상사고,0,0,2,0,차대차 - 정면충돌,중앙선침범,건조,맑음,단일로 - 기타,이륜,여,18세,상해없음,승용,남,27세,경상
2019060400100176,2019년 6월 4일 09시,화요일,충청북도 제천시 고암동,경상사고,0,0,1,0,차대차 - 측면충돌,안전운전불이행,건조,맑음,교차로 - 교차로안,승용,남,84세,상해없음,승용,남,41세,경상
2019060400100215,2019년 6월 4일 10시,화요일,충청북도 충주시 대소원면,사망사고,1,1,0,0,차대차 - 정면충돌,기타,건조,맑음,교차로 - 교차로안,건설기계,남,48세,중상,화물,남,56세,사망
2019060400100216,2019년 6월 4일 10시,화요일,충청북도 청주시 상당구 낭성면,경상사고,0,0,2,0,차대차 - 추돌,안전운전불이행,건조,맑음,교차로 - 교차로부근,승용,남,63세,경상,화물,남,64세,상해없음
2019060400100249,2019년 6월 4일 11시,화요일,충청북도 충주시 신니면,경상사고,0,0,1,0,차대차 - 기타,안전운전불이행,건조,맑음,교차로 - 교차로안,화물,남,59세,상해없음,승용,남,47세,경상
2019060400100286,2019년 6월 4일 12시,화요일,충청북도 증평군 증평읍,사망사고,1,1,1,0,차량단독 - 공작물충돌,안전운전불이행,건조,맑음,교차로 - 교차로부근,승용,여,50세,경상,,,,
2019060400100316,2019년 6월 4일 13시,화요일,충청북도 진천군 덕산면,중상사고,0,1,0,0,차대차 - 정면충돌,교차로운행방법위반,건조,맑음,교차로 - 교차로안,화물,남,56세,상해없음,원동기,여,75세,중상
2019060400100317,2019년 6월 4일 13시,화요일,충청북도 청주시 서원구 분평동,경상사고,0,0,1,0,차대차 - 측면충돌,안전운전불이행,건조,맑음,교차로 - 교차로부근,승용,남,69세,상해없음,화물,남,33세,경상
2019060400100346,2019년 6월 4일 14시,화요일,충청북도 청주시 흥덕구 석소동,경상사고,0,0,1,0,차대차 - 기타,신호위반,건조,맑음,교차로 - 교차로안,승합,남,35세,상해없음,승용,남,55세,상해없음
2019060400100416,2019년 6월 4일 16시,화요일,충청북도 청주시 흥덕구 봉명동,부상신고사고,0,0,0,1,차대차 - 측면충돌,안전운전불이행,건조,맑음,교차로 - 교차로안,승용,남,46세,상해없음,자전거,남,39세,부상신고
2019060400100475,2019년 6월 4일 17시,화요일,충청북도 음성군 삼성면,경상사고,0,0,2,0,차대차 - 측면충돌,안전운전불이행,건조,맑음,단일로 - 지하차도(도로)내,승합,남,37세,상해없음,화물,남,57세,경상
2019060400100476,2019년 6월 4일 17시,화요일,충청북도 진천군 덕산면,경상사고,0,0,1,0,차대차 - 기타,안전운전불이행,건조,맑음,교차로 - 교차로안,승용,여,42세,상해없음,자전거,여,9세,경상
2019060400100477,2019년 6월 4일 17시,화요일,충청북도 청주시 흥덕구 가경동,경상사고,0,0,2,0,차대차 - 기타,안전운전불이행,건조,맑음,단일로 - 기타,승합,남,63세,상해없음,승용,남,68세,상해없음
2019060400100478,2019년 6월 4일 17시,화요일,충청북도 청주시 흥덕구 옥산면,경상사고,0,0,1,0,차대차 - 측면충돌,안전운전불이행,건조,맑음,단일로 - 기타,승용,남,38세,상해없음,건설기계,남,38세,경상
2019060400100479,2019년 6월 4일 17시,화요일,충청북도 청주시 서원구 수곡동,경상사고,0,0,1,0,차대차 - 추돌,안전운전불이행,건조,맑음,교차로 - 교차로부근,승용,여,25세,기타불명,승용,여,45세,경상
2019060400100533,2019년 6월 4일 18시,화요일,충청북도 충주시 봉방동,중상사고,0,1,0,0,차대사람 - 기타,보행자보호의무위반,건조,맑음,교차로 - 교차로안,승합,남,53세,상해없음,보행자,여,44세,중상
2019060400100534,2019년 6월 4일 18시,화요일,충청북도 충주시 앙성면,경상사고,0,0,1,0,차량단독 - 기타,안전운전불이행,건조,맑음,기타 - 기타,이륜,여,32세,경상,,,,
2019060400100535,2019년 6월 4일 18시,화요일,충청북도 음성군 감곡면,사망사고,1,0,0,0,차량단독 - 전도전복 - 전복,안전운전불이행,건조,맑음,단일로 - 기타,사륜오토바이(ATV),남,70세,사망,,,,
2019060400100536,2019년 6월 4일 18시,화요일,충청북도 청주시 흥덕구 지동동,부상신고사고,0,0,0,1,차대차 - 정면충돌,안전운전불이행,건조,맑음,교차로 - 교차로안,이륜,여,64세,부상신고,승용,남,54세,상해없음
2019060400100572,2019년 6월 4일 19시,화요일,충청북도 청주시 서원구 사창동,중상사고,0,1,1,0,차대차 - 측면충돌,교차로운행방법위반,건조,맑음,교차로 - 교차로안,이륜,남,32세,중상,이륜,남,30세,경상
2019060400100573,2019년 6월 4일 19시,화요일,충청북도 음성군 맹동면,경상사고,0,0,1,0,차대차 - 추돌,교차로운행방법위반,건조,맑음,교차로 - 교차로안,승용,여,44세,상해없음,이륜,남,37세,경상
2019060400100637,2019년 6월 4일 21시,화요일,충청북도 제천시 장락동,중상사고,0,1,0,0,차대사람 - 횡단중,신호위반,건조,흐림,교차로 - 교차로부근,승용,남,29세,상해없음,보행자,남,19세,중상
2019060400100667,2019년 6월 4일 22시,화요일,충청북도 청주시 청원구 내수읍,경상사고,0,0,1,0,차대사람 - 기타,기타,건조,맑음,단일로 - 기타,승합,남,48세,상해없음,보행자,여,17세,경상
2019060500100082,2019년 6월 5일 06시,수요일,충청북도 청주시 청원구 내수읍,경상사고,0,0,1,0,차대차 - 기타,안전거리미확보,건조,맑음,교차로 - 교차로부근,승용,여,70세,상해없음,승용,여,62세,경상
2019060500100083,2019년 6월 5일 06시,수요일,충청북도 청주시 흥덕구 복대동,중상사고,0,1,0,0,차대차 - 정면충돌,신호위반,건조,맑음,교차로 - 교차로안,승용,남,68세,상해없음,승용,여,52세,중상
2019060500100084,2019년 6월 5일 06시,수요일,충청북도 충주시 앙성면,중상사고,0,1,0,0,차대차 - 측면충돌,안전운전불이행,건조,맑음,단일로 - 기타,승용,남,21세,상해없음,화물,남,45세,중상
2019060500100095,2019년 6월 5일 07시,수요일,충청북도 청주시 흥덕구 봉명동,경상사고,0,0,1,0,차대차 - 기타,안전거리미확보,건조,맑음,단일로 - 기타,승용,남,32세,상해없음,승용,남,64세,경상
2019060500100132,2019년 6월 5일 08시,수요일,충청북도 충주시 목행동,중상사고,0,3,0,0,차대차 - 추돌,안전운전불이행,건조,맑음,교차로 - 교차로부근,승용,남,59세,상해없음,승용,여,58세,중상
2019060500100133,2019년 6월 5일 08시,수요일,충청북도 제천시 장락동,중상사고,0,1,0,0,차대사람 - 기타,안전운전불이행,건조,맑음,단일로 - 지하차도(도로)내,승용,남,30세,상해없음,보행자,남,49세,중상
2019060500100134,2019년 6월 5일 08시,수요일,충청북도 영동군 추풍령면,중상사고,0,1,0,0,차대차 - 추돌,안전운전불이행,건조,맑음,단일로 - 기타,화물,남,38세,상해없음,농기계,남,65세,중상
2019060500100185,2019년 6월 5일 09시,수요일,충청북도 청주시 청원구 내수읍,중상사고,0,3,4,0,차대차 - 측면충돌,교차로운행방법위반,건조,맑음,교차로 - 교차로안,승용,남,64세,경상,승용,여,48세,중상
2019060500100186,2019년 6월 5일 09시,수요일,충청북도 제천시 봉양읍,경상사고,0,0,4,0,차대차 - 측면충돌,직진우회전진행방해,건조,맑음,교차로 - 교차로안,승용,남,70세,경상,화물,남,62세,경상
2019060500100187,2019년 6월 5일 09시,수요일,충청북도 청주시 흥덕구 오송읍,중상사고,0,1,0,0,차대차 - 기타,신호위반,건조,맑음,교차로 - 교차로안,승용,남,24세,상해없음,승용,여,46세,중상
2019060500100188,2019년 6월 5일 09시,수요일,충청북도 청주시 서원구 산남동,경상사고,0,0,1,0,차대차 - 추돌,안전거리미확보,건조,맑음,교차로 - 교차로부근,승용,남,81세,상해없음,승용,남,58세,경상
2019060500100244,2019년 6월 5일 11시,수요일,충청북도 청주시 흥덕구 옥산면,경상사고,0,0,1,0,차대차 - 측면충돌,교차로운행방법위반,건조,맑음,교차로 - 교차로안,승용,남,54세,상해없음,이륜,여,65세,경상
2019060500100280,2019년 6월 5일 12시,수요일,충청북도 제천시 영천동,경상사고,0,0,2,0,차대차 - 측면충돌,안전거리미확보,건조,맑음,교차로 - 교차로부근,승용,남,52세,경상,승용,남,75세,경상
2019060500100313,2019년 6월 5일 13시,수요일,충청북도 충주시 연수동,중상사고,0,1,0,0,차대차 - 측면충돌,안전운전불이행,건조,맑음,교차로 - 교차로안,승용,여,43세,상해없음,이륜,남,58세,중상
2019060500100314,2019년 6월 5일 13시,수요일,충청북도 음성군 생극면,경상사고,0,0,1,0,차대차 - 추돌,안전거리미확보,건조,맑음,단일로 - 지하차도(도로)내,화물,남,58세,상해없음,화물,남,48세,경상
2019060500100359,2019년 6월 5일 14시,수요일,충청북도 제천시 청전동,경상사고,0,0,1,0,차대차 - 측면충돌,안전운전불이행,건조,맑음,단일로 - 지하차도(도로)내,승용,남,69세,상해없음,승용,여,51세,경상
2019060500100393,2019년 6월 5일 15시,수요일,충청북도 청주시 상당구 북문로3가동,중상사고,0,1,2,0,차대차 - 기타,안전거리미확보,건조,맑음,교차로 - 교차로안,승용,남,19세,상해없음,승합,남,55세,경상
2019060500100394,2019년 6월 5일 15시,수요일,충청북도 청주시 흥덕구 가경동,경상사고,0,0,2,0,차대차 - 측면충돌,신호위반,건조,맑음,교차로 - 교차로안,승용,여,55세,상해없음,승용,여,38세,경상
2019060500100439,2019년 6월 5일 16시,수요일,충청북도 옥천군 옥천읍,중상사고,0,1,0,0,차대사람 - 차도통행중,교차로운행방법위반,건조,맑음,교차로 - 교차로안,화물,남,57세,상해없음,보행자,여,70세,중상
2019060500100440,2019년 6월 5일 16시,수요일,충청북도 청주시 상당구 금천동,경상사고,0,0,1,0,차대차 - 측면충돌,기타,건조,맑음,단일로 - 기타,승용,여,36세,상해없음,이륜,남,45세,경상
2019060500100503,2019년 6월 5일 17시,수요일,충청북도 괴산군 감물면,경상사고,0,0,2,0,차대차 - 추돌,안전운전불이행,건조,맑음,교차로 - 교차로부근,화물,남,43세,기타불명,화물,남,67세,경상
2019060500100504,2019년 6월 5일 17시,수요일,충청북도 청주시 흥덕구 신촌동,중상사고,0,1,6,0,차대차 - 기타,안전운전불이행,건조,맑음,단일로 - 교량,승용,남,56세,경상,승용,여,57세,경상
2019060500100505,2019년 6월 5일 17시,수요일,충청북도 충주시 노은면,중상사고,0,1,0,0,차대차 - 추돌,안전운전불이행,건조,맑음,기타 - 기타,승용,남,30세,상해없음,승용,남,55세,중상
2019060500100559,2019년 6월 5일 18시,수요일,충청북도 증평군 증평읍,경상사고,0,0,1,0,차대사람 - 길가장자리구역통행중,안전운전불이행,건조,맑음,교차로 - 교차로안,승용,남,26세,상해없음,보행자,남,33세,경상
2019060500100560,2019년 6월 5일 18시,수요일,충청북도 청주시 상당구 금천동,경상사고,0,0,1,0,차대차 - 측면충돌,기타,건조,맑음,교차로 - 교차로부근,승용,남,65세,상해없음,원동기,남,48세,경상
2019060500100612,2019년 6월 5일 19시,수요일,충청북도 충주시 안림동,사망사고,1,0,0,0,차대차 - 측면충돌,중앙선침범,건조,맑음,교차로 - 교차로안,승용,여,58세,상해없음,이륜,남,70세,사망
2019060500100613,2019년 6월 5일 19시,수요일,충청북도 충주시 앙성면,중상사고,0,1,2,1,차대차 - 기타,안전거리미확보,건조,맑음,단일로 - 기타,화물,남,32세,상해없음,승합,남,60세,경상
2019060500100643,2019년 6월 5일 20시,수요일,충청북도 청주시 청원구 오창읍,중상사고,0,1,2,0,차대차 - 추돌,안전운전불이행,건조,맑음,교차로 - 교차로부근,화물,남,35세,중상,화물,남,39세,경상
2019060500100644,2019년 6월 5일 20시,수요일,충청북도 충주시 성남동,중상사고,0,1,0,0,차대차 - 기타,교차로운행방법위반,건조,맑음,교차로 - 교차로안,승용,여,50세,상해없음,이륜,남,47세,중상
2019060500100645,2019년 6월 5일 20시,수요일,충청북도 청주시 흥덕구 복대동,경상사고,0,0,1,0,차대차 - 기타,신호위반,건조,맑음,교차로 - 교차로안,이륜,남,25세,경상,승용,여,31세,상해없음
2019060500100688,2019년 6월 5일 21시,수요일,충청북도 진천군 덕산면,사망사고,1,0,0,0,차대사람 - 길가장자리구역통행중,안전운전불이행,건조,맑음,단일로 - 기타,승용,남,53세,상해없음,보행자,남,59세,사망
2019060500100689,2019년 6월 5일 21시,수요일,충청북도 청주시 상당구 용담동,경상사고,0,0,3,0,차대차 - 추돌,안전운전불이행,건조,맑음,교차로 - 교차로부근,승용,남,37세,상해없음,승용,남,51세,경상
2019060500100726,2019년 6월 5일 22시,수요일,충청북도 청주시 청원구 오창읍,중상사고,0,3,0,0,차대차 - 기타,신호위반,건조,맑음,교차로 - 교차로안,승용,남,28세,상해없음,이륜,남,20세,중상
2019060500100727,2019년 6월 5일 22시,수요일,충청북도 증평군 증평읍,경상사고,0,0,1,0,차대사람 - 횡단중,안전운전불이행,건조,맑음,단일로 - 기타,승용,남,39세,상해없음,보행자,남,43세,경상
2019060600100034,2019년 6월 6일 00시,목요일,충청북도 청주시 흥덕구 복대동,경상사고,0,0,1,0,차대차 - 측면충돌,신호위반,건조,맑음,교차로 - 교차로안,기타불명,기타불명,미분류,기타불명,승용,남,48세,경상
2019060600100103,2019년 6월 6일 05시,목요일,충청북도 청주시 청원구 오창읍,경상사고,0,0,1,0,차대사람 - 기타,안전운전불이행,건조,맑음,단일로 - 기타,승용,남,64세,상해없음,보행자,남,31세,경상
2019060600100167,2019년 6월 6일 10시,목요일,충청북도 청주시 청원구 오창읍,경상사고,0,0,3,0,차대차 - 기타,직진우회전진행방해,건조,맑음,교차로 - 교차로안,승용,남,32세,경상,승용,남,56세,경상
2019060600100194,2019년 6월 6일 11시,목요일,충청북도 충주시 봉방동,부상신고사고,0,0,0,1,차대차 - 기타,기타,건조,맑음,교차로 - 교차로안,자전거,남,12세,부상신고,승용,남,62세,상해없음
2019060600100260,2019년 6월 6일 13시,목요일,충청북도 청주시 청원구 오창읍,중상사고,0,1,0,0,차대차 - 기타,기타,건조,맑음,교차로 - 교차로부근,승용,여,61세,중상,화물,남,51세,상해없음
2019060600100261,2019년 6월 6일 13시,목요일,충청북도 충주시 교현동,중상사고,0,1,0,0,차대차 - 측면충돌,안전운전불이행,건조,맑음,교차로 - 교차로안,자전거,남,57세,중상,승용,남,51세,상해없음
2019060600100262,2019년 6월 6일 13시,목요일,충청북도 음성군 감곡면,경상사고,0,0,1,0,차대차 - 측면충돌,차로위반,건조,맑음,단일로 - 기타,승용,남,55세,상해없음,승용,여,41세,경상
2019060600100295,2019년 6월 6일 14시,목요일,충청북도 제천시 청전동,부상신고사고,0,0,0,1,차대차 - 측면충돌,교차로운행방법위반,건조,맑음,교차로 - 교차로안,승용,여,38세,상해없음,승용,여,33세,부상신고
2019060600100296,2019년 6월 6일 14시,목요일,충청북도 보은군 회인면,경상사고,0,0,1,0,차대사람 - 기타,안전운전불이행,건조,흐림,단일로 - 지하차도(도로)내,이륜,남,34세,상해없음,보행자,여,26세,경상
2019060600100297,2019년 6월 6일 14시,목요일,충청북도 청주시 흥덕구 가경동,중상사고,0,1,0,0,차대차 - 기타,안전운전불이행,건조,맑음,단일로 - 기타,승용,남,65세,상해없음,승용,남,54세,중상
2019060600100332,2019년 6월 6일 15시,목요일,충청북도 청주시 상당구 지북동,경상사고,0,0,1,0,차대차 - 추돌,안전운전불이행,건조,맑음,교차로 - 교차로안,화물,남,78세,상해없음,승용,여,60세,경상
2019060600100362,2019년 6월 6일 16시,목요일,충청북도 청주시 상당구 영동,경상사고,0,0,1,0,차대차 - 기타,안전운전불이행,건조,맑음,단일로 - 지하차도(도로)내,승용,여,54세,상해없음,승합,남,55세,상해없음
2019060600100391,2019년 6월 6일 17시,목요일,충청북도 음성군 금왕읍,중상사고,0,1,0,0,차량단독 - 전도전복 - 전도,안전운전불이행,젖음/습기,비,단일로 - 지하차도(도로)내,사륜오토바이(ATV),남,75세,중상,,,,
2019060600100392,2019년 6월 6일 17시,목요일,충청북도 단양군 단양읍,중상사고,0,1,0,0,차대차 - 추돌,안전운전불이행,건조,맑음,기타 - 기타,승용,여,52세,기타불명,화물,기타불명,미분류,기타불명
2019060600100393,2019년 6월 6일 17시,목요일,충청북도 청주시 서원구 수곡동,부상신고사고,0,0,0,1,차대차 - 측면충돌,안전운전불이행,건조,흐림,단일로 - 지하차도(도로)내,이륜,남,35세,부상신고,승용,남,30세,상해없음
2019060600100427,2019년 6월 6일 18시,목요일,충청북도 음성군 감곡면,부상신고사고,0,0,0,1,차량단독 - 공작물충돌,안전운전불이행,젖음/습기,비,단일로 - 교량,승용,남,54세,부상신고,,,,
2019060600100464,2019년 6월 6일 19시,목요일,충청북도 충주시 교현동,경상사고,0,0,1,0,차대사람 - 횡단중,신호위반,젖음/습기,비,교차로 - 교차로횡단보도내,승용,여,72세,상해없음,보행자,여,37세,경상
2019060600100465,2019년 6월 6일 19시,목요일,충청북도 진천군 이월면,경상사고,0,0,1,0,차대차 - 기타,중앙선침범,젖음/습기,비,단일로 - 기타,화물,남,61세,상해없음,승용,남,44세,경상
2019060600100466,2019년 6월 6일 19시,목요일,충청북도 청주시 흥덕구 가경동,경상사고,0,0,3,0,차대차 - 기타,안전운전불이행,젖음/습기,비,교차로 - 교차로안,자전거,남,25세,경상,승용,남,66세,상해없음
2019060600100467,2019년 6월 6일 19시,목요일,충청북도 청주시 상당구 금천동,중상사고,0,1,0,0,차대차 - 측면충돌,직진우회전진행방해,젖음/습기,비,교차로 - 교차로안,승용,남,67세,상해없음,이륜,남,48세,중상
2019060600100468,2019년 6월 6일 19시,목요일,충청북도 청주시 상당구 서문동,경상사고,0,0,2,0,차대차 - 측면충돌,차로위반,젖음/습기,비,교차로 - 교차로부근,승용,남,19세,상해없음,승용,남,62세,경상
2019060600100552,2019년 6월 6일 21시,목요일,충청북도 충주시 지현동,경상사고,0,0,1,0,차대차 - 기타,직진우회전진행방해,젖음/습기,비,교차로 - 교차로안,이륜,남,48세,경상,승용,남,67세,상해없음
2019060600100553,2019년 6월 6일 21시,목요일,충청북도 청주시 흥덕구 가경동,중상사고,0,1,0,0,차대사람 - 횡단중,안전운전불이행,젖음/습기,비,단일로 - 기타,승용,여,53세,상해없음,보행자,남,47세,중상
2019060700100038,2019년 6월 7일 00시,금요일,충청북도 제천시 송학면,사망사고,1,2,0,0,차량단독 - 공작물충돌,과속,젖음/습기,비,기타 - 기타,승용,남,53세,중상,,,,
2019060700100039,2019년 6월 7일 00시,금요일,충청북도 음성군 감곡면,경상사고,0,0,1,0,차량단독 - 공작물충돌,안전운전불이행,건조,맑음,교차로 - 교차로안,승용,남,70세,상해없음,,,,
2019060700100092,2019년 6월 7일 05시,금요일,충청북도 충주시 연수동,경상사고,0,0,2,0,차대차 - 기타,신호위반,젖음/습기,비,교차로 - 교차로안,승용,여,57세,경상,화물,남,69세,경상
2019060700100093,2019년 6월 7일 05시,금요일,충청북도 청주시 상당구 용암동,경상사고,0,0,1,0,차대차 - 측면충돌,신호위반,젖음/습기,비,교차로 - 교차로안,승용,남,23세,상해없음,승용,여,58세,경상
2019060700100116,2019년 6월 7일 07시,금요일,충청북도 청주시 청원구 내수읍,경상사고,0,0,1,0,차대차 - 기타,교차로운행방법위반,건조,맑음,교차로 - 교차로안,화물,남,57세,상해없음,승용,남,27세,경상
2019060700100117,2019년 6월 7일 07시,금요일,충청북도 청주시 청원구 오창읍,경상사고,0,0,1,0,차대차 - 기타,신호위반,젖음/습기,비,교차로 - 교차로부근,승용,남,47세,상해없음,화물,남,26세,경상
2019060700100118,2019년 6월 7일 07시,금요일,충청북도 청주시 흥덕구 가경동,경상사고,0,0,1,0,차대차 - 측면충돌,안전운전불이행,젖음/습기,비,단일로 - 기타,승용,여,49세,기타불명,승용,여,42세,경상
2019060700100213,2019년 6월 7일 10시,금요일,충청북도 청주시 청원구 내덕동,경상사고,0,0,1,0,차대차 - 기타,안전운전불이행,건조,맑음,교차로 - 교차로부근,화물,남,76세,기타불명,승용,여,36세,경상
2019060700100214,2019년 6월 7일 10시,금요일,충청북도 진천군 진천읍,중상사고,0,1,0,0,차대차 - 기타,중앙선침범,젖음/습기,비,단일로 - 기타,화물,남,42세,상해없음,화물,남,45세,중상
2019060700100215,2019년 6월 7일 10시,금요일,충청북도 청주시 흥덕구 비하동,경상사고,0,0,4,0,차대차 - 추돌,안전거리미확보,젖음/습기,비,교차로 - 교차로부근,화물,남,60세,상해없음,승용,남,40세,경상
2019060700100250,2019년 6월 7일 11시,금요일,충청북도 청주시 청원구 오창읍,경상사고,0,0,2,0,차대차 - 기타,교차로운행방법위반,젖음/습기,비,교차로 - 교차로안,화물,남,25세,상해없음,승용,남,76세,경상