사고번호,사고일시,요일,시군구,사고내용,사망자수,중상자수,경상자수,부상신고자수,사고유형,법규위반,노면상태,기상상태,도로형태,가해운전자 차종,가해운전자 성별,가해운전자 연령,가해운전자 상해정도,피해운전자 차종,피해운전자 성별,피해운전자 연령,피해운전자 상해정도
2019060700100281,2019년 6월 7일 12시,금요일,충청북도 청주시 청원구 외평동,중상사고,0,1,1,0,차대차 - 추돌,안전운전불이행,젖음/습기,비,단일로 - 기타,승용,남,61세,상해없음,승용,남,43세,경상
2019060700100316,2019년 6월 7일 13시,금요일,충청북도 진천군 초평면,경상사고,0,0,3,0,차대차 - 추돌,안전거리미확보,젖음/습기,비,단일로 - 기타,승합,남,54세,상해없음,승용,남,49세,경상
2019060700100418,2019년 6월 7일 16시,금요일,충청북도 충주시 문화동,경상사고,0,0,1,0,차대차 - 기타,직진우회전진행방해,건조,맑음,교차로 - 교차로안,자전거,남,10세,경상,승용,남,62세,상해없음
2019060700100419,2019년 6월 7일 16시,금요일,충청북도 음성군 금왕읍,중상사고,0,1,0,0,차대차 - 추돌,안전운전불이행,건조,맑음,단일로 - 지하차도(도로)내,승용,여,35세,중상,특수,남,56세,상해없음
2019060700100420,2019년 6월 7일 16시,금요일,충청북도 청주시 상당구 영운동,중상사고,0,1,1,0,차대차 - 추돌,안전운전불이행,건조,맑음,단일로 - 지하차도(도로)내,이륜,남,28세,경상,이륜,남,75세,중상
2019060700100457,2019년 6월 7일 17시,금요일,충청북도 제천시 고명동,경상사고,0,0,1,0,차량단독 - 공작물충돌,안전운전불이행,건조,맑음,단일로 - 지하차도(도로)내,승용,남,76세,경상,,,,
2019060700100500,2019년 6월 7일 18시,금요일,충청북도 청주시 상당구 북문로1가동,경상사고,0,0,1,0,차대차 - 측면충돌,차로위반,건조,맑음,단일로 - 지하차도(도로)내,화물,남,69세,상해없음,승용,남,59세,경상
2019060700100542,2019년 6월 7일 19시,금요일,충청북도 청주시 상당구 용암동,경상사고,0,0,1,0,차대차 - 추돌,안전운전불이행,건조,맑음,교차로 - 교차로부근,승용,남,40세,상해없음,승용,남,37세,경상
2019060700100608,2019년 6월 7일 21시,금요일,충청북도 영동군 영동읍,경상사고,0,0,1,0,차대차 - 추돌,안전운전불이행,건조,맑음,단일로 - 기타,승용,남,52세,상해없음,승용,남,45세,경상
2019060700100609,2019년 6월 7일 21시,금요일,충청북도 청주시 서원구 성화동,경상사고,0,0,1,0,차대사람 - 기타,보행자보호의무위반,건조,맑음,교차로 - 교차로횡단보도내,승용,남,54세,상해없음,보행자,여,4세,경상
2019060700100642,2019년 6월 7일 22시,금요일,충청북도 청주시 서원구 모충동,경상사고,0,0,1,0,차대차 - 추돌,안전운전불이행,건조,맑음,교차로 - 교차로부근,승용,남,48세,상해없음,승용,여,38세,경상
2019060800100050,2019년 6월 8일 01시,토요일,충청북도 충주시 금릉동,경상사고,0,0,2,1,차대차 - 기타,교차로운행방법위반,건조,맑음,교차로 - 교차로안,승용,남,52세,부상신고,승용,남,50세,경상
2019060800100118,2019년 6월 8일 07시,토요일,충청북도 청주시 청원구 주중동,경상사고,0,0,1,0,차대차 - 기타,교차로운행방법위반,건조,맑음,교차로 - 교차로안,승용,남,19세,상해없음,승용,여,48세,경상
2019060800100119,2019년 6월 8일 07시,토요일,충청북도 충주시 주덕읍,경상사고,0,0,1,0,차대차 - 기타,안전거리미확보,건조,맑음,교차로 - 교차로안,승용,여,57세,경상,승용,남,47세,상해없음
2019060800100137,2019년 6월 8일 08시,토요일,충청북도 청주시 청원구 오동동,경상사고,0,0,2,0,차대차 - 기타,안전거리미확보,건조,맑음,단일로 - 기타,화물,남,38세,경상,승용,여,58세,경상
2019060800100138,2019년 6월 8일 08시,토요일,충청북도 충주시 연수동,중상사고,0,1,1,0,차대차 - 측면충돌,신호위반,건조,맑음,교차로 - 교차로안,이륜,남,17세,중상,승용,남,41세,경상
2019060800100160,2019년 6월 8일 09시,토요일,충청북도 청주시 상당구 용암동,경상사고,0,0,1,0,차대차 - 측면충돌,교차로운행방법위반,건조,맑음,교차로 - 교차로안,화물,남,62세,상해없음,승용,여,45세,경상
2019060800100190,2019년 6월 8일 10시,토요일,충청북도 청주시 청원구 율량동,경상사고,0,0,1,0,차대차 - 기타,교차로운행방법위반,건조,맑음,교차로 - 교차로안,승용,남,77세,상해없음,승용,남,49세,경상
2019060800100191,2019년 6월 8일 10시,토요일,충청북도 청주시 청원구 내덕동,중상사고,0,1,0,0,차대차 - 기타,안전운전불이행,건조,맑음,단일로 - 기타,승용,여,66세,상해없음,이륜,남,20세,중상
2019060800100192,2019년 6월 8일 10시,토요일,충청북도 제천시 중앙로2가,경상사고,0,0,1,0,차대차 - 추돌,안전운전불이행,건조,맑음,단일로 - 지하차도(도로)내,승용,남,72세,상해없음,화물,남,54세,상해없음
2019060800100223,2019년 6월 8일 11시,토요일,충청북도 증평군 증평읍,중상사고,0,2,3,0,차대차 - 측면충돌,안전운전불이행,건조,맑음,교차로 - 교차로안,승용,여,54세,경상,승용,남,36세,중상
2019060800100224,2019년 6월 8일 11시,토요일,충청북도 음성군 음성읍,중상사고,0,1,0,0,차대차 - 추돌,안전운전불이행,건조,맑음,단일로 - 지하차도(도로)내,화물,남,45세,상해없음,자전거,여,70세,중상
2019060800100225,2019년 6월 8일 11시,토요일,충청북도 청주시 상당구 문의면,경상사고,0,0,1,0,차량단독 - 전도전복 - 전도,안전운전불이행,젖음/습기,맑음,단일로 - 지하차도(도로)내,승용,남,58세,상해없음,,,,
2019060800100261,2019년 6월 8일 12시,토요일,충청북도 충주시 칠금동,경상사고,0,0,2,0,차대차 - 측면충돌,안전운전불이행,건조,맑음,교차로 - 교차로안,승용,남,51세,경상,승용,여,77세,상해없음
2019060800100309,2019년 6월 8일 13시,토요일,충청북도 청주시 청원구 북이면,경상사고,0,0,1,0,차대차 - 기타,직진우회전진행방해,건조,맑음,교차로 - 교차로안,화물,남,57세,기타불명,승용,여,53세,경상
2019060800100310,2019년 6월 8일 13시,토요일,충청북도 청주시 청원구 내덕동,경상사고,0,0,1,0,차대차 - 기타,안전거리미확보,건조,맑음,단일로 - 기타,승합,남,49세,상해없음,승용,남,42세,경상
2019060800100362,2019년 6월 8일 14시,토요일,충청북도 청주시 흥덕구 가경동,경상사고,0,0,2,0,차대차 - 기타,안전운전불이행,건조,맑음,교차로 - 교차로안,승용,남,33세,상해없음,승용,남,43세,경상
2019060800100363,2019년 6월 8일 14시,토요일,충청북도 청주시 서원구 분평동,경상사고,0,0,1,0,차대차 - 측면충돌,안전운전불이행,건조,맑음,교차로 - 교차로안,화물,여,43세,상해없음,승용,남,63세,경상
2019060800100435,2019년 6월 8일 16시,토요일,충청북도 보은군 탄부면,사망사고,1,0,0,0,차대사람 - 기타,안전운전불이행,건조,맑음,교차로 - 교차로안,승용,남,74세,상해없음,보행자,남,72세,사망
2019060800100436,2019년 6월 8일 16시,토요일,충청북도 옥천군 옥천읍,중상사고,0,1,0,0,차대차 - 측면충돌,안전운전불이행,건조,맑음,교차로 - 교차로안,자전거,여,16세,중상,승용,남,23세,상해없음
2019060800100437,2019년 6월 8일 16시,토요일,충청북도 청주시 상당구 남주동,부상신고사고,0,0,0,1,차대사람 - 기타,안전운전불이행,건조,맑음,단일로 - 기타,승용,남,64세,상해없음,보행자,남,51세,부상신고
2019060800100454,2019년 6월 8일 17시,토요일,충청북도 음성군 금왕읍,경상사고,0,0,1,0,차대차 - 정면충돌,교차로운행방법위반,건조,맑음,교차로 - 교차로안,승용,남,55세,상해없음,승용,남,44세,경상
2019060800100455,2019년 6월 8일 17시,토요일,충청북도 진천군 광혜원면,경상사고,0,0,1,0,차대차 - 기타,안전운전불이행,건조,맑음,교차로 - 교차로안,승용,남,74세,상해없음,승용,여,54세,경상
2019060800100456,2019년 6월 8일 17시,토요일,충청북도 청주시 흥덕구 향정동,중상사고,0,1,3,0,차대차 - 측면충돌,안전운전불이행,건조,맑음,단일로 - 지하차도(도로)내,이륜,남,30세,중상,승용,남,50세,경상
2019060800100497,2019년 6월 8일 18시,토요일,충청북도 청주시 흥덕구 운천동,경상사고,0,0,2,0,차대차 - 추돌,안전운전불이행,건조,맑음,단일로 - 교량,승용,남,24세,기타불명,승용,남,28세,경상
2019060800100523,2019년 6월 8일 19시,토요일,충청북도 제천시 서부동,중상사고,0,1,0,0,차대차 - 측면충돌,교차로운행방법위반,건조,맑음,교차로 - 교차로안,승용,남,54세,상해없음,이륜,남,37세,중상
2019060800100559,2019년 6월 8일 20시,토요일,충청북도 제천시 장락동,중상사고,0,1,0,1,차대차 - 정면충돌,신호위반,건조,맑음,교차로 - 교차로안,승용,남,46세,부상신고,승용,남,50세,중상
2019060800100623,2019년 6월 8일 22시,토요일,충청북도 청주시 서원구 산남동,경상사고,0,0,1,0,차대차 - 기타,안전운전불이행,건조,맑음,단일로 - 지하차도(도로)내,승용,여,49세,상해없음,이륜,남,24세,경상
2019060900100078,2019년 6월 9일 04시,일요일,충청북도 청주시 서원구 수곡동,사망사고,1,2,0,0,차대차 - 정면충돌,중앙선침범,건조,맑음,교차로 - 교차로안,승용,남,22세,상해없음,승용,남,59세,사망
2019060900100089,2019년 6월 9일 05시,일요일,충청북도 청주시 상당구 낭성면,중상사고,0,2,0,0,차대차 - 측면충돌,안전운전불이행,건조,맑음,교차로 - 교차로안,승용,남,81세,상해없음,승용,여,65세,중상
2019060900100136,2019년 6월 9일 09시,일요일,충청북도 옥천군 옥천읍,중상사고,0,1,0,0,차대차 - 기타,안전운전불이행,건조,맑음,단일로 - 기타,이륜,남,52세,중상,승용,여,68세,상해없음
2019060900100137,2019년 6월 9일 09시,일요일,충청북도 진천군 진천읍,중상사고,0,1,1,0,차대차 - 기타,직진우회전진행방해,건조,맑음,교차로 - 교차로안,승용,남,64세,중상,승용,남,50세,경상
2019060900100138,2019년 6월 9일 09시,일요일,충청북도 청주시 흥덕구 지동동,경상사고,0,0,1,0,차대차 - 측면충돌,신호위반,건조,맑음,교차로 - 교차로안,승합,남,55세,상해없음,승용,남,32세,경상
2019060900100182,2019년 6월 9일 11시,일요일,충청북도 진천군 문백면,경상사고,0,0,1,0,차대차 - 측면충돌,차로위반,건조,맑음,단일로 - 기타,승용,여,57세,경상,승합,남,51세,상해없음
2019060900100198,2019년 6월 9일 12시,일요일,충청북도 청주시 흥덕구 복대동,경상사고,0,0,5,0,차대차 - 추돌,안전거리미확보,건조,맑음,교차로 - 교차로안,승용,남,63세,상해없음,승용,남,40세,경상
2019060900100199,2019년 6월 9일 12시,일요일,충청북도 청주시 흥덕구 가경동,중상사고,0,1,1,0,차대차 - 기타,신호위반,건조,맑음,교차로 - 교차로안,화물,여,50세,상해없음,승용,남,61세,중상
2019060900100250,2019년 6월 9일 14시,일요일,충청북도 충주시 봉방동,경상사고,0,0,1,0,차대차 - 기타,안전거리미확보,건조,맑음,교차로 - 교차로부근,승용,남,60세,상해없음,승용,남,59세,상해없음
2019060900100251,2019년 6월 9일 14시,일요일,충청북도 청주시 상당구 월오동,중상사고,0,2,2,0,차대차 - 정면충돌,중앙선침범,건조,맑음,단일로 - 기타,승용,여,62세,경상,승용,남,50세,경상
2019060900100313,2019년 6월 9일 16시,일요일,충청북도 충주시 봉방동,경상사고,0,0,5,0,차대차 - 추돌,안전운전불이행,건조,맑음,단일로 - 기타,승용,여,41세,상해없음,승용,남,34세,경상
2019060900100314,2019년 6월 9일 16시,일요일,충청북도 괴산군 괴산읍,경상사고,0,0,2,0,차대차 - 기타,중앙선침범,건조,맑음,교차로 - 교차로부근,승용,남,41세,상해없음,이륜,남,49세,경상
2019060900100340,2019년 6월 9일 17시,일요일,충청북도 음성군 금왕읍,경상사고,0,0,3,0,차대차 - 측면충돌,중앙선침범,건조,맑음,교차로 - 교차로부근,승용,남,51세,상해없음,승용,여,29세,경상
2019060900100387,2019년 6월 9일 19시,일요일,충청북도 충주시 앙성면,경상사고,0,0,2,0,차대차 - 기타,직진우회전진행방해,젖음/습기,비,교차로 - 교차로안,승용,남,63세,상해없음,승용,여,53세,경상
2019060900100388,2019년 6월 9일 19시,일요일,충청북도 청주시 서원구 모충동,경상사고,0,0,2,0,차대차 - 측면충돌,안전운전불이행,건조,맑음,교차로 - 교차로부근,승용,남,64세,기타불명,승용,남,39세,경상
2019060900100411,2019년 6월 9일 20시,일요일,충청북도 충주시 봉방동,중상사고,0,1,0,0,차대차 - 기타,신호위반,건조,맑음,교차로 - 교차로안,승용,남,26세,상해없음,이륜,남,16세,중상
2019060900100450,2019년 6월 9일 22시,일요일,충청북도 청주시 서원구 성화동,경상사고,0,0,1,0,차대차 - 기타,교차로운행방법위반,건조,맑음,교차로 - 교차로안,승용,여,46세,상해없음,이륜,남,32세,경상
2019061000100074,2019년 6월 10일 05시,월요일,충청북도 충주시 교현동,부상신고사고,0,0,0,1,차대차 - 기타,안전운전불이행,건조,맑음,단일로 - 기타,승용,남,23세,상해없음,승합,남,63세,상해없음
2019061000100085,2019년 6월 10일 06시,월요일,충청북도 충주시 목행동,경상사고,0,0,1,0,차대차 - 기타,안전운전불이행,건조,맑음,기타 - 기타,승용,남,60세,상해없음,승용,여,65세,경상
2019061000100104,2019년 6월 10일 07시,월요일,충청북도 괴산군 청천면,경상사고,0,0,1,0,차대차 - 측면충돌,중앙선침범,건조,맑음,단일로 - 기타,화물,남,59세,상해없음,승합,남,61세,경상
2019061000100105,2019년 6월 10일 07시,월요일,충청북도 음성군 음성읍,중상사고,0,1,0,0,차량단독 - 공작물충돌,안전운전불이행,건조,맑음,교차로 - 교차로안,승용,남,40세,중상,,,,
2019061000100106,2019년 6월 10일 07시,월요일,충청북도 청주시 흥덕구 옥산면,경상사고,0,0,2,0,차대차 - 기타,안전운전불이행,건조,맑음,교차로 - 교차로안,승용,여,55세,경상,승용,여,57세,경상
2019061000100146,2019년 6월 10일 08시,월요일,충청북도 청주시 청원구 오창읍,경상사고,0,0,1,0,차대차 - 측면충돌,신호위반,젖음/습기,비,교차로 - 교차로안,화물,남,57세,상해없음,승용,여,35세,경상
2019061000100180,2019년 6월 10일 09시,월요일,충청북도 청주시 청원구 오창읍,경상사고,0,0,1,0,차대차 - 측면충돌,신호위반,건조,맑음,교차로 - 교차로안,승용,여,23세,상해없음,승용,남,40세,경상
2019061000100181,2019년 6월 10일 09시,월요일,충청북도 음성군 음성읍,부상신고사고,0,0,0,1,차대차 - 측면충돌,교차로운행방법위반,건조,맑음,교차로 - 교차로안,농기계,남,68세,부상신고,승합,남,55세,상해없음
2019061000100182,2019년 6월 10일 09시,월요일,충청북도 청주시 상당구 용암동,경상사고,0,0,1,0,차량단독 - 도로외이탈 - 기타,안전운전불이행,건조,맑음,기타 - 기타,승용,남,70세,경상,,,,
2019061000100216,2019년 6월 10일 10시,월요일,충청북도 진천군 진천읍,경상사고,0,0,1,0,차대차 - 추돌,안전운전불이행,건조,맑음,단일로 - 기타,승용,여,62세,상해없음,승용,남,23세,경상
2019061000100242,2019년 6월 10일 11시,월요일,충청북도 청주시 상당구 영동,경상사고,0,0,3,0,차대차 - 측면충돌,차로위반,건조,맑음,교차로 - 교차로부근,화물,남,66세,상해없음,승용,남,52세,경상
2019061000100243,2019년 6월 10일 11시,월요일,충청북도 청주시 상당구 명암동,중상사고,0,1,0,0,차대차 - 기타,안전운전불이행,건조,맑음,교차로 - 교차로부근,승용,여,27세,상해없음,승용,여,45세,중상
2019061000100244,2019년 6월 10일 11시,월요일,충청북도 충주시 대소원면,경상사고,0,0,4,0,차대차 - 기타,안전운전불이행,건조,맑음,교차로 - 교차로안,화물,남,62세,상해없음,승용,남,49세,경상
2019061000100245,2019년 6월 10일 11시,월요일,충청북도 제천시 청풍면,중상사고,0,1,0,0,차대차 - 기타,기타,건조,맑음,기타 - 기타,화물,남,39세,상해없음,화물,남,36세,중상
2019061000100246,2019년 6월 10일 11시,월요일,충청북도 음성군 금왕읍,경상사고,0,0,1,0,차대차 - 측면충돌,교차로운행방법위반,건조,맑음,교차로 - 교차로안,승용,남,27세,상해없음,화물,남,71세,상해없음
2019061000100277,2019년 6월 10일 12시,월요일,충청북도 영동군 용산면,중상사고,0,1,1,0,차대차 - 측면충돌,안전운전불이행,건조,맑음,단일로 - 기타,화물,남,48세,상해없음,이륜,남,58세,경상
2019061000100307,2019년 6월 10일 13시,월요일,충청북도 충주시 호암동,경상사고,0,0,1,0,차대차 - 기타,신호위반,건조,맑음,교차로 - 교차로안,자전거,남,45세,경상,승용,남,62세,상해없음
2019061000100308,2019년 6월 10일 13시,월요일,충청북도 단양군 영춘면,중상사고,0,1,1,0,차대차 - 측면충돌,안전운전불이행,건조,맑음,주차장 - 주차장,화물,남,49세,경상,승용,남,61세,중상
2019061000100309,2019년 6월 10일 13시,월요일,충청북도 청주시 흥덕구 송절동,중상사고,0,1,0,0,차대차 - 추돌,안전거리미확보,건조,맑음,교차로 - 교차로부근,승용,여,51세,상해없음,승용,남,52세,중상
2019061000100350,2019년 6월 10일 14시,월요일,충청북도 청주시 흥덕구 옥산면,경상사고,0,0,2,0,차대차 - 측면충돌,신호위반,건조,맑음,교차로 - 교차로안,화물,남,61세,상해없음,화물,남,55세,경상
2019061000100396,2019년 6월 10일 15시,월요일,충청북도 청주시 흥덕구 봉명동,경상사고,0,0,1,0,차대차 - 측면충돌,안전운전불이행,건조,맑음,단일로 - 지하차도(도로)내,승용,남,32세,상해없음,이륜,남,34세,경상
2019061000100434,2019년 6월 10일 16시,월요일,충청북도 청주시 서원구 미평동,경상사고,0,0,4,0,차대차 - 측면충돌,중앙선침범,건조,맑음,단일로 - 지하차도(도로)내,승용,여,43세,상해없음,승용,여,47세,경상
2019061000100474,2019년 6월 10일 17시,월요일,충청북도 충주시 칠금동,경상사고,0,0,1,0,차대차 - 기타,안전운전불이행,건조,맑음,교차로 - 교차로안,승용,여,56세,상해없음,승용,여,24세,경상
2019061000100475,2019년 6월 10일 17시,월요일,충청북도 청주시 상당구 용암동,경상사고,0,0,1,0,차대차 - 기타,직진우회전진행방해,건조,맑음,교차로 - 교차로안,승용,남,27세,상해없음,이륜,남,20세,경상
2019061000100514,2019년 6월 10일 18시,월요일,충청북도 음성군 금왕읍,경상사고,0,0,1,0,차대차 - 측면충돌,안전운전불이행,건조,맑음,교차로 - 교차로부근,승합,남,61세,상해없음,승용,남,56세,경상
2019061000100515,2019년 6월 10일 18시,월요일,충청북도 청주시 흥덕구 복대동,경상사고,0,0,1,0,차대사람 - 보도통행중,기타,건조,맑음,기타 - 기타,승용,남,57세,상해없음,보행자,남,28세,경상
2019061000100516,2019년 6월 10일 18시,월요일,충청북도 청주시 흥덕구 가경동,경상사고,0,0,3,1,차대차 - 측면충돌,신호위반,건조,맑음,교차로 - 교차로안,이륜,남,29세,부상신고,승용,남,58세,경상
2019061000100555,2019년 6월 10일 19시,월요일,충청북도 충주시 교현동,경상사고,0,0,2,0,차대차 - 측면충돌,안전운전불이행,건조,맑음,기타 - 기타,승용,남,37세,상해없음,승용,남,50세,경상
2019061000100582,2019년 6월 10일 20시,월요일,충청북도 청주시 청원구 오창읍,중상사고,0,1,0,0,차대차 - 기타,안전운전불이행,건조,맑음,단일로 - 기타,이륜,남,38세,중상,화물,남,61세,상해없음
2019061000100583,2019년 6월 10일 20시,월요일,충청북도 음성군 대소면,중상사고,0,1,0,0,차대사람 - 횡단중,보행자보호의무위반,건조,맑음,교차로 - 교차로안,승용,남,49세,상해없음,보행자,남,52세,중상
2019061000100584,2019년 6월 10일 20시,월요일,충청북도 단양군 매포읍,중상사고,0,2,0,0,차대차 - 정면충돌,중앙선침범,건조,맑음,단일로 - 기타,승용,여,29세,중상,승용,남,61세,중상
2019061000100585,2019년 6월 10일 20시,월요일,충청북도 청주시 흥덕구 가경동,부상신고사고,0,0,0,1,차대차 - 추돌,안전운전불이행,건조,맑음,기타 - 기타,승용,남,42세,부상신고,승용,여,39세,기타불명
2019061000100586,2019년 6월 10일 20시,월요일,충청북도 청주시 상당구 금천동,경상사고,0,0,1,0,차대차 - 측면충돌,교차로운행방법위반,건조,맑음,교차로 - 교차로안,승합,남,45세,상해없음,승용,여,59세,경상
2019061000100612,2019년 6월 10일 21시,월요일,충청북도 청주시 흥덕구 강서동,경상사고,0,0,2,0,차대차 - 측면충돌,직진우회전진행방해,건조,맑음,교차로 - 교차로안,승용,남,22세,경상,승용,남,41세,경상
2019061000100637,2019년 6월 10일 22시,월요일,충청북도 제천시 천남동,경상사고,0,0,1,0,차대차 - 추돌,안전운전불이행,건조,흐림,교차로 - 교차로부근,승용,남,56세,상해없음,승용,여,47세,경상
2019061000100638,2019년 6월 10일 22시,월요일,충청북도 옥천군 옥천읍,경상사고,0,0,4,0,차대차 - 추돌,안전운전불이행,건조,맑음,교차로 - 교차로부근,승용,남,51세,상해없음,승용,남,41세,경상
2019061000100657,2019년 6월 10일 23시,월요일,충청북도 청주시 청원구 율량동,중상사고,0,2,1,0,차대차 - 기타,신호위반,건조,맑음,교차로 - 교차로부근,승용,남,55세,상해없음,승용,남,25세,중상
2019061100100034,2019년 6월 11일 00시,화요일,충청북도 충주시 동량면,경상사고,0,0,1,0,차량단독 - 기타,안전운전불이행,건조,흐림,단일로 - 기타,승용,남,36세,상해없음,,,,
2019061100100082,2019년 6월 11일 06시,화요일,충청북도 청주시 흥덕구 복대동,경상사고,0,0,1,0,차대사람 - 기타,안전운전불이행,건조,맑음,교차로 - 교차로안,승용,남,29세,상해없음,보행자,남,45세,경상
2019061100100146,2019년 6월 11일 08시,화요일,충청북도 청주시 흥덕구 운천동,중상사고,0,1,0,0,차대차 - 측면충돌,안전운전불이행,건조,맑음,단일로 - 기타,기타불명,기타불명,미분류,기타불명,자전거,남,65세,중상
2019061100100250,2019년 6월 11일 11시,화요일,충청북도 청주시 서원구 개신동,중상사고,0,1,2,0,차대차 - 기타,기타,건조,맑음,교차로 - 교차로안,승용,남,72세,상해없음,승용,여,32세,경상
2019061100100251,2019년 6월 11일 11시,화요일,충청북도 진천군 초평면,경상사고,0,0,1,0,차대차 - 기타,직진우회전진행방해,건조,맑음,교차로 - 교차로안,승용,여,45세,상해없음,화물,남,37세,경상
2019061100100282,2019년 6월 11일 12시,화요일,충청북도 청주시 흥덕구 봉명동,경상사고,0,0,1,0,차대차 - 측면충돌,안전거리미확보,건조,맑음,단일로 - 기타,승용,남,34세,상해없음,승용,여,56세,경상
2019061100100314,2019년 6월 11일 13시,화요일,충청북도 충주시 교현동,중상사고,0,1,0,0,차대차 - 기타,신호위반,건조,맑음,교차로 - 교차로안,이륜,남,17세,중상,이륜,남,22세,상해없음
2019061100100315,2019년 6월 11일 13시,화요일,충청북도 보은군 삼승면,중상사고,0,1,0,0,차량단독 - 도로외이탈 - 추락,안전운전불이행,건조,맑음,단일로 - 지하차도(도로)내,화물,남,23세,상해없음,,,,
2019061100100316,2019년 6월 11일 13시,화요일,충청북도 단양군 매포읍,중상사고,0,3,0,0,차대차 - 측면충돌,직진우회전진행방해,건조,맑음,교차로 - 교차로안,승용,남,79세,상해없음,승용,여,22세,중상
2019061100100317,2019년 6월 11일 13시,화요일,충청북도 청주시 상당구 용암동,경상사고,0,0,1,0,차대사람 - 차도통행중,보행자보호의무위반,건조,맑음,단일로 - 지하차도(도로)내,승용,남,36세,기타불명,보행자,남,6세,경상
2019061100100318,2019년 6월 11일 13시,화요일,충청북도 청주시 서원구 수곡동,경상사고,0,0,1,0,차대차 - 측면충돌,교차로운행방법위반,건조,맑음,단일로 - 지하차도(도로)내,승용,여,30세,상해없음,승용,남,64세,경상
2019061100100353,2019년 6월 11일 14시,화요일,충청북도 증평군 증평읍,경상사고,0,0,1,0,차대사람 - 기타,안전운전불이행,건조,맑음,교차로 - 교차로안,승합,남,75세,상해없음,보행자,남,32세,경상
2019061100100354,2019년 6월 11일 14시,화요일,충청북도 괴산군 괴산읍,경상사고,0,0,1,0,차대차 - 측면충돌,안전운전불이행,건조,맑음,단일로 - 기타,자전거,남,18세,경상,승용,남,67세,상해없음
2019061100100389,2019년 6월 11일 15시,화요일,충청북도 청주시 서원구 분평동,경상사고,0,0,2,0,차대차 - 측면충돌,안전운전불이행,건조,맑음,교차로 - 교차로부근,이륜,남,82세,경상,승용,남,64세,상해없음
2019061100100447,2019년 6월 11일 17시,화요일,충청북도 제천시 남천동,경상사고,0,0,1,0,차대사람 - 기타,안전운전불이행,건조,맑음,단일로 - 기타,승용,여,50세,상해없음,보행자,여,42세,경상
2019061100100448,2019년 6월 11일 17시,화요일,충청북도 제천시 의림동,경상사고,0,0,3,0,차대차 - 측면충돌,신호위반,건조,맑음,교차로 - 교차로안,승합,남,48세,상해없음,승용,여,29세,경상
2019061100100449,2019년 6월 11일 17시,화요일,충청북도 청주시 흥덕구 복대동,경상사고,0,0,1,0,차대차 - 기타,안전운전불이행,건조,맑음,교차로 - 교차로안,승용,남,66세,상해없음,승용,남,25세,경상
2019061100100450,2019년 6월 11일 17시,화요일,충청북도 청주시 서원구 수곡동,중상사고,0,1,0,0,차대사람 - 차도통행중,안전운전불이행,건조,맑음,단일로 - 기타,승용,남,67세,상해없음,보행자,여,68세,중상
2019061100100486,2019년 6월 11일 18시,화요일,충청북도 충주시 칠금동,경상사고,0,0,1,0,차대차 - 측면충돌,안전운전불이행,건조,맑음,교차로 - 교차로안,화물,남,58세,상해없음,승용,여,23세,경상
2019061100100487,2019년 6월 11일 18시,화요일,충청북도 충주시 용산동,경상사고,0,0,1,0,차대차 - 기타,안전운전불이행,건조,맑음,단일로 - 기타,승용,남,58세,상해없음,화물,여,63세,상해없음
2019061100100488,2019년 6월 11일 18시,화요일,충청북도 영동군 영동읍,경상사고,0,0,1,0,차대사람 - 기타,안전운전불이행,건조,맑음,단일로 - 기타,승용,여,47세,상해없음,보행자,남,22세,경상
2019061100100489,2019년 6월 11일 18시,화요일,충청북도 음성군 맹동면,중상사고,0,1,0,0,차대차 - 측면충돌,교차로운행방법위반,건조,맑음,교차로 - 교차로안,승용,남,49세,상해없음,이륜,남,32세,중상
2019061100100490,2019년 6월 11일 18시,화요일,충청북도 음성군 소이면,경상사고,0,0,1,0,차대차 - 정면충돌,안전운전불이행,건조,맑음,교차로 - 교차로부근,화물,남,80세,상해없음,자전거,남,49세,경상
2019061100100491,2019년 6월 11일 18시,화요일,충청북도 청주시 서원구 남이면,경상사고,0,0,2,0,차대차 - 측면충돌,안전운전불이행,건조,맑음,단일로 - 지하차도(도로)내,승용,남,44세,경상,승용,여,42세,경상
2019061100100492,2019년 6월 11일 18시,화요일,충청북도 청주시 서원구 산남동,경상사고,0,0,1,0,차대차 - 기타,안전운전불이행,건조,맑음,단일로 - 기타,승용,남,63세,경상,승용,남,43세,상해없음
2019061100100560,2019년 6월 11일 20시,화요일,충청북도 제천시 덕산면,중상사고,0,1,0,0,차대차 - 측면충돌,안전운전불이행,건조,맑음,단일로 - 기타,승용,여,64세,상해없음,농기계,여,68세,중상
2019061100100561,2019년 6월 11일 20시,화요일,충청북도 청주시 흥덕구 운천동,경상사고,0,0,1,0,차대차 - 정면충돌,중앙선침범,건조,맑음,교차로 - 교차로안,승용,여,45세,상해없음,이륜,남,19세,경상
2019061100100562,2019년 6월 11일 20시,화요일,충청북도 청주시 흥덕구 가경동,경상사고,0,0,1,0,차대차 - 추돌,안전운전불이행,건조,맑음,교차로 - 교차로부근,승용,여,53세,상해없음,승용,여,46세,경상
2019061100100588,2019년 6월 11일 21시,화요일,충청북도 단양군 매포읍,중상사고,0,1,0,0,차대차 - 후진중충돌,안전운전불이행,건조,맑음,단일로 - 기타,승용,남,58세,상해없음,승용,여,50세,중상