사고번호,사고일시,요일,시군구,사고내용,사망자수,중상자수,경상자수,부상신고자수,사고유형,법규위반,노면상태,기상상태,도로형태,가해운전자 차종,가해운전자 성별,가해운전자 연령,가해운전자 상해정도,피해운전자 차종,피해운전자 성별,피해운전자 연령,피해운전자 상해정도
2019061700100125,2019년 6월 17일 08시,월요일,충청북도 청주시 상당구 용암동,중상사고,0,1,0,0,차대사람 - 횡단중,신호위반,건조,맑음,교차로 - 교차로횡단보도내,승용,남,68세,상해없음,보행자,남,11세,중상
2019061700100204,2019년 6월 17일 10시,월요일,충청북도 청주시 흥덕구 가경동,경상사고,0,0,2,0,차대차 - 측면충돌,안전거리미확보,건조,맑음,단일로 - 기타,승용,남,54세,상해없음,화물,남,57세,경상
2019061700100236,2019년 6월 17일 11시,월요일,충청북도 음성군 삼성면,경상사고,0,0,2,0,차대차 - 기타,교차로운행방법위반,건조,맑음,교차로 - 교차로안,승용,남,65세,기타불명,승용,남,38세,경상
2019061700100267,2019년 6월 17일 12시,월요일,충청북도 제천시 남천동,경상사고,0,0,2,0,차대차 - 추돌,안전운전불이행,건조,맑음,교차로 - 교차로부근,승용,여,43세,상해없음,승용,여,44세,경상
2019061700100268,2019년 6월 17일 12시,월요일,충청북도 청주시 서원구 모충동,경상사고,0,0,3,0,차대차 - 측면충돌,교차로운행방법위반,건조,맑음,교차로 - 교차로부근,승용,여,46세,경상,승용,남,59세,경상
2019061700100299,2019년 6월 17일 13시,월요일,충청북도 음성군 금왕읍,중상사고,0,2,1,0,차대차 - 측면충돌,직진우회전진행방해,건조,맑음,교차로 - 교차로안,승용,여,57세,중상,화물,남,59세,경상
2019061700100300,2019년 6월 17일 13시,월요일,충청북도 청주시 흥덕구 가경동,중상사고,0,3,1,0,차대차 - 측면충돌,안전운전불이행,건조,맑음,교차로 - 교차로안,화물,남,71세,중상,승용,여,46세,중상
2019061700100301,2019년 6월 17일 13시,월요일,충청북도 청주시 흥덕구 봉명동,경상사고,0,0,1,1,차대차 - 기타,안전거리미확보,건조,맑음,단일로 - 기타,이륜,남,46세,부상신고,승용,남,31세,경상
2019061700100304,2019년 6월 17일 13시,월요일,충청북도 청주시 서원구 남이면,중상사고,0,1,1,0,차대차 - 측면충돌,안전운전불이행,건조,맑음,단일로 - 기타,화물,남,60세,상해없음,승용,여,27세,중상
2019061700100337,2019년 6월 17일 14시,월요일,충청북도 청주시 상당구 영동,중상사고,0,1,1,0,차대차 - 기타,중앙선침범,건조,맑음,단일로 - 기타,승용,여,63세,경상,승용,남,64세,중상
2019061700100380,2019년 6월 17일 15시,월요일,충청북도 청주시 청원구 오동동,중상사고,0,3,0,0,차대차 - 기타,안전운전불이행,건조,맑음,단일로 - 기타,승용,남,70세,상해없음,화물,남,66세,중상
2019061700100381,2019년 6월 17일 15시,월요일,충청북도 청주시 청원구 오창읍,경상사고,0,0,1,0,차대차 - 기타,안전운전불이행,건조,맑음,교차로 - 교차로부근,자전거,남,14세,경상,승용,여,42세,상해없음
2019061700100382,2019년 6월 17일 15시,월요일,충청북도 청주시 서원구 사창동,중상사고,0,1,0,0,차량단독 - 기타,안전운전불이행,건조,맑음,교차로 - 교차로부근,승합,남,48세,기타불명,,,,
2019061700100440,2019년 6월 17일 16시,월요일,충청북도 진천군 진천읍,중상사고,0,1,0,0,차대사람 - 길가장자리구역통행중,안전운전불이행,건조,맑음,주차장 - 주차장,승용,남,19세,상해없음,보행자,여,49세,중상
2019061700100489,2019년 6월 17일 17시,월요일,충청북도 음성군 감곡면,경상사고,0,0,4,0,차대차 - 측면충돌,교차로운행방법위반,건조,맑음,교차로 - 교차로안,승용,여,38세,상해없음,승용,남,72세,경상
2019061700100490,2019년 6월 17일 17시,월요일,충청북도 진천군 진천읍,경상사고,0,0,1,0,차대차 - 측면충돌,안전거리미확보,건조,맑음,단일로 - 기타,화물,남,43세,상해없음,화물,남,59세,경상
2019061700100491,2019년 6월 17일 17시,월요일,충청북도 진천군 진천읍,경상사고,0,0,1,0,차대차 - 측면충돌,직진우회전진행방해,건조,맑음,단일로 - 기타,승용,남,22세,상해없음,이륜,남,16세,경상
2019061700100535,2019년 6월 17일 18시,월요일,충청북도 옥천군 옥천읍,경상사고,0,0,1,0,차대차 - 측면충돌,교차로운행방법위반,건조,맑음,교차로 - 교차로안,승용,여,57세,경상,화물,남,57세,상해없음
2019061700100536,2019년 6월 17일 18시,월요일,충청북도 청주시 흥덕구 복대동,중상사고,0,1,0,0,차대사람 - 보도통행중,기타,건조,맑음,기타 - 기타,이륜,남,41세,상해없음,보행자,여,60세,중상
2019061700100537,2019년 6월 17일 18시,월요일,충청북도 청주시 서원구 수곡동,경상사고,0,0,3,0,차대차 - 추돌,안전거리미확보,건조,맑음,단일로 - 지하차도(도로)내,승용,남,50세,상해없음,승용,여,59세,경상
2019061700100602,2019년 6월 17일 20시,월요일,충청북도 충주시 연수동,중상사고,0,1,0,0,차대사람 - 횡단중,보행자보호의무위반,건조,맑음,교차로 - 교차로횡단보도내,승용,여,29세,상해없음,보행자,남,60세,중상
2019061700100603,2019년 6월 17일 20시,월요일,충청북도 청주시 상당구 방서동,경상사고,0,0,1,0,차대차 - 측면충돌,안전운전불이행,건조,맑음,단일로 - 지하차도(도로)내,승용,여,55세,상해없음,승용,여,35세,경상
2019061700100639,2019년 6월 17일 21시,월요일,충청북도 청주시 청원구 오창읍,경상사고,0,0,1,0,차대차 - 추돌,안전운전불이행,건조,맑음,단일로 - 기타,승용,남,50세,상해없음,승용,남,40세,경상
2019061700100640,2019년 6월 17일 21시,월요일,충청북도 충주시 성남동,경상사고,0,0,1,0,차대차 - 기타,안전운전불이행,건조,맑음,기타 - 기타,승용,남,39세,상해없음,자전거,여,47세,경상
2019061700100641,2019년 6월 17일 21시,월요일,충청북도 청주시 흥덕구 복대동,경상사고,0,0,1,0,차대차 - 기타,교차로운행방법위반,건조,맑음,교차로 - 교차로안,승용,남,51세,상해없음,이륜,남,19세,경상
2019061700100662,2019년 6월 17일 22시,월요일,충청북도 진천군 진천읍,경상사고,0,0,1,0,차대차 - 기타,안전운전불이행,건조,맑음,단일로 - 기타,승용,남,36세,상해없음,승용,여,26세,경상
2019061800100064,2019년 6월 18일 04시,화요일,충청북도 청주시 흥덕구 신봉동,중상사고,0,2,1,0,차대차 - 측면충돌,신호위반,건조,맑음,교차로 - 교차로안,승용,여,41세,경상,승용,남,25세,중상
2019061800100074,2019년 6월 18일 05시,화요일,충청북도 음성군 대소면,경상사고,0,0,1,0,차대차 - 측면충돌,교차로운행방법위반,건조,맑음,교차로 - 교차로안,승용,여,54세,상해없음,승용,남,66세,상해없음
2019061800100118,2019년 6월 18일 07시,화요일,충청북도 청주시 흥덕구 신봉동,중상사고,0,1,0,0,차대차 - 기타,교차로운행방법위반,건조,맑음,교차로 - 교차로안,승용,여,43세,상해없음,승용,남,71세,중상
2019061800100153,2019년 6월 18일 08시,화요일,충청북도 청주시 서원구 사직동,중상사고,0,1,0,0,차대차 - 기타,불법유턴,건조,맑음,단일로 - 기타,화물,남,62세,상해없음,승용,여,26세,중상
2019061800100154,2019년 6월 18일 08시,화요일,충청북도 청주시 서원구 사창동,경상사고,0,0,1,0,차대차 - 기타,안전운전불이행,건조,맑음,교차로 - 교차로부근,승용,남,26세,상해없음,승용,남,30세,경상
2019061800100155,2019년 6월 18일 08시,화요일,충청북도 제천시 신백동,경상사고,0,0,2,0,차대차 - 추돌,안전운전불이행,젖음/습기,비,단일로 - 기타,승용,남,23세,경상,승용,여,48세,경상
2019061800100156,2019년 6월 18일 08시,화요일,충청북도 진천군 덕산면,경상사고,0,0,1,0,차대차 - 기타,중앙선침범,건조,맑음,교차로 - 교차로부근,승용,여,52세,상해없음,승용,남,56세,경상
2019061800100157,2019년 6월 18일 08시,화요일,충청북도 청주시 흥덕구 옥산면,중상사고,0,1,0,0,차량단독 - 도로외이탈 - 추락,안전운전불이행,건조,맑음,교차로 - 교차로부근,이륜,남,81세,중상,,,,
2019061800100158,2019년 6월 18일 08시,화요일,충청북도 청주시 흥덕구 복대동,경상사고,0,0,2,0,차대차 - 추돌,안전거리미확보,건조,맑음,교차로 - 교차로안,승용,여,56세,경상,승용,여,44세,경상
2019061800100195,2019년 6월 18일 09시,화요일,충청북도 청주시 상당구 탑동,경상사고,0,0,1,0,차대차 - 기타,안전운전불이행,건조,맑음,단일로 - 지하차도(도로)내,자전거,여,14세,경상,승용,남,24세,상해없음
2019061800100225,2019년 6월 18일 10시,화요일,충청북도 제천시 청전동,경상사고,0,0,1,0,차대차 - 측면충돌,교차로운행방법위반,건조,맑음,교차로 - 교차로안,화물,남,70세,상해없음,승용,여,63세,경상
2019061800100226,2019년 6월 18일 10시,화요일,충청북도 보은군 보은읍,중상사고,0,2,0,0,차대차 - 기타,안전운전불이행,건조,맑음,단일로 - 지하차도(도로)내,승용,남,39세,상해없음,승용,여,37세,중상
2019061800100227,2019년 6월 18일 10시,화요일,충청북도 옥천군 옥천읍,중상사고,0,1,0,0,차대차 - 측면충돌,기타,건조,맑음,교차로 - 교차로부근,화물,남,69세,상해없음,이륜,여,71세,중상
2019061800100228,2019년 6월 18일 10시,화요일,충청북도 진천군 초평면,중상사고,0,1,0,0,차대차 - 측면충돌,교차로운행방법위반,건조,맑음,교차로 - 교차로안,화물,남,59세,상해없음,이륜,남,79세,중상
2019061800100257,2019년 6월 18일 11시,화요일,충청북도 청주시 서원구 개신동,중상사고,0,1,0,0,차대사람 - 기타,안전운전불이행,건조,맑음,기타 - 기타,화물,남,43세,상해없음,보행자,여,81세,중상
2019061800100258,2019년 6월 18일 11시,화요일,충청북도 청주시 청원구 율량동,중상사고,0,1,0,0,차대사람 - 기타,기타,건조,맑음,단일로 - 기타,이륜,남,81세,상해없음,보행자,여,74세,중상
2019061800100286,2019년 6월 18일 12시,화요일,충청북도 청주시 흥덕구 운천동,경상사고,0,0,1,0,차대차 - 측면충돌,안전운전불이행,건조,맑음,단일로 - 기타,승용,여,49세,상해없음,승용,여,49세,경상
2019061800100351,2019년 6월 18일 14시,화요일,충청북도 청주시 흥덕구 운천동,경상사고,0,0,2,0,차대차 - 기타,안전운전불이행,건조,맑음,교차로 - 교차로안,승용,남,58세,경상,승용,여,42세,경상
2019061800100376,2019년 6월 18일 15시,화요일,충청북도 괴산군 감물면,중상사고,0,2,0,0,차대사람 - 기타,안전운전불이행,건조,맑음,단일로 - 기타,승용,남,63세,중상,보행자,남,63세,중상
2019061800100377,2019년 6월 18일 15시,화요일,충청북도 음성군 맹동면,경상사고,0,0,1,0,차대차 - 측면충돌,중앙선침범,건조,맑음,교차로 - 교차로부근,이륜,남,22세,경상,승용,여,44세,상해없음
2019061800100378,2019년 6월 18일 15시,화요일,충청북도 청주시 흥덕구 송절동,부상신고사고,0,0,0,1,차대차 - 측면충돌,신호위반,젖음/습기,비,교차로 - 교차로안,원동기,남,28세,부상신고,승용,남,44세,상해없음
2019061800100407,2019년 6월 18일 16시,화요일,충청북도 제천시 왕암동,중상사고,0,1,0,0,차대차 - 정면충돌,중앙선침범,건조,맑음,교차로 - 교차로부근,화물,남,37세,상해없음,화물,남,38세,중상
2019061800100439,2019년 6월 18일 17시,화요일,충청북도 제천시 서부동,중상사고,0,1,1,0,차대차 - 정면충돌,신호위반,건조,맑음,교차로 - 교차로안,승용,여,47세,경상,승용,남,23세,중상
2019061800100440,2019년 6월 18일 17시,화요일,충청북도 청주시 상당구 금천동,경상사고,0,0,1,0,차대차 - 측면충돌,안전운전불이행,건조,맑음,단일로 - 기타,승용,남,55세,기타불명,승용,여,56세,경상
2019061800100530,2019년 6월 18일 19시,화요일,충청북도 진천군 이월면,경상사고,0,0,1,0,차대차 - 기타,직진우회전진행방해,건조,맑음,교차로 - 교차로안,승용,여,43세,상해없음,승용,여,36세,경상
2019061800100531,2019년 6월 18일 19시,화요일,충청북도 청주시 상당구 금천동,부상신고사고,0,0,0,1,차대차 - 기타,신호위반,건조,맑음,교차로 - 교차로부근,이륜,남,17세,부상신고,승용,남,51세,상해없음
2019061800100601,2019년 6월 18일 21시,화요일,충청북도 충주시 교현동,경상사고,0,0,1,0,차대차 - 측면충돌,안전운전불이행,젖음/습기,비,교차로 - 교차로안,승용,여,30세,상해없음,이륜,남,59세,경상
2019061800100602,2019년 6월 18일 21시,화요일,충청북도 제천시 화산동,경상사고,0,0,2,0,차대사람 - 횡단중,신호위반,젖음/습기,비,교차로 - 교차로안,승용,남,31세,상해없음,보행자,남,25세,경상
2019061800100634,2019년 6월 18일 22시,화요일,충청북도 진천군 진천읍,경상사고,0,0,1,0,차대차 - 기타,안전운전불이행,젖음/습기,비,단일로 - 기타,승용,여,59세,상해없음,이륜,남,22세,경상
2019061800100655,2019년 6월 18일 23시,화요일,충청북도 청주시 청원구 내수읍,경상사고,0,0,2,0,차대차 - 기타,안전거리미확보,건조,맑음,교차로 - 교차로부근,승용,남,38세,상해없음,승용,여,34세,경상
2019061800100656,2019년 6월 18일 23시,화요일,충청북도 청주시 흥덕구 강내면,중상사고,0,1,1,0,차대차 - 측면충돌,안전거리미확보,건조,맑음,교차로 - 교차로부근,승용,남,40세,상해없음,승용,남,56세,경상
2019061900100081,2019년 6월 19일 05시,수요일,충청북도 청주시 흥덕구 복대동,중상사고,0,1,0,0,차대사람 - 횡단중,안전운전불이행,건조,맑음,교차로 - 교차로안,승용,남,65세,상해없음,보행자,남,31세,중상
2019061900100090,2019년 6월 19일 06시,수요일,충청북도 청주시 서원구 남이면,경상사고,0,0,1,0,차대차 - 측면충돌,안전운전불이행,건조,맑음,단일로 - 기타,화물,남,59세,상해없음,승용,남,53세,경상
2019061900100127,2019년 6월 19일 08시,수요일,충청북도 청주시 상당구 금천동,경상사고,0,0,2,0,차대차 - 측면충돌,신호위반,건조,맑음,교차로 - 교차로안,승용,여,44세,상해없음,승용,남,59세,경상
2019061900100173,2019년 6월 19일 09시,수요일,충청북도 단양군 매포읍,경상사고,0,0,1,0,차대차 - 측면충돌,안전운전불이행,건조,맑음,교차로 - 교차로부근,승용,여,58세,경상,건설기계,남,45세,상해없음
2019061900100243,2019년 6월 19일 11시,수요일,충청북도 괴산군 괴산읍,중상사고,0,1,0,0,차대사람 - 길가장자리구역통행중,안전운전불이행,건조,맑음,단일로 - 기타,승용,여,61세,상해없음,보행자,여,52세,중상
2019061900100271,2019년 6월 19일 12시,수요일,충청북도 충주시 금릉동,경상사고,0,0,1,0,차대차 - 측면충돌,안전운전불이행,건조,맑음,교차로 - 교차로안,화물,남,78세,상해없음,승용,여,39세,경상
2019061900100272,2019년 6월 19일 12시,수요일,충청북도 청주시 흥덕구 신봉동,부상신고사고,0,0,0,1,차대차 - 측면충돌,안전운전불이행,건조,맑음,교차로 - 교차로안,이륜,남,35세,부상신고,승용,여,34세,상해없음
2019061900100297,2019년 6월 19일 13시,수요일,충청북도 청주시 청원구 오창읍,경상사고,0,0,2,0,차대차 - 기타,안전운전불이행,건조,맑음,단일로 - 기타,승용,남,39세,상해없음,승용,여,39세,경상
2019061900100298,2019년 6월 19일 13시,수요일,충청북도 제천시 중앙로2가,부상신고사고,0,0,0,1,차대사람 - 기타,안전운전불이행,건조,맑음,단일로 - 지하차도(도로)내,승용,여,22세,상해없음,보행자,남,67세,부상신고
2019061900100299,2019년 6월 19일 13시,수요일,충청북도 진천군 진천읍,중상사고,0,1,0,0,차대사람 - 길가장자리구역통행중,안전운전불이행,건조,맑음,단일로 - 기타,승용,여,65세,상해없음,보행자,남,65세,중상
2019061900100437,2019년 6월 19일 17시,수요일,충청북도 청주시 서원구 사직동,경상사고,0,0,1,0,차대사람 - 횡단중,안전운전불이행,건조,맑음,단일로 - 기타,승용,남,54세,상해없음,보행자,남,43세,경상
2019061900100438,2019년 6월 19일 17시,수요일,충청북도 제천시 중앙로2가,경상사고,0,0,1,0,차대차 - 측면충돌,직진우회전진행방해,건조,맑음,교차로 - 교차로안,승용,여,49세,상해없음,승용,남,73세,경상
2019061900100439,2019년 6월 19일 17시,수요일,충청북도 청주시 흥덕구 지동동,경상사고,0,0,1,0,차대차 - 기타,안전운전불이행,건조,맑음,단일로 - 기타,화물,남,58세,상해없음,승용,남,26세,경상
2019061900100485,2019년 6월 19일 18시,수요일,충청북도 청주시 흥덕구 봉명동,경상사고,0,0,1,0,차대차 - 추돌,안전거리미확보,건조,맑음,교차로 - 교차로부근,이륜,남,26세,상해없음,승용,남,22세,경상
2019061900100486,2019년 6월 19일 18시,수요일,충청북도 청주시 흥덕구 서촌동,경상사고,0,0,1,0,차대차 - 기타,안전운전불이행,건조,맑음,교차로 - 교차로부근,승용,남,66세,상해없음,승용,여,48세,경상
2019061900100487,2019년 6월 19일 18시,수요일,충청북도 청주시 상당구 용암동,경상사고,0,0,1,0,차대차 - 측면충돌,안전거리미확보,건조,맑음,교차로 - 교차로안,승용,여,33세,상해없음,승용,여,54세,경상
2019061900100529,2019년 6월 19일 19시,수요일,충청북도 충주시 대소원면,경상사고,0,0,1,0,차대차 - 기타,기타,건조,맑음,단일로 - 기타,승용,남,59세,기타불명,승용,남,43세,경상
2019061900100530,2019년 6월 19일 19시,수요일,충청북도 제천시 의림동,경상사고,0,0,2,0,차대차 - 측면충돌,중앙선침범,건조,맑음,교차로 - 교차로안,이륜,남,22세,상해없음,승용,여,50세,경상
2019061900100567,2019년 6월 19일 20시,수요일,충청북도 청주시 청원구 우암동,경상사고,0,0,1,0,차대사람 - 차도통행중,안전운전불이행,건조,맑음,단일로 - 기타,승용,남,56세,상해없음,보행자,남,10세,경상
2019062000100076,2019년 6월 20일 05시,목요일,충청북도 청주시 흥덕구 옥산면,경상사고,0,0,1,0,차대차 - 기타,안전운전불이행,건조,맑음,단일로 - 기타,승용,여,48세,상해없음,화물,남,57세,경상
2019062000100108,2019년 6월 20일 07시,목요일,충청북도 진천군 문백면,중상사고,0,1,7,0,차대차 - 추돌,안전거리미확보,건조,맑음,단일로 - 터널,승합,남,72세,상해없음,승용,남,33세,경상
2019062000100109,2019년 6월 20일 07시,목요일,충청북도 청주시 서원구 분평동,경상사고,0,0,1,0,차대차 - 추돌,안전운전불이행,건조,맑음,교차로 - 교차로횡단보도내,승용,남,42세,상해없음,승용,여,31세,경상
2019062000100144,2019년 6월 20일 08시,목요일,충청북도 제천시 영천동,중상사고,0,1,0,0,차대차 - 정면충돌,신호위반,건조,맑음,교차로 - 교차로안,이륜,여,66세,중상,승용,남,31세,상해없음
2019062000100145,2019년 6월 20일 08시,목요일,충청북도 음성군 삼성면,경상사고,0,0,1,0,차대차 - 측면충돌,중앙선침범,건조,맑음,교차로 - 교차로부근,승용,남,30세,상해없음,화물,남,41세,상해없음
2019062000100146,2019년 6월 20일 08시,목요일,충청북도 옥천군 옥천읍,경상사고,0,0,2,0,차대차 - 정면충돌,교차로운행방법위반,건조,맑음,교차로 - 교차로안,승용,남,26세,상해없음,승용,남,66세,경상
2019062000100147,2019년 6월 20일 08시,목요일,충청북도 청주시 흥덕구 복대동,경상사고,0,0,1,0,차대사람 - 길가장자리구역통행중,안전운전불이행,건조,맑음,교차로 - 교차로부근,승용,남,40세,상해없음,보행자,남,39세,경상
2019062000100191,2019년 6월 20일 09시,목요일,충청북도 청주시 흥덕구 봉명동,경상사고,0,0,1,0,차대차 - 측면충돌,안전운전불이행,건조,맑음,단일로 - 기타,승용,여,36세,상해없음,자전거,남,24세,경상
2019062000100220,2019년 6월 20일 10시,목요일,충청북도 청주시 청원구 주중동,경상사고,0,0,3,0,차대차 - 기타,안전운전불이행,건조,맑음,교차로 - 교차로부근,승용,여,46세,상해없음,승용,남,43세,경상
2019062000100221,2019년 6월 20일 10시,목요일,충청북도 청주시 청원구 우암동,중상사고,0,1,0,0,차대차 - 측면충돌,안전운전불이행,건조,맑음,교차로 - 교차로안,승용,남,64세,상해없음,이륜,남,68세,중상
2019062000100247,2019년 6월 20일 11시,목요일,충청북도 옥천군 청산면,중상사고,0,3,1,0,차대차 - 정면충돌,안전운전불이행,건조,맑음,단일로 - 기타,승용,여,64세,중상,승용,남,56세,중상
2019062000100284,2019년 6월 20일 12시,목요일,충청북도 괴산군 칠성면,경상사고,0,0,2,0,차대차 - 측면충돌,안전운전불이행,건조,맑음,단일로 - 기타,승합,남,65세,상해없음,승용,남,79세,경상
2019062000100285,2019년 6월 20일 12시,목요일,충청북도 음성군 대소면,경상사고,0,0,1,0,차대차 - 측면충돌,안전운전불이행,건조,맑음,주차장 - 주차장,승용,남,50세,상해없음,승용,남,30세,경상
2019062000100312,2019년 6월 20일 13시,목요일,충청북도 청주시 흥덕구 가경동,경상사고,0,0,4,0,차대차 - 추돌,안전거리미확보,건조,맑음,단일로 - 기타,승용,여,33세,경상,승용,남,26세,상해없음
2019062000100313,2019년 6월 20일 13시,목요일,충청북도 청주시 상당구 용암동,경상사고,0,0,3,0,차대차 - 측면충돌,안전운전불이행,건조,맑음,교차로 - 교차로부근,승용,여,60세,경상,승용,여,39세,경상
2019062000100373,2019년 6월 20일 15시,목요일,충청북도 충주시 칠금동,경상사고,0,0,2,0,차대차 - 측면충돌,직진우회전진행방해,건조,맑음,교차로 - 교차로안,이륜,남,20세,경상,승용,여,50세,경상
2019062000100374,2019년 6월 20일 15시,목요일,충청북도 음성군 금왕읍,경상사고,0,0,2,0,차대차 - 측면충돌,교차로운행방법위반,건조,맑음,교차로 - 교차로안,화물,남,71세,경상,승용,여,67세,경상
2019062000100375,2019년 6월 20일 15시,목요일,충청북도 청주시 상당구 석교동,중상사고,0,1,0,0,차대차 - 기타,안전운전불이행,건조,맑음,교차로 - 교차로횡단보도내,승용,남,47세,상해없음,자전거,남,73세,중상
2019062000100416,2019년 6월 20일 16시,목요일,충청북도 괴산군 청천면,경상사고,0,0,2,0,차대차 - 측면충돌,안전운전불이행,건조,맑음,단일로 - 기타,화물,남,73세,상해없음,승용,여,37세,경상
2019062000100417,2019년 6월 20일 16시,목요일,충청북도 진천군 진천읍,중상사고,0,2,1,0,차대사람 - 횡단중,보행자보호의무위반,건조,맑음,교차로 - 교차로안,승용,남,49세,상해없음,보행자,여,40세,중상
2019062000100418,2019년 6월 20일 16시,목요일,충청북도 청주시 흥덕구 강내면,부상신고사고,0,0,0,1,차대차 - 추돌,안전거리미확보,건조,맑음,교차로 - 교차로부근,이륜,남,64세,부상신고,승용,남,58세,상해없음
2019062000100419,2019년 6월 20일 16시,목요일,충청북도 청주시 상당구 용담동,경상사고,0,0,2,0,차대차 - 후진중충돌,안전운전불이행,건조,맑음,단일로 - 지하차도(도로)내,승합,남,58세,상해없음,승용,남,51세,경상
2019062000100466,2019년 6월 20일 17시,목요일,충청북도 청주시 청원구 오창읍,중상사고,0,1,2,0,차대차 - 기타,중앙선침범,건조,맑음,교차로 - 교차로부근,승용,남,34세,경상,이륜,남,41세,중상
2019062000100467,2019년 6월 20일 17시,목요일,충청북도 음성군 대소면,경상사고,0,0,1,0,차대사람 - 횡단중,안전운전불이행,건조,맑음,단일로 - 기타,승용,남,22세,상해없음,보행자,남,54세,경상
2019062000100468,2019년 6월 20일 17시,목요일,충청북도 청주시 흥덕구 향정동,경상사고,0,0,1,0,차대차 - 기타,안전운전불이행,건조,맑음,단일로 - 기타,승용,남,39세,상해없음,승용,여,47세,경상
2019062000100469,2019년 6월 20일 17시,목요일,충청북도 청주시 서원구 미평동,중상사고,0,1,0,0,차대차 - 기타,신호위반,건조,맑음,교차로 - 교차로안,자전거,남,50세,중상,승용,여,50세,상해없음
2019062000100516,2019년 6월 20일 18시,목요일,충청북도 충주시 성남동,중상사고,0,1,0,0,차대차 - 기타,안전운전불이행,건조,맑음,단일로 - 기타,화물,남,61세,기타불명,이륜,남,50세,중상
2019062000100559,2019년 6월 20일 19시,목요일,충청북도 청주시 청원구 오창읍,경상사고,0,0,1,0,차대차 - 기타,안전거리미확보,건조,맑음,단일로 - 기타,승용,남,30세,상해없음,승용,여,39세,경상
2019062000100560,2019년 6월 20일 19시,목요일,충청북도 청주시 서원구 개신동,경상사고,0,0,3,0,차대차 - 측면충돌,안전운전불이행,건조,맑음,교차로 - 교차로안,승용,여,29세,경상,승용,여,31세,경상
2019062000100585,2019년 6월 20일 20시,목요일,충청북도 청주시 청원구 내수읍,경상사고,0,0,2,0,차대차 - 기타,신호위반,건조,맑음,교차로 - 교차로안,승용,남,65세,상해없음,승용,남,69세,경상
2019062000100586,2019년 6월 20일 20시,목요일,충청북도 청주시 서원구 산남동,중상사고,0,1,0,0,차대차 - 측면충돌,안전운전불이행,건조,맑음,교차로 - 교차로횡단보도내,승용,여,48세,상해없음,이륜,남,29세,중상
2019062000100617,2019년 6월 20일 21시,목요일,충청북도 청주시 서원구 모충동,중상사고,0,1,1,0,차대차 - 측면충돌,중앙선침범,건조,맑음,단일로 - 기타,이륜,남,49세,중상,자전거,남,51세,경상
2019062000100618,2019년 6월 20일 21시,목요일,충청북도 청주시 상당구 서운동,경상사고,0,0,3,0,차대차 - 측면충돌,안전운전불이행,건조,맑음,단일로 - 지하차도(도로)내,승용,남,28세,상해없음,승용,여,64세,경상
2019062000100670,2019년 6월 20일 23시,목요일,충청북도 충주시 중앙탑면,경상사고,0,0,1,0,차대차 - 기타,안전거리미확보,건조,맑음,교차로 - 교차로안,승용,남,55세,상해없음,승용,남,63세,경상
2019062100100030,2019년 6월 21일 00시,금요일,충청북도 영동군 영동읍,부상신고사고,0,0,0,1,차대차 - 추돌,안전운전불이행,건조,맑음,단일로 - 기타,승용,남,26세,부상신고,승용,여,50세,기타불명
2019062100100031,2019년 6월 21일 00시,금요일,충청북도 청주시 상당구 용암동,경상사고,0,0,1,0,차량단독 - 주/정차차량 충돌,안전운전불이행,건조,맑음,교차로 - 교차로안,승용,남,44세,경상,,,,
2019062100100074,2019년 6월 21일 06시,금요일,충청북도 음성군 생극면,중상사고,0,1,1,0,차대차 - 측면충돌,신호위반,건조,맑음,교차로 - 교차로안,승용,여,56세,경상,이륜,남,18세,중상
2019062100100075,2019년 6월 21일 06시,금요일,충청북도 진천군 초평면,중상사고,0,1,0,0,차량단독 - 전도전복 - 전복,안전운전불이행,건조,맑음,교차로 - 교차로안,승용,남,44세,중상,,,,
2019062100100096,2019년 6월 21일 07시,금요일,충청북도 보은군 회인면,경상사고,0,0,3,0,차대차 - 측면충돌,안전운전불이행,건조,맑음,단일로 - 지하차도(도로)내,화물,남,32세,경상,승용,여,54세,경상
2019062100100128,2019년 6월 21일 08시,금요일,충청북도 제천시 송학면,경상사고,0,0,2,0,차대차 - 추돌,과속,건조,맑음,단일로 - 기타,승용,남,71세,경상,승용,남,35세,경상
2019062100100129,2019년 6월 21일 08시,금요일,충청북도 영동군 양강면,중상사고,0,1,1,0,차대차 - 정면충돌,안전운전불이행,건조,맑음,단일로 - 기타,승용,여,54세,경상,승용,여,43세,중상
2019062100100164,2019년 6월 21일 09시,금요일,충청북도 옥천군 옥천읍,중상사고,0,2,0,0,차대차 - 측면충돌,안전운전불이행,건조,맑음,교차로 - 교차로안,농기계,남,70세,중상,승용,여,61세,중상
2019062100100165,2019년 6월 21일 09시,금요일,충청북도 청주시 상당구 금천동,경상사고,0,0,1,0,차대차 - 측면충돌,안전운전불이행,건조,맑음,교차로 - 교차로안,승용,여,52세,기타불명,승용,여,38세,경상
2019062100100195,2019년 6월 21일 10시,금요일,충청북도 충주시 교현동,중상사고,0,1,0,0,차대차 - 기타,안전운전불이행,건조,맑음,기타 - 기타,자전거,남,79세,중상,승용,남,28세,상해없음
2019062100100196,2019년 6월 21일 10시,금요일,충청북도 진천군 백곡면,중상사고,0,1,0,0,차대차 - 기타,안전운전불이행,건조,맑음,단일로 - 기타,화물,남,39세,상해없음,자전거,남,82세,중상