사고번호,사고일시,요일,시군구,사고내용,사망자수,중상자수,경상자수,부상신고자수,사고유형,법규위반,노면상태,기상상태,도로형태,가해운전자 차종,가해운전자 성별,가해운전자 연령,가해운전자 상해정도,피해운전자 차종,피해운전자 성별,피해운전자 연령,피해운전자 상해정도
2019062500100564,2019년 6월 25일 18시,화요일,충청북도 진천군 진천읍,경상사고,0,0,1,0,차대차 - 추돌,안전거리미확보,건조,맑음,교차로 - 교차로부근,이륜,남,19세,상해없음,승용,남,26세,경상
2019062500100565,2019년 6월 25일 18시,화요일,충청북도 청주시 흥덕구 오송읍,경상사고,0,0,2,0,차대차 - 측면충돌,교차로운행방법위반,건조,맑음,교차로 - 교차로안,승용,여,31세,경상,이륜,남,42세,경상
2019062500100566,2019년 6월 25일 18시,화요일,충청북도 청주시 상당구 남일면,경상사고,0,0,1,0,차대차 - 측면충돌,안전거리미확보,건조,맑음,단일로 - 지하차도(도로)내,이륜,남,70세,경상,승용,남,46세,상해없음
2019062500100567,2019년 6월 25일 18시,화요일,충청북도 청주시 상당구 탑동,경상사고,0,0,3,0,차대차 - 측면충돌,안전운전불이행,건조,맑음,주차장 - 주차장,승용,여,39세,경상,승용,여,37세,경상
2019062500100616,2019년 6월 25일 19시,화요일,충청북도 충주시 중앙탑면,경상사고,0,0,1,0,차대차 - 기타,직진우회전진행방해,건조,맑음,교차로 - 교차로안,승용,남,22세,상해없음,승용,남,60세,경상
2019062500100617,2019년 6월 25일 19시,화요일,충청북도 청주시 상당구 용암동,경상사고,0,0,1,0,차대차 - 측면충돌,기타,건조,맑음,단일로 - 지하차도(도로)내,승용,남,55세,상해없음,이륜,남,50세,경상
2019062500100650,2019년 6월 25일 20시,화요일,충청북도 제천시 청전동,중상사고,0,1,0,0,차대차 - 측면충돌,직진우회전진행방해,건조,맑음,교차로 - 교차로안,승용,여,45세,상해없음,이륜,남,48세,중상
2019062500100651,2019년 6월 25일 20시,화요일,충청북도 청주시 흥덕구 오송읍,경상사고,0,0,1,0,차대사람 - 길가장자리구역통행중,안전운전불이행,건조,맑음,단일로 - 기타,기타불명,기타불명,미분류,기타불명,보행자,남,56세,경상
2019062500100686,2019년 6월 25일 21시,화요일,충청북도 옥천군 안내면,중상사고,0,1,0,0,차대차 - 측면충돌,안전운전불이행,건조,맑음,단일로 - 기타,화물,남,57세,상해없음,자전거,남,68세,중상
2019062500100726,2019년 6월 25일 23시,화요일,충청북도 청주시 청원구 오창읍,경상사고,0,0,4,0,차량단독 - 기타,안전운전불이행,건조,맑음,단일로 - 기타,승용,남,22세,경상,,,,
2019062500100727,2019년 6월 25일 23시,화요일,충청북도 청주시 흥덕구 복대동,경상사고,0,0,4,0,차대차 - 측면충돌,안전운전불이행,건조,맑음,단일로 - 지하차도(도로)내,승용,남,49세,경상,승용,남,49세,경상
2019062600100053,2019년 6월 26일 04시,수요일,충청북도 청주시 서원구 산남동,경상사고,0,0,1,0,차대차 - 측면충돌,교차로운행방법위반,건조,맑음,교차로 - 교차로안,승용,남,68세,경상,화물,남,55세,상해없음
2019062600100113,2019년 6월 26일 08시,수요일,충청북도 단양군 단양읍,경상사고,0,0,1,0,차대차 - 정면충돌,안전운전불이행,건조,맑음,단일로 - 기타,자전거,남,15세,경상,승용,여,44세,상해없음
2019062600100114,2019년 6월 26일 08시,수요일,충청북도 청주시 흥덕구 화계동,중상사고,0,1,0,0,차대차 - 측면충돌,안전운전불이행,건조,맑음,교차로 - 교차로횡단보도내,승합,남,58세,상해없음,자전거,남,43세,중상
2019062600100115,2019년 6월 26일 08시,수요일,충청북도 청주시 상당구 낭성면,사망사고,1,0,1,0,차대차 - 기타,신호위반,건조,맑음,교차로 - 교차로안,이륜,남,83세,사망,승용,여,37세,경상
2019062600100161,2019년 6월 26일 09시,수요일,충청북도 청주시 흥덕구 가경동,경상사고,0,0,1,0,차대차 - 후진중충돌,안전운전불이행,건조,맑음,기타 - 기타,승용,남,63세,기타불명,이륜,남,27세,경상
2019062600100196,2019년 6월 26일 10시,수요일,충청북도 청주시 청원구 내수읍,중상사고,0,1,0,0,차량단독 - 기타,기타,건조,맑음,단일로 - 기타,화물,남,57세,중상,,,,
2019062600100232,2019년 6월 26일 11시,수요일,충청북도 영동군 용산면,중상사고,0,1,0,0,차대차 - 추돌,안전운전불이행,젖음/습기,비,단일로 - 기타,이륜,남,24세,중상,건설기계,남,67세,상해없음
2019062600100274,2019년 6월 26일 12시,수요일,충청북도 보은군 장안면,사망사고,1,0,0,0,차대사람 - 기타,안전운전불이행,젖음/습기,비,단일로 - 지하차도(도로)내,승용,남,60세,상해없음,보행자,남,83세,사망
2019062600100275,2019년 6월 26일 12시,수요일,충청북도 옥천군 군서면,경상사고,0,0,1,0,차대차 - 측면충돌,신호위반,젖음/습기,비,교차로 - 교차로안,승용,남,47세,상해없음,승용,여,59세,경상
2019062600100309,2019년 6월 26일 13시,수요일,충청북도 청주시 청원구 내덕동,경상사고,0,0,1,0,차대차 - 기타,신호위반,건조,맑음,교차로 - 교차로부근,승용,여,34세,상해없음,자전거,여,75세,경상
2019062600100336,2019년 6월 26일 14시,수요일,충청북도 청주시 청원구 북이면,중상사고,0,2,0,0,차대차 - 정면충돌,중앙선침범,젖음/습기,흐림,교차로 - 교차로부근,화물,남,70세,중상,화물,남,61세,중상
2019062600100337,2019년 6월 26일 14시,수요일,충청북도 충주시 대소원면,경상사고,0,0,1,1,차대차 - 기타,안전운전불이행,젖음/습기,비,교차로 - 교차로안,화물,남,59세,부상신고,화물,남,28세,경상
2019062600100338,2019년 6월 26일 14시,수요일,충청북도 음성군 생극면,중상사고,0,1,0,0,차대사람 - 길가장자리구역통행중,안전운전불이행,건조,맑음,교차로 - 교차로부근,기타불명,기타불명,미분류,기타불명,보행자,여,83세,중상
2019062600100380,2019년 6월 26일 15시,수요일,충청북도 청주시 청원구 내수읍,부상신고사고,0,0,0,1,차대차 - 추돌,안전거리미확보,건조,맑음,단일로 - 기타,승용,남,66세,부상신고,건설기계,남,60세,상해없음
2019062600100381,2019년 6월 26일 15시,수요일,충청북도 제천시 장락동,경상사고,0,0,2,0,차대차 - 추돌,안전거리미확보,젖음/습기,비,교차로 - 교차로부근,승용,여,55세,상해없음,승용,여,51세,경상
2019062600100382,2019년 6월 26일 15시,수요일,충청북도 청주시 상당구 서문동,경상사고,0,0,1,0,차대차 - 측면충돌,차로위반,젖음/습기,비,교차로 - 교차로부근,승용,남,39세,기타불명,승용,여,36세,경상
2019062600100485,2019년 6월 26일 17시,수요일,충청북도 제천시 강제동,경상사고,0,0,1,0,차대차 - 측면충돌,교차로운행방법위반,건조,맑음,교차로 - 교차로안,화물,남,51세,상해없음,승용,남,56세,경상
2019062600100486,2019년 6월 26일 17시,수요일,충청북도 제천시 청전동,경상사고,0,0,1,0,차대차 - 측면충돌,직진우회전진행방해,건조,맑음,교차로 - 교차로안,승용,남,65세,상해없음,화물,남,63세,경상
2019062600100487,2019년 6월 26일 17시,수요일,충청북도 청주시 흥덕구 강내면,경상사고,0,0,1,0,차대차 - 추돌,안전운전불이행,건조,맑음,교차로 - 교차로부근,승용,남,63세,상해없음,승용,남,22세,경상
2019062600100530,2019년 6월 26일 18시,수요일,충청북도 청주시 청원구 오창읍,경상사고,0,0,2,0,차대차 - 측면충돌,안전운전불이행,건조,맑음,교차로 - 교차로안,승용,남,37세,경상,화물,남,64세,경상
2019062600100531,2019년 6월 26일 18시,수요일,충청북도 청주시 상당구 석교동,중상사고,0,1,0,0,차대차 - 기타,안전운전불이행,건조,맑음,단일로 - 지하차도(도로)내,승용,여,66세,상해없음,자전거,남,66세,중상
2019062600100583,2019년 6월 26일 19시,수요일,충청북도 충주시 연수동,경상사고,0,0,1,0,차대사람 - 기타,안전운전불이행,건조,맑음,교차로 - 교차로횡단보도내,승용,남,29세,상해없음,보행자,남,12세,경상
2019062600100619,2019년 6월 26일 20시,수요일,충청북도 청주시 서원구 산남동,경상사고,0,0,1,0,차대차 - 후진중충돌,안전운전불이행,젖음/습기,비,교차로 - 교차로안,승용,남,51세,상해없음,이륜,남,39세,경상
2019062600100649,2019년 6월 26일 21시,수요일,충청북도 충주시 대소원면,경상사고,0,0,2,0,차대차 - 측면충돌,안전운전불이행,건조,맑음,단일로 - 기타,화물,남,57세,상해없음,승용,남,35세,경상
2019062600100650,2019년 6월 26일 21시,수요일,충청북도 옥천군 옥천읍,중상사고,0,1,0,0,차대차 - 측면충돌,중앙선침범,젖음/습기,흐림,교차로 - 교차로부근,승용,남,41세,상해없음,이륜,남,36세,중상
2019062700100029,2019년 6월 27일 00시,목요일,충청북도 청주시 서원구 미평동,경상사고,0,0,2,0,차대차 - 추돌,안전운전불이행,건조,맑음,단일로 - 지하차도(도로)내,승용,여,53세,상해없음,승용,남,38세,경상
2019062700100095,2019년 6월 27일 07시,목요일,충청북도 옥천군 옥천읍,중상사고,0,1,0,0,차대사람 - 차도통행중,안전운전불이행,젖음/습기,비,교차로 - 교차로안,화물,남,42세,상해없음,보행자,남,68세,중상
2019062700100141,2019년 6월 27일 08시,목요일,충청북도 청주시 청원구 오창읍,경상사고,0,0,1,0,차대차 - 기타,직진우회전진행방해,건조,맑음,교차로 - 교차로안,승용,남,62세,상해없음,화물,남,39세,경상
2019062700100142,2019년 6월 27일 08시,목요일,충청북도 충주시 교현동,경상사고,0,0,1,0,차량단독 - 공작물충돌,안전운전불이행,건조,맑음,단일로 - 기타,승용,남,69세,경상,,,,
2019062700100143,2019년 6월 27일 08시,목요일,충청북도 청주시 상당구 방서동,경상사고,0,0,2,0,차대차 - 측면충돌,신호위반,건조,맑음,교차로 - 교차로안,승합,남,57세,경상,승용,여,46세,경상
2019062700100186,2019년 6월 27일 09시,목요일,충청북도 청주시 청원구 내수읍,부상신고사고,0,0,0,1,차대차 - 기타,신호위반,건조,맑음,교차로 - 교차로부근,원동기,남,78세,부상신고,화물,남,61세,상해없음
2019062700100187,2019년 6월 27일 09시,목요일,충청북도 충주시 성남동,중상사고,0,1,0,0,차대차 - 기타,교차로운행방법위반,건조,맑음,교차로 - 교차로안,승용,여,69세,상해없음,자전거,남,19세,중상
2019062700100216,2019년 6월 27일 10시,목요일,충청북도 충주시 금릉동,중상사고,0,1,0,0,차대차 - 측면충돌,신호위반,건조,맑음,교차로 - 교차로안,승용,남,86세,상해없음,승용,남,45세,중상
2019062700100217,2019년 6월 27일 10시,목요일,충청북도 제천시 신백동,경상사고,0,0,3,0,차대차 - 측면충돌,직진우회전진행방해,건조,맑음,교차로 - 교차로안,화물,남,54세,경상,승용,여,24세,경상
2019062700100243,2019년 6월 27일 11시,목요일,충청북도 충주시 칠금동,경상사고,0,0,1,0,차대차 - 기타,안전거리미확보,건조,맑음,교차로 - 교차로부근,승용,남,42세,상해없음,승용,남,27세,경상
2019062700100244,2019년 6월 27일 11시,목요일,충청북도 충주시 문화동,경상사고,0,0,1,0,차대사람 - 차도통행중,안전운전불이행,건조,맑음,단일로 - 기타,승용,여,58세,상해없음,보행자,여,75세,경상
2019062700100270,2019년 6월 27일 12시,목요일,충청북도 청주시 청원구 내수읍,경상사고,0,0,1,0,차대차 - 기타,안전운전불이행,건조,맑음,단일로 - 기타,화물,남,45세,상해없음,승용,여,24세,경상
2019062700100271,2019년 6월 27일 12시,목요일,충청북도 청주시 청원구 내덕동,경상사고,0,0,1,0,차대차 - 기타,차로위반,건조,맑음,교차로 - 교차로안,승용,남,57세,경상,건설기계,남,59세,상해없음
2019062700100272,2019년 6월 27일 12시,목요일,충청북도 청주시 흥덕구 송정동,경상사고,0,0,1,0,차대차 - 측면충돌,신호위반,건조,맑음,교차로 - 교차로안,승용,남,56세,상해없음,승용,남,60세,경상
2019062700100312,2019년 6월 27일 13시,목요일,충청북도 청주시 흥덕구 강내면,부상신고사고,0,0,0,1,차대차 - 추돌,안전거리미확보,건조,맑음,교차로 - 교차로부근,승용,남,58세,부상신고,화물,남,44세,상해없음
2019062700100341,2019년 6월 27일 14시,목요일,충청북도 청주시 청원구 우암동,경상사고,0,0,2,0,차대차 - 기타,교차로운행방법위반,건조,맑음,교차로 - 교차로부근,승용,남,84세,상해없음,승용,여,64세,경상
2019062700100422,2019년 6월 27일 16시,목요일,충청북도 청주시 청원구 사천동,경상사고,0,0,1,0,차대차 - 기타,직진우회전진행방해,건조,맑음,교차로 - 교차로안,승용,남,30세,상해없음,승용,여,53세,경상
2019062700100423,2019년 6월 27일 16시,목요일,충청북도 제천시 하소동,경상사고,0,0,1,0,차대차 - 측면충돌,중앙선침범,건조,맑음,단일로 - 지하차도(도로)내,승용,남,66세,상해없음,승용,남,45세,경상
2019062700100471,2019년 6월 27일 17시,목요일,충청북도 청주시 청원구 사천동,경상사고,0,0,1,0,차대사람 - 횡단중,보행자보호의무위반,건조,맑음,교차로 - 교차로횡단보도내,승용,여,49세,상해없음,보행자,남,9세,경상
2019062700100472,2019년 6월 27일 17시,목요일,충청북도 청주시 청원구 사천동,경상사고,0,0,1,0,차대사람 - 보도통행중,보행자보호의무위반,건조,맑음,교차로 - 교차로횡단보도내,승용,남,31세,상해없음,보행자,여,22세,경상
2019062700100574,2019년 6월 27일 20시,목요일,충청북도 청주시 상당구 석교동,경상사고,0,0,1,0,차대차 - 측면충돌,안전운전불이행,건조,맑음,교차로 - 교차로부근,승용,여,23세,상해없음,승용,여,61세,경상
2019062700100599,2019년 6월 27일 21시,목요일,충청북도 진천군 덕산면,중상사고,0,1,0,0,차대사람 - 기타,안전운전불이행,건조,기타,단일로 - 기타,기타불명,기타불명,미분류,기타불명,보행자,여,57세,중상
2019062700100659,2019년 6월 27일 23시,목요일,충청북도 진천군 덕산면,경상사고,0,0,1,0,차대차 - 측면충돌,직진우회전진행방해,건조,맑음,교차로 - 교차로안,승용,여,49세,상해없음,승용,여,57세,경상
2019062800100030,2019년 6월 28일 00시,금요일,충청북도 제천시 영천동,부상신고사고,0,0,0,1,차대차 - 측면충돌,안전운전불이행,젖음/습기,비,기타 - 기타,이륜,남,16세,부상신고,승용,남,48세,상해없음
2019062800100051,2019년 6월 28일 02시,금요일,충청북도 청주시 흥덕구 송정동,중상사고,0,1,2,0,차대차 - 추돌,안전운전불이행,건조,맑음,교차로 - 교차로부근,승용,남,64세,상해없음,승용,남,28세,경상
2019062800100069,2019년 6월 28일 04시,금요일,충청북도 음성군 생극면,중상사고,0,1,0,0,차량단독 - 공작물충돌,안전운전불이행,건조,맑음,교차로 - 교차로안,승용,남,76세,중상,,,,
2019062800100102,2019년 6월 28일 07시,금요일,충청북도 음성군 맹동면,경상사고,0,0,1,0,차대차 - 측면충돌,신호위반,건조,맑음,교차로 - 교차로안,승용,남,59세,상해없음,승용,남,32세,경상
2019062800100133,2019년 6월 28일 08시,금요일,충청북도 충주시 주덕읍,경상사고,0,0,1,0,차대차 - 기타,안전거리미확보,건조,맑음,교차로 - 교차로안,승용,남,52세,상해없음,승용,남,37세,경상
2019062800100134,2019년 6월 28일 08시,금요일,충청북도 청주시 서원구 모충동,중상사고,0,1,0,0,차대차 - 측면충돌,신호위반,건조,맑음,교차로 - 교차로안,승용,남,63세,상해없음,원동기,남,16세,중상
2019062800100201,2019년 6월 28일 10시,금요일,충청북도 청주시 서원구 사창동,경상사고,0,0,1,0,차대차 - 기타,안전운전불이행,건조,맑음,단일로 - 기타,승용,남,27세,상해없음,승용,남,39세,경상
2019062800100202,2019년 6월 28일 10시,금요일,충청북도 제천시 교동,경상사고,0,0,1,0,차대차 - 측면충돌,직진우회전진행방해,건조,맑음,교차로 - 교차로안,승용,남,78세,상해없음,승용,남,45세,경상
2019062800100203,2019년 6월 28일 10시,금요일,충청북도 청주시 흥덕구 복대동,중상사고,0,1,0,0,차대차 - 기타,안전운전불이행,건조,맑음,교차로 - 교차로안,승용,여,37세,상해없음,자전거,여,35세,중상
2019062800100284,2019년 6월 28일 12시,금요일,충청북도 충주시 성서동,경상사고,0,0,1,0,차대차 - 측면충돌,안전운전불이행,건조,맑음,단일로 - 기타,승용,남,46세,상해없음,이륜,남,45세,경상
2019062800100285,2019년 6월 28일 12시,금요일,충청북도 증평군 증평읍,경상사고,0,0,1,0,차대사람 - 기타,안전운전불이행,건조,맑음,단일로 - 기타,승용,남,45세,상해없음,보행자,남,36세,경상
2019062800100286,2019년 6월 28일 12시,금요일,충청북도 청주시 상당구 용암동,경상사고,0,0,6,0,차대차 - 측면충돌,신호위반,건조,맑음,교차로 - 교차로안,승용,여,47세,상해없음,승용,여,29세,경상
2019062800100321,2019년 6월 28일 13시,금요일,충청북도 괴산군 감물면,중상사고,0,1,0,0,차대차 - 측면충돌,중앙선침범,건조,맑음,단일로 - 기타,사륜오토바이(ATV),남,83세,중상,건설기계,남,37세,상해없음
2019062800100322,2019년 6월 28일 13시,금요일,충청북도 옥천군 군서면,경상사고,0,0,2,0,차대차 - 측면충돌,신호위반,건조,맑음,교차로 - 교차로부근,화물,남,62세,상해없음,승용,남,42세,경상
2019062800100323,2019년 6월 28일 13시,금요일,충청북도 충주시 노은면,경상사고,0,0,2,0,차대차 - 추돌,안전운전불이행,건조,흐림,단일로 - 기타,승용,남,24세,상해없음,승용,남,33세,경상
2019062800100347,2019년 6월 28일 14시,금요일,충청북도 충주시 산척면,경상사고,0,0,2,1,차대차 - 기타,안전운전불이행,젖음/습기,비,교차로 - 교차로부근,승용,여,70세,부상신고,승용,여,50세,경상
2019062800100348,2019년 6월 28일 14시,금요일,충청북도 청주시 흥덕구 비하동,경상사고,0,0,2,0,차대차 - 기타,교차로운행방법위반,건조,맑음,교차로 - 교차로안,승용,남,31세,상해없음,승용,남,25세,경상
2019062800100442,2019년 6월 28일 16시,금요일,충청북도 충주시 대소원면,경상사고,0,0,1,0,차대차 - 기타,안전거리미확보,건조,맑음,단일로 - 기타,승용,여,41세,상해없음,승합,남,56세,상해없음
2019062800100486,2019년 6월 28일 17시,금요일,충청북도 제천시 덕산면,중상사고,0,1,1,0,차대차 - 측면충돌,직진우회전진행방해,건조,맑음,교차로 - 교차로안,승합,남,57세,상해없음,승용,여,54세,중상
2019062800100487,2019년 6월 28일 17시,금요일,충청북도 청주시 흥덕구 복대동,중상사고,0,1,0,0,차대사람 - 기타,보행자보호의무위반,건조,맑음,교차로 - 교차로안,승용,남,49세,상해없음,보행자,여,12세,중상
2019062800100527,2019년 6월 28일 18시,금요일,충청북도 제천시 청전동,경상사고,0,0,1,0,차대사람 - 보도통행중,기타,건조,맑음,기타 - 기타,자전거,남,20세,상해없음,보행자,여,19세,경상
2019062800100528,2019년 6월 28일 18시,금요일,충청북도 청주시 흥덕구 복대동,경상사고,0,0,1,1,차대차 - 기타,교차로운행방법위반,건조,맑음,교차로 - 교차로안,승용,여,36세,부상신고,이륜,남,22세,경상
2019062800100566,2019년 6월 28일 19시,금요일,충청북도 청주시 흥덕구 봉명동,경상사고,0,0,1,0,차대차 - 추돌,안전운전불이행,건조,맑음,단일로 - 기타,이륜,남,22세,상해없음,승용,남,37세,경상
2019062800100567,2019년 6월 28일 19시,금요일,충청북도 청주시 서원구 수곡동,경상사고,0,0,1,0,차대차 - 측면충돌,교차로운행방법위반,건조,맑음,교차로 - 교차로안,승용,남,63세,상해없음,자전거,남,13세,경상
2019062800100610,2019년 6월 28일 20시,금요일,충청북도 음성군 맹동면,경상사고,0,0,2,0,차대사람 - 횡단중,안전운전불이행,건조,맑음,교차로 - 교차로안,이륜,남,18세,경상,보행자,여,57세,경상
2019062800100611,2019년 6월 28일 20시,금요일,충청북도 청주시 상당구 방서동,중상사고,0,2,2,0,차대차 - 정면충돌,신호위반,건조,맑음,교차로 - 교차로안,특수,남,27세,상해없음,승용,여,32세,중상
2019062800100649,2019년 6월 28일 21시,금요일,충청북도 청주시 흥덕구 수의동,중상사고,0,1,0,0,차대차 - 기타,안전거리미확보,건조,맑음,단일로 - 기타,승용,남,26세,상해없음,승합,남,57세,중상
2019062800100688,2019년 6월 28일 22시,금요일,충청북도 청주시 상당구 용암동,경상사고,0,0,2,0,차대사람 - 횡단중,안전운전불이행,건조,맑음,교차로 - 교차로횡단보도내,승용,여,43세,상해없음,보행자,남,51세,경상
2019062900100060,2019년 6월 29일 01시,토요일,충청북도 제천시 서부동,경상사고,0,0,1,0,차대차 - 측면충돌,신호위반,젖음/습기,비,교차로 - 교차로부근,승용,남,60세,상해없음,승용,남,23세,상해없음
2019062900100092,2019년 6월 29일 03시,토요일,충청북도 청주시 흥덕구 오송읍,중상사고,0,1,1,0,차대차 - 기타,안전운전불이행,젖음/습기,비,교차로 - 교차로안,승용,남,47세,경상,화물,여,45세,중상
2019062900100104,2019년 6월 29일 04시,토요일,충청북도 청주시 서원구 죽림동,중상사고,0,2,0,0,차대차 - 측면충돌,신호위반,젖음/습기,비,교차로 - 교차로안,승용,남,32세,상해없음,승용,남,24세,중상
2019062900100128,2019년 6월 29일 06시,토요일,충청북도 충주시 지현동,중상사고,0,1,0,0,차대사람 - 기타,안전운전불이행,건조,맑음,교차로 - 교차로부근,승합,남,65세,상해없음,보행자,여,85세,중상
2019062900100129,2019년 6월 29일 06시,토요일,충청북도 충주시 신니면,경상사고,0,0,2,0,차대차 - 기타,중앙선침범,젖음/습기,비,교차로 - 교차로부근,승용,여,55세,경상,승용,남,55세,경상
2019062900100173,2019년 6월 29일 09시,토요일,충청북도 음성군 음성읍,경상사고,0,0,2,0,차대차 - 측면충돌,안전운전불이행,건조,맑음,교차로 - 교차로안,승용,남,72세,경상,승용,남,38세,경상
2019062900100174,2019년 6월 29일 09시,토요일,충청북도 청주시 상당구 용암동,경상사고,0,0,1,0,차대차 - 추돌,안전거리미확보,건조,흐림,단일로 - 지하차도(도로)내,승용,남,42세,상해없음,승용,여,41세,경상
2019062900100201,2019년 6월 29일 10시,토요일,충청북도 충주시 문화동,중상사고,0,1,0,0,차대차 - 기타,안전운전불이행,건조,맑음,교차로 - 교차로안,승용,남,51세,상해없음,자전거,남,11세,중상
2019062900100202,2019년 6월 29일 10시,토요일,충청북도 진천군 진천읍,경상사고,0,0,1,0,차대사람 - 차도통행중,안전운전불이행,건조,맑음,단일로 - 기타,승용,남,51세,상해없음,보행자,남,13세,경상
2019062900100226,2019년 6월 29일 11시,토요일,충청북도 진천군 진천읍,경상사고,0,0,1,0,차대사람 - 횡단중,보행자보호의무위반,건조,맑음,단일로 - 기타,승용,남,76세,상해없음,보행자,여,17세,경상
2019062900100227,2019년 6월 29일 11시,토요일,충청북도 청주시 흥덕구 석곡동,경상사고,0,0,1,0,차대차 - 기타,안전운전불이행,건조,맑음,단일로 - 기타,화물,남,48세,상해없음,이륜,남,17세,경상
2019062900100255,2019년 6월 29일 12시,토요일,충청북도 충주시 성내동,경상사고,0,0,1,0,차대차 - 측면충돌,안전운전불이행,건조,맑음,단일로 - 기타,승용,여,43세,상해없음,이륜,남,20세,경상
2019062900100256,2019년 6월 29일 12시,토요일,충청북도 충주시 봉방동,부상신고사고,0,0,0,1,차대차 - 기타,신호위반,건조,맑음,교차로 - 교차로안,원동기,남,26세,부상신고,승용,남,71세,상해없음
2019062900100257,2019년 6월 29일 12시,토요일,충청북도 청주시 흥덕구 오송읍,경상사고,0,0,2,0,차대차 - 측면충돌,차로위반,건조,맑음,단일로 - 기타,승용,남,61세,상해없음,승용,여,40세,경상
2019062900100258,2019년 6월 29일 12시,토요일,충청북도 청주시 흥덕구 가경동,부상신고사고,0,0,0,1,차대차 - 추돌,안전운전불이행,건조,맑음,단일로 - 기타,승합,남,49세,상해없음,승용,남,51세,상해없음
2019062900100301,2019년 6월 29일 13시,토요일,충청북도 옥천군 옥천읍,경상사고,0,0,1,0,차대차 - 기타,기타,건조,맑음,단일로 - 기타,화물,남,54세,상해없음,승용,남,66세,경상
2019062900100302,2019년 6월 29일 13시,토요일,충청북도 청주시 상당구 금천동,경상사고,0,0,2,0,차대차 - 측면충돌,안전거리미확보,건조,맑음,단일로 - 지하차도(도로)내,화물,남,58세,상해없음,승용,남,61세,상해없음
2019062900100338,2019년 6월 29일 14시,토요일,충청북도 청주시 청원구 우암동,중상사고,0,1,0,0,차대차 - 기타,교차로운행방법위반,젖음/습기,비,교차로 - 교차로안,승용,여,46세,상해없음,이륜,남,59세,중상
2019062900100339,2019년 6월 29일 14시,토요일,충청북도 청주시 흥덕구 봉명동,중상사고,0,2,1,0,차대차 - 측면충돌,직진우회전진행방해,건조,맑음,교차로 - 교차로안,승용,여,32세,중상,화물,남,36세,경상
2019062900100340,2019년 6월 29일 14시,토요일,충청북도 청주시 상당구 낭성면,중상사고,0,1,1,1,차대차 - 정면충돌,중앙선침범,건조,맑음,단일로 - 지하차도(도로)내,승용,남,64세,부상신고,승용,남,60세,경상
2019062900100344,2019년 6월 29일 14시,토요일,충청북도 청주시 흥덕구 옥산면,중상사고,0,1,2,0,차대차 - 추돌,안전운전불이행,젖음/습기,비,기타 - 기타,승용,남,25세,중상,화물,남,54세,상해없음
2019062900100385,2019년 6월 29일 15시,토요일,충청북도 충주시 용산동,경상사고,0,0,1,0,차대사람 - 횡단중,보행자보호의무위반,젖음/습기,비,교차로 - 교차로횡단보도내,이륜,남,39세,상해없음,보행자,여,35세,경상
2019062900100386,2019년 6월 29일 15시,토요일,충청북도 충주시 연수동,경상사고,0,0,1,0,차대차 - 측면충돌,신호위반,젖음/습기,비,교차로 - 교차로안,승용,여,48세,상해없음,승용,남,46세,경상
2019062900100387,2019년 6월 29일 15시,토요일,충청북도 영동군 추풍령면,중상사고,0,1,1,0,차대차 - 측면충돌,교차로운행방법위반,젖음/습기,비,교차로 - 교차로부근,승용,여,47세,상해없음,승용,여,51세,상해없음
2019062900100416,2019년 6월 29일 16시,토요일,충청북도 충주시 대소원면,중상사고,0,1,1,0,차대차 - 측면충돌,안전운전불이행,젖음/습기,흐림,교차로 - 교차로안,이륜,남,64세,경상,이륜,남,77세,중상
2019062900100417,2019년 6월 29일 16시,토요일,충청북도 충주시 연수동,경상사고,0,0,2,0,차대차 - 측면충돌,안전거리미확보,젖음/습기,비,단일로 - 기타,승용,여,63세,상해없음,승용,남,64세,상해없음
2019062900100418,2019년 6월 29일 16시,토요일,충청북도 청주시 흥덕구 강서동,경상사고,0,0,1,0,차대차 - 기타,신호위반,젖음/습기,맑음,교차로 - 교차로부근,승용,남,61세,상해없음,이륜,남,60세,경상
2019062900100419,2019년 6월 29일 16시,토요일,충청북도 청주시 서원구 분평동,경상사고,0,0,1,0,차대차 - 측면충돌,안전운전불이행,젖음/습기,비,단일로 - 지하차도(도로)내,승용,남,23세,상해없음,이륜,남,24세,상해없음
2019062900100466,2019년 6월 29일 17시,토요일,충청북도 제천시 고암동,중상사고,0,1,4,0,차대차 - 추돌,안전운전불이행,건조,맑음,단일로 - 기타,승용,남,55세,중상,승합,남,51세,경상
2019062900100467,2019년 6월 29일 17시,토요일,충청북도 제천시 명지동,경상사고,0,0,2,0,차대차 - 측면충돌,안전운전불이행,건조,맑음,교차로 - 교차로안,승용,남,36세,경상,화물,남,50세,경상
2019062900100468,2019년 6월 29일 17시,토요일,충청북도 음성군 원남면,경상사고,0,0,2,0,차대차 - 추돌,안전거리미확보,젖음/습기,비,단일로 - 지하차도(도로)내,화물,남,46세,상해없음,승용,남,64세,경상
2019062900100469,2019년 6월 29일 17시,토요일,충청북도 청주시 서원구 미평동,중상사고,0,1,0,0,차대차 - 측면충돌,안전운전불이행,젖음/습기,비,교차로 - 교차로횡단보도내,화물,남,60세,상해없음,자전거,남,31세,중상
2019062900100506,2019년 6월 29일 18시,토요일,충청북도 충주시 연수동,경상사고,0,0,1,0,차대차 - 측면충돌,신호위반,젖음/습기,흐림,교차로 - 교차로안,승용,남,72세,상해없음,승용,여,72세,경상