사고번호,사고일시,요일,시군구,사고내용,사망자수,중상자수,경상자수,부상신고자수,사고유형,법규위반,노면상태,기상상태,도로형태,가해운전자 차종,가해운전자 성별,가해운전자 연령,가해운전자 상해정도,피해운전자 차종,피해운전자 성별,피해운전자 연령,피해운전자 상해정도
2019062900100562,2019년 6월 29일 20시,토요일,충청북도 청주시 흥덕구 송절동,경상사고,0,0,3,0,차대차 - 추돌,안전거리미확보,젖음/습기,비,단일로 - 교량,승용,남,25세,상해없음,승용,남,24세,경상
2019062900100563,2019년 6월 29일 20시,토요일,충청북도 제천시 청전동,중상사고,0,1,0,0,차대사람 - 차도통행중,안전운전불이행,건조,맑음,단일로 - 기타,승용,남,71세,상해없음,보행자,남,66세,중상
2019062900100564,2019년 6월 29일 20시,토요일,충청북도 청주시 흥덕구 복대동,경상사고,0,0,1,0,차대사람 - 기타,안전운전불이행,젖음/습기,비,교차로 - 교차로부근,승용,남,74세,상해없음,보행자,여,42세,경상
2019062900100565,2019년 6월 29일 20시,토요일,충청북도 청주시 상당구 방서동,경상사고,0,0,1,0,차대차 - 기타,교차로운행방법위반,건조,맑음,교차로 - 교차로안,이륜,남,48세,경상,승용,남,35세,상해없음
2019062900100589,2019년 6월 29일 21시,토요일,충청북도 청주시 청원구 율량동,중상사고,0,1,0,0,차대차 - 기타,불법유턴,젖음/습기,비,교차로 - 교차로안,승용,남,25세,상해없음,이륜,남,39세,중상
2019062900100622,2019년 6월 29일 22시,토요일,충청북도 청주시 흥덕구 수의동,경상사고,0,0,1,0,차대사람 - 기타,안전운전불이행,젖음/습기,흐림,교차로 - 교차로부근,승용,남,46세,상해없음,보행자,남,63세,경상
2019062900100623,2019년 6월 29일 22시,토요일,충청북도 청주시 상당구 금천동,경상사고,0,0,1,0,차대차 - 기타,안전거리미확보,젖음/습기,비,단일로 - 지하차도(도로)내,승용,남,59세,상해없음,승합,남,24세,상해없음
2019062900100646,2019년 6월 29일 23시,토요일,충청북도 청주시 청원구 오창읍,중상사고,0,1,0,0,차량단독 - 공작물충돌,안전운전불이행,젖음/습기,맑음,교차로 - 교차로부근,이륜,남,39세,중상,,,,
2019062900100647,2019년 6월 29일 23시,토요일,충청북도 제천시 봉양읍,경상사고,0,0,1,0,차량단독 - 공작물충돌,안전운전불이행,건조,흐림,단일로 - 기타,승용,남,40세,경상,,,,
2019063000100060,2019년 6월 30일 03시,일요일,충청북도 청주시 청원구 내덕동,중상사고,0,1,0,0,차대차 - 추돌,안전운전불이행,건조,맑음,교차로 - 교차로부근,승용,남,26세,상해없음,승용,여,40세,중상
2019063000100061,2019년 6월 30일 03시,일요일,충청북도 음성군 대소면,경상사고,0,0,2,0,차대차 - 기타,교차로운행방법위반,건조,맑음,교차로 - 교차로안,승용,남,22세,상해없음,승용,남,58세,경상
2019063000100090,2019년 6월 30일 06시,일요일,충청북도 음성군 맹동면,경상사고,0,0,1,0,차대차 - 정면충돌,안전운전불이행,건조,맑음,단일로 - 기타,승합,남,59세,상해없음,이륜,남,47세,경상
2019063000100139,2019년 6월 30일 10시,일요일,충청북도 청주시 청원구 오창읍,경상사고,0,0,3,0,차대차 - 기타,안전운전불이행,건조,맑음,단일로 - 기타,승용,여,38세,기타불명,승용,여,53세,경상
2019063000100140,2019년 6월 30일 10시,일요일,충청북도 청주시 흥덕구 운천동,경상사고,0,0,1,0,차대차 - 추돌,안전운전불이행,건조,맑음,단일로 - 지하차도(도로)내,승용,여,54세,상해없음,승용,남,47세,경상
2019063000100189,2019년 6월 30일 12시,일요일,충청북도 청주시 흥덕구 옥산면,경상사고,0,0,2,0,차대차 - 측면충돌,교차로운행방법위반,건조,맑음,교차로 - 교차로안,승용,여,54세,상해없음,승용,남,52세,경상
2019063000100216,2019년 6월 30일 13시,일요일,충청북도 영동군 황간면,경상사고,0,0,1,0,차대차 - 측면충돌,안전운전불이행,건조,맑음,교차로 - 교차로안,승용,남,31세,상해없음,승용,남,28세,경상
2019063000100269,2019년 6월 30일 15시,일요일,충청북도 진천군 진천읍,경상사고,0,0,1,0,차대차 - 측면충돌,신호위반,건조,맑음,교차로 - 교차로안,화물,남,74세,상해없음,승용,남,44세,경상
2019063000100270,2019년 6월 30일 15시,일요일,충청북도 청주시 흥덕구 비하동,경상사고,0,0,2,0,차대차 - 측면충돌,안전운전불이행,건조,맑음,교차로 - 교차로안,승용,여,55세,경상,특수,남,45세,경상
2019063000100331,2019년 6월 30일 17시,일요일,충청북도 청주시 청원구 오창읍,경상사고,0,0,1,0,차대차 - 기타,안전거리미확보,건조,맑음,교차로 - 교차로부근,승용,남,34세,상해없음,승용,여,31세,경상
2019063000100332,2019년 6월 30일 17시,일요일,충청북도 청주시 상당구 서운동,경상사고,0,0,1,0,차대차 - 추돌,안전운전불이행,건조,맑음,단일로 - 지하차도(도로)내,원동기,남,14세,경상,승합,남,60세,상해없음
2019063000100436,2019년 6월 30일 22시,일요일,충청북도 진천군 이월면,중상사고,0,1,1,0,차대차 - 기타,안전운전불이행,건조,맑음,기타 - 기타,화물,남,57세,중상,승용,남,27세,상해없음
2019063000100446,2019년 6월 30일 23시,일요일,충청북도 음성군 음성읍,경상사고,0,0,2,0,차대차 - 측면충돌,교차로운행방법위반,건조,맑음,교차로 - 교차로안,승용,남,56세,경상,승용,남,27세,경상
2019063000100447,2019년 6월 30일 23시,일요일,충청북도 옥천군 옥천읍,중상사고,0,1,0,0,차대사람 - 횡단중,안전운전불이행,건조,흐림,단일로 - 기타,화물,남,52세,상해없음,보행자,남,38세,중상
2019063000100448,2019년 6월 30일 23시,일요일,충청북도 청주시 흥덕구 옥산면,경상사고,0,0,1,0,차대차 - 기타,안전운전불이행,건조,맑음,기타 - 기타,승용,남,58세,상해없음,승용,남,49세,경상
2019070100100027,2019년 7월 1일 00시,월요일,충청북도 청주시 흥덕구 복대동,경상사고,0,0,1,0,차대차 - 기타,중앙선침범,건조,맑음,단일로 - 기타,승용,남,24세,상해없음,이륜,남,23세,경상
2019070100100040,2019년 7월 1일 01시,월요일,충청북도 괴산군 사리면,경상사고,0,0,1,0,차량단독 - 공작물충돌,안전운전불이행,건조,맑음,단일로 - 기타,승용,남,63세,경상,,,,
2019070100100049,2019년 7월 1일 02시,월요일,충청북도 청주시 청원구 내덕동,경상사고,0,0,1,0,차대차 - 추돌,안전운전불이행,건조,맑음,단일로 - 기타,승합,남,42세,상해없음,승용,남,61세,경상
2019070100100059,2019년 7월 1일 04시,월요일,충청북도 음성군 대소면,사망사고,1,0,0,0,차대차 - 추돌,안전운전불이행,건조,맑음,단일로 - 기타,승용,남,37세,상해없음,농기계,남,73세,사망
2019070100100135,2019년 7월 1일 08시,월요일,충청북도 제천시 영천동,경상사고,0,0,1,0,차대차 - 측면충돌,교차로운행방법위반,건조,맑음,교차로 - 교차로안,승용,여,72세,상해없음,승용,여,32세,경상
2019070100100136,2019년 7월 1일 08시,월요일,충청북도 영동군 영동읍,경상사고,0,0,2,0,차대차 - 측면충돌,교차로운행방법위반,건조,맑음,교차로 - 교차로안,화물,남,72세,상해없음,승용,여,44세,경상
2019070100100137,2019년 7월 1일 08시,월요일,충청북도 영동군 영동읍,경상사고,0,0,1,0,차대차 - 측면충돌,교차로운행방법위반,건조,맑음,교차로 - 교차로안,승용,여,43세,상해없음,승용,여,35세,경상
2019070100100138,2019년 7월 1일 08시,월요일,충청북도 진천군 진천읍,경상사고,0,0,1,0,차대사람 - 차도통행중,안전운전불이행,건조,맑음,단일로 - 기타,승용,여,51세,상해없음,보행자,여,16세,경상
2019070100100184,2019년 7월 1일 09시,월요일,충청북도 제천시 왕암동,경상사고,0,0,1,0,차대차 - 측면충돌,신호위반,건조,맑음,교차로 - 교차로안,승용,남,87세,상해없음,승용,여,35세,경상
2019070100100230,2019년 7월 1일 10시,월요일,충청북도 제천시 남천동,경상사고,0,0,1,0,차대사람 - 기타,안전운전불이행,건조,맑음,단일로 - 지하차도(도로)내,화물,남,79세,상해없음,보행자,남,57세,경상
2019070100100258,2019년 7월 1일 11시,월요일,충청북도 진천군 이월면,경상사고,0,0,2,0,차대차 - 측면충돌,신호위반,건조,맑음,교차로 - 교차로안,화물,여,63세,상해없음,화물,남,59세,경상
2019070100100290,2019년 7월 1일 12시,월요일,충청북도 청주시 흥덕구 오송읍,경상사고,0,0,1,1,차대차 - 측면충돌,안전거리미확보,건조,맑음,단일로 - 기타,화물,남,69세,부상신고,승용,남,50세,경상
2019070100100291,2019년 7월 1일 12시,월요일,충청북도 청주시 상당구 북문로1가동,경상사고,0,0,1,0,차대사람 - 기타,기타,건조,맑음,단일로 - 기타,승용,여,42세,상해없음,보행자,남,25세,경상
2019070100100292,2019년 7월 1일 12시,월요일,충청북도 청주시 서원구 분평동,경상사고,0,0,1,0,차대차 - 측면충돌,안전운전불이행,건조,맑음,교차로 - 교차로부근,승용,남,63세,상해없음,화물,남,64세,경상
2019070100100325,2019년 7월 1일 13시,월요일,충청북도 청주시 청원구 오창읍,중상사고,0,1,1,0,차대차 - 기타,교차로운행방법위반,건조,맑음,교차로 - 교차로안,승용,남,38세,기타불명,승용,여,41세,중상
2019070100100326,2019년 7월 1일 13시,월요일,충청북도 충주시 성내동,경상사고,0,0,1,0,차대사람 - 기타,안전운전불이행,건조,맑음,단일로 - 기타,승합,여,63세,상해없음,보행자,여,78세,경상
2019070100100401,2019년 7월 1일 15시,월요일,충청북도 충주시 대소원면,중상사고,0,1,0,1,차대차 - 기타,안전운전불이행,건조,맑음,단일로 - 기타,승용,남,28세,부상신고,화물,남,38세,상해없음
2019070100100402,2019년 7월 1일 15시,월요일,충청북도 충주시 앙성면,중상사고,0,1,0,0,차대차 - 측면충돌,안전운전불이행,건조,맑음,교차로 - 교차로안,화물,남,61세,상해없음,이륜,남,82세,중상
2019070100100443,2019년 7월 1일 16시,월요일,충청북도 충주시 교현동,중상사고,0,1,0,0,차대차 - 기타,직진우회전진행방해,건조,맑음,교차로 - 교차로안,승용,여,33세,상해없음,자전거,남,88세,중상
2019070100100444,2019년 7월 1일 16시,월요일,충청북도 영동군 매곡면,중상사고,0,1,0,0,차량단독 - 전도전복 - 전도,안전운전불이행,건조,맑음,교차로 - 교차로안,이륜,남,70세,중상,,,,
2019070100100482,2019년 7월 1일 17시,월요일,충청북도 청주시 흥덕구 가경동,경상사고,0,0,1,0,차대사람 - 보도통행중,기타,건조,맑음,기타 - 기타,자전거,여,60세,상해없음,보행자,여,57세,경상
2019070100100528,2019년 7월 1일 18시,월요일,충청북도 음성군 감곡면,경상사고,0,0,1,0,차대차 - 측면충돌,안전운전불이행,건조,맑음,교차로 - 교차로부근,승용,남,28세,상해없음,자전거,남,67세,경상
2019070100100529,2019년 7월 1일 18시,월요일,충청북도 청주시 흥덕구 정봉동,경상사고,0,0,2,0,차대차 - 추돌,안전운전불이행,건조,맑음,단일로 - 지하차도(도로)내,승합,남,50세,상해없음,승용,여,23세,경상
2019070100100578,2019년 7월 1일 19시,월요일,충청북도 청주시 흥덕구 복대동,경상사고,0,0,1,0,차대차 - 측면충돌,신호위반,건조,맑음,교차로 - 교차로안,승용,여,48세,상해없음,승용,여,34세,경상
2019070100100579,2019년 7월 1일 19시,월요일,충청북도 청주시 흥덕구 오송읍,중상사고,0,1,2,0,차대차 - 추돌,안전거리미확보,건조,맑음,교차로 - 교차로횡단보도내,이륜,남,41세,중상,승용,남,37세,경상
2019070100100580,2019년 7월 1일 19시,월요일,충청북도 청주시 흥덕구 지동동,경상사고,0,0,1,0,차대차 - 측면충돌,차로위반,건조,맑음,단일로 - 기타,승용,남,59세,상해없음,승용,남,47세,경상
2019070100100581,2019년 7월 1일 19시,월요일,충청북도 청주시 상당구 용정동,경상사고,0,0,1,0,차대사람 - 횡단중,보행자보호의무위반,건조,맑음,교차로 - 교차로횡단보도내,승용,남,26세,상해없음,보행자,여,8세,경상
2019070100100616,2019년 7월 1일 20시,월요일,충청북도 청주시 흥덕구 비하동,중상사고,0,1,0,0,차대사람 - 차도통행중,안전운전불이행,건조,맑음,교차로 - 교차로부근,승용,여,61세,상해없음,보행자,남,59세,중상
2019070100100617,2019년 7월 1일 20시,월요일,충청북도 청주시 서원구 모충동,중상사고,0,1,0,0,차대차 - 기타,안전운전불이행,건조,맑음,교차로 - 교차로횡단보도내,승용,여,46세,상해없음,자전거,여,59세,중상
2019070100100641,2019년 7월 1일 21시,월요일,충청북도 청주시 상당구 석교동,중상사고,0,1,0,0,차대사람 - 기타,안전운전불이행,건조,맑음,단일로 - 지하차도(도로)내,승용,남,57세,상해없음,보행자,남,53세,중상
2019070100100655,2019년 7월 1일 22시,월요일,충청북도 진천군 진천읍,경상사고,0,0,1,0,차대차 - 측면충돌,안전운전불이행,건조,맑음,단일로 - 기타,자전거,여,49세,경상,승용,남,45세,상해없음
2019070200100044,2019년 7월 2일 00시,화요일,충청북도 청주시 상당구 수동,경상사고,0,0,1,0,차량단독 - 전도전복 - 전복,안전운전불이행,건조,맑음,단일로 - 기타,승용,남,20세,기타불명,,,,
2019070200100103,2019년 7월 2일 07시,화요일,충청북도 제천시 강제동,경상사고,0,0,3,0,차대차 - 추돌,안전거리미확보,건조,맑음,단일로 - 기타,승용,여,41세,경상,승용,남,42세,경상
2019070200100104,2019년 7월 2일 07시,화요일,충청북도 영동군 상촌면,중상사고,0,1,0,0,차대사람 - 차도통행중,안전운전불이행,건조,맑음,단일로 - 기타,승합,남,63세,상해없음,보행자,여,75세,중상
2019070200100216,2019년 7월 2일 10시,화요일,충청북도 영동군 용산면,중상사고,0,3,1,0,차대차 - 측면충돌,직진우회전진행방해,건조,맑음,교차로 - 교차로안,화물,남,72세,중상,승용,여,47세,중상
2019070200100239,2019년 7월 2일 11시,화요일,충청북도 청주시 상당구 남일면,중상사고,0,1,0,0,차대사람 - 횡단중,신호위반,건조,맑음,교차로 - 교차로부근,승용,남,69세,상해없음,보행자,여,52세,중상
2019070200100265,2019년 7월 2일 12시,화요일,충청북도 청주시 서원구 사직동,경상사고,0,0,1,0,차대차 - 기타,교차로운행방법위반,건조,맑음,교차로 - 교차로안,이륜,남,23세,경상,승용,남,69세,상해없음
2019070200100266,2019년 7월 2일 12시,화요일,충청북도 청주시 흥덕구 신전동,경상사고,0,0,2,0,차대차 - 기타,안전거리미확보,건조,맑음,단일로 - 기타,승용,남,58세,상해없음,승용,여,32세,경상
2019070200100298,2019년 7월 2일 13시,화요일,충청북도 충주시 용산동,경상사고,0,0,1,0,차대사람 - 차도통행중,안전운전불이행,건조,맑음,교차로 - 교차로부근,승용,여,38세,상해없음,보행자,여,33세,경상
2019070200100299,2019년 7월 2일 13시,화요일,충청북도 영동군 영동읍,중상사고,0,1,0,0,차대사람 - 길가장자리구역통행중,안전운전불이행,건조,맑음,교차로 - 교차로안,승용,여,50세,상해없음,보행자,남,82세,중상
2019070200100300,2019년 7월 2일 13시,화요일,충청북도 청주시 흥덕구 오송읍,부상신고사고,0,0,0,1,차대차 - 측면충돌,안전운전불이행,건조,맑음,교차로 - 교차로부근,이륜,남,37세,부상신고,승용,여,39세,상해없음
2019070200100338,2019년 7월 2일 14시,화요일,충청북도 충주시 앙성면,경상사고,0,0,1,0,차대차 - 기타,안전운전불이행,건조,맑음,교차로 - 교차로안,화물,남,47세,상해없음,승용,여,29세,경상
2019070200100368,2019년 7월 2일 15시,화요일,충청북도 청주시 흥덕구 봉명동,경상사고,0,0,1,0,차대사람 - 기타,안전운전불이행,건조,맑음,단일로 - 기타,승용,여,38세,상해없음,보행자,남,8세,경상
2019070200100483,2019년 7월 2일 18시,화요일,충청북도 괴산군 소수면,경상사고,0,0,1,0,차대차 - 측면충돌,직진우회전진행방해,건조,맑음,교차로 - 교차로안,승용,남,49세,상해없음,승용,여,27세,경상
2019070200100484,2019년 7월 2일 18시,화요일,충청북도 음성군 원남면,경상사고,0,0,8,0,차대차 - 추돌,안전운전불이행,건조,맑음,교차로 - 교차로부근,화물,남,63세,상해없음,승용,남,49세,경상
2019070200100485,2019년 7월 2일 18시,화요일,충청북도 음성군 음성읍,중상사고,0,1,1,0,차량단독 - 공작물충돌,안전운전불이행,건조,맑음,교차로 - 교차로부근,농기계,남,44세,경상,,,,
2019070200100486,2019년 7월 2일 18시,화요일,충청북도 진천군 덕산면,경상사고,0,0,1,0,차대차 - 기타,직진우회전진행방해,건조,맑음,교차로 - 교차로안,승합,남,47세,상해없음,승용,남,53세,상해없음
2019070200100487,2019년 7월 2일 18시,화요일,충청북도 청주시 흥덕구 복대동,중상사고,0,1,0,1,차대사람 - 기타,안전운전불이행,건조,맑음,단일로 - 기타,이륜,남,25세,부상신고,보행자,여,47세,중상
2019070200100534,2019년 7월 2일 19시,화요일,충청북도 청주시 서원구 사창동,경상사고,0,0,1,0,차대차 - 추돌,안전운전불이행,건조,맑음,교차로 - 교차로부근,승용,여,62세,상해없음,승용,여,56세,상해없음
2019070200100535,2019년 7월 2일 19시,화요일,충청북도 충주시 연수동,경상사고,0,0,1,1,차대차 - 기타,안전운전불이행,건조,맑음,교차로 - 교차로안,승용,남,28세,상해없음,승용,여,29세,경상
2019070200100560,2019년 7월 2일 20시,화요일,충청북도 음성군 맹동면,중상사고,0,1,0,0,차대차 - 측면충돌,중앙선침범,건조,맑음,교차로 - 교차로부근,승용,남,28세,상해없음,이륜,남,41세,중상
2019070300100026,2019년 7월 3일 00시,수요일,충청북도 충주시 용산동,경상사고,0,0,2,0,차량단독 - 공작물충돌,안전운전불이행,건조,흐림,단일로 - 기타,이륜,남,15세,경상,,,,
2019070300100120,2019년 7월 3일 08시,수요일,충청북도 증평군 도안면,경상사고,0,0,1,0,차대차 - 추돌,안전운전불이행,건조,맑음,단일로 - 기타,승용,여,39세,상해없음,승용,남,33세,상해없음
2019070300100121,2019년 7월 3일 08시,수요일,충청북도 청주시 서원구 남이면,경상사고,0,0,1,0,차대차 - 측면충돌,안전운전불이행,건조,맑음,교차로 - 교차로안,승용,여,59세,상해없음,승용,남,50세,경상
2019070300100159,2019년 7월 3일 09시,수요일,충청북도 청주시 흥덕구 비하동,경상사고,0,0,2,0,차대차 - 기타,안전운전불이행,건조,맑음,단일로 - 기타,승용,남,58세,상해없음,승용,여,46세,경상
2019070300100189,2019년 7월 3일 10시,수요일,충청북도 청주시 청원구 내수읍,경상사고,0,0,1,0,차대차 - 측면충돌,직진우회전진행방해,건조,맑음,교차로 - 교차로안,승용,남,24세,상해없음,승용,여,50세,경상
2019070300100190,2019년 7월 3일 10시,수요일,충청북도 제천시 송학면,중상사고,0,1,2,0,차대차 - 추돌,안전거리미확보,건조,맑음,단일로 - 지하차도(도로)내,승용,여,42세,경상,승용,남,29세,중상
2019070300100191,2019년 7월 3일 10시,수요일,충청북도 영동군 황간면,경상사고,0,0,1,0,차대차 - 추돌,안전운전불이행,건조,맑음,단일로 - 기타,화물,남,62세,상해없음,화물,남,38세,경상
2019070300100192,2019년 7월 3일 10시,수요일,충청북도 영동군 영동읍,경상사고,0,0,1,0,차대차 - 측면충돌,안전운전불이행,건조,맑음,교차로 - 교차로안,승용,여,50세,상해없음,이륜,남,60세,경상
2019070300100193,2019년 7월 3일 10시,수요일,충청북도 음성군 원남면,중상사고,0,2,3,0,차대차 - 측면충돌,안전운전불이행,건조,맑음,교차로 - 교차로안,승용,여,51세,중상,승합,남,67세,상해없음
2019070300100217,2019년 7월 3일 11시,수요일,충청북도 청주시 청원구 우암동,경상사고,0,0,1,0,차대차 - 측면충돌,직진우회전진행방해,건조,맑음,교차로 - 교차로안,승용,남,20세,기타불명,승용,여,53세,경상
2019070300100218,2019년 7월 3일 11시,수요일,충청북도 청주시 상당구 남일면,경상사고,0,0,1,0,차대차 - 측면충돌,안전운전불이행,건조,맑음,교차로 - 교차로부근,승용,여,57세,상해없음,이륜,남,48세,경상
2019070300100248,2019년 7월 3일 12시,수요일,충청북도 청주시 서원구 사창동,경상사고,0,0,1,0,차대차 - 기타,안전거리미확보,건조,맑음,단일로 - 기타,승용,남,74세,상해없음,이륜,남,27세,경상
2019070300100278,2019년 7월 3일 13시,수요일,충청북도 제천시 영천동,부상신고사고,0,0,0,1,차대차 - 측면충돌,신호위반,건조,맑음,교차로 - 교차로안,이륜,남,80세,부상신고,승용,여,60세,상해없음
2019070300100279,2019년 7월 3일 13시,수요일,충청북도 제천시 청전동,경상사고,0,0,1,0,차대차 - 정면충돌,중앙선침범,건조,맑음,기타 - 기타,자전거,남,13세,경상,승용,남,23세,상해없음
2019070300100316,2019년 7월 3일 14시,수요일,충청북도 단양군 매포읍,부상신고사고,0,0,0,1,차대사람 - 기타,안전운전불이행,건조,맑음,기타 - 기타,농기계,남,55세,상해없음,보행자,여,74세,부상신고
2019070300100351,2019년 7월 3일 15시,수요일,충청북도 청주시 서원구 분평동,중상사고,0,1,1,0,차대사람 - 횡단중,보행자보호의무위반,건조,맑음,단일로 - 지하차도(도로)내,승용,여,62세,상해없음,보행자,여,7세,경상
2019070300100386,2019년 7월 3일 16시,수요일,충청북도 청주시 청원구 율량동,경상사고,0,0,1,0,차대차 - 기타,중앙선침범,건조,맑음,단일로 - 기타,승용,남,28세,상해없음,이륜,남,30세,경상
2019070300100387,2019년 7월 3일 16시,수요일,충청북도 옥천군 군북면,경상사고,0,0,1,0,차대차 - 측면충돌,안전운전불이행,건조,맑음,단일로 - 기타,건설기계,남,36세,상해없음,승용,남,56세,경상
2019070300100388,2019년 7월 3일 16시,수요일,충청북도 청주시 흥덕구 복대동,경상사고,0,0,1,0,차대차 - 측면충돌,안전운전불이행,건조,맑음,교차로 - 교차로안,자전거,남,22세,경상,승용,남,52세,상해없음
2019070300100436,2019년 7월 3일 17시,수요일,충청북도 제천시 화산동,경상사고,0,0,2,0,차대차 - 후진중충돌,안전운전불이행,건조,맑음,단일로 - 지하차도(도로)내,승용,남,81세,상해없음,승용,남,37세,경상
2019070300100492,2019년 7월 3일 18시,수요일,충청북도 음성군 금왕읍,경상사고,0,0,2,0,차대차 - 추돌,안전거리미확보,건조,맑음,교차로 - 교차로부근,승용,남,58세,경상,화물,남,51세,경상
2019070300100493,2019년 7월 3일 18시,수요일,충청북도 진천군 덕산면,경상사고,0,0,1,0,차대차 - 측면충돌,안전운전불이행,건조,맑음,단일로 - 기타,자전거,남,8세,경상,승합,남,47세,상해없음
2019070300100515,2019년 7월 3일 19시,수요일,충청북도 청주시 흥덕구 복대동,경상사고,0,0,1,0,차대차 - 기타,안전운전불이행,건조,맑음,단일로 - 기타,승용,남,61세,상해없음,승용,남,30세,경상
2019070300100573,2019년 7월 3일 21시,수요일,충청북도 청주시 청원구 내덕동,경상사고,0,0,1,0,차대사람 - 기타,안전운전불이행,건조,맑음,교차로 - 교차로안,승용,여,54세,상해없음,보행자,여,79세,경상
2019070300100574,2019년 7월 3일 21시,수요일,충청북도 청주시 서원구 산남동,경상사고,0,0,3,0,차대차 - 측면충돌,신호위반,건조,맑음,교차로 - 교차로안,승용,남,61세,상해없음,승용,여,58세,경상
2019070300100598,2019년 7월 3일 22시,수요일,충청북도 청주시 흥덕구 복대동,경상사고,0,0,1,0,차대차 - 기타,안전운전불이행,건조,맑음,교차로 - 교차로안,승용,여,44세,상해없음,이륜,남,16세,경상
2019070400100064,2019년 7월 4일 05시,목요일,충청북도 보은군 보은읍,중상사고,0,1,0,0,차대차 - 추돌,신호위반,젖음/습기,안개,교차로 - 교차로안,승용,남,71세,상해없음,이륜,남,70세,중상
2019070400100073,2019년 7월 4일 06시,목요일,충청북도 충주시 안림동,중상사고,0,2,1,0,차대차 - 기타,신호위반,건조,맑음,교차로 - 교차로안,승용,여,38세,경상,승용,여,32세,중상
2019070400100074,2019년 7월 4일 06시,목요일,충청북도 음성군 삼성면,중상사고,0,1,1,0,차대차 - 측면충돌,직진우회전진행방해,건조,맑음,교차로 - 교차로안,승용,남,25세,경상,이륜,남,51세,중상
2019070400100095,2019년 7월 4일 07시,목요일,충청북도 청주시 서원구 남이면,경상사고,0,0,7,0,차대차 - 추돌,안전거리미확보,건조,맑음,단일로 - 지하차도(도로)내,승용,남,24세,경상,승용,남,25세,경상
2019070400100134,2019년 7월 4일 08시,목요일,충청북도 충주시 문화동,경상사고,0,0,1,0,차대차 - 기타,안전운전불이행,건조,맑음,교차로 - 교차로안,승용,남,46세,상해없음,승용,여,38세,경상
2019070400100135,2019년 7월 4일 08시,목요일,충청북도 제천시 백운면,중상사고,0,1,0,0,차대차 - 측면충돌,안전운전불이행,건조,맑음,기타 - 기타,건설기계,남,40세,상해없음,농기계,남,84세,중상
2019070400100136,2019년 7월 4일 08시,목요일,충청북도 청주시 상당구 용암동,경상사고,0,0,1,0,차대사람 - 기타,안전운전불이행,건조,맑음,단일로 - 지하차도(도로)내,승용,여,80세,상해없음,보행자,남,29세,경상
2019070400100196,2019년 7월 4일 09시,목요일,충청북도 음성군 음성읍,중상사고,0,1,0,0,차대차 - 측면충돌,안전운전불이행,건조,흐림,교차로 - 교차로부근,자전거,여,81세,중상,화물,남,70세,상해없음
2019070400100226,2019년 7월 4일 10시,목요일,충청북도 충주시 호암동,중상사고,0,1,1,0,차대차 - 기타,직진우회전진행방해,건조,맑음,교차로 - 교차로안,화물,남,54세,경상,승용,남,26세,중상
2019070400100257,2019년 7월 4일 11시,목요일,충청북도 청주시 흥덕구 운천동,경상사고,0,0,1,0,차대차 - 기타,안전거리미확보,건조,맑음,단일로 - 고가도로위,승용,여,63세,상해없음,승용,여,34세,경상
2019070400100258,2019년 7월 4일 11시,목요일,충청북도 충주시 칠금동,중상사고,0,1,0,0,차대차 - 측면충돌,안전운전불이행,건조,맑음,교차로 - 교차로안,화물,남,56세,상해없음,이륜,남,56세,중상
2019070400100280,2019년 7월 4일 12시,목요일,충청북도 청주시 청원구 오창읍,경상사고,0,0,2,0,차대차 - 기타,직진우회전진행방해,건조,맑음,교차로 - 교차로안,승합,남,59세,상해없음,승용,남,31세,경상
2019070400100281,2019년 7월 4일 12시,목요일,충청북도 괴산군 불정면,경상사고,0,0,2,0,차대차 - 측면충돌,안전운전불이행,건조,맑음,교차로 - 교차로안,승용,여,67세,상해없음,승용,여,43세,상해없음
2019070400100282,2019년 7월 4일 12시,목요일,충청북도 청주시 상당구 용암동,중상사고,0,1,0,0,차대차 - 측면충돌,안전운전불이행,건조,맑음,단일로 - 기타,승용,여,42세,상해없음,이륜,남,26세,중상
2019070400100324,2019년 7월 4일 13시,목요일,충청북도 제천시 청전동,경상사고,0,0,2,0,차대차 - 측면충돌,신호위반,건조,맑음,교차로 - 교차로안,승용,남,79세,상해없음,승용,남,55세,경상
2019070400100478,2019년 7월 4일 17시,목요일,충청북도 제천시 청전동,경상사고,0,0,1,0,차대차 - 측면충돌,불법유턴,건조,맑음,단일로 - 지하차도(도로)내,승용,남,52세,상해없음,이륜,남,18세,경상
2019070400100525,2019년 7월 4일 18시,목요일,충청북도 청주시 청원구 오창읍,경상사고,0,0,1,0,차대차 - 기타,안전운전불이행,건조,맑음,교차로 - 교차로부근,이륜,남,42세,경상,화물,남,45세,상해없음
2019070400100561,2019년 7월 4일 19시,목요일,충청북도 제천시 청전동,경상사고,0,0,1,0,차대차 - 추돌,안전거리미확보,건조,맑음,단일로 - 지하차도(도로)내,이륜,남,19세,상해없음,승용,여,50세,경상
2019070500100054,2019년 7월 5일 02시,금요일,충청북도 영동군 추풍령면,경상사고,0,0,1,0,차대차 - 기타,안전운전불이행,건조,맑음,단일로 - 기타,화물,남,56세,상해없음,화물,남,37세,경상
2019070500100074,2019년 7월 5일 05시,금요일,충청북도 청주시 청원구 오창읍,중상사고,0,1,0,0,차대차 - 정면충돌,중앙선침범,건조,맑음,교차로 - 교차로부근,승용,남,35세,상해없음,승용,남,42세,중상
2019070500100083,2019년 7월 5일 06시,금요일,충청북도 영동군 영동읍,중상사고,0,1,3,0,차대차 - 측면충돌,직진우회전진행방해,건조,맑음,교차로 - 교차로안,승용,여,41세,경상,승용,남,56세,중상