사고번호,사고일시,요일,시군구,사고내용,사망자수,중상자수,경상자수,부상신고자수,사고유형,법규위반,노면상태,기상상태,도로형태,가해운전자 차종,가해운전자 성별,가해운전자 연령,가해운전자 상해정도,피해운전자 차종,피해운전자 성별,피해운전자 연령,피해운전자 상해정도
2019070500100099,2019년 7월 5일 07시,금요일,충청북도 제천시 청전동,경상사고,0,0,2,0,차대차 - 측면충돌,중앙선침범,건조,맑음,단일로 - 지하차도(도로)내,승용,여,30세,경상,승용,남,65세,경상
2019070500100100,2019년 7월 5일 07시,금요일,충청북도 음성군 금왕읍,경상사고,0,0,1,0,차대차 - 측면충돌,직진우회전진행방해,건조,맑음,교차로 - 교차로안,승용,남,53세,상해없음,이륜,남,40세,경상
2019070500100101,2019년 7월 5일 07시,금요일,충청북도 진천군 문백면,경상사고,0,0,1,0,차대차 - 정면충돌,교차로운행방법위반,건조,맑음,교차로 - 교차로안,승용,여,58세,상해없음,승용,남,38세,경상
2019070500100102,2019년 7월 5일 07시,금요일,충청북도 청주시 흥덕구 봉명동,경상사고,0,0,3,0,차대차 - 측면충돌,신호위반,건조,맑음,교차로 - 교차로안,이륜,남,71세,경상,승용,남,27세,경상
2019070500100142,2019년 7월 5일 08시,금요일,충청북도 음성군 대소면,경상사고,0,0,1,0,차대차 - 측면충돌,안전거리미확보,건조,맑음,교차로 - 교차로부근,특수,남,57세,상해없음,승용,여,38세,경상
2019070500100143,2019년 7월 5일 08시,금요일,충청북도 옥천군 군북면,경상사고,0,0,1,0,차대차 - 추돌,안전거리미확보,건조,맑음,단일로 - 기타,승용,남,72세,상해없음,승용,여,53세,경상
2019070500100144,2019년 7월 5일 08시,금요일,충청북도 청주시 흥덕구 신봉동,중상사고,0,1,0,0,차대사람 - 횡단중,보행자보호의무위반,건조,맑음,단일로 - 기타,승용,여,43세,상해없음,보행자,여,8세,중상
2019070500100216,2019년 7월 5일 10시,금요일,충청북도 청주시 청원구 내덕동,경상사고,0,0,1,0,차대차 - 기타,안전운전불이행,건조,맑음,교차로 - 교차로안,승용,남,68세,상해없음,승용,남,61세,상해없음
2019070500100217,2019년 7월 5일 10시,금요일,충청북도 충주시 용산동,경상사고,0,0,1,0,차대차 - 측면충돌,신호위반,건조,맑음,교차로 - 교차로안,승합,남,50세,상해없음,승용,여,33세,경상
2019070500100218,2019년 7월 5일 10시,금요일,충청북도 청주시 상당구 미원면,경상사고,0,0,1,0,차대사람 - 기타,안전운전불이행,건조,맑음,단일로 - 기타,화물,남,45세,상해없음,보행자,남,47세,경상
2019070500100240,2019년 7월 5일 11시,금요일,충청북도 청주시 청원구 오창읍,경상사고,0,0,1,0,차대차 - 기타,신호위반,건조,맑음,교차로 - 교차로안,화물,남,48세,상해없음,승용,남,61세,경상
2019070500100241,2019년 7월 5일 11시,금요일,충청북도 옥천군 옥천읍,중상사고,0,2,0,0,차대차 - 측면충돌,교차로운행방법위반,건조,맑음,교차로 - 교차로안,이륜,남,39세,중상,승용,남,65세,상해없음
2019070500100242,2019년 7월 5일 11시,금요일,충청북도 청주시 흥덕구 수의동,경상사고,0,0,3,0,차대차 - 추돌,안전운전불이행,건조,맑음,단일로 - 기타,승용,남,35세,상해없음,승용,남,61세,경상
2019070500100243,2019년 7월 5일 11시,금요일,충청북도 청주시 상당구 문의면,경상사고,0,0,1,0,차대차 - 추돌,안전운전불이행,건조,맑음,단일로 - 지하차도(도로)내,승용,여,62세,상해없음,화물,남,38세,경상
2019070500100244,2019년 7월 5일 11시,금요일,충청북도 청주시 상당구 용정동,경상사고,0,0,1,0,차대차 - 후진중충돌,안전운전불이행,건조,맑음,단일로 - 지하차도(도로)내,승용,여,38세,상해없음,화물,남,37세,경상
2019070500100281,2019년 7월 5일 12시,금요일,충청북도 충주시 연수동,중상사고,0,1,1,0,차대차 - 추돌,안전거리미확보,건조,맑음,기타 - 기타,이륜,남,28세,중상,화물,남,58세,경상
2019070500100282,2019년 7월 5일 12시,금요일,충청북도 청주시 상당구 용암동,경상사고,0,0,2,0,차대차 - 측면충돌,안전운전불이행,건조,맑음,교차로 - 교차로안,승용,남,53세,상해없음,승용,남,33세,경상
2019070500100315,2019년 7월 5일 13시,금요일,충청북도 청주시 청원구 내덕동,경상사고,0,0,1,0,차대차 - 기타,안전운전불이행,건조,맑음,단일로 - 기타,화물,남,27세,상해없음,승용,남,62세,경상
2019070500100316,2019년 7월 5일 13시,금요일,충청북도 청주시 서원구 죽림동,중상사고,0,1,0,0,차대차 - 기타,안전거리미확보,건조,맑음,단일로 - 기타,승용,여,70세,상해없음,이륜,남,27세,중상
2019070500100317,2019년 7월 5일 13시,금요일,충청북도 청주시 상당구 용정동,경상사고,0,0,2,0,차대사람 - 횡단중,중앙선침범,건조,맑음,교차로 - 교차로횡단보도내,승용,남,24세,상해없음,보행자,남,72세,경상
2019070500100318,2019년 7월 5일 13시,금요일,충청북도 청주시 상당구 석교동,경상사고,0,0,1,0,차대차 - 추돌,안전운전불이행,건조,맑음,교차로 - 교차로부근,승용,여,26세,상해없음,승용,여,51세,경상
2019070500100350,2019년 7월 5일 14시,금요일,충청북도 충주시 칠금동,경상사고,0,0,2,0,차대차 - 기타,교차로운행방법위반,건조,맑음,교차로 - 교차로안,승용,여,57세,상해없음,승용,남,59세,경상
2019070500100351,2019년 7월 5일 14시,금요일,충청북도 청주시 흥덕구 지동동,중상사고,0,1,0,0,차대차 - 기타,신호위반,건조,맑음,교차로 - 교차로안,승용,여,31세,상해없음,자전거,남,56세,중상
2019070500100352,2019년 7월 5일 14시,금요일,충청북도 청주시 흥덕구 봉명동,경상사고,0,0,2,0,차대차 - 기타,불법유턴,건조,맑음,단일로 - 기타,승용,여,51세,상해없음,승용,남,46세,경상
2019070500100383,2019년 7월 5일 15시,금요일,충청북도 진천군 백곡면,중상사고,0,1,0,0,차량단독 - 전도전복 - 전도,안전운전불이행,건조,맑음,단일로 - 기타,이륜,여,68세,중상,,,,
2019070500100384,2019년 7월 5일 15시,금요일,충청북도 청주시 서원구 분평동,경상사고,0,0,1,0,차대사람 - 횡단중,보행자보호의무위반,건조,맑음,교차로 - 교차로횡단보도내,승용,여,52세,상해없음,보행자,여,7세,경상
2019070500100385,2019년 7월 5일 15시,금요일,충청북도 청주시 상당구 문의면,중상사고,0,1,4,0,차대차 - 추돌,안전거리미확보,건조,맑음,단일로 - 터널,승용,남,33세,상해없음,승용,남,25세,경상
2019070500100432,2019년 7월 5일 16시,금요일,충청북도 청주시 서원구 개신동,경상사고,0,0,2,0,차대차 - 기타,차로위반,건조,맑음,단일로 - 기타,승용,남,58세,경상,승용,여,59세,경상
2019070500100433,2019년 7월 5일 16시,금요일,충청북도 청주시 청원구 오창읍,경상사고,0,0,1,0,차대차 - 기타,직진우회전진행방해,건조,맑음,교차로 - 교차로안,승용,남,34세,상해없음,승용,남,55세,상해없음
2019070500100434,2019년 7월 5일 16시,금요일,충청북도 청주시 흥덕구 송정동,중상사고,0,1,0,0,차대차 - 측면충돌,안전운전불이행,건조,맑음,단일로 - 지하차도(도로)내,승용,남,50세,상해없음,이륜,남,39세,중상
2019070500100435,2019년 7월 5일 16시,금요일,충청북도 청주시 흥덕구 오송읍,중상사고,0,2,9,2,차대차 - 측면충돌,신호위반,건조,맑음,교차로 - 교차로안,화물,남,35세,상해없음,승합,남,46세,경상
2019070500100436,2019년 7월 5일 16시,금요일,충청북도 청주시 서원구 모충동,경상사고,0,0,1,0,차대차 - 측면충돌,차로위반,건조,맑음,교차로 - 교차로부근,승용,남,66세,상해없음,승용,남,36세,경상
2019070500100437,2019년 7월 5일 16시,금요일,충청북도 진천군 문백면,중상사고,0,3,0,0,차대차 - 추돌,안전운전불이행,건조,맑음,단일로 - 기타,화물,남,25세,중상,화물,남,54세,중상
2019070500100482,2019년 7월 5일 17시,금요일,충청북도 진천군 덕산면,경상사고,0,0,1,0,차대차 - 기타,안전운전불이행,건조,맑음,단일로 - 기타,자전거,남,12세,경상,승용,남,69세,상해없음
2019070500100535,2019년 7월 5일 18시,금요일,미분류 미분류 미분류,경상사고,0,0,1,0,차대차 - 기타,안전운전불이행,건조,맑음,교차로 - 교차로부근,승용,남,29세,상해없음,승용,여,37세,경상
2019070500100536,2019년 7월 5일 18시,금요일,충청북도 청주시 흥덕구 봉명동,경상사고,0,0,2,0,차대차 - 측면충돌,교차로운행방법위반,건조,맑음,교차로 - 교차로안,승용,여,46세,경상,이륜,남,20세,경상
2019070500100537,2019년 7월 5일 18시,금요일,충청북도 청주시 서원구 분평동,경상사고,0,0,1,0,차대사람 - 기타,교차로운행방법위반,건조,맑음,교차로 - 교차로안,승합,남,70세,상해없음,보행자,여,90세 이상,경상
2019070500100588,2019년 7월 5일 19시,금요일,충청북도 청주시 서원구 개신동,경상사고,0,0,2,0,차대차 - 추돌,안전운전불이행,건조,맑음,단일로 - 기타,승용,남,50세,상해없음,승용,남,59세,경상
2019070500100616,2019년 7월 5일 20시,금요일,충청북도 괴산군 연풍면,중상사고,0,1,2,0,차대차 - 추돌,신호위반,건조,맑음,단일로 - 교량,승용,남,31세,상해없음,승용,남,51세,중상
2019070500100643,2019년 7월 5일 21시,금요일,충청북도 청주시 서원구 수곡동,경상사고,0,0,2,0,차대차 - 측면충돌,안전운전불이행,건조,맑음,교차로 - 교차로안,승용,남,28세,상해없음,승용,남,56세,경상
2019070600100060,2019년 7월 6일 01시,토요일,충청북도 청주시 흥덕구 봉명동,중상사고,0,1,1,0,차대차 - 측면충돌,신호위반,건조,맑음,교차로 - 교차로안,승용,여,25세,중상,승용,여,50세,경상
2019070600100083,2019년 7월 6일 03시,토요일,충청북도 진천군 초평면,사망사고,1,0,0,0,차량단독 - 전도전복 - 전복,안전운전불이행,건조,맑음,단일로 - 교량,승용,남,26세,사망,,,,
2019070600100098,2019년 7월 6일 04시,토요일,충청북도 청주시 상당구 용암동,경상사고,0,0,1,0,차대차 - 측면충돌,신호위반,건조,맑음,교차로 - 교차로안,승용,남,55세,상해없음,승용,남,52세,상해없음
2019070600100145,2019년 7월 6일 07시,토요일,충청북도 제천시 청전동,경상사고,0,0,1,0,차량단독 - 전도전복 - 전도,안전운전불이행,건조,맑음,교차로 - 교차로부근,자전거,남,66세,경상,,,,
2019070600100170,2019년 7월 6일 08시,토요일,충청북도 청주시 서원구 남이면,중상사고,0,1,0,0,차대차 - 추돌,안전운전불이행,건조,맑음,단일로 - 기타,화물,남,54세,상해없음,원동기,남,79세,중상
2019070600100171,2019년 7월 6일 08시,토요일,충청북도 청주시 상당구 용담동,경상사고,0,0,2,0,차대차 - 측면충돌,안전운전불이행,건조,맑음,단일로 - 지하차도(도로)내,화물,여,58세,경상,화물,남,77세,상해없음
2019070600100190,2019년 7월 6일 09시,토요일,충청북도 청주시 흥덕구 운천동,경상사고,0,0,1,0,차대차 - 측면충돌,안전운전불이행,건조,맑음,교차로 - 교차로안,승용,여,44세,상해없음,승용,여,42세,경상
2019070600100224,2019년 7월 6일 10시,토요일,충청북도 청주시 청원구 율량동,경상사고,0,0,2,0,차대차 - 측면충돌,직진우회전진행방해,건조,맑음,교차로 - 교차로안,승용,남,26세,기타불명,화물,여,38세,경상
2019070600100260,2019년 7월 6일 11시,토요일,충청북도 음성군 감곡면,경상사고,0,0,1,0,차대차 - 측면충돌,교차로운행방법위반,건조,맑음,교차로 - 교차로안,승용,남,25세,경상,화물,남,50세,상해없음
2019070600100261,2019년 7월 6일 11시,토요일,충청북도 단양군 단양읍,경상사고,0,0,1,0,차대차 - 측면충돌,안전운전불이행,건조,맑음,교차로 - 교차로안,승용,여,50세,상해없음,승용,남,34세,경상
2019070600100262,2019년 7월 6일 11시,토요일,충청북도 청주시 흥덕구 오송읍,경상사고,0,0,1,0,차대차 - 측면충돌,안전거리미확보,건조,맑음,단일로 - 기타,승용,남,52세,상해없음,승용,여,63세,경상
2019070600100263,2019년 7월 6일 11시,토요일,충청북도 청주시 상당구 용담동,경상사고,0,0,1,0,차대차 - 측면충돌,안전운전불이행,건조,맑음,단일로 - 기타,승용,남,55세,상해없음,승용,여,61세,경상
2019070600100312,2019년 7월 6일 12시,토요일,충청북도 충주시 달천동,경상사고,0,0,1,0,차대차 - 측면충돌,신호위반,건조,맑음,교차로 - 교차로안,승용,여,53세,상해없음,승용,남,73세,경상
2019070600100313,2019년 7월 6일 12시,토요일,충청북도 충주시 칠금동,경상사고,0,0,1,0,차대차 - 기타,안전거리미확보,건조,맑음,기타 - 기타,승용,남,41세,상해없음,승용,남,22세,경상
2019070600100314,2019년 7월 6일 12시,토요일,충청북도 청주시 상당구 대성동,경상사고,0,0,2,0,차대차 - 측면충돌,안전운전불이행,건조,맑음,단일로 - 지하차도(도로)내,승용,여,54세,상해없음,승용,남,56세,경상
2019070600100358,2019년 7월 6일 13시,토요일,충청북도 청주시 상당구 북문로3가동,경상사고,0,0,1,0,차대차 - 기타,신호위반,건조,맑음,교차로 - 교차로안,이륜,남,38세,경상,승용,여,51세,상해없음
2019070600100359,2019년 7월 6일 13시,토요일,충청북도 증평군 증평읍,경상사고,0,0,1,0,차대사람 - 횡단중,안전운전불이행,건조,맑음,단일로 - 기타,승용,남,21세,상해없음,보행자,여,77세,경상
2019070600100360,2019년 7월 6일 13시,토요일,충청북도 청주시 흥덕구 신봉동,경상사고,0,0,1,0,차대차 - 기타,차로위반,건조,맑음,교차로 - 교차로부근,화물,남,67세,상해없음,승용,남,61세,경상
2019070600100400,2019년 7월 6일 14시,토요일,충청북도 충주시 교현동,중상사고,0,1,1,0,차대차 - 측면충돌,안전운전불이행,건조,맑음,교차로 - 교차로부근,원동기,남,36세,경상,승용,남,76세,중상
2019070600100401,2019년 7월 6일 14시,토요일,충청북도 제천시 송학면,경상사고,0,0,1,0,차대차 - 측면충돌,안전운전불이행,건조,맑음,교차로 - 교차로안,화물,남,33세,상해없음,승용,여,51세,경상
2019070600100440,2019년 7월 6일 15시,토요일,충청북도 충주시 연수동,경상사고,0,0,1,0,차대사람 - 횡단중,보행자보호의무위반,건조,맑음,기타 - 기타,승용,남,22세,상해없음,보행자,여,81세,경상
2019070600100441,2019년 7월 6일 15시,토요일,충청북도 청주시 흥덕구 향정동,경상사고,0,0,1,0,차대차 - 정면충돌,안전운전불이행,건조,맑음,교차로 - 교차로부근,승용,남,80세,상해없음,승용,남,45세,경상
2019070600100483,2019년 7월 6일 16시,토요일,충청북도 제천시 덕산면,중상사고,0,1,0,0,차량단독 - 도로외이탈 - 추락,안전운전불이행,건조,맑음,기타 - 기타,농기계,남,66세,중상,,,,
2019070600100484,2019년 7월 6일 16시,토요일,충청북도 증평군 증평읍,중상사고,0,1,0,0,차대차 - 기타,기타,건조,맑음,교차로 - 교차로안,승용,남,57세,기타불명,이륜,남,76세,중상
2019070600100485,2019년 7월 6일 16시,토요일,충청북도 청주시 서원구 미평동,경상사고,0,0,4,1,차대차 - 측면충돌,기타,건조,맑음,교차로 - 교차로안,승용,남,41세,경상,승용,여,39세,부상신고
2019070600100522,2019년 7월 6일 17시,토요일,충청북도 제천시 중앙로2가,경상사고,0,0,1,0,차대차 - 측면충돌,교차로운행방법위반,건조,맑음,교차로 - 교차로안,이륜,남,17세,경상,승용,남,65세,상해없음
2019070600100523,2019년 7월 6일 17시,토요일,충청북도 영동군 상촌면,경상사고,0,0,3,0,차대차 - 측면충돌,안전운전불이행,건조,맑음,단일로 - 기타,승용,남,59세,상해없음,승용,남,30세,경상
2019070600100524,2019년 7월 6일 17시,토요일,충청북도 진천군 문백면,경상사고,0,0,1,0,차대차 - 추돌,안전거리미확보,건조,맑음,단일로 - 기타,승용,여,58세,상해없음,승용,남,50세,경상
2019070600100525,2019년 7월 6일 17시,토요일,충청북도 청주시 상당구 영운동,중상사고,0,1,0,0,차대사람 - 기타,안전운전불이행,건조,맑음,단일로 - 지하차도(도로)내,특수,남,33세,상해없음,보행자,여,74세,중상
2019070600100526,2019년 7월 6일 17시,토요일,충청북도 청주시 상당구 서문동,경상사고,0,0,1,0,차대차 - 후진중충돌,안전운전불이행,건조,맑음,단일로 - 기타,승용,남,58세,상해없음,이륜,남,17세,경상
2019070600100563,2019년 7월 6일 18시,토요일,충청북도 청주시 청원구 우암동,경상사고,0,0,1,0,차대차 - 기타,안전거리미확보,건조,맑음,단일로 - 기타,승용,남,22세,상해없음,승용,남,47세,경상
2019070600100564,2019년 7월 6일 18시,토요일,충청북도 충주시 연수동,경상사고,0,0,2,0,차대차 - 기타,안전거리미확보,건조,맑음,교차로 - 교차로안,승용,남,27세,상해없음,승용,여,31세,경상
2019070600100565,2019년 7월 6일 18시,토요일,충청북도 청주시 흥덕구 봉명동,경상사고,0,0,1,0,차대차 - 기타,신호위반,건조,맑음,교차로 - 교차로안,승용,남,48세,상해없음,이륜,남,31세,경상
2019070600100595,2019년 7월 6일 19시,토요일,충청북도 청주시 흥덕구 문암동,경상사고,0,0,1,0,차대차 - 기타,안전거리미확보,건조,맑음,단일로 - 기타,자전거,여,33세,상해없음,자전거,남,12세,경상
2019070600100596,2019년 7월 6일 19시,토요일,충청북도 청주시 서원구 모충동,경상사고,0,0,1,0,차대차 - 기타,안전운전불이행,건조,맑음,교차로 - 교차로부근,기타불명,기타불명,미분류,기타불명,이륜,남,29세,경상
2019070600100665,2019년 7월 6일 21시,토요일,충청북도 청주시 상당구 용암동,경상사고,0,0,1,0,차대차 - 측면충돌,안전운전불이행,건조,맑음,미분류 - 미분류,기타불명,기타불명,미분류,기타불명,자전거,남,69세,경상
2019070600100694,2019년 7월 6일 22시,토요일,충청북도 청주시 상당구 용담동,경상사고,0,0,1,0,차대차 - 기타,안전운전불이행,건조,맑음,단일로 - 기타,승용,여,48세,상해없음,승합,남,56세,경상
2019070600100716,2019년 7월 6일 23시,토요일,충청북도 청주시 청원구 우암동,경상사고,0,0,3,0,차대차 - 기타,신호위반,건조,맑음,교차로 - 교차로안,이륜,남,24세,경상,승용,남,50세,경상
2019070700100040,2019년 7월 7일 01시,일요일,충청북도 청주시 청원구 오창읍,경상사고,0,0,1,0,차대차 - 측면충돌,안전운전불이행,건조,맑음,단일로 - 기타,승용,남,31세,상해없음,승용,남,56세,경상
2019070700100051,2019년 7월 7일 02시,일요일,충청북도 청주시 상당구 용암동,경상사고,0,0,1,0,차대차 - 기타,신호위반,건조,맑음,교차로 - 교차로안,이륜,남,17세,상해없음,승용,남,69세,상해없음
2019070700100061,2019년 7월 7일 03시,일요일,충청북도 청주시 청원구 주중동,중상사고,0,1,1,0,차량단독 - 기타,안전운전불이행,건조,맑음,단일로 - 기타,승용,남,28세,상해없음,,,,
2019070700100062,2019년 7월 7일 03시,일요일,충청북도 청주시 흥덕구 봉명동,경상사고,0,0,2,0,차대차 - 기타,안전운전불이행,건조,맑음,교차로 - 교차로안,승용,남,25세,상해없음,승용,남,54세,경상
2019070700100109,2019년 7월 7일 08시,일요일,충청북도 청주시 청원구 내덕동,경상사고,0,0,2,0,차대차 - 측면충돌,교차로운행방법위반,건조,맑음,교차로 - 교차로안,승용,여,54세,경상,승합,남,50세,상해없음
2019070700100110,2019년 7월 7일 08시,일요일,충청북도 충주시 수안보면,중상사고,0,1,5,0,차대차 - 기타,기타,건조,맑음,교차로 - 교차로안,승합,남,47세,상해없음,승용,남,30세,경상
2019070700100126,2019년 7월 7일 09시,일요일,충청북도 제천시 천남동,중상사고,0,2,0,0,차대차 - 측면충돌,안전운전불이행,건조,맑음,교차로 - 교차로안,승용,남,52세,상해없음,승용,여,33세,중상
2019070700100145,2019년 7월 7일 10시,일요일,충청북도 청주시 흥덕구 강서동,중상사고,0,1,0,0,차대사람 - 횡단중,안전운전불이행,건조,맑음,교차로 - 교차로횡단보도내,승용,여,62세,상해없음,보행자,남,90세 이상,중상
2019070700100164,2019년 7월 7일 11시,일요일,충청북도 청주시 흥덕구 가경동,경상사고,0,0,1,0,차대사람 - 횡단중,신호위반,건조,맑음,교차로 - 교차로횡단보도내,승용,남,68세,상해없음,보행자,여,16세,경상
2019070700100165,2019년 7월 7일 11시,일요일,충청북도 청주시 상당구 서문동,중상사고,0,1,0,0,차대사람 - 보도통행중,안전운전불이행,건조,맑음,단일로 - 기타,승용,남,31세,상해없음,보행자,남,58세,중상
2019070700100189,2019년 7월 7일 12시,일요일,충청북도 충주시 성내동,경상사고,0,0,5,0,차대차 - 기타,안전운전불이행,건조,맑음,교차로 - 교차로안,승용,남,60세,상해없음,승용,남,45세,경상
2019070700100190,2019년 7월 7일 12시,일요일,충청북도 제천시 청풍면,경상사고,0,0,4,0,차대차 - 추돌,안전운전불이행,건조,맑음,주차장 - 주차장,승용,남,70세,상해없음,승용,남,37세,경상
2019070700100191,2019년 7월 7일 12시,일요일,충청북도 음성군 대소면,경상사고,0,0,1,0,차대차 - 측면충돌,차로위반,건조,맑음,교차로 - 교차로부근,승용,여,38세,상해없음,승용,남,41세,경상
2019070700100192,2019년 7월 7일 12시,일요일,충청북도 청주시 상당구 남일면,중상사고,0,5,0,0,차대차 - 측면충돌,안전운전불이행,건조,맑음,교차로 - 교차로부근,승용,남,68세,중상,승용,남,60세,중상
2019070700100263,2019년 7월 7일 14시,일요일,충청북도 청주시 청원구 율량동,경상사고,0,0,1,0,차대차 - 기타,안전운전불이행,건조,맑음,단일로 - 기타,승용,여,24세,상해없음,승용,여,46세,경상
2019070700100264,2019년 7월 7일 14시,일요일,충청북도 청주시 서원구 수곡동,경상사고,0,0,3,0,차대차 - 기타,안전운전불이행,건조,맑음,교차로 - 교차로부근,승용,남,56세,상해없음,승용,남,37세,경상
2019070700100294,2019년 7월 7일 15시,일요일,충청북도 청주시 서원구 현도면,부상신고사고,0,0,0,1,차대차 - 추돌,안전운전불이행,건조,맑음,교차로 - 교차로부근,이륜,남,77세,부상신고,승용,남,60세,상해없음
2019070700100295,2019년 7월 7일 15시,일요일,충청북도 청주시 흥덕구 석곡동,사망사고,1,2,3,0,차대차 - 추돌,안전운전불이행,건조,맑음,단일로 - 기타,화물,남,54세,사망,화물,남,44세,중상
2019070700100335,2019년 7월 7일 16시,일요일,충청북도 청주시 청원구 주중동,경상사고,0,0,3,0,차대차 - 추돌,안전운전불이행,건조,맑음,교차로 - 교차로부근,승용,남,24세,상해없음,승용,남,29세,경상
2019070700100336,2019년 7월 7일 16시,일요일,충청북도 청주시 흥덕구 비하동,경상사고,0,0,3,0,차대차 - 기타,안전운전불이행,건조,맑음,단일로 - 기타,승용,남,42세,상해없음,승용,여,31세,경상
2019070700100374,2019년 7월 7일 17시,일요일,충청북도 충주시 중앙탑면,중상사고,0,2,6,0,차대차 - 측면충돌,안전운전불이행,건조,맑음,교차로 - 교차로안,승용,남,47세,경상,승용,남,48세,경상
2019070700100375,2019년 7월 7일 17시,일요일,충청북도 음성군 맹동면,중상사고,0,1,1,0,차대차 - 측면충돌,교차로운행방법위반,건조,맑음,교차로 - 교차로안,화물,남,49세,상해없음,화물,남,43세,상해없음
2019070700100424,2019년 7월 7일 19시,일요일,충청북도 청주시 청원구 율량동,경상사고,0,0,2,0,차대차 - 기타,안전운전불이행,건조,맑음,교차로 - 교차로부근,승용,남,64세,상해없음,승용,남,43세,경상
2019070700100425,2019년 7월 7일 19시,일요일,충청북도 청주시 상당구 석교동,중상사고,0,1,0,0,차대사람 - 기타,안전운전불이행,건조,맑음,단일로 - 기타,화물,여,60세,상해없음,보행자,여,66세,중상
2019070700100467,2019년 7월 7일 21시,일요일,충청북도 청주시 흥덕구 복대동,중상사고,0,1,0,0,차대차 - 기타,교차로운행방법위반,건조,맑음,교차로 - 교차로안,승용,남,63세,상해없음,이륜,남,32세,중상
2019070800100071,2019년 7월 8일 06시,월요일,충청북도 청주시 흥덕구 오송읍,중상사고,0,1,0,0,차량단독 - 공작물충돌,안전운전불이행,젖음/습기,비,교차로 - 교차로안,승용,남,44세,중상,,,,
2019070800100088,2019년 7월 8일 07시,월요일,충청북도 청주시 흥덕구 지동동,경상사고,0,0,1,0,차대차 - 측면충돌,안전운전불이행,건조,맑음,교차로 - 교차로안,특수,남,60세,상해없음,승용,여,28세,경상
2019070800100089,2019년 7월 8일 07시,월요일,충청북도 청주시 흥덕구 휴암동,경상사고,0,0,2,0,차대차 - 측면충돌,안전운전불이행,건조,맑음,단일로 - 지하차도(도로)내,승용,여,45세,경상,승용,여,20세,경상
2019070800100090,2019년 7월 8일 07시,월요일,충청북도 청주시 서원구 장암동,중상사고,0,1,1,0,차대차 - 추돌,안전운전불이행,건조,맑음,단일로 - 기타,화물,남,57세,중상,화물,남,49세,경상
2019070800100124,2019년 7월 8일 08시,월요일,충청북도 옥천군 옥천읍,중상사고,0,1,0,0,차대차 - 측면충돌,기타,건조,맑음,교차로 - 교차로안,이륜,남,69세,중상,승용,남,59세,상해없음
2019070800100125,2019년 7월 8일 08시,월요일,충청북도 옥천군 옥천읍,경상사고,0,0,1,0,차대차 - 측면충돌,교차로운행방법위반,건조,맑음,교차로 - 교차로안,승용,남,58세,상해없음,승합,남,42세,경상
2019070800100126,2019년 7월 8일 08시,월요일,충청북도 청주시 흥덕구 강내면,경상사고,0,0,1,0,차대차 - 추돌,안전거리미확보,건조,맑음,교차로 - 교차로안,승용,남,64세,상해없음,승용,남,31세,경상
2019070800100127,2019년 7월 8일 08시,월요일,충청북도 청주시 흥덕구 봉명동,경상사고,0,0,1,0,차대차 - 측면충돌,안전거리미확보,건조,맑음,교차로 - 교차로부근,승용,여,58세,상해없음,승용,남,44세,경상
2019070800100208,2019년 7월 8일 10시,월요일,충청북도 청주시 흥덕구 봉명동,경상사고,0,0,2,0,차대사람 - 길가장자리구역통행중,안전운전불이행,건조,맑음,단일로 - 기타,승용,여,53세,상해없음,보행자,여,23세,경상
2019070800100209,2019년 7월 8일 10시,월요일,충청북도 청주시 상당구 가덕면,경상사고,0,0,1,0,차대차 - 측면충돌,중앙선침범,건조,맑음,단일로 - 기타,승용,여,61세,상해없음,승용,남,32세,경상
2019070800100243,2019년 7월 8일 11시,월요일,충청북도 보은군 탄부면,사망사고,2,1,0,0,차량단독 - 기타,안전운전불이행,건조,맑음,단일로 - 지하차도(도로)내,승용,남,79세,중상,,,,
2019070800100244,2019년 7월 8일 11시,월요일,충청북도 청주시 서원구 산남동,경상사고,0,0,1,0,차대차 - 측면충돌,신호위반,건조,맑음,교차로 - 교차로횡단보도내,자전거,남,77세,경상,승용,남,61세,상해없음
2019070800100282,2019년 7월 8일 12시,월요일,충청북도 청주시 흥덕구 오송읍,경상사고,0,0,3,0,차대차 - 측면충돌,교차로운행방법위반,건조,맑음,교차로 - 교차로안,승용,남,63세,상해없음,승용,남,58세,경상
2019070800100316,2019년 7월 8일 13시,월요일,충청북도 청주시 청원구 오창읍,경상사고,0,0,1,0,차대차 - 기타,신호위반,건조,맑음,교차로 - 교차로안,승용,여,50세,상해없음,승용,남,29세,경상
2019070800100337,2019년 7월 8일 14시,월요일,충청북도 청주시 서원구 개신동,경상사고,0,0,1,0,차대차 - 기타,교차로운행방법위반,건조,맑음,교차로 - 교차로안,승용,남,26세,상해없음,승용,여,33세,경상
2019070800100338,2019년 7월 8일 14시,월요일,충청북도 제천시 명지동,경상사고,0,0,1,0,차량단독 - 공작물충돌,안전운전불이행,건조,맑음,교차로 - 교차로안,승용,여,71세,경상,,,,
2019070800100339,2019년 7월 8일 14시,월요일,충청북도 증평군 증평읍,경상사고,0,0,2,1,차대차 - 정면충돌,신호위반,건조,맑음,교차로 - 교차로안,승용,남,28세,부상신고,승용,남,35세,경상
2019070800100341,2019년 7월 8일 14시,월요일,충청북도 옥천군 청성면,경상사고,0,0,1,0,차대차 - 측면충돌,안전운전불이행,건조,맑음,단일로 - 기타,승용,여,43세,상해없음,승용,남,32세,경상