사고번호,사고일시,요일,시군구,사고내용,사망자수,중상자수,경상자수,부상신고자수,사고유형,법규위반,노면상태,기상상태,도로형태,가해운전자 차종,가해운전자 성별,가해운전자 연령,가해운전자 상해정도,피해운전자 차종,피해운전자 성별,피해운전자 연령,피해운전자 상해정도
2019072700100391,2019년 7월 27일 15시,토요일,충청북도 청주시 상당구 영운동,경상사고,0,0,1,0,차대차 - 측면충돌,안전운전불이행,건조,맑음,교차로 - 교차로안,화물,남,44세,상해없음,원동기,남,42세,경상
2019072700100425,2019년 7월 27일 16시,토요일,충청북도 청주시 서원구 수곡동,경상사고,0,0,1,0,차대사람 - 횡단중,안전운전불이행,건조,맑음,단일로 - 기타,이륜,남,23세,상해없음,보행자,여,83세,경상
2019072700100458,2019년 7월 27일 17시,토요일,충청북도 청주시 청원구 내수읍,경상사고,0,0,2,0,차대차 - 측면충돌,안전운전불이행,건조,맑음,단일로 - 기타,승용,여,25세,경상,승용,여,27세,경상
2019072700100459,2019년 7월 27일 17시,토요일,충청북도 영동군 황간면,중상사고,0,1,0,0,차대차 - 측면충돌,직진우회전진행방해,건조,맑음,교차로 - 교차로안,승용,남,29세,상해없음,이륜,남,35세,중상
2019072700100498,2019년 7월 27일 18시,토요일,충청북도 옥천군 청산면,경상사고,0,0,1,0,차대차 - 측면충돌,교차로운행방법위반,건조,맑음,교차로 - 교차로안,승용,여,50세,상해없음,화물,남,60세,상해없음
2019072700100499,2019년 7월 27일 18시,토요일,충청북도 청주시 흥덕구 가경동,경상사고,0,0,1,0,차대차 - 측면충돌,안전운전불이행,건조,맑음,교차로 - 교차로부근,승용,여,32세,상해없음,승용,여,45세,경상
2019072700100529,2019년 7월 27일 19시,토요일,충청북도 청주시 청원구 주성동,중상사고,0,1,0,0,차대사람 - 기타,기타,젖음/습기,맑음,기타 - 기타,이륜,남,33세,상해없음,보행자,여,26세,중상
2019072700100562,2019년 7월 27일 20시,토요일,충청북도 영동군 영동읍,경상사고,0,0,1,1,차대차 - 측면충돌,안전운전불이행,건조,맑음,교차로 - 교차로부근,승용,남,59세,부상신고,승용,여,32세,경상
2019072700100563,2019년 7월 27일 20시,토요일,충청북도 청주시 서원구 분평동,경상사고,0,0,2,0,차대차 - 추돌,안전운전불이행,젖음/습기,맑음,단일로 - 지하차도(도로)내,승용,남,28세,상해없음,승용,남,43세,경상
2019072700100598,2019년 7월 27일 21시,토요일,충청북도 보은군 보은읍,중상사고,0,1,0,0,차대사람 - 기타,안전운전불이행,건조,맑음,교차로 - 교차로안,승용,남,36세,기타불명,보행자,남,62세,중상
2019072700100599,2019년 7월 27일 21시,토요일,충청북도 옥천군 옥천읍,경상사고,0,0,2,0,차대사람 - 횡단중,보행자보호의무위반,젖음/습기,비,교차로 - 교차로부근,승용,남,47세,상해없음,보행자,여,25세,경상
2019072700100600,2019년 7월 27일 21시,토요일,충청북도 청주시 흥덕구 봉명동,중상사고,0,1,0,0,차량단독 - 기타,기타,젖음/습기,비,기타 - 기타,승합,남,50세,상해없음,,,,
2019072700100633,2019년 7월 27일 22시,토요일,충청북도 청주시 청원구 내수읍,경상사고,0,0,3,0,차대차 - 기타,중앙선침범,젖음/습기,비,단일로 - 기타,승용,남,57세,상해없음,승합,남,42세,경상
2019072700100634,2019년 7월 27일 22시,토요일,충청북도 청주시 흥덕구 복대동,경상사고,0,0,3,0,차대차 - 기타,안전운전불이행,젖음/습기,비,단일로 - 기타,승용,남,41세,상해없음,승용,남,49세,경상
2019072800100025,2019년 7월 28일 00시,일요일,충청북도 음성군 음성읍,경상사고,0,0,1,0,차대차 - 측면충돌,직진우회전진행방해,건조,흐림,교차로 - 교차로안,승용,남,61세,상해없음,승용,남,56세,경상
2019072800100040,2019년 7월 28일 01시,일요일,충청북도 청주시 서원구 사창동,경상사고,0,0,1,0,차대차 - 측면충돌,직진우회전진행방해,젖음/습기,비,교차로 - 교차로안,승용,남,23세,상해없음,승용,남,44세,경상
2019072800100041,2019년 7월 28일 01시,일요일,충청북도 충주시 연수동,경상사고,0,0,1,0,차대사람 - 차도통행중,안전운전불이행,건조,맑음,단일로 - 기타,승용,남,22세,상해없음,보행자,남,24세,경상
2019072800100090,2019년 7월 28일 06시,일요일,충청북도 충주시 칠금동,경상사고,0,0,1,0,차대차 - 측면충돌,신호위반,젖음/습기,비,교차로 - 교차로안,승용,남,37세,상해없음,승용,남,63세,상해없음
2019072800100105,2019년 7월 28일 08시,일요일,충청북도 청주시 청원구 오창읍,경상사고,0,0,3,0,차대차 - 기타,안전운전불이행,건조,맑음,교차로 - 교차로부근,승용,남,31세,상해없음,승용,남,49세,경상
2019072800100165,2019년 7월 28일 12시,일요일,충청북도 충주시 안림동,중상사고,0,1,0,0,차대차 - 정면충돌,안전운전불이행,젖음/습기,흐림,단일로 - 기타,승용,남,45세,상해없음,이륜,여,55세,중상
2019072800100180,2019년 7월 28일 13시,일요일,충청북도 충주시 충인동,경상사고,0,0,1,0,차대차 - 측면충돌,직진우회전진행방해,젖음/습기,비,교차로 - 교차로안,원동기,남,34세,경상,승용,여,55세,상해없음
2019072800100241,2019년 7월 28일 15시,일요일,충청북도 청주시 청원구 오창읍,경상사고,0,0,2,0,차대차 - 기타,불법유턴,건조,맑음,단일로 - 기타,승용,남,62세,상해없음,승용,남,22세,경상
2019072800100266,2019년 7월 28일 16시,일요일,충청북도 청주시 서원구 사창동,부상신고사고,0,0,0,1,차대차 - 기타,안전운전불이행,건조,맑음,단일로 - 기타,승합,남,36세,상해없음,이륜,남,77세,부상신고
2019072800100292,2019년 7월 28일 17시,일요일,충청북도 제천시 신동,경상사고,0,0,1,0,차량단독 - 공작물충돌,안전운전불이행,젖음/습기,비,기타 - 기타,화물,남,72세,경상,,,,
2019072800100293,2019년 7월 28일 17시,일요일,충청북도 옥천군 옥천읍,중상사고,0,2,1,0,차대차 - 추돌,안전거리미확보,건조,맑음,단일로 - 기타,승용,남,42세,상해없음,승용,여,44세,경상
2019072800100320,2019년 7월 28일 18시,일요일,충청북도 청주시 흥덕구 송정동,경상사고,0,0,1,0,차대차 - 추돌,안전운전불이행,건조,맑음,단일로 - 기타,이륜,남,32세,상해없음,승용,남,28세,경상
2019072800100391,2019년 7월 28일 21시,일요일,충청북도 진천군 이월면,경상사고,0,0,3,0,차대차 - 추돌,안전거리미확보,젖음/습기,맑음,단일로 - 기타,건설기계,남,51세,상해없음,승용,남,65세,경상
2019072800100392,2019년 7월 28일 21시,일요일,충청북도 청주시 서원구 분평동,경상사고,0,0,1,0,차대차 - 기타,안전운전불이행,건조,맑음,단일로 - 지하차도(도로)내,이륜,남,17세,상해없음,승합,남,50세,상해없음
2019072900100111,2019년 7월 29일 08시,월요일,충청북도 청주시 흥덕구 비하동,경상사고,0,0,1,0,차대차 - 기타,안전운전불이행,건조,맑음,교차로 - 교차로부근,승용,남,24세,상해없음,승합,남,57세,상해없음
2019072900100152,2019년 7월 29일 09시,월요일,충청북도 괴산군 소수면,경상사고,0,0,2,1,차대차 - 정면충돌,중앙선침범,건조,맑음,단일로 - 기타,승용,남,20세,경상,화물,남,56세,경상
2019072900100184,2019년 7월 29일 10시,월요일,충청북도 진천군 이월면,경상사고,0,0,1,0,차대차 - 측면충돌,안전운전불이행,건조,맑음,기타 - 기타,화물,남,53세,상해없음,특수,남,51세,경상
2019072900100219,2019년 7월 29일 11시,월요일,충청북도 충주시 주덕읍,경상사고,0,0,1,0,차대차 - 측면충돌,중앙선침범,건조,맑음,기타 - 기타,승용,여,61세,상해없음,승용,여,50세,경상
2019072900100256,2019년 7월 29일 12시,월요일,충청북도 청주시 상당구 석교동,경상사고,0,0,1,0,차대차 - 측면충돌,안전운전불이행,건조,맑음,교차로 - 교차로안,승용,여,39세,상해없음,승용,남,59세,경상
2019072900100287,2019년 7월 29일 13시,월요일,충청북도 충주시 대소원면,경상사고,0,0,1,0,차대차 - 기타,안전운전불이행,건조,맑음,단일로 - 기타,승용,남,31세,경상,화물,남,48세,상해없음
2019072900100288,2019년 7월 29일 13시,월요일,충청북도 청주시 서원구 성화동,경상사고,0,0,1,0,차대차 - 기타,교차로운행방법위반,건조,맑음,교차로 - 교차로부근,화물,남,58세,상해없음,자전거,남,10세,경상
2019072900100325,2019년 7월 29일 14시,월요일,충청북도 제천시 장락동,중상사고,0,1,1,0,차대차 - 추돌,안전거리미확보,건조,맑음,단일로 - 지하차도(도로)내,승용,여,37세,상해없음,화물,남,42세,경상
2019072900100379,2019년 7월 29일 15시,월요일,충청북도 음성군 원남면,경상사고,0,0,1,0,차대차 - 측면충돌,신호위반,건조,맑음,교차로 - 교차로안,승용,여,58세,상해없음,화물,남,52세,경상
2019072900100380,2019년 7월 29일 15시,월요일,충청북도 청주시 상당구 석교동,경상사고,0,0,3,0,차대차 - 추돌,안전거리미확보,건조,맑음,교차로 - 교차로부근,승용,남,56세,상해없음,승용,여,53세,경상
2019072900100381,2019년 7월 29일 15시,월요일,충청북도 청주시 상당구 용담동,중상사고,0,1,0,0,차대차 - 측면충돌,안전운전불이행,건조,맑음,교차로 - 교차로안,자전거,남,12세,중상,승용,여,66세,상해없음
2019072900100382,2019년 7월 29일 15시,월요일,충청북도 보은군 장안면,중상사고,0,2,6,0,차대차 - 추돌,안전운전불이행,건조,맑음,단일로 - 기타,승용,남,28세,상해없음,승용,남,49세,경상
2019072900100421,2019년 7월 29일 16시,월요일,충청북도 청주시 청원구 내덕동,경상사고,0,0,1,0,차대차 - 기타,안전운전불이행,건조,맑음,단일로 - 기타,승용,남,55세,상해없음,자전거,남,76세,경상
2019072900100422,2019년 7월 29일 16시,월요일,충청북도 충주시 성남동,부상신고사고,0,0,0,1,차대차 - 측면충돌,중앙선침범,건조,맑음,단일로 - 기타,자전거,남,77세,부상신고,승용,남,57세,상해없음
2019072900100423,2019년 7월 29일 16시,월요일,충청북도 청주시 상당구 용암동,경상사고,0,0,1,0,차대차 - 정면충돌,신호위반,건조,맑음,교차로 - 교차로안,승용,남,35세,상해없음,승용,여,60세,경상
2019072900100470,2019년 7월 29일 17시,월요일,충청북도 청주시 상당구 북문로1가동,경상사고,0,0,1,0,차대사람 - 차도통행중,안전거리미확보,건조,맑음,단일로 - 지하차도(도로)내,이륜,남,49세,상해없음,보행자,남,34세,경상
2019072900100513,2019년 7월 29일 18시,월요일,충청북도 제천시 고암동,중상사고,0,1,0,0,차대사람 - 기타,안전운전불이행,건조,맑음,주차장 - 주차장,승용,남,66세,상해없음,보행자,여,6세,중상
2019072900100514,2019년 7월 29일 18시,월요일,충청북도 괴산군 괴산읍,중상사고,0,1,0,0,차대차 - 기타,안전운전불이행,건조,맑음,교차로 - 교차로안,승용,여,58세,상해없음,이륜,남,72세,중상
2019072900100568,2019년 7월 29일 19시,월요일,충청북도 충주시 칠금동,중상사고,0,1,0,0,차대사람 - 보도통행중,보행자보호의무위반,건조,맑음,기타 - 기타,승용,남,63세,상해없음,보행자,여,83세,중상
2019072900100596,2019년 7월 29일 20시,월요일,충청북도 충주시 성남동,경상사고,0,0,3,0,차대차 - 정면충돌,안전운전불이행,건조,맑음,교차로 - 교차로안,승용,남,37세,기타불명,승용,남,45세,경상
2019072900100597,2019년 7월 29일 20시,월요일,충청북도 충주시 연수동,경상사고,0,0,4,0,차대차 - 기타,안전거리미확보,건조,맑음,단일로 - 기타,승용,남,54세,상해없음,승용,남,21세,경상
2019072900100625,2019년 7월 29일 21시,월요일,충청북도 제천시 남천동,경상사고,0,0,1,0,차대차 - 정면충돌,신호위반,건조,맑음,교차로 - 교차로안,승용,남,57세,상해없음,승용,남,67세,경상
2019072900100626,2019년 7월 29일 21시,월요일,충청북도 청주시 흥덕구 향정동,경상사고,0,0,1,0,차대사람 - 횡단중,보행자보호의무위반,건조,맑음,교차로 - 교차로횡단보도내,승용,남,47세,상해없음,보행자,남,26세,경상
2019072900100654,2019년 7월 29일 22시,월요일,충청북도 진천군 덕산면,경상사고,0,0,1,0,차대차 - 기타,직진우회전진행방해,건조,맑음,교차로 - 교차로안,승용,여,40세,기타불명,승용,남,58세,상해없음
2019073000100098,2019년 7월 30일 07시,화요일,충청북도 진천군 진천읍,경상사고,0,0,1,0,차대차 - 기타,신호위반,건조,맑음,교차로 - 교차로안,승용,여,55세,상해없음,승용,남,58세,경상
2019073000100124,2019년 7월 30일 08시,화요일,충청북도 청주시 청원구 내덕동,중상사고,0,1,0,0,차대차 - 기타,안전운전불이행,건조,맑음,단일로 - 기타,자전거,남,37세,중상,자전거,남,23세,상해없음
2019073000100189,2019년 7월 30일 10시,화요일,충청북도 옥천군 옥천읍,중상사고,0,1,0,0,차대차 - 측면충돌,직진우회전진행방해,건조,맑음,교차로 - 교차로안,승용,여,50세,상해없음,원동기,남,77세,중상
2019073000100214,2019년 7월 30일 11시,화요일,충청북도 괴산군 연풍면,중상사고,0,1,0,0,차대차 - 측면충돌,안전운전불이행,건조,맑음,단일로 - 기타,기타불명,기타불명,미분류,기타불명,이륜,남,84세,중상
2019073000100354,2019년 7월 30일 14시,화요일,충청북도 청주시 서원구 개신동,경상사고,0,0,2,0,차대차 - 기타,안전거리미확보,건조,맑음,단일로 - 기타,화물,남,52세,기타불명,승용,남,24세,경상
2019073000100355,2019년 7월 30일 14시,화요일,충청북도 청주시 흥덕구 옥산면,중상사고,0,1,3,0,차대차 - 기타,신호위반,건조,맑음,교차로 - 교차로안,승용,남,54세,상해없음,승용,여,43세,경상
2019073000100388,2019년 7월 30일 15시,화요일,충청북도 청주시 서원구 개신동,경상사고,0,0,2,0,차대차 - 기타,직진우회전진행방해,건조,맑음,교차로 - 교차로안,승용,여,64세,경상,승용,여,48세,경상
2019073000100389,2019년 7월 30일 15시,화요일,충청북도 음성군 대소면,중상사고,0,2,0,0,차대차 - 측면충돌,신호위반,건조,맑음,교차로 - 교차로안,화물,남,62세,중상,화물,남,65세,중상
2019073000100390,2019년 7월 30일 15시,화요일,충청북도 진천군 진천읍,경상사고,0,0,1,0,차대차 - 기타,안전운전불이행,건조,맑음,교차로 - 교차로부근,승용,남,66세,상해없음,승용,남,71세,경상
2019073000100428,2019년 7월 30일 16시,화요일,충청북도 청주시 청원구 주성동,부상신고사고,0,0,0,1,차대차 - 기타,차로위반,건조,맑음,단일로 - 기타,승용,남,64세,상해없음,승용,여,22세,부상신고
2019073000100429,2019년 7월 30일 16시,화요일,충청북도 충주시 동량면,경상사고,0,0,1,0,차대차 - 추돌,안전운전불이행,건조,맑음,단일로 - 기타,화물,남,58세,기타불명,승용,남,55세,경상
2019073000100430,2019년 7월 30일 16시,화요일,충청북도 단양군 단양읍,중상사고,0,1,0,1,차대차 - 측면충돌,직진우회전진행방해,건조,맑음,교차로 - 교차로안,승용,여,51세,중상,승용,여,38세,부상신고
2019073000100482,2019년 7월 30일 17시,화요일,충청북도 충주시 용산동,중상사고,0,1,0,0,차대사람 - 기타,안전운전불이행,건조,맑음,기타 - 기타,승용,남,54세,상해없음,보행자,여,71세,중상
2019073000100521,2019년 7월 30일 18시,화요일,충청북도 청주시 청원구 사천동,경상사고,0,0,1,0,차대차 - 기타,안전운전불이행,건조,맑음,단일로 - 기타,화물,남,54세,상해없음,승용,여,23세,경상
2019073000100522,2019년 7월 30일 18시,화요일,충청북도 청주시 흥덕구 복대동,경상사고,0,0,1,0,차대차 - 측면충돌,안전운전불이행,건조,흐림,교차로 - 교차로안,승용,남,40세,상해없음,자전거,남,24세,경상
2019073000100523,2019년 7월 30일 18시,화요일,충청북도 청주시 서원구 분평동,중상사고,0,1,3,0,차대차 - 추돌,안전운전불이행,건조,맑음,단일로 - 기타,승용,여,54세,상해없음,승용,여,64세,경상
2019073000100564,2019년 7월 30일 19시,화요일,충청북도 제천시 중앙로2가,중상사고,0,1,0,0,차대차 - 측면충돌,직진우회전진행방해,건조,맑음,교차로 - 교차로안,승용,여,61세,상해없음,승용,남,33세,중상
2019073000100565,2019년 7월 30일 19시,화요일,충청북도 제천시 청전동,경상사고,0,0,2,0,차대차 - 측면충돌,안전운전불이행,건조,맑음,단일로 - 기타,승용,남,52세,경상,승용,남,56세,경상
2019073000100592,2019년 7월 30일 20시,화요일,충청북도 청주시 청원구 율량동,경상사고,0,0,1,0,차대차 - 기타,안전운전불이행,건조,맑음,교차로 - 교차로부근,개인형이동수단(PM),남,36세,경상,승용,여,43세,상해없음
2019073000100626,2019년 7월 30일 21시,화요일,충청북도 청주시 흥덕구 봉명동,경상사고,0,0,1,0,차대사람 - 기타,불법유턴,건조,맑음,교차로 - 교차로안,승용,남,63세,상해없음,보행자,여,21세,경상
2019073000100670,2019년 7월 30일 23시,화요일,충청북도 청주시 상당구 문화동,중상사고,0,1,1,0,차대차 - 측면충돌,과속,건조,맑음,교차로 - 교차로안,승용,남,23세,경상,승용,남,33세,중상
2019073100100100,2019년 7월 31일 07시,수요일,충청북도 청주시 청원구 오창읍,중상사고,0,2,0,0,차대차 - 측면충돌,직진우회전진행방해,건조,맑음,교차로 - 교차로안,화물,남,55세,기타불명,승용,남,30세,중상
2019073100100125,2019년 7월 31일 08시,수요일,충청북도 충주시 산척면,중상사고,0,1,0,0,차대차 - 추돌,안전운전불이행,건조,맑음,단일로 - 기타,화물,남,69세,상해없음,승용,여,58세,중상
2019073100100126,2019년 7월 31일 08시,수요일,충청북도 청주시 흥덕구 복대동,경상사고,0,0,1,0,차대차 - 측면충돌,안전운전불이행,건조,맑음,단일로 - 기타,화물,남,49세,상해없음,승용,남,41세,경상
2019073100100156,2019년 7월 31일 09시,수요일,충청북도 충주시 앙성면,중상사고,0,1,0,1,차대차 - 정면충돌,안전운전불이행,건조,맑음,단일로 - 기타,화물,남,76세,부상신고,화물,남,39세,중상
2019073100100157,2019년 7월 31일 09시,수요일,충청북도 충주시 대소원면,경상사고,0,0,1,0,차대차 - 추돌,안전운전불이행,건조,맑음,단일로 - 기타,화물,남,30세,상해없음,승용,여,59세,경상
2019073100100158,2019년 7월 31일 09시,수요일,충청북도 보은군 속리산면,중상사고,0,1,2,0,차대차 - 정면충돌,중앙선침범,젖음/습기,맑음,단일로 - 터널,승용,남,74세,기타불명,화물,남,60세,경상
2019073100100159,2019년 7월 31일 09시,수요일,충청북도 청주시 흥덕구 복대동,중상사고,0,1,0,0,차대사람 - 횡단중,보행자보호의무위반,건조,맑음,교차로 - 교차로횡단보도내,승용,남,19세,상해없음,보행자,여,40세,중상
2019073100100187,2019년 7월 31일 10시,수요일,충청북도 청주시 서원구 남이면,경상사고,0,0,8,0,차대차 - 측면충돌,안전운전불이행,건조,맑음,교차로 - 교차로부근,화물,남,56세,경상,승합,남,61세,경상
2019073100100188,2019년 7월 31일 10시,수요일,충청북도 청주시 상당구 서운동,중상사고,0,1,0,0,차대차 - 측면충돌,신호위반,건조,맑음,교차로 - 교차로안,승용,여,66세,상해없음,이륜,남,63세,중상
2019073100100278,2019년 7월 31일 12시,수요일,충청북도 청주시 상당구 영동,중상사고,0,3,2,0,차대차 - 추돌,안전운전불이행,건조,맑음,단일로 - 기타,승용,남,20세,중상,승용,여,36세,경상
2019073100100279,2019년 7월 31일 12시,수요일,충청북도 청주시 흥덕구 오송읍,경상사고,0,0,3,0,차대차 - 측면충돌,안전운전불이행,건조,맑음,교차로 - 교차로안,승용,남,47세,경상,건설기계,남,47세,경상
2019073100100308,2019년 7월 31일 13시,수요일,충청북도 음성군 음성읍,경상사고,0,0,1,0,차대차 - 추돌,안전운전불이행,건조,맑음,단일로 - 기타,승용,여,50세,상해없음,승용,남,54세,경상
2019073100100366,2019년 7월 31일 15시,수요일,충청북도 진천군 진천읍,경상사고,0,0,2,0,차대차 - 추돌,안전거리미확보,건조,맑음,단일로 - 기타,화물,남,58세,상해없음,승용,남,72세,경상
2019073100100401,2019년 7월 31일 16시,수요일,충청북도 괴산군 청천면,중상사고,0,1,0,0,차대사람 - 기타,안전운전불이행,건조,맑음,교차로 - 교차로안,화물,남,53세,상해없음,보행자,여,84세,중상
2019073100100446,2019년 7월 31일 17시,수요일,충청북도 청주시 서원구 사직동,중상사고,0,2,0,0,차대차 - 측면충돌,안전운전불이행,건조,맑음,단일로 - 기타,승용,남,73세,상해없음,이륜,남,20세,중상
2019073100100486,2019년 7월 31일 18시,수요일,충청북도 충주시 문화동,경상사고,0,0,2,0,차대차 - 측면충돌,안전운전불이행,건조,맑음,단일로 - 기타,화물,남,75세,경상,화물,남,60세,경상
2019073100100487,2019년 7월 31일 18시,수요일,충청북도 청주시 흥덕구 운천동,경상사고,0,0,1,0,차대차 - 측면충돌,안전운전불이행,건조,맑음,단일로 - 기타,승용,남,28세,상해없음,승용,남,63세,경상
2019073100100536,2019년 7월 31일 19시,수요일,충청북도 옥천군 옥천읍,중상사고,0,1,0,0,차대사람 - 횡단중,교차로운행방법위반,건조,맑음,교차로 - 교차로안,화물,남,49세,상해없음,보행자,여,86세,중상
2019073100100608,2019년 7월 31일 21시,수요일,충청북도 충주시 주덕읍,경상사고,0,0,1,0,차대차 - 정면충돌,중앙선침범,건조,맑음,단일로 - 고가도로위,승용,여,46세,상해없음,승용,여,56세,경상
2019073100100609,2019년 7월 31일 21시,수요일,충청북도 청주시 상당구 용암동,경상사고,0,0,1,0,차대차 - 측면충돌,안전운전불이행,건조,맑음,교차로 - 교차로부근,승용,여,41세,상해없음,승용,여,39세,경상
2019073100100678,2019년 7월 31일 23시,수요일,충청북도 음성군 음성읍,중상사고,0,1,0,0,차대사람 - 차도통행중,안전운전불이행,건조,맑음,단일로 - 기타,승용,남,34세,상해없음,보행자,남,22세,중상
2019080100100075,2019년 8월 1일 04시,목요일,충청북도 제천시 금성면,경상사고,0,0,1,0,차대차 - 정면충돌,중앙선침범,건조,맑음,단일로 - 기타,승용,남,49세,상해없음,승용,남,40세,경상
2019080100100076,2019년 8월 1일 04시,목요일,충청북도 청주시 흥덕구 강서동,사망사고,1,2,0,0,차대차 - 기타,신호위반,건조,맑음,교차로 - 교차로안,원동기,남,22세,중상,승용,남,40세,중상
2019080100100084,2019년 8월 1일 05시,목요일,충청북도 청주시 서원구 사직동,중상사고,0,1,3,0,차대차 - 측면충돌,신호위반,건조,맑음,교차로 - 교차로안,승용,남,26세,상해없음,승합,남,46세,중상
2019080100100096,2019년 8월 1일 06시,목요일,충청북도 옥천군 동이면,중상사고,0,1,0,0,차대차 - 측면충돌,안전운전불이행,건조,맑음,단일로 - 기타,건설기계,남,54세,상해없음,승용,남,27세,중상
2019080100100110,2019년 8월 1일 07시,목요일,충청북도 청주시 청원구 사천동,경상사고,0,0,2,0,차대차 - 추돌,안전운전불이행,건조,맑음,단일로 - 기타,승합,남,62세,상해없음,승용,여,49세,경상
2019080100100111,2019년 8월 1일 07시,목요일,충청북도 음성군 금왕읍,중상사고,0,1,0,0,차대차 - 측면충돌,교차로운행방법위반,건조,맑음,교차로 - 교차로안,승용,남,27세,상해없음,승용,남,20세,중상
2019080100100112,2019년 8월 1일 07시,목요일,충청북도 옥천군 동이면,경상사고,0,0,2,0,차대차 - 측면충돌,안전운전불이행,건조,맑음,단일로 - 기타,승용,여,73세,경상,승용,여,48세,경상
2019080100100137,2019년 8월 1일 08시,목요일,충청북도 옥천군 청성면,중상사고,0,1,0,0,차대차 - 측면충돌,안전운전불이행,건조,맑음,단일로 - 기타,이륜,남,77세,중상,승합,남,39세,상해없음
2019080100100138,2019년 8월 1일 08시,목요일,충청북도 청주시 서원구 수곡동,중상사고,0,1,0,0,차대차 - 측면충돌,안전운전불이행,건조,맑음,교차로 - 교차로부근,이륜,남,74세,중상,승용,여,41세,상해없음
2019080100100205,2019년 8월 1일 10시,목요일,충청북도 제천시 봉양읍,중상사고,0,1,0,0,차대차 - 정면충돌,직진우회전진행방해,건조,맑음,교차로 - 교차로안,승용,남,65세,상해없음,승용,여,49세,중상
2019080100100206,2019년 8월 1일 10시,목요일,충청북도 청주시 흥덕구 봉명동,경상사고,0,0,2,1,차대차 - 측면충돌,신호위반,건조,맑음,교차로 - 교차로부근,승용,여,50세,경상,이륜,남,28세,부상신고
2019080100100242,2019년 8월 1일 11시,목요일,충청북도 충주시 연수동,중상사고,0,1,0,0,차대차 - 측면충돌,안전운전불이행,건조,맑음,기타 - 기타,이륜,남,77세,중상,승용,여,20세,상해없음
2019080100100243,2019년 8월 1일 11시,목요일,충청북도 단양군 적성면,중상사고,0,1,0,0,차량단독 - 공작물충돌,안전운전불이행,건조,맑음,기타 - 기타,이륜,남,64세,중상,,,,
2019080100100279,2019년 8월 1일 12시,목요일,충청북도 청주시 흥덕구 옥산면,중상사고,0,1,0,0,차대차 - 기타,안전운전불이행,건조,맑음,단일로 - 기타,이륜,남,50세,중상,화물,남,48세,상해없음
2019080100100325,2019년 8월 1일 13시,목요일,충청북도 충주시 산척면,중상사고,0,1,2,0,차대차 - 기타,안전운전불이행,건조,맑음,기타 - 기타,승용,여,58세,경상,승용,여,47세,중상
2019080100100358,2019년 8월 1일 14시,목요일,충청북도 청주시 서원구 산남동,경상사고,0,0,1,0,차대차 - 측면충돌,신호위반,건조,맑음,교차로 - 교차로안,승용,남,58세,기타불명,자전거,여,76세,경상
2019080100100390,2019년 8월 1일 15시,목요일,충청북도 충주시 교현동,경상사고,0,0,1,0,차대차 - 기타,안전운전불이행,건조,맑음,교차로 - 교차로부근,승용,여,29세,상해없음,승용,남,67세,경상
2019080100100391,2019년 8월 1일 15시,목요일,충청북도 청주시 청원구 오창읍,경상사고,0,0,4,0,차대차 - 기타,안전운전불이행,건조,맑음,교차로 - 교차로부근,승용,여,52세,상해없음,승용,여,41세,경상
2019080100100439,2019년 8월 1일 16시,목요일,충청북도 충주시 산척면,중상사고,0,1,4,0,차대차 - 추돌,안전거리미확보,건조,맑음,교차로 - 교차로부근,승용,남,60세,중상,승합,남,48세,경상
2019080100100469,2019년 8월 1일 17시,목요일,충청북도 청주시 청원구 오창읍,중상사고,0,2,1,0,차대차 - 기타,교차로운행방법위반,건조,맑음,교차로 - 교차로안,승용,여,59세,상해없음,화물,남,47세,경상
2019080100100470,2019년 8월 1일 17시,목요일,충청북도 청주시 상당구 탑동,경상사고,0,0,1,0,차대차 - 측면충돌,안전운전불이행,건조,맑음,교차로 - 교차로안,승용,여,47세,상해없음,이륜,남,47세,경상
2019080100100521,2019년 8월 1일 18시,목요일,충청북도 청주시 청원구 오동동,경상사고,0,0,4,0,차대차 - 추돌,안전운전불이행,건조,맑음,교차로 - 교차로부근,승용,남,31세,상해없음,승용,남,60세,경상
2019080100100522,2019년 8월 1일 18시,목요일,충청북도 충주시 달천동,경상사고,0,0,3,0,차대차 - 기타,안전거리미확보,건조,맑음,기타 - 기타,화물,남,73세,상해없음,화물,남,37세,경상
2019080100100523,2019년 8월 1일 18시,목요일,충청북도 옥천군 옥천읍,중상사고,0,1,0,0,차대차 - 정면충돌,기타,건조,맑음,단일로 - 기타,승용,여,58세,중상,승용,남,50세,상해없음
2019080100100561,2019년 8월 1일 19시,목요일,충청북도 청주시 서원구 미평동,경상사고,0,0,1,0,차대차 - 측면충돌,안전운전불이행,건조,맑음,교차로 - 교차로안,화물,남,52세,상해없음,승용,남,61세,경상
2019080100100594,2019년 8월 1일 20시,목요일,충청북도 청주시 청원구 내수읍,중상사고,0,2,3,0,차대차 - 기타,중앙선침범,건조,흐림,교차로 - 교차로부근,승합,남,62세,경상,화물,남,67세,중상
2019080100100595,2019년 8월 1일 20시,목요일,충청북도 청주시 서원구 모충동,중상사고,0,1,0,0,차대차 - 기타,안전운전불이행,건조,맑음,교차로 - 교차로안,기타불명,기타불명,미분류,기타불명,승용,남,64세,상해없음