사고번호,사고일시,요일,시군구,사고내용,사망자수,중상자수,경상자수,부상신고자수,사고유형,법규위반,노면상태,기상상태,도로형태,가해운전자 차종,가해운전자 성별,가해운전자 연령,가해운전자 상해정도,피해운전자 차종,피해운전자 성별,피해운전자 연령,피해운전자 상해정도
2019082800100485,2019년 8월 28일 18시,수요일,충청북도 청주시 청원구 북이면,중상사고,0,1,1,0,차대차 - 측면충돌,교차로운행방법위반,젖음/습기,비,교차로 - 교차로안,승용,여,32세,경상,승용,여,54세,중상
2019082800100486,2019년 8월 28일 18시,수요일,충청북도 청주시 청원구 오창읍,중상사고,0,1,0,0,차대차 - 추돌,안전운전불이행,건조,맑음,교차로 - 교차로부근,승용,남,50세,상해없음,이륜,남,62세,중상
2019082800100487,2019년 8월 28일 18시,수요일,충청북도 충주시 연수동,중상사고,0,1,1,0,차대차 - 기타,기타,건조,맑음,교차로 - 교차로안,이륜,남,17세,중상,승용,여,37세,경상
2019082800100488,2019년 8월 28일 18시,수요일,충청북도 괴산군 사리면,경상사고,0,0,3,0,차량단독 - 도로외이탈 - 추락,안전운전불이행,젖음/습기,비,단일로 - 기타,승합,남,62세,경상,,,,
2019082800100537,2019년 8월 28일 19시,수요일,충청북도 청주시 서원구 사직동,경상사고,0,0,1,0,차대차 - 기타,교차로운행방법위반,건조,맑음,교차로 - 교차로부근,승용,여,31세,상해없음,승용,남,55세,경상
2019082800100538,2019년 8월 28일 19시,수요일,충청북도 충주시 대소원면,경상사고,0,0,2,0,차대차 - 추돌,안전운전불이행,건조,맑음,단일로 - 기타,승용,남,35세,상해없음,승용,남,37세,경상
2019082800100539,2019년 8월 28일 19시,수요일,충청북도 음성군 금왕읍,경상사고,0,0,1,0,차대사람 - 횡단중,안전운전불이행,건조,맑음,단일로 - 지하차도(도로)내,승용,여,38세,상해없음,보행자,남,32세,경상
2019082800100593,2019년 8월 28일 21시,수요일,충청북도 청주시 청원구 율량동,중상사고,0,2,0,0,차대사람 - 기타,안전운전불이행,건조,맑음,단일로 - 기타,이륜,남,21세,중상,보행자,여,60세,중상
2019082800100594,2019년 8월 28일 21시,수요일,충청북도 음성군 금왕읍,경상사고,0,0,2,0,차대차 - 측면충돌,중앙선침범,건조,맑음,단일로 - 지하차도(도로)내,승용,남,40세,상해없음,승용,여,67세,경상
2019082800100620,2019년 8월 28일 22시,수요일,충청북도 청주시 상당구 용암동,경상사고,0,0,1,0,차대사람 - 차도통행중,안전운전불이행,건조,맑음,단일로 - 지하차도(도로)내,승용,남,19세,상해없음,보행자,남,25세,경상
2019082800100640,2019년 8월 28일 23시,수요일,충청북도 충주시 대소원면,경상사고,0,0,2,0,차대차 - 기타,교차로운행방법위반,건조,맑음,교차로 - 교차로안,승용,남,23세,상해없음,승용,여,50세,경상
2019082900100085,2019년 8월 29일 07시,목요일,충청북도 청주시 청원구 율량동,경상사고,0,0,1,0,차대차 - 추돌,직진우회전진행방해,건조,맑음,교차로 - 교차로안,화물,남,54세,상해없음,화물,남,65세,경상
2019082900100110,2019년 8월 29일 08시,목요일,충청북도 진천군 초평면,경상사고,0,0,1,0,차대차 - 기타,직진우회전진행방해,건조,맑음,교차로 - 교차로안,승용,남,58세,상해없음,화물,남,55세,경상
2019082900100154,2019년 8월 29일 09시,목요일,충청북도 충주시 수안보면,경상사고,0,0,1,0,차량단독 - 공작물충돌,안전운전불이행,건조,맑음,단일로 - 기타,승용,남,46세,상해없음,,,,
2019082900100181,2019년 8월 29일 10시,목요일,충청북도 청주시 청원구 오창읍,경상사고,0,0,3,0,차대차 - 기타,안전거리미확보,건조,맑음,교차로 - 교차로부근,화물,남,52세,상해없음,승용,남,48세,경상
2019082900100207,2019년 8월 29일 11시,목요일,충청북도 청주시 청원구 북이면,중상사고,0,1,0,0,차대차 - 기타,중앙선침범,건조,맑음,교차로 - 교차로부근,승용,남,20세,상해없음,승용,여,48세,중상
2019082900100240,2019년 8월 29일 12시,목요일,충청북도 청주시 청원구 내덕동,중상사고,0,1,0,0,차대차 - 기타,교차로운행방법위반,건조,맑음,교차로 - 교차로부근,승용,남,37세,상해없음,자전거,여,74세,중상
2019082900100241,2019년 8월 29일 12시,목요일,충청북도 충주시 안림동,중상사고,0,1,0,0,차대차 - 측면충돌,신호위반,건조,맑음,교차로 - 교차로안,승용,남,47세,상해없음,이륜,남,58세,중상
2019082900100270,2019년 8월 29일 13시,목요일,충청북도 제천시 동현동,경상사고,0,0,2,0,차대차 - 추돌,안전거리미확보,건조,맑음,단일로 - 기타,화물,남,43세,상해없음,승용,남,55세,경상
2019082900100271,2019년 8월 29일 13시,목요일,충청북도 청주시 흥덕구 신봉동,경상사고,0,0,1,0,차대차 - 기타,안전운전불이행,건조,맑음,교차로 - 교차로부근,화물,남,50세,상해없음,승용,남,24세,경상
2019082900100299,2019년 8월 29일 14시,목요일,충청북도 충주시 호암동,중상사고,0,1,0,0,차대차 - 측면충돌,신호위반,건조,맑음,교차로 - 교차로부근,자전거,여,79세,중상,승용,여,37세,상해없음
2019082900100333,2019년 8월 29일 15시,목요일,충청북도 제천시 덕산면,경상사고,0,0,1,0,차대차 - 후진중충돌,안전운전불이행,젖음/습기,비,기타 - 기타,승용,여,48세,기타불명,승합,여,56세,경상
2019082900100371,2019년 8월 29일 16시,목요일,충청북도 제천시 두학동,경상사고,0,0,1,1,차량단독 - 공작물충돌,안전운전불이행,건조,흐림,단일로 - 지하차도(도로)내,승용,남,62세,상해없음,,,,
2019082900100372,2019년 8월 29일 16시,목요일,충청북도 영동군 영동읍,경상사고,0,0,1,0,차대차 - 측면충돌,안전운전불이행,건조,맑음,교차로 - 교차로안,이륜,여,50세,경상,승용,남,70세,상해없음
2019082900100373,2019년 8월 29일 16시,목요일,충청북도 청주시 서원구 분평동,중상사고,0,1,0,0,차대차 - 추돌,안전운전불이행,젖음/습기,흐림,교차로 - 교차로부근,이륜,남,26세,중상,승용,남,62세,상해없음
2019082900100415,2019년 8월 29일 17시,목요일,충청북도 제천시 왕암동,경상사고,0,0,1,0,차대차 - 측면충돌,안전운전불이행,건조,맑음,교차로 - 교차로부근,승용,남,25세,상해없음,승용,여,30세,경상
2019082900100416,2019년 8월 29일 17시,목요일,충청북도 청주시 서원구 미평동,경상사고,0,0,2,0,차대차 - 추돌,안전운전불이행,건조,맑음,교차로 - 교차로부근,승용,남,48세,상해없음,화물,남,31세,경상
2019082900100470,2019년 8월 29일 18시,목요일,충청북도 충주시 달천동,경상사고,0,0,1,0,차대차 - 기타,안전운전불이행,건조,맑음,기타 - 기타,승용,남,37세,상해없음,승용,남,59세,경상
2019082900100526,2019년 8월 29일 19시,목요일,충청북도 충주시 금릉동,경상사고,0,0,3,1,차대차 - 측면충돌,안전운전불이행,건조,맑음,교차로 - 교차로안,승용,남,27세,부상신고,승용,남,23세,경상
2019082900100527,2019년 8월 29일 19시,목요일,충청북도 진천군 광혜원면,경상사고,0,0,1,0,차대차 - 정면충돌,중앙선침범,건조,맑음,단일로 - 기타,승합,여,71세,상해없음,승용,남,46세,경상
2019082900100528,2019년 8월 29일 19시,목요일,충청북도 청주시 서원구 개신동,경상사고,0,0,1,0,차대차 - 측면충돌,중앙선침범,건조,맑음,교차로 - 교차로부근,이륜,남,38세,상해없음,기타불명,여,34세,경상
2019082900100529,2019년 8월 29일 19시,목요일,충청북도 청주시 흥덕구 강내면,경상사고,0,0,1,0,차대차 - 추돌,안전거리미확보,기타,기타,단일로 - 기타,승용,남,61세,상해없음,승용,남,46세,경상
2019082900100579,2019년 8월 29일 20시,목요일,충청북도 충주시 교현동,경상사고,0,0,5,0,차대차 - 기타,차로위반,건조,맑음,교차로 - 교차로안,승용,남,61세,상해없음,승용,남,45세,경상
2019082900100580,2019년 8월 29일 20시,목요일,충청북도 청주시 상당구 지북동,경상사고,0,0,1,0,차대사람 - 기타,안전운전불이행,건조,맑음,단일로 - 지하차도(도로)내,승용,남,71세,상해없음,보행자,남,46세,경상
2019082900100614,2019년 8월 29일 21시,목요일,충청북도 음성군 맹동면,경상사고,0,0,1,0,차대차 - 추돌,안전거리미확보,건조,맑음,교차로 - 교차로안,승용,남,27세,상해없음,승용,남,45세,상해없음
2019082900100615,2019년 8월 29일 21시,목요일,충청북도 청주시 상당구 북문로2가동,경상사고,0,0,1,0,차대차 - 측면충돌,신호위반,젖음/습기,비,교차로 - 교차로안,승용,여,33세,상해없음,승용,남,22세,경상
2019082900100651,2019년 8월 29일 22시,목요일,충청북도 충주시 용산동,중상사고,0,1,0,0,차대차 - 기타,안전운전불이행,건조,맑음,교차로 - 교차로안,승용,남,18세,상해없음,자전거,남,34세,중상
2019082900100652,2019년 8월 29일 22시,목요일,충청북도 청주시 흥덕구 비하동,중상사고,0,1,4,0,차대차 - 측면충돌,교차로운행방법위반,건조,맑음,교차로 - 교차로안,승합,여,57세,상해없음,승용,여,61세,경상
2019083000100085,2019년 8월 30일 06시,금요일,충청북도 충주시 동량면,경상사고,0,0,2,0,차대차 - 추돌,안전운전불이행,건조,맑음,교차로 - 교차로부근,승용,남,70세,경상,화물,남,50세,상해없음
2019083000100102,2019년 8월 30일 07시,금요일,충청북도 충주시 칠금동,경상사고,0,0,1,0,차대차 - 측면충돌,안전거리미확보,건조,맑음,단일로 - 기타,승용,여,69세,상해없음,승용,여,30세,경상
2019083000100103,2019년 8월 30일 07시,금요일,충청북도 괴산군 괴산읍,경상사고,0,0,1,0,차대차 - 추돌,안전운전불이행,건조,맑음,교차로 - 교차로안,승용,여,63세,상해없음,승용,남,53세,경상
2019083000100104,2019년 8월 30일 07시,금요일,충청북도 음성군 삼성면,중상사고,0,2,0,0,차대차 - 측면충돌,중앙선침범,건조,맑음,단일로 - 지하차도(도로)내,화물,여,61세,중상,화물,남,33세,중상
2019083000100105,2019년 8월 30일 07시,금요일,충청북도 진천군 진천읍,경상사고,0,0,4,0,차대차 - 측면충돌,안전운전불이행,건조,맑음,교차로 - 교차로안,승용,남,52세,상해없음,승용,남,51세,경상
2019083000100139,2019년 8월 30일 08시,금요일,충청북도 청주시 상당구 북문로3가동,중상사고,0,1,0,0,차대차 - 기타,신호위반,건조,맑음,교차로 - 교차로안,자전거,여,77세,중상,승용,남,60세,상해없음
2019083000100140,2019년 8월 30일 08시,금요일,충청북도 제천시 하소동,경상사고,0,0,2,0,차대차 - 측면충돌,안전운전불이행,젖음/습기,흐림,교차로 - 교차로안,승용,여,64세,상해없음,이륜,남,56세,경상
2019083000100141,2019년 8월 30일 08시,금요일,충청북도 음성군 금왕읍,경상사고,0,0,1,0,차대차 - 측면충돌,안전거리미확보,건조,맑음,교차로 - 교차로부근,승용,남,56세,상해없음,승용,남,28세,경상
2019083000100142,2019년 8월 30일 08시,금요일,충청북도 청주시 서원구 남이면,경상사고,0,0,1,1,차대차 - 측면충돌,차로위반,건조,맑음,단일로 - 기타,승용,여,62세,부상신고,승용,남,36세,경상
2019083000100143,2019년 8월 30일 08시,금요일,충청북도 청주시 흥덕구 신봉동,경상사고,0,0,1,0,차대차 - 기타,신호위반,건조,맑음,교차로 - 교차로안,화물,남,52세,상해없음,승용,남,28세,경상
2019083000100187,2019년 8월 30일 09시,금요일,충청북도 청주시 흥덕구 가경동,경상사고,0,0,2,1,차대차 - 측면충돌,교차로운행방법위반,건조,맑음,교차로 - 교차로안,승용,여,58세,부상신고,승용,남,64세,경상
2019083000100222,2019년 8월 30일 10시,금요일,충청북도 증평군 증평읍,중상사고,0,2,0,0,차대차 - 측면충돌,신호위반,건조,맑음,교차로 - 교차로안,승용,남,54세,상해없음,승용,남,77세,중상
2019083000100262,2019년 8월 30일 11시,금요일,충청북도 제천시 신동,경상사고,0,0,1,0,차대차 - 기타,안전거리미확보,건조,맑음,단일로 - 지하차도(도로)내,승용,남,62세,상해없음,승용,여,42세,경상
2019083000100263,2019년 8월 30일 11시,금요일,충청북도 보은군 보은읍,경상사고,0,0,2,0,차대차 - 측면충돌,안전운전불이행,건조,맑음,단일로 - 기타,승용,남,71세,상해없음,승용,남,65세,경상
2019083000100296,2019년 8월 30일 12시,금요일,충청북도 제천시 명동,경상사고,0,0,1,0,차대차 - 측면충돌,중앙선침범,건조,맑음,교차로 - 교차로안,승용,남,51세,상해없음,화물,남,61세,상해없음
2019083000100297,2019년 8월 30일 12시,금요일,충청북도 음성군 금왕읍,경상사고,0,0,1,0,차대차 - 추돌,안전운전불이행,건조,맑음,교차로 - 교차로안,승용,남,48세,기타불명,승용,여,44세,경상
2019083000100298,2019년 8월 30일 12시,금요일,충청북도 청주시 흥덕구 봉명동,중상사고,0,1,0,0,차대사람 - 기타,안전운전불이행,건조,맑음,단일로 - 기타,승용,여,41세,상해없음,보행자,여,61세,중상
2019083000100328,2019년 8월 30일 13시,금요일,충청북도 제천시 강제동,중상사고,0,1,0,0,차대차 - 측면충돌,직진우회전진행방해,건조,맑음,교차로 - 교차로안,승용,남,54세,상해없음,이륜,남,70세,중상
2019083000100329,2019년 8월 30일 13시,금요일,충청북도 진천군 진천읍,경상사고,0,0,2,0,차대차 - 기타,안전운전불이행,건조,맑음,교차로 - 교차로안,승용,여,52세,경상,승용,남,37세,경상
2019083000100375,2019년 8월 30일 14시,금요일,충청북도 충주시 살미면,경상사고,0,0,1,0,차대차 - 기타,안전운전불이행,건조,맑음,단일로 - 기타,승용,여,39세,상해없음,이륜,남,37세,경상
2019083000100376,2019년 8월 30일 14시,금요일,충청북도 청주시 흥덕구 비하동,중상사고,0,1,1,0,차대차 - 기타,중앙선침범,건조,맑음,단일로 - 기타,승용,남,36세,상해없음,승용,남,53세,경상
2019083000100428,2019년 8월 30일 15시,금요일,충청북도 청주시 흥덕구 봉명동,부상신고사고,0,0,0,1,차대사람 - 기타,안전운전불이행,건조,맑음,단일로 - 기타,기타불명,기타불명,미분류,기타불명,보행자,남,6세,부상신고
2019083000100472,2019년 8월 30일 16시,금요일,충청북도 충주시 목행동,중상사고,0,1,0,0,차대차 - 측면충돌,안전운전불이행,건조,맑음,교차로 - 교차로횡단보도내,자전거,여,63세,중상,화물,남,78세,상해없음
2019083000100473,2019년 8월 30일 16시,금요일,충청북도 증평군 증평읍,경상사고,0,0,1,0,차대사람 - 기타,안전운전불이행,건조,맑음,교차로 - 교차로부근,승용,남,65세,상해없음,보행자,남,32세,경상
2019083000100474,2019년 8월 30일 16시,금요일,충청북도 청주시 서원구 분평동,경상사고,0,0,1,0,차대차 - 측면충돌,차로위반,건조,맑음,단일로 - 기타,승용,여,59세,경상,화물,남,60세,상해없음
2019083000100535,2019년 8월 30일 17시,금요일,충청북도 청주시 서원구 남이면,경상사고,0,0,2,0,차대차 - 측면충돌,안전운전불이행,건조,맑음,기타 - 기타,승용,남,30세,상해없음,승용,남,36세,경상
2019083000100585,2019년 8월 30일 18시,금요일,충청북도 음성군 삼성면,중상사고,0,1,0,0,차대차 - 측면충돌,교차로운행방법위반,건조,맑음,교차로 - 교차로안,이륜,남,37세,중상,승용,남,55세,상해없음
2019083000100586,2019년 8월 30일 18시,금요일,충청북도 청주시 흥덕구 가경동,경상사고,0,0,2,0,차대차 - 측면충돌,교차로운행방법위반,건조,맑음,교차로 - 교차로안,승용,여,50세,경상,승용,여,47세,경상
2019083000100659,2019년 8월 30일 19시,금요일,충청북도 청주시 흥덕구 오송읍,중상사고,0,1,0,0,차대차 - 측면충돌,안전운전불이행,건조,맑음,단일로 - 기타,승용,여,30세,상해없음,자전거,여,59세,중상
2019083000100660,2019년 8월 30일 19시,금요일,충청북도 청주시 서원구 모충동,중상사고,0,1,1,0,차대차 - 측면충돌,신호위반,건조,맑음,교차로 - 교차로안,승합,남,71세,상해없음,승용,남,38세,경상
2019083000100661,2019년 8월 30일 19시,금요일,충청북도 청주시 상당구 용암동,경상사고,0,0,1,0,차대차 - 측면충돌,교차로운행방법위반,건조,맑음,단일로 - 지하차도(도로)내,승용,남,48세,상해없음,승용,남,37세,경상
2019083000100709,2019년 8월 30일 20시,금요일,충청북도 청주시 상당구 북문로1가동,경상사고,0,0,1,0,차대사람 - 기타,안전운전불이행,건조,맑음,단일로 - 기타,승용,여,49세,상해없음,보행자,여,70세,경상
2019083000100743,2019년 8월 30일 21시,금요일,충청북도 청주시 서원구 분평동,중상사고,0,1,0,0,차량단독 - 전도전복 - 전도,안전운전불이행,건조,맑음,단일로 - 기타,개인형이동수단(PM),남,57세,중상,,,,
2019083000100779,2019년 8월 30일 22시,금요일,충청북도 음성군 맹동면,경상사고,0,0,1,0,차대차 - 추돌,안전운전불이행,건조,맑음,단일로 - 지하차도(도로)내,승용,여,33세,상해없음,승용,여,31세,경상
2019083000100811,2019년 8월 30일 23시,금요일,충청북도 청주시 상당구 북문로1가동,경상사고,0,0,2,0,차대차 - 정면충돌,안전운전불이행,건조,맑음,교차로 - 교차로부근,승용,남,22세,상해없음,승용,남,38세,경상
2019083100100083,2019년 8월 31일 02시,토요일,충청북도 청주시 흥덕구 복대동,경상사고,0,0,1,0,차대차 - 측면충돌,교차로운행방법위반,건조,맑음,교차로 - 교차로안,이륜,남,16세,경상,승용,남,32세,상해없음
2019083100100108,2019년 8월 31일 04시,토요일,충청북도 청주시 청원구 율량동,사망사고,1,0,0,0,차대사람 - 기타,안전운전불이행,건조,맑음,교차로 - 교차로안,승용,남,26세,상해없음,보행자,남,84세,사망
2019083100100120,2019년 8월 31일 05시,토요일,충청북도 제천시 송학면,경상사고,0,0,1,0,차대차 - 측면충돌,기타,건조,맑음,교차로 - 교차로안,승용,남,63세,경상,승용,남,60세,상해없음
2019083100100166,2019년 8월 31일 07시,토요일,충청북도 청주시 서원구 죽림동,경상사고,0,0,1,0,차대차 - 측면충돌,신호위반,건조,맑음,교차로 - 교차로안,승용,여,41세,상해없음,승용,남,26세,경상
2019083100100187,2019년 8월 31일 08시,토요일,충청북도 청주시 서원구 산남동,중상사고,0,1,0,0,차대차 - 측면충돌,중앙선침범,건조,맑음,교차로 - 교차로부근,승용,남,76세,상해없음,이륜,남,47세,중상
2019083100100221,2019년 8월 31일 09시,토요일,충청북도 옥천군 옥천읍,경상사고,0,0,3,0,차대차 - 측면충돌,신호위반,건조,맑음,교차로 - 교차로안,승용,남,62세,경상,승용,여,64세,경상
2019083100100267,2019년 8월 31일 10시,토요일,충청북도 옥천군 옥천읍,중상사고,0,1,2,0,차대차 - 측면충돌,교차로운행방법위반,건조,맑음,교차로 - 교차로안,승용,여,53세,상해없음,승용,남,64세,중상
2019083100100268,2019년 8월 31일 10시,토요일,충청북도 옥천군 동이면,중상사고,0,1,1,0,차대차 - 측면충돌,신호위반,건조,맑음,교차로 - 교차로안,승용,여,39세,경상,화물,남,60세,중상
2019083100100302,2019년 8월 31일 11시,토요일,충청북도 청주시 서원구 산남동,경상사고,0,0,2,0,차대차 - 기타,안전운전불이행,건조,맑음,교차로 - 교차로안,승용,남,54세,상해없음,승용,남,51세,경상
2019083100100382,2019년 8월 31일 13시,토요일,충청북도 청주시 서원구 사창동,경상사고,0,0,2,0,차대차 - 측면충돌,신호위반,건조,맑음,교차로 - 교차로안,원동기,남,45세,경상,승용,여,49세,경상
2019083100100383,2019년 8월 31일 13시,토요일,충청북도 증평군 증평읍,경상사고,0,0,1,0,차대차 - 측면충돌,안전운전불이행,건조,맑음,교차로 - 교차로부근,화물,남,44세,경상,승용,여,52세,기타불명
2019083100100423,2019년 8월 31일 14시,토요일,충청북도 충주시 교현동,경상사고,0,0,3,0,차대차 - 기타,안전운전불이행,건조,맑음,기타 - 기타,승용,남,55세,상해없음,승용,여,40세,경상
2019083100100461,2019년 8월 31일 15시,토요일,충청북도 청주시 청원구 오동동,중상사고,0,3,7,0,차대차 - 기타,안전운전불이행,건조,맑음,단일로 - 기타,화물,남,63세,상해없음,승용,남,46세,경상
2019083100100462,2019년 8월 31일 15시,토요일,충청북도 괴산군 괴산읍,중상사고,0,1,0,0,차대사람 - 차도통행중,안전운전불이행,건조,맑음,단일로 - 기타,승용,여,77세,상해없음,보행자,남,68세,중상
2019083100100463,2019년 8월 31일 15시,토요일,충청북도 청주시 상당구 북문로1가동,경상사고,0,0,1,0,차대사람 - 기타,안전거리미확보,건조,맑음,단일로 - 지하차도(도로)내,승합,남,37세,상해없음,보행자,여,66세,경상
2019083100100497,2019년 8월 31일 16시,토요일,충청북도 청주시 청원구 내덕동,중상사고,0,1,0,0,차대차 - 기타,안전거리미확보,건조,맑음,단일로 - 기타,승용,여,26세,상해없음,승합,남,51세,상해없음
2019083100100498,2019년 8월 31일 16시,토요일,충청북도 청주시 청원구 율량동,경상사고,0,0,1,0,차대차 - 기타,안전운전불이행,건조,맑음,교차로 - 교차로안,자전거,남,56세,경상,승용,여,46세,상해없음
2019083100100499,2019년 8월 31일 16시,토요일,충청북도 괴산군 청천면,경상사고,0,0,1,0,차대차 - 측면충돌,안전운전불이행,건조,맑음,교차로 - 교차로안,승용,남,58세,상해없음,농기계,남,81세,경상
2019083100100545,2019년 8월 31일 17시,토요일,충청북도 청주시 흥덕구 강내면,부상신고사고,0,0,0,1,차대차 - 측면충돌,중앙선침범,건조,맑음,단일로 - 기타,승용,남,46세,상해없음,승용,남,27세,상해없음
2019083100100584,2019년 8월 31일 18시,토요일,충청북도 청주시 서원구 개신동,경상사고,0,0,2,0,차대차 - 측면충돌,안전운전불이행,건조,맑음,단일로 - 지하차도(도로)내,승용,남,55세,경상,승용,여,46세,경상
2019083100100628,2019년 8월 31일 19시,토요일,충청북도 음성군 감곡면,경상사고,0,0,2,0,차대차 - 측면충돌,안전운전불이행,건조,맑음,단일로 - 지하차도(도로)내,화물,남,49세,상해없음,승용,여,27세,경상
2019083100100629,2019년 8월 31일 19시,토요일,충청북도 옥천군 청산면,사망사고,1,0,0,0,차량단독 - 도로외이탈 - 추락,안전운전불이행,건조,맑음,단일로 - 기타,화물,남,67세,사망,,,,
2019083100100630,2019년 8월 31일 19시,토요일,충청북도 청주시 흥덕구 향정동,경상사고,0,0,4,0,차대차 - 기타,안전운전불이행,건조,맑음,교차로 - 교차로안,승용,남,48세,경상,승용,남,50세,경상
2019083100100631,2019년 8월 31일 19시,토요일,충청북도 청주시 흥덕구 복대동,경상사고,0,0,1,0,차대차 - 기타,안전거리미확보,건조,맑음,단일로 - 기타,승용,남,41세,상해없음,승용,남,60세,경상
2019083100100705,2019년 8월 31일 21시,토요일,충청북도 제천시 백운면,부상신고사고,0,0,0,4,차대차 - 추돌,안전운전불이행,건조,맑음,단일로 - 지하차도(도로)내,승용,남,44세,상해없음,승용,여,48세,상해없음
2019083100100706,2019년 8월 31일 21시,토요일,충청북도 청주시 상당구 남일면,경상사고,0,0,5,0,차대차 - 측면충돌,안전운전불이행,건조,맑음,교차로 - 교차로부근,승합,남,53세,상해없음,승합,남,39세,경상
2019090100100019,2019년 9월 1일 00시,일요일,충청북도 청주시 청원구 내덕동,중상사고,0,1,1,0,차대차 - 기타,교차로운행방법위반,건조,맑음,교차로 - 교차로안,승용,남,56세,상해없음,승합,남,34세,중상
2019090100100020,2019년 9월 1일 00시,일요일,충청북도 청주시 흥덕구 오송읍,경상사고,0,0,2,0,차대차 - 기타,차로위반,건조,맑음,단일로 - 기타,승용,남,37세,상해없음,승용,남,37세,경상
2019090100100041,2019년 9월 1일 01시,일요일,충청북도 청주시 흥덕구 복대동,중상사고,0,1,0,0,차대차 - 기타,신호위반,건조,맑음,교차로 - 교차로안,승용,남,29세,상해없음,승용,남,51세,중상
2019090100100075,2019년 9월 1일 03시,일요일,충청북도 청주시 흥덕구 복대동,경상사고,0,0,1,0,차대차 - 기타,교차로운행방법위반,건조,맑음,교차로 - 교차로부근,승용,남,35세,상해없음,원동기,남,16세,경상
2019090100100113,2019년 9월 1일 08시,일요일,충청북도 청주시 청원구 내수읍,경상사고,0,0,2,0,차대차 - 측면충돌,교차로운행방법위반,건조,맑음,교차로 - 교차로안,승용,남,72세,경상,승용,남,37세,경상
2019090100100131,2019년 9월 1일 09시,일요일,충청북도 청주시 상당구 방서동,경상사고,0,0,2,0,차대차 - 추돌,안전운전불이행,건조,맑음,교차로 - 교차로부근,이륜,남,36세,경상,승용,남,42세,경상
2019090100100176,2019년 9월 1일 11시,일요일,충청북도 제천시 영천동,경상사고,0,0,1,0,차량단독 - 공작물충돌,안전운전불이행,건조,맑음,단일로 - 기타,승용,여,20세,경상,,,,
2019090100100177,2019년 9월 1일 11시,일요일,충청북도 청주시 흥덕구 가경동,경상사고,0,0,3,0,차대차 - 후진중충돌,안전운전불이행,건조,맑음,교차로 - 교차로부근,승용,남,49세,상해없음,승용,여,41세,상해없음
2019090100100178,2019년 9월 1일 11시,일요일,충청북도 청주시 상당구 용암동,경상사고,0,0,2,0,차대차 - 측면충돌,안전운전불이행,건조,맑음,단일로 - 지하차도(도로)내,승용,남,72세,상해없음,승용,남,68세,경상
2019090100100196,2019년 9월 1일 12시,일요일,충청북도 청주시 상당구 용암동,부상신고사고,0,0,0,1,차대차 - 측면충돌,안전운전불이행,건조,맑음,교차로 - 교차로안,자전거,여,70세,부상신고,승용,남,33세,상해없음
2019090100100222,2019년 9월 1일 13시,일요일,충청북도 제천시 청전동,경상사고,0,0,1,0,차대차 - 측면충돌,안전거리미확보,건조,맑음,교차로 - 교차로안,승용,남,21세,상해없음,승용,남,60세,상해없음
2019090100100223,2019년 9월 1일 13시,일요일,충청북도 영동군 용산면,중상사고,0,1,2,0,차대차 - 추돌,안전운전불이행,건조,맑음,단일로 - 기타,화물,남,76세,중상,승용,남,61세,경상
2019090100100259,2019년 9월 1일 14시,일요일,충청북도 괴산군 칠성면,경상사고,0,0,1,0,차대차 - 추돌,안전운전불이행,건조,맑음,교차로 - 교차로안,자전거,여,24세,상해없음,자전거,여,61세,경상
2019090100100322,2019년 9월 1일 16시,일요일,충청북도 충주시 주덕읍,중상사고,0,4,1,0,차대차 - 측면충돌,중앙선침범,건조,맑음,교차로 - 교차로부근,이륜,남,61세,상해없음,승용,여,23세,중상
2019090100100323,2019년 9월 1일 16시,일요일,충청북도 청주시 상당구 미원면,사망사고,1,1,2,0,차대차 - 정면충돌,중앙선침범,건조,맑음,단일로 - 기타,이륜,남,64세,중상,승용,남,64세,경상
2019090100100351,2019년 9월 1일 17시,일요일,충청북도 제천시 강제동,경상사고,0,0,1,0,차대차 - 측면충돌,안전거리미확보,건조,맑음,단일로 - 기타,승용,여,48세,경상,승용,남,57세,상해없음
2019090100100385,2019년 9월 1일 18시,일요일,충청북도 청주시 청원구 율량동,경상사고,0,0,1,0,차대차 - 기타,직진우회전진행방해,건조,맑음,교차로 - 교차로안,승용,남,65세,상해없음,승용,여,33세,경상
2019090100100386,2019년 9월 1일 18시,일요일,충청북도 청주시 흥덕구 신봉동,경상사고,0,0,1,0,차대차 - 기타,안전거리미확보,건조,맑음,교차로 - 교차로부근,승용,남,26세,상해없음,이륜,남,27세,경상
2019090100100387,2019년 9월 1일 18시,일요일,충청북도 청주시 상당구 남주동,중상사고,0,2,1,0,차대차 - 측면충돌,교차로운행방법위반,건조,맑음,교차로 - 교차로안,승용,여,37세,경상,화물,남,62세,중상
2019090100100417,2019년 9월 1일 19시,일요일,충청북도 청주시 청원구 주성동,경상사고,0,0,2,0,차대차 - 추돌,안전운전불이행,건조,맑음,교차로 - 교차로부근,화물,남,70세,경상,승용,남,46세,경상
2019090100100418,2019년 9월 1일 19시,일요일,충청북도 제천시 왕암동,사망사고,1,0,0,0,차대사람 - 횡단중,과속,젖음/습기,비,단일로 - 지하차도(도로)내,승용,남,46세,상해없음,보행자,여,90세 이상,사망