사고번호,사고일시,요일,시군구,사고내용,사망자수,중상자수,경상자수,부상신고자수,사고유형,법규위반,노면상태,기상상태,도로형태,가해운전자 차종,가해운전자 성별,가해운전자 연령,가해운전자 상해정도,피해운전자 차종,피해운전자 성별,피해운전자 연령,피해운전자 상해정도
2019090500100676,2019년 9월 5일 22시,목요일,충청북도 청주시 흥덕구 복대동,경상사고,0,0,1,0,차대차 - 측면충돌,불법유턴,건조,맑음,단일로 - 기타,승용,남,23세,상해없음,승용,남,25세,경상
2019090500100702,2019년 9월 5일 23시,목요일,충청북도 청주시 서원구 사창동,경상사고,0,0,1,0,차대차 - 기타,안전운전불이행,젖음/습기,비,교차로 - 교차로부근,승용,남,66세,상해없음,이륜,남,17세,경상
2019090500100703,2019년 9월 5일 23시,목요일,충청북도 충주시 교현동,경상사고,0,0,1,0,차대차 - 측면충돌,안전거리미확보,건조,흐림,단일로 - 기타,승용,남,44세,상해없음,승용,여,60세,경상
2019090600100031,2019년 9월 6일 00시,금요일,충청북도 청주시 흥덕구 비하동,경상사고,0,0,3,0,차대차 - 추돌,안전운전불이행,건조,맑음,단일로 - 기타,승용,여,57세,상해없음,승용,남,49세,경상
2019090600100117,2019년 9월 6일 08시,금요일,충청북도 청주시 청원구 내덕동,경상사고,0,0,1,0,차대차 - 기타,교차로운행방법위반,건조,맑음,교차로 - 교차로부근,승용,여,52세,상해없음,화물,남,29세,경상
2019090600100145,2019년 9월 6일 09시,금요일,충청북도 청주시 청원구 오창읍,중상사고,0,2,4,0,차대차 - 기타,직진우회전진행방해,건조,맑음,교차로 - 교차로안,승용,여,36세,중상,승용,남,62세,중상
2019090600100146,2019년 9월 6일 09시,금요일,충청북도 충주시 용산동,경상사고,0,0,1,0,차대차 - 기타,안전운전불이행,건조,맑음,교차로 - 교차로안,승용,여,37세,상해없음,자전거,여,55세,경상
2019090600100170,2019년 9월 6일 10시,금요일,충청북도 청주시 흥덕구 석소동,경상사고,0,0,1,0,차대차 - 기타,안전거리미확보,건조,맑음,단일로 - 지하차도(도로)내,화물,남,78세,상해없음,승용,남,51세,경상
2019090600100205,2019년 9월 6일 11시,금요일,충청북도 제천시 신백동,경상사고,0,0,1,0,차대차 - 추돌,안전운전불이행,건조,맑음,교차로 - 교차로부근,화물,남,52세,상해없음,승용,여,55세,경상
2019090600100206,2019년 9월 6일 11시,금요일,충청북도 청주시 흥덕구 옥산면,경상사고,0,0,1,0,차량단독 - 기타,기타,건조,맑음,단일로 - 터널,화물,남,27세,경상,,,,
2019090600100240,2019년 9월 6일 12시,금요일,충청북도 청주시 청원구 우암동,경상사고,0,0,1,0,차대차 - 측면충돌,안전운전불이행,건조,맑음,단일로 - 기타,승합,남,25세,상해없음,특수,남,38세,상해없음
2019090600100265,2019년 9월 6일 13시,금요일,충청북도 충주시 교현동,중상사고,0,2,7,1,차대차 - 기타,안전운전불이행,건조,맑음,단일로 - 기타,승용,남,84세,부상신고,승합,남,61세,경상
2019090600100306,2019년 9월 6일 14시,금요일,충청북도 진천군 문백면,경상사고,0,0,1,0,차량단독 - 도로외이탈 - 기타,안전운전불이행,젖음/습기,맑음,단일로 - 기타,화물,남,58세,경상,,,,
2019090600100307,2019년 9월 6일 14시,금요일,충청북도 청주시 서원구 미평동,경상사고,0,0,1,0,차대차 - 추돌,안전운전불이행,건조,맑음,교차로 - 교차로안,화물,남,58세,상해없음,승용,여,50세,경상
2019090600100338,2019년 9월 6일 15시,금요일,충청북도 충주시 교현동,중상사고,0,1,0,0,차대차 - 기타,안전운전불이행,건조,맑음,교차로 - 교차로안,승용,여,29세,중상,화물,남,48세,상해없음
2019090600100339,2019년 9월 6일 15시,금요일,충청북도 제천시 명동,중상사고,0,1,0,0,차대사람 - 횡단중,안전운전불이행,건조,흐림,단일로 - 기타,승용,남,49세,상해없음,보행자,여,60세,중상
2019090600100340,2019년 9월 6일 15시,금요일,충청북도 청주시 흥덕구 봉명동,중상사고,0,1,0,0,차대차 - 측면충돌,안전운전불이행,건조,맑음,교차로 - 교차로부근,승용,남,65세,상해없음,승용,여,32세,중상
2019090600100341,2019년 9월 6일 15시,금요일,충청북도 청주시 서원구 수곡동,경상사고,0,0,1,0,차대사람 - 기타,안전운전불이행,건조,맑음,단일로 - 기타,승용,여,58세,상해없음,보행자,남,52세,경상
2019090600100390,2019년 9월 6일 16시,금요일,충청북도 제천시 강제동,경상사고,0,0,2,0,차대차 - 측면충돌,안전운전불이행,건조,맑음,단일로 - 지하차도(도로)내,화물,남,85세,상해없음,승용,남,62세,경상
2019090600100443,2019년 9월 6일 17시,금요일,충청북도 충주시 호암동,중상사고,0,1,0,0,차대차 - 측면충돌,안전운전불이행,건조,맑음,단일로 - 기타,이륜,남,49세,중상,화물,남,66세,상해없음
2019090600100444,2019년 9월 6일 17시,금요일,충청북도 청주시 서원구 수곡동,부상신고사고,0,0,0,1,차대차 - 기타,안전거리미확보,건조,맑음,교차로 - 교차로안,기타불명,기타불명,미분류,기타불명,이륜,남,43세,부상신고
2019090600100539,2019년 9월 6일 19시,금요일,충청북도 충주시 교현동,경상사고,0,0,1,0,차대차 - 기타,안전거리미확보,건조,맑음,교차로 - 교차로안,자전거,남,14세,경상,승용,여,44세,상해없음
2019090600100540,2019년 9월 6일 19시,금요일,충청북도 청주시 흥덕구 가경동,경상사고,0,0,1,0,차대차 - 측면충돌,안전운전불이행,건조,맑음,단일로 - 기타,승용,남,57세,상해없음,자전거,남,31세,경상
2019090600100541,2019년 9월 6일 19시,금요일,충청북도 청주시 상당구 금천동,중상사고,0,1,0,0,차대사람 - 기타,안전운전불이행,건조,흐림,단일로 - 기타,승용,남,50세,상해없음,보행자,남,7세,중상
2019090600100600,2019년 9월 6일 20시,금요일,충청북도 청주시 청원구 오창읍,경상사고,0,0,2,0,차대차 - 기타,안전운전불이행,건조,맑음,교차로 - 교차로안,승용,남,51세,상해없음,승용,남,40세,경상
2019090600100682,2019년 9월 6일 22시,금요일,충청북도 청주시 흥덕구 신봉동,경상사고,0,0,1,0,차대차 - 기타,신호위반,건조,맑음,교차로 - 교차로안,기타불명,기타불명,미분류,기타불명,승용,남,30세,경상
2019090600100713,2019년 9월 6일 23시,금요일,충청북도 청주시 청원구 율량동,경상사고,0,0,1,0,차대차 - 기타,안전운전불이행,건조,맑음,단일로 - 기타,승용,남,24세,상해없음,승용,남,27세,경상
2019090600100714,2019년 9월 6일 23시,금요일,충청북도 청주시 흥덕구 봉명동,경상사고,0,0,2,1,차대차 - 측면충돌,신호위반,건조,흐림,교차로 - 교차로안,승용,남,29세,부상신고,승용,여,41세,경상
2019090600100715,2019년 9월 6일 23시,금요일,충청북도 청주시 서원구 산남동,경상사고,0,0,2,0,차대차 - 측면충돌,안전운전불이행,건조,맑음,단일로 - 기타,승용,여,34세,상해없음,승용,여,27세,경상
2019090700100036,2019년 9월 7일 00시,토요일,충청북도 청주시 서원구 사직동,중상사고,0,2,3,0,차대차 - 기타,신호위반,젖음/습기,비,교차로 - 교차로안,승용,남,49세,상해없음,승용,남,51세,중상
2019090700100037,2019년 9월 7일 00시,토요일,충청북도 충주시 동량면,경상사고,0,0,2,0,차대차 - 기타,안전운전불이행,건조,맑음,단일로 - 기타,승용,남,34세,상해없음,승용,남,53세,경상
2019090700100062,2019년 9월 7일 01시,토요일,충청북도 진천군 진천읍,경상사고,0,0,1,0,차대차 - 측면충돌,직진우회전진행방해,건조,맑음,교차로 - 교차로안,승용,남,58세,경상,승용,남,60세,상해없음
2019090700100096,2019년 9월 7일 03시,토요일,충청북도 괴산군 장연면,경상사고,0,0,1,0,차대차 - 측면충돌,안전운전불이행,건조,맑음,단일로 - 교량,화물,남,40세,상해없음,화물,남,43세,경상
2019090700100147,2019년 9월 7일 08시,토요일,충청북도 청주시 흥덕구 강내면,경상사고,0,0,1,0,차대차 - 측면충돌,안전운전불이행,젖음/습기,비,교차로 - 교차로안,승용,여,49세,상해없음,승용,여,61세,경상
2019090700100171,2019년 9월 7일 09시,토요일,충청북도 청주시 청원구 우암동,경상사고,0,0,1,0,차대차 - 측면충돌,교차로운행방법위반,건조,맑음,교차로 - 교차로안,승합,여,64세,상해없음,승용,여,51세,경상
2019090700100172,2019년 9월 7일 09시,토요일,충청북도 음성군 생극면,중상사고,0,1,0,0,차대차 - 기타,신호위반,건조,맑음,교차로 - 교차로안,승용,남,58세,상해없음,특수,남,45세,중상
2019090700100228,2019년 9월 7일 11시,토요일,충청북도 청주시 서원구 산남동,경상사고,0,0,3,0,차대차 - 추돌,안전거리미확보,건조,흐림,교차로 - 교차로부근,승용,남,31세,경상,승용,남,69세,경상
2019090700100262,2019년 9월 7일 12시,토요일,충청북도 청주시 서원구 사직동,중상사고,0,1,2,0,차대차 - 측면충돌,중앙선침범,건조,맑음,교차로 - 교차로부근,승용,남,33세,상해없음,승합,남,42세,경상
2019090700100263,2019년 9월 7일 12시,토요일,충청북도 청주시 흥덕구 비하동,경상사고,0,0,1,0,차대차 - 기타,차로위반,건조,맑음,단일로 - 기타,승합,여,66세,상해없음,승용,남,32세,경상
2019090700100302,2019년 9월 7일 14시,토요일,충청북도 청주시 흥덕구 복대동,경상사고,0,0,1,0,차대차 - 기타,안전운전불이행,건조,맑음,교차로 - 교차로부근,승용,남,51세,상해없음,이륜,남,42세,경상
2019090700100337,2019년 9월 7일 16시,토요일,충청북도 청주시 흥덕구 강서동,경상사고,0,0,2,0,차대차 - 측면충돌,안전운전불이행,건조,맑음,교차로 - 교차로안,승용,남,45세,경상,승용,남,48세,경상
2019090700100418,2019년 9월 7일 19시,토요일,충청북도 충주시 호암동,중상사고,0,1,0,0,차대사람 - 횡단중,보행자보호의무위반,건조,흐림,교차로 - 교차로횡단보도내,승합,남,46세,상해없음,보행자,여,67세,중상
2019090700100490,2019년 9월 7일 22시,토요일,충청북도 음성군 감곡면,경상사고,0,0,1,0,차대차 - 측면충돌,교차로운행방법위반,젖음/습기,비,교차로 - 교차로안,승용,남,30세,상해없음,자전거,남,54세,경상
2019090800100024,2019년 9월 8일 00시,일요일,충청북도 충주시 주덕읍,경상사고,0,0,2,1,차대차 - 기타,신호위반,젖음/습기,비,교차로 - 교차로안,승용,남,23세,부상신고,승용,남,20세,경상
2019090800100054,2019년 9월 8일 03시,일요일,충청북도 음성군 감곡면,경상사고,0,0,1,0,차대차 - 추돌,안전운전불이행,건조,맑음,교차로 - 교차로부근,승용,남,35세,경상,승용,남,47세,상해없음
2019090800100097,2019년 9월 8일 08시,일요일,충청북도 청주시 서원구 사창동,경상사고,0,0,1,0,차대차 - 추돌,안전운전불이행,건조,맑음,교차로 - 교차로부근,승용,여,62세,상해없음,승용,여,57세,경상
2019090800100098,2019년 9월 8일 08시,일요일,충청북도 괴산군 괴산읍,경상사고,0,0,1,0,차대차 - 측면충돌,신호위반,건조,맑음,교차로 - 교차로안,화물,남,55세,상해없음,승용,남,58세,경상
2019090800100111,2019년 9월 8일 09시,일요일,충청북도 청주시 흥덕구 운천동,경상사고,0,0,1,0,차대차 - 기타,안전운전불이행,건조,맑음,교차로 - 교차로부근,승용,남,36세,상해없음,승용,남,68세,경상
2019090800100157,2019년 9월 8일 11시,일요일,충청북도 충주시 대소원면,경상사고,0,0,1,0,차대차 - 기타,안전거리미확보,건조,맑음,교차로 - 교차로부근,승용,남,59세,상해없음,화물,여,56세,경상
2019090800100158,2019년 9월 8일 11시,일요일,충청북도 보은군 수한면,부상신고사고,0,0,0,1,차대차 - 추돌,안전운전불이행,건조,맑음,단일로 - 기타,자전거,남,55세,부상신고,화물,남,63세,상해없음
2019090800100188,2019년 9월 8일 12시,일요일,충청북도 청주시 상당구 남일면,중상사고,0,1,0,0,차대사람 - 길가장자리구역통행중,안전운전불이행,건조,맑음,단일로 - 지하차도(도로)내,자전거,남,47세,상해없음,보행자,여,77세,중상
2019090800100215,2019년 9월 8일 13시,일요일,충청북도 음성군 금왕읍,경상사고,0,0,1,0,차대차 - 측면충돌,직진우회전진행방해,건조,맑음,교차로 - 교차로안,승용,여,74세,상해없음,이륜,남,78세,경상
2019090800100216,2019년 9월 8일 13시,일요일,충청북도 청주시 흥덕구 비하동,중상사고,0,2,1,0,차대차 - 측면충돌,안전운전불이행,건조,맑음,교차로 - 교차로안,승용,남,27세,상해없음,승용,남,29세,경상
2019090800100247,2019년 9월 8일 14시,일요일,충청북도 단양군 어상천면,중상사고,0,2,3,0,차대차 - 기타,중앙선침범,건조,맑음,단일로 - 기타,승용,여,40세,상해없음,승용,남,48세,경상
2019090800100279,2019년 9월 8일 15시,일요일,충청북도 청주시 서원구 개신동,경상사고,0,0,1,0,차대차 - 측면충돌,안전운전불이행,건조,맑음,단일로 - 기타,승용,여,26세,상해없음,자전거,남,12세,경상
2019090800100318,2019년 9월 8일 16시,일요일,충청북도 단양군 단양읍,부상신고사고,0,0,0,4,차대차 - 추돌,안전운전불이행,건조,맑음,기타 - 기타,승용,여,25세,상해없음,승용,남,51세,부상신고
2019090800100319,2019년 9월 8일 16시,일요일,충청북도 단양군 매포읍,중상사고,0,1,1,0,차대차 - 측면충돌,신호위반,건조,맑음,교차로 - 교차로안,승용,남,58세,상해없음,승용,남,64세,경상
2019090800100320,2019년 9월 8일 16시,일요일,충청북도 청주시 상당구 문의면,경상사고,0,0,2,0,차대차 - 측면충돌,신호위반,건조,맑음,교차로 - 교차로안,승용,남,60세,상해없음,승용,여,35세,경상
2019090800100321,2019년 9월 8일 16시,일요일,충청북도 청주시 상당구 석교동,경상사고,0,0,1,0,차대사람 - 기타,안전운전불이행,건조,맑음,단일로 - 지하차도(도로)내,승용,여,38세,상해없음,보행자,여,77세,경상
2019090800100391,2019년 9월 8일 18시,일요일,충청북도 청주시 청원구 내덕동,경상사고,0,0,1,0,차대차 - 측면충돌,안전운전불이행,건조,맑음,교차로 - 교차로횡단보도내,승용,남,67세,상해없음,자전거,남,11세,경상
2019090800100392,2019년 9월 8일 18시,일요일,충청북도 청주시 청원구 율량동,경상사고,0,0,1,0,차대차 - 후진중충돌,안전운전불이행,건조,맑음,교차로 - 교차로부근,승용,남,69세,상해없음,승용,남,34세,경상
2019090800100393,2019년 9월 8일 18시,일요일,충청북도 청주시 서원구 수곡동,경상사고,0,0,1,0,차대차 - 측면충돌,안전운전불이행,건조,맑음,교차로 - 교차로안,승용,남,58세,상해없음,승용,남,37세,경상
2019090800100416,2019년 9월 8일 19시,일요일,충청북도 충주시 칠금동,중상사고,0,1,0,0,차대차 - 기타,안전거리미확보,건조,맑음,교차로 - 교차로부근,승용,여,37세,상해없음,이륜,남,24세,중상
2019090800100417,2019년 9월 8일 19시,일요일,충청북도 제천시 하소동,경상사고,0,0,1,0,차량단독 - 기타,안전운전불이행,건조,맑음,기타 - 기타,승용,남,59세,상해없음,,,,
2019090800100453,2019년 9월 8일 20시,일요일,충청북도 청주시 흥덕구 봉명동,중상사고,0,1,0,0,차대차 - 기타,교차로운행방법위반,젖음/습기,비,교차로 - 교차로안,승용,남,32세,상해없음,이륜,남,44세,중상
2019090800100454,2019년 9월 8일 20시,일요일,충청북도 청주시 상당구 금천동,경상사고,0,0,3,0,차대차 - 후진중충돌,안전운전불이행,젖음/습기,비,교차로 - 교차로부근,승용,남,44세,상해없음,승용,남,37세,경상
2019090800100455,2019년 9월 8일 20시,일요일,충청북도 괴산군 연풍면,경상사고,0,0,4,0,차대차 - 추돌,안전운전불이행,건조,맑음,기타 - 기타,승용,남,58세,상해없음,승용,여,45세,경상
2019090800100505,2019년 9월 8일 22시,일요일,충청북도 청주시 흥덕구 오송읍,경상사고,0,0,1,0,차대차 - 기타,안전거리미확보,건조,맑음,교차로 - 교차로부근,승용,여,46세,상해없음,승용,여,34세,경상
2019090800100506,2019년 9월 8일 22시,일요일,충청북도 청주시 상당구 용암동,경상사고,0,0,1,0,차대차 - 측면충돌,신호위반,건조,맑음,단일로 - 지하차도(도로)내,이륜,남,55세,상해없음,자전거,여,28세,경상
2019090800100524,2019년 9월 8일 23시,일요일,충청북도 영동군 영동읍,경상사고,0,0,1,0,차대사람 - 길가장자리구역통행중,안전운전불이행,건조,맑음,교차로 - 교차로안,승용,남,55세,상해없음,보행자,남,25세,경상
2019090900100068,2019년 9월 9일 05시,월요일,충청북도 충주시 금릉동,중상사고,0,1,0,0,차량단독 - 기타,안전운전불이행,건조,맑음,단일로 - 기타,원동기,남,34세,중상,,,,
2019090900100082,2019년 9월 9일 06시,월요일,충청북도 청주시 청원구 외평동,중상사고,0,1,0,0,차대차 - 정면충돌,중앙선침범,젖음/습기,비,교차로 - 교차로부근,승합,남,53세,상해없음,승용,여,48세,중상
2019090900100107,2019년 9월 9일 07시,월요일,미분류 미분류 미분류,중상사고,0,1,2,0,차대차 - 측면충돌,안전운전불이행,젖음/습기,비,단일로 - 기타,화물,남,75세,상해없음,화물,남,68세,경상
2019090900100139,2019년 9월 9일 08시,월요일,충청북도 청주시 서원구 사창동,중상사고,0,1,0,0,차대차 - 기타,교차로운행방법위반,건조,맑음,교차로 - 교차로부근,승용,여,67세,상해없음,승용,여,49세,중상
2019090900100140,2019년 9월 9일 08시,월요일,충청북도 청주시 흥덕구 신촌동,경상사고,0,0,2,0,차대차 - 측면충돌,안전거리미확보,건조,맑음,교차로 - 교차로부근,승용,여,37세,경상,화물,남,52세,경상
2019090900100190,2019년 9월 9일 09시,월요일,충청북도 청주시 청원구 우암동,경상사고,0,0,2,0,차대차 - 기타,중앙선침범,젖음/습기,비,단일로 - 기타,승용,남,31세,경상,승용,여,57세,경상
2019090900100191,2019년 9월 9일 09시,월요일,충청북도 청주시 청원구 내덕동,경상사고,0,0,1,0,차대차 - 측면충돌,안전거리미확보,젖음/습기,비,교차로 - 교차로부근,승용,남,61세,상해없음,승용,남,51세,경상
2019090900100192,2019년 9월 9일 09시,월요일,충청북도 제천시 강제동,경상사고,0,0,2,0,차대차 - 측면충돌,직진우회전진행방해,건조,맑음,교차로 - 교차로안,승용,여,44세,경상,승용,여,35세,경상
2019090900100228,2019년 9월 9일 10시,월요일,충청북도 음성군 금왕읍,경상사고,0,0,1,0,차대차 - 측면충돌,교차로운행방법위반,젖음/습기,비,교차로 - 교차로안,승용,남,43세,상해없음,이륜,남,54세,경상
2019090900100229,2019년 9월 9일 10시,월요일,충청북도 청주시 흥덕구 복대동,경상사고,0,0,2,0,차대차 - 측면충돌,안전거리미확보,건조,맑음,단일로 - 기타,승용,남,52세,상해없음,화물,남,23세,경상
2019090900100275,2019년 9월 9일 11시,월요일,충청북도 청주시 흥덕구 봉명동,경상사고,0,0,1,0,차대차 - 기타,안전거리미확보,젖음/습기,비,단일로 - 기타,승용,여,50세,상해없음,승용,남,64세,경상
2019090900100328,2019년 9월 9일 12시,월요일,충청북도 옥천군 옥천읍,경상사고,0,0,1,0,차대차 - 추돌,안전운전불이행,젖음/습기,비,교차로 - 교차로부근,승용,여,49세,상해없음,이륜,여,66세,경상
2019090900100365,2019년 9월 9일 13시,월요일,충청북도 청주시 청원구 내덕동,경상사고,0,0,1,0,차대차 - 기타,안전운전불이행,젖음/습기,비,교차로 - 교차로부근,건설기계,남,54세,상해없음,승용,여,21세,경상
2019090900100366,2019년 9월 9일 13시,월요일,충청북도 충주시 교현동,경상사고,0,0,1,0,차대차 - 측면충돌,교차로운행방법위반,젖음/습기,비,교차로 - 교차로안,화물,남,64세,상해없음,이륜,남,32세,경상
2019090900100367,2019년 9월 9일 13시,월요일,충청북도 음성군 금왕읍,경상사고,0,0,2,0,차대차 - 측면충돌,교차로운행방법위반,젖음/습기,비,교차로 - 교차로안,화물,남,57세,경상,승용,여,37세,경상
2019090900100395,2019년 9월 9일 14시,월요일,충청북도 청주시 흥덕구 가경동,경상사고,0,0,3,0,차대차 - 추돌,안전운전불이행,건조,맑음,단일로 - 기타,승용,남,27세,상해없음,승용,남,46세,상해없음
2019090900100431,2019년 9월 9일 15시,월요일,충청북도 충주시 연수동,중상사고,0,1,4,0,차대차 - 정면충돌,중앙선침범,젖음/습기,비,교차로 - 교차로부근,승용,여,68세,상해없음,승용,여,50세,중상
2019090900100432,2019년 9월 9일 15시,월요일,충청북도 충주시 충인동,경상사고,0,0,3,0,차대차 - 기타,직진우회전진행방해,건조,맑음,교차로 - 교차로안,승용,남,66세,상해없음,승용,여,35세,경상
2019090900100433,2019년 9월 9일 15시,월요일,충청북도 제천시 장락동,경상사고,0,0,2,0,차대차 - 추돌,안전운전불이행,젖음/습기,비,단일로 - 지하차도(도로)내,승합,남,30세,상해없음,승용,남,45세,경상
2019090900100434,2019년 9월 9일 15시,월요일,충청북도 청주시 상당구 월오동,중상사고,0,1,4,0,차대차 - 추돌,안전운전불이행,건조,맑음,단일로 - 지하차도(도로)내,승용,여,69세,경상,화물,남,45세,경상
2019090900100435,2019년 9월 9일 15시,월요일,충청북도 청주시 서원구 산남동,경상사고,0,0,1,0,차대차 - 측면충돌,안전운전불이행,건조,맑음,교차로 - 교차로부근,승용,여,43세,상해없음,승용,남,46세,경상
2019090900100482,2019년 9월 9일 16시,월요일,충청북도 충주시 호암동,경상사고,0,0,1,0,차대차 - 기타,안전운전불이행,젖음/습기,비,교차로 - 교차로부근,승용,남,69세,상해없음,승용,남,33세,경상
2019090900100483,2019년 9월 9일 16시,월요일,충청북도 제천시 의림동,중상사고,0,1,0,0,차대차 - 측면충돌,직진우회전진행방해,건조,맑음,교차로 - 교차로안,승용,남,58세,기타불명,승합,남,61세,중상
2019090900100524,2019년 9월 9일 17시,월요일,충청북도 청주시 서원구 미평동,중상사고,0,1,0,0,차대차 - 추돌,안전운전불이행,젖음/습기,흐림,교차로 - 교차로부근,승용,여,39세,상해없음,승용,여,55세,중상
2019090900100568,2019년 9월 9일 18시,월요일,충청북도 청주시 서원구 사창동,경상사고,0,0,1,0,차대사람 - 차도통행중,안전운전불이행,젖음/습기,비,단일로 - 기타,승용,남,23세,상해없음,보행자,여,18세,경상
2019090900100569,2019년 9월 9일 18시,월요일,충청북도 제천시 영천동,경상사고,0,0,3,0,차대차 - 추돌,안전운전불이행,젖음/습기,비,교차로 - 교차로부근,승합,남,45세,상해없음,승용,남,18세,경상
2019090900100570,2019년 9월 9일 18시,월요일,충청북도 제천시 동현동,경상사고,0,0,1,0,차대차 - 추돌,안전운전불이행,젖음/습기,비,교차로 - 교차로부근,화물,남,49세,상해없음,승합,남,50세,경상
2019090900100633,2019년 9월 9일 19시,월요일,충청북도 충주시 교현동,경상사고,0,0,2,0,차대차 - 측면충돌,안전운전불이행,젖음/습기,비,단일로 - 기타,승용,남,34세,경상,승용,남,23세,경상
2019090900100634,2019년 9월 9일 19시,월요일,충청북도 충주시 대소원면,경상사고,0,0,1,0,차대사람 - 차도통행중,안전운전불이행,건조,흐림,단일로 - 기타,승용,남,52세,상해없음,보행자,남,28세,경상
2019090900100635,2019년 9월 9일 19시,월요일,충청북도 청주시 서원구 모충동,중상사고,0,1,0,0,차대차 - 측면충돌,신호위반,건조,맑음,교차로 - 교차로안,승용,남,52세,상해없음,이륜,남,62세,중상
2019090900100687,2019년 9월 9일 20시,월요일,충청북도 청주시 청원구 율량동,중상사고,0,1,1,0,차대차 - 기타,교차로운행방법위반,건조,맑음,교차로 - 교차로안,화물,여,52세,경상,승용,남,47세,중상
2019090900100688,2019년 9월 9일 20시,월요일,충청북도 제천시 화산동,경상사고,0,0,2,0,차대차 - 추돌,안전운전불이행,젖음/습기,비,교차로 - 교차로부근,화물,남,74세,상해없음,승용,남,48세,경상
2019090900100719,2019년 9월 9일 21시,월요일,충청북도 청주시 청원구 율량동,경상사고,0,0,1,0,차대차 - 측면충돌,안전거리미확보,건조,흐림,단일로 - 기타,승용,남,23세,상해없음,승용,남,48세,경상
2019090900100720,2019년 9월 9일 21시,월요일,충청북도 청주시 서원구 사직동,경상사고,0,0,2,0,차대차 - 추돌,차로위반,건조,맑음,교차로 - 교차로안,승용,남,48세,상해없음,승용,여,53세,경상
2019090900100721,2019년 9월 9일 21시,월요일,충청북도 음성군 맹동면,중상사고,0,1,1,0,차대차 - 측면충돌,안전거리미확보,젖음/습기,흐림,단일로 - 기타,화물,남,60세,중상,승용,여,34세,경상
2019091000100048,2019년 9월 10일 01시,화요일,충청북도 청주시 흥덕구 복대동,경상사고,0,0,1,0,차대차 - 기타,신호위반,건조,맑음,교차로 - 교차로부근,승용,남,27세,상해없음,승용,남,56세,경상
2019091000100093,2019년 9월 10일 05시,화요일,충청북도 제천시 청전동,경상사고,0,0,1,0,차대차 - 측면충돌,신호위반,젖음/습기,비,교차로 - 교차로안,승용,남,71세,상해없음,승용,남,66세,경상
2019091000100094,2019년 9월 10일 05시,화요일,충청북도 청주시 흥덕구 복대동,부상신고사고,0,0,0,1,차대차 - 측면충돌,안전운전불이행,건조,맑음,교차로 - 교차로안,승용,여,28세,상해없음,자전거,여,47세,부상신고
2019091000100135,2019년 9월 10일 07시,화요일,충청북도 제천시 장락동,경상사고,0,0,1,0,차대차 - 추돌,안전운전불이행,건조,맑음,교차로 - 교차로부근,승용,남,50세,상해없음,승용,여,52세,경상
2019091000100168,2019년 9월 10일 08시,화요일,충청북도 진천군 덕산면,경상사고,0,0,1,0,차대사람 - 길가장자리구역통행중,안전운전불이행,건조,맑음,단일로 - 기타,기타불명,기타불명,미분류,기타불명,보행자,남,41세,경상
2019091000100169,2019년 9월 10일 08시,화요일,충청북도 청주시 흥덕구 가경동,경상사고,0,0,1,0,차대차 - 측면충돌,신호위반,건조,맑음,교차로 - 교차로안,승용,남,43세,상해없음,승용,여,45세,경상
2019091000100170,2019년 9월 10일 08시,화요일,충청북도 청주시 서원구 수곡동,부상신고사고,0,0,0,1,차대사람 - 보도통행중,안전운전불이행,건조,맑음,교차로 - 교차로횡단보도내,기타불명,기타불명,미분류,기타불명,보행자,남,18세,부상신고
2019091000100171,2019년 9월 10일 08시,화요일,충청북도 청주시 상당구 용암동,중상사고,0,1,0,0,차대사람 - 횡단중,보행자보호의무위반,건조,맑음,교차로 - 교차로횡단보도내,승용,여,32세,상해없음,보행자,여,12세,중상
2019091000100228,2019년 9월 10일 09시,화요일,충청북도 제천시 영천동,경상사고,0,0,1,0,차대차 - 측면충돌,교차로운행방법위반,건조,맑음,교차로 - 교차로안,승용,여,47세,상해없음,승용,여,53세,경상
2019091000100229,2019년 9월 10일 09시,화요일,충청북도 청주시 흥덕구 복대동,경상사고,0,0,1,0,차대사람 - 기타,안전운전불이행,건조,맑음,기타 - 기타,자전거,여,29세,상해없음,보행자,여,25세,경상
2019091000100230,2019년 9월 10일 09시,화요일,충청북도 청주시 상당구 낭성면,경상사고,0,0,1,0,차대차 - 측면충돌,중앙선침범,건조,맑음,단일로 - 기타,화물,남,72세,상해없음,승용,여,58세,경상
2019091000100273,2019년 9월 10일 10시,화요일,충청북도 제천시 중앙로2가,경상사고,0,0,1,0,차대차 - 측면충돌,직진우회전진행방해,건조,맑음,교차로 - 교차로안,이륜,남,84세,경상,승용,여,53세,상해없음
2019091000100274,2019년 9월 10일 10시,화요일,충청북도 제천시 청전동,경상사고,0,0,1,0,차대사람 - 기타,안전운전불이행,건조,맑음,단일로 - 지하차도(도로)내,승합,남,37세,상해없음,보행자,남,77세,경상
2019091000100275,2019년 9월 10일 10시,화요일,충청북도 보은군 탄부면,경상사고,0,0,1,0,차대차 - 측면충돌,안전운전불이행,건조,맑음,단일로 - 기타,승합,남,65세,상해없음,승용,남,52세,경상
2019091000100322,2019년 9월 10일 11시,화요일,충청북도 제천시 서부동,경상사고,0,0,1,0,차대차 - 측면충돌,직진우회전진행방해,건조,맑음,교차로 - 교차로안,승용,남,78세,상해없음,승용,여,37세,경상
2019091000100323,2019년 9월 10일 11시,화요일,충청북도 진천군 진천읍,경상사고,0,0,1,0,차대차 - 측면충돌,안전운전불이행,건조,맑음,단일로 - 기타,자전거,남,15세,경상,승용,남,59세,기타불명