사고번호,사고일시,요일,시군구,사고내용,사망자수,중상자수,경상자수,부상신고자수,사고유형,법규위반,노면상태,기상상태,도로형태,가해운전자 차종,가해운전자 성별,가해운전자 연령,가해운전자 상해정도,피해운전자 차종,피해운전자 성별,피해운전자 연령,피해운전자 상해정도
2019091000100353,2019년 9월 10일 12시,화요일,충청북도 청주시 서원구 산남동,경상사고,0,0,1,0,차대차 - 후진중충돌,안전운전불이행,건조,맑음,단일로 - 지하차도(도로)내,승용,남,57세,상해없음,이륜,남,41세,경상
2019091000100392,2019년 9월 10일 13시,화요일,충청북도 충주시 앙성면,경상사고,0,0,1,0,차량단독 - 공작물충돌,안전운전불이행,건조,맑음,단일로 - 기타,승용,남,47세,상해없음,,,,
2019091000100393,2019년 9월 10일 13시,화요일,충청북도 음성군 맹동면,중상사고,0,1,0,0,차대차 - 기타,차로위반,건조,맑음,단일로 - 기타,이륜,남,69세,중상,화물,남,60세,상해없음
2019091000100435,2019년 9월 10일 14시,화요일,충청북도 제천시 장락동,경상사고,0,0,3,0,차대차 - 기타,신호위반,건조,맑음,교차로 - 교차로안,승용,여,49세,상해없음,승용,남,34세,경상
2019091000100436,2019년 9월 10일 14시,화요일,충청북도 청주시 흥덕구 가경동,경상사고,0,0,1,0,차대차 - 측면충돌,교차로운행방법위반,건조,맑음,교차로 - 교차로안,화물,남,38세,상해없음,승용,여,35세,경상
2019091000100437,2019년 9월 10일 14시,화요일,충청북도 청주시 서원구 분평동,경상사고,0,0,1,0,차대차 - 기타,안전운전불이행,건조,맑음,단일로 - 기타,승용,여,40세,상해없음,자전거,남,50세,경상
2019091000100438,2019년 9월 10일 14시,화요일,충청북도 괴산군 연풍면,경상사고,0,0,2,0,차대차 - 추돌,안전운전불이행,건조,맑음,단일로 - 기타,승용,남,64세,상해없음,승용,남,24세,경상
2019091000100475,2019년 9월 10일 15시,화요일,충청북도 청주시 상당구 북문로2가동,경상사고,0,0,1,0,차대차 - 기타,교차로운행방법위반,건조,맑음,교차로 - 교차로부근,화물,남,72세,상해없음,승합,남,52세,상해없음
2019091000100476,2019년 9월 10일 15시,화요일,충청북도 영동군 용산면,중상사고,0,2,0,0,차대차 - 측면충돌,신호위반,건조,맑음,단일로 - 교량,이륜,남,46세,중상,승용,남,56세,상해없음
2019091000100477,2019년 9월 10일 15시,화요일,충청북도 음성군 금왕읍,중상사고,0,1,0,0,차대사람 - 횡단중,보행자보호의무위반,건조,맑음,교차로 - 교차로횡단보도내,승용,남,63세,상해없음,보행자,여,11세,중상
2019091000100478,2019년 9월 10일 15시,화요일,충청북도 청주시 상당구 용암동,경상사고,0,0,3,0,차대차 - 측면충돌,교차로운행방법위반,건조,맑음,교차로 - 교차로부근,승용,남,71세,상해없음,승용,남,52세,경상
2019091000100563,2019년 9월 10일 17시,화요일,충청북도 충주시 동량면,경상사고,0,0,1,0,차대차 - 추돌,안전운전불이행,건조,맑음,단일로 - 교량,화물,남,60세,상해없음,승용,여,55세,경상
2019091000100564,2019년 9월 10일 17시,화요일,충청북도 제천시 하소동,중상사고,0,1,0,0,차대차 - 측면충돌,교차로운행방법위반,건조,맑음,교차로 - 교차로안,승용,남,60세,중상,승용,남,53세,상해없음
2019091000100565,2019년 9월 10일 17시,화요일,충청북도 증평군 증평읍,중상사고,0,1,0,0,차대차 - 기타,신호위반,건조,맑음,교차로 - 교차로안,승용,남,52세,상해없음,승용,남,44세,중상
2019091000100566,2019년 9월 10일 17시,화요일,충청북도 청주시 흥덕구 복대동,경상사고,0,0,1,0,차대사람 - 기타,안전운전불이행,건조,맑음,단일로 - 기타,승용,남,68세,상해없음,보행자,여,7세,경상
2019091000100610,2019년 9월 10일 18시,화요일,충청북도 음성군 금왕읍,경상사고,0,0,1,0,차대사람 - 횡단중,안전운전불이행,건조,흐림,교차로 - 교차로안,승용,남,33세,상해없음,보행자,여,41세,경상
2019091000100662,2019년 9월 10일 19시,화요일,충청북도 청주시 청원구 주중동,경상사고,0,0,2,0,차대차 - 추돌,안전거리미확보,건조,맑음,단일로 - 기타,승용,여,41세,경상,승용,남,47세,경상
2019091000100713,2019년 9월 10일 20시,화요일,충청북도 청주시 청원구 우암동,중상사고,0,1,0,0,차대사람 - 기타,신호위반,건조,맑음,교차로 - 교차로안,이륜,남,32세,상해없음,보행자,남,37세,중상
2019091000100765,2019년 9월 10일 21시,화요일,충청북도 제천시 장락동,경상사고,0,0,3,0,차대차 - 정면충돌,직진우회전진행방해,건조,맑음,교차로 - 교차로안,승용,남,62세,경상,승용,남,54세,경상
2019091000100846,2019년 9월 10일 23시,화요일,충청북도 청주시 서원구 성화동,경상사고,0,0,1,0,차대차 - 측면충돌,신호위반,건조,맑음,교차로 - 교차로안,승용,여,39세,상해없음,승용,남,39세,경상
2019091000100847,2019년 9월 10일 23시,화요일,충청북도 청주시 서원구 개신동,경상사고,0,0,2,0,차대차 - 추돌,안전운전불이행,건조,맑음,단일로 - 기타,승용,남,48세,상해없음,승용,남,58세,경상
2019091100100136,2019년 9월 11일 07시,수요일,충청북도 진천군 초평면,중상사고,0,1,1,0,차대차 - 추돌,안전거리미확보,젖음/습기,흐림,교차로 - 교차로부근,화물,남,25세,중상,승용,남,36세,경상
2019091100100176,2019년 9월 11일 08시,수요일,충청북도 청주시 흥덕구 봉명동,부상신고사고,0,0,0,1,차대차 - 기타,안전운전불이행,젖음/습기,흐림,교차로 - 교차로안,승용,남,38세,상해없음,승용,남,28세,부상신고
2019091100100215,2019년 9월 11일 09시,수요일,충청북도 청주시 청원구 내덕동,경상사고,0,0,1,0,차대차 - 기타,안전운전불이행,젖음/습기,비,교차로 - 교차로부근,승용,여,47세,상해없음,승용,남,61세,상해없음
2019091100100248,2019년 9월 11일 10시,수요일,충청북도 청주시 청원구 내덕동,경상사고,0,0,1,0,차대차 - 기타,교차로운행방법위반,젖음/습기,비,교차로 - 교차로안,승용,여,32세,상해없음,승용,여,35세,경상
2019091100100249,2019년 9월 11일 10시,수요일,충청북도 청주시 청원구 율량동,경상사고,0,0,1,0,차대차 - 추돌,안전운전불이행,건조,맑음,교차로 - 교차로부근,승용,남,81세,상해없음,승용,여,30세,경상
2019091100100250,2019년 9월 11일 10시,수요일,충청북도 청주시 흥덕구 강내면,경상사고,0,0,1,0,차대차 - 기타,안전운전불이행,젖음/습기,비,교차로 - 교차로안,승용,여,58세,상해없음,화물,남,72세,경상
2019091100100295,2019년 9월 11일 11시,수요일,충청북도 청주시 청원구 오창읍,중상사고,0,1,0,0,차대차 - 정면충돌,중앙선침범,젖음/습기,비,단일로 - 기타,승용,여,34세,상해없음,승용,남,37세,중상
2019091100100296,2019년 9월 11일 11시,수요일,충청북도 제천시 서부동,중상사고,0,1,0,0,차대사람 - 보도통행중,보행자보호의무위반,건조,맑음,교차로 - 교차로횡단보도내,승합,남,50세,상해없음,보행자,여,87세,중상
2019091100100297,2019년 9월 11일 11시,수요일,충청북도 제천시 청전동,경상사고,0,0,1,0,차대차 - 추돌,안전거리미확보,건조,맑음,교차로 - 교차로부근,승용,남,53세,상해없음,승용,남,69세,상해없음
2019091100100347,2019년 9월 11일 12시,수요일,충청북도 청주시 서원구 개신동,경상사고,0,0,1,0,차대차 - 측면충돌,안전거리미확보,건조,맑음,교차로 - 교차로부근,승용,남,64세,상해없음,승용,여,47세,경상
2019091100100348,2019년 9월 11일 12시,수요일,충청북도 충주시 살미면,중상사고,0,2,0,0,차대차 - 기타,기타,젖음/습기,비,교차로 - 교차로안,승용,남,74세,상해없음,승용,남,73세,중상
2019091100100349,2019년 9월 11일 12시,수요일,충청북도 진천군 진천읍,중상사고,0,1,0,0,차대차 - 측면충돌,안전운전불이행,젖음/습기,비,교차로 - 교차로부근,원동기,남,58세,중상,승용,남,40세,상해없음
2019091100100377,2019년 9월 11일 13시,수요일,충청북도 진천군 이월면,경상사고,0,0,1,0,차대차 - 측면충돌,직진우회전진행방해,건조,맑음,교차로 - 교차로안,이륜,남,76세,경상,승용,남,41세,상해없음
2019091100100419,2019년 9월 11일 14시,수요일,충청북도 제천시 명동,중상사고,0,1,0,0,차대사람 - 차도통행중,안전운전불이행,건조,맑음,단일로 - 기타,승용,여,26세,상해없음,보행자,여,68세,중상
2019091100100420,2019년 9월 11일 14시,수요일,충청북도 제천시 명동,경상사고,0,0,1,0,차대차 - 추돌,안전운전불이행,건조,흐림,교차로 - 교차로부근,승용,여,69세,상해없음,승용,여,44세,경상
2019091100100421,2019년 9월 11일 14시,수요일,충청북도 영동군 양산면,중상사고,0,1,0,0,차대차 - 정면충돌,중앙선침범,건조,맑음,단일로 - 기타,승용,남,56세,상해없음,승용,남,65세,중상
2019091100100480,2019년 9월 11일 15시,수요일,충청북도 청주시 청원구 오창읍,중상사고,0,1,1,0,차대차 - 기타,안전운전불이행,건조,맑음,교차로 - 교차로안,승용,남,24세,상해없음,화물,남,70세,중상
2019091100100481,2019년 9월 11일 15시,수요일,충청북도 충주시 호암동,경상사고,0,0,3,0,차대차 - 측면충돌,신호위반,젖음/습기,흐림,교차로 - 교차로안,승용,남,61세,상해없음,승용,남,54세,경상
2019091100100482,2019년 9월 11일 15시,수요일,충청북도 청주시 흥덕구 봉명동,경상사고,0,0,1,0,차대차 - 측면충돌,안전운전불이행,건조,맑음,교차로 - 교차로횡단보도내,화물,남,72세,상해없음,자전거,남,72세,경상
2019091100100535,2019년 9월 11일 16시,수요일,충청북도 청주시 흥덕구 복대동,경상사고,0,0,1,0,차대차 - 기타,안전운전불이행,건조,맑음,단일로 - 기타,승용,남,43세,상해없음,승용,남,27세,경상
2019091100100593,2019년 9월 11일 17시,수요일,충청북도 충주시 칠금동,경상사고,0,0,1,0,차대차 - 기타,안전거리미확보,건조,맑음,교차로 - 교차로부근,승용,남,62세,상해없음,승용,여,54세,경상
2019091100100594,2019년 9월 11일 17시,수요일,충청북도 청주시 흥덕구 복대동,경상사고,0,0,1,0,차대차 - 후진중충돌,안전운전불이행,건조,맑음,교차로 - 교차로안,승용,남,23세,상해없음,승용,여,41세,경상
2019091100100595,2019년 9월 11일 17시,수요일,충청북도 청주시 상당구 지북동,경상사고,0,0,3,0,차대차 - 추돌,안전운전불이행,건조,맑음,교차로 - 교차로안,승용,남,56세,상해없음,승용,여,56세,경상
2019091100100719,2019년 9월 11일 19시,수요일,충청북도 청주시 청원구 내덕동,경상사고,0,0,1,0,차대차 - 추돌,안전운전불이행,건조,맑음,단일로 - 기타,승용,여,23세,상해없음,승용,여,47세,경상
2019091100100720,2019년 9월 11일 19시,수요일,충청북도 음성군 금왕읍,중상사고,0,1,0,0,차대차 - 측면충돌,안전거리미확보,건조,맑음,단일로 - 기타,승용,남,67세,상해없음,이륜,남,43세,중상
2019091100100721,2019년 9월 11일 19시,수요일,충청북도 청주시 흥덕구 수의동,경상사고,0,0,1,0,차대차 - 측면충돌,안전거리미확보,건조,맑음,단일로 - 기타,승용,남,26세,상해없음,화물,남,25세,경상
2019091100100722,2019년 9월 11일 19시,수요일,충청북도 보은군 수한면,경상사고,0,0,2,0,차대차 - 추돌,안전운전불이행,건조,맑음,단일로 - 터널,승용,남,26세,경상,승용,남,32세,경상
2019091100100763,2019년 9월 11일 20시,수요일,충청북도 충주시 노은면,중상사고,0,4,0,0,차대차 - 측면충돌,안전거리미확보,건조,맑음,단일로 - 기타,승합,남,65세,상해없음,승용,남,50세,중상
2019091100100796,2019년 9월 11일 21시,수요일,충청북도 충주시 연수동,경상사고,0,0,3,0,차대차 - 기타,기타,건조,맑음,단일로 - 기타,승용,남,53세,상해없음,이륜,남,20세,경상
2019091100100824,2019년 9월 11일 22시,수요일,충청북도 청주시 흥덕구 복대동,경상사고,0,0,1,0,차대사람 - 횡단중,안전운전불이행,건조,맑음,교차로 - 교차로안,승용,남,45세,상해없음,보행자,남,42세,경상
2019091100100853,2019년 9월 11일 23시,수요일,충청북도 청주시 상당구 용암동,경상사고,0,0,1,0,차대차 - 기타,안전운전불이행,건조,맑음,교차로 - 교차로부근,승용,남,60세,상해없음,승용,남,30세,경상
2019091200100018,2019년 9월 12일 00시,목요일,충청북도 제천시 장락동,경상사고,0,0,2,0,차대차 - 추돌,안전운전불이행,건조,맑음,교차로 - 교차로부근,승용,남,36세,상해없음,승용,남,25세,경상
2019091200100019,2019년 9월 12일 00시,목요일,충청북도 음성군 감곡면,중상사고,0,1,0,0,차대차 - 측면충돌,기타,건조,맑음,교차로 - 교차로횡단보도내,승용,남,21세,상해없음,승용,남,22세,상해없음
2019091200100020,2019년 9월 12일 00시,목요일,충청북도 음성군 금왕읍,경상사고,0,0,1,0,차대차 - 기타,안전운전불이행,건조,맑음,단일로 - 기타,승용,남,23세,경상,승용,남,43세,상해없음
2019091200100021,2019년 9월 12일 00시,목요일,충청북도 청주시 상당구 용암동,경상사고,0,0,2,0,차대차 - 측면충돌,안전운전불이행,건조,맑음,단일로 - 지하차도(도로)내,이륜,남,47세,상해없음,승용,남,27세,경상
2019091200100212,2019년 9월 12일 12시,목요일,충청북도 옥천군 옥천읍,중상사고,0,1,1,0,차대차 - 기타,교차로운행방법위반,젖음/습기,비,교차로 - 교차로안,승용,남,40세,상해없음,승합,남,50세,경상
2019091200100213,2019년 9월 12일 12시,목요일,충청북도 청주시 흥덕구 복대동,경상사고,0,0,1,0,차대차 - 측면충돌,안전운전불이행,젖음/습기,비,단일로 - 기타,승용,남,65세,상해없음,이륜,남,38세,경상
2019091200100214,2019년 9월 12일 12시,목요일,충청북도 청주시 상당구 용암동,경상사고,0,0,1,0,차대차 - 측면충돌,안전운전불이행,건조,맑음,단일로 - 기타,승용,여,56세,상해없음,승용,남,25세,상해없음
2019091200100252,2019년 9월 12일 13시,목요일,충청북도 청주시 청원구 율량동,경상사고,0,0,1,0,차대차 - 기타,교차로운행방법위반,건조,맑음,교차로 - 교차로안,승용,남,25세,경상,승용,여,44세,상해없음
2019091200100253,2019년 9월 12일 13시,목요일,충청북도 음성군 대소면,중상사고,0,2,2,0,차대차 - 측면충돌,안전거리미확보,건조,맑음,단일로 - 기타,승용,남,36세,중상,승용,여,60세,경상
2019091200100254,2019년 9월 12일 13시,목요일,충청북도 청주시 흥덕구 신봉동,경상사고,0,0,2,0,차대차 - 기타,신호위반,건조,맑음,교차로 - 교차로부근,승용,남,66세,경상,승용,남,23세,경상
2019091200100317,2019년 9월 12일 15시,목요일,충청북도 옥천군 동이면,경상사고,0,0,4,0,차대차 - 측면충돌,중앙선침범,젖음/습기,비,단일로 - 기타,승용,남,46세,상해없음,승용,남,52세,경상
2019091200100344,2019년 9월 12일 16시,목요일,충청북도 보은군 보은읍,경상사고,0,0,1,2,차대차 - 추돌,안전운전불이행,건조,맑음,단일로 - 기타,승용,남,54세,상해없음,승용,여,37세,경상
2019091200100369,2019년 9월 12일 17시,목요일,충청북도 청주시 상당구 운동동,중상사고,0,1,1,0,차대차 - 추돌,안전운전불이행,건조,맑음,교차로 - 교차로부근,승용,남,49세,상해없음,승용,남,26세,경상
2019091200100397,2019년 9월 12일 18시,목요일,충청북도 괴산군 괴산읍,중상사고,0,1,0,0,차대차 - 측면충돌,안전운전불이행,건조,맑음,교차로 - 교차로안,승용,여,72세,상해없음,승용,여,66세,중상
2019091200100427,2019년 9월 12일 19시,목요일,충청북도 옥천군 옥천읍,중상사고,0,1,0,0,차대차 - 측면충돌,교차로운행방법위반,건조,맑음,교차로 - 교차로안,승용,남,32세,상해없음,이륜,남,50세,중상
2019091200100466,2019년 9월 12일 20시,목요일,충청북도 청주시 청원구 사천동,경상사고,0,0,2,0,차대차 - 기타,신호위반,건조,맑음,교차로 - 교차로안,승용,여,47세,경상,승용,남,53세,경상
2019091200100467,2019년 9월 12일 20시,목요일,충청북도 제천시 화산동,부상신고사고,0,0,0,1,차대차 - 측면충돌,직진우회전진행방해,건조,맑음,교차로 - 교차로안,이륜,남,31세,부상신고,화물,남,48세,상해없음
2019091200100501,2019년 9월 12일 21시,목요일,충청북도 충주시 봉방동,경상사고,0,0,1,0,차대차 - 측면충돌,직진우회전진행방해,건조,흐림,교차로 - 교차로안,승용,여,45세,상해없음,승용,남,32세,경상
2019091300100033,2019년 9월 13일 01시,금요일,충청북도 청주시 청원구 사천동,경상사고,0,0,1,0,차량단독 - 기타,안전운전불이행,기타,맑음,교차로 - 교차로안,원동기,남,21세,경상,,,,
2019091300100066,2019년 9월 13일 06시,금요일,충청북도 음성군 맹동면,중상사고,0,3,0,0,차대차 - 측면충돌,안전운전불이행,건조,맑음,교차로 - 교차로안,승용,남,48세,중상,승용,남,53세,중상
2019091300100071,2019년 9월 13일 07시,금요일,충청북도 청주시 청원구 오창읍,경상사고,0,0,1,0,차대차 - 추돌,안전운전불이행,건조,맑음,교차로 - 교차로부근,승용,여,29세,상해없음,승용,남,63세,경상
2019091300100077,2019년 9월 13일 08시,금요일,충청북도 청주시 상당구 미원면,경상사고,0,0,1,0,차대차 - 기타,안전운전불이행,건조,맑음,단일로 - 지하차도(도로)내,승용,남,36세,경상,승용,남,52세,상해없음
2019091300100096,2019년 9월 13일 09시,금요일,충청북도 제천시 의림동,경상사고,0,0,3,0,차대차 - 측면충돌,신호위반,건조,맑음,교차로 - 교차로안,승용,남,55세,상해없음,승용,남,53세,경상
2019091300100110,2019년 9월 13일 10시,금요일,충청북도 충주시 연수동,경상사고,0,0,1,0,차대사람 - 기타,안전운전불이행,건조,맑음,주차장 - 주차장,승용,여,56세,상해없음,보행자,남,56세,경상
2019091300100111,2019년 9월 13일 10시,금요일,충청북도 제천시 금성면,경상사고,0,0,4,0,차대차 - 측면충돌,직진우회전진행방해,건조,맑음,교차로 - 교차로안,화물,남,55세,상해없음,화물,여,70세,경상
2019091300100112,2019년 9월 13일 10시,금요일,충청북도 단양군 단성면,중상사고,0,1,2,0,차대차 - 측면충돌,안전운전불이행,건조,맑음,기타 - 기타,화물,남,58세,경상,승용,남,61세,중상
2019091300100139,2019년 9월 13일 11시,금요일,충청북도 충주시 달천동,중상사고,0,3,0,0,차대차 - 기타,안전운전불이행,건조,맑음,교차로 - 교차로안,승용,남,56세,중상,특수,남,51세,중상
2019091300100246,2019년 9월 13일 14시,금요일,충청북도 청주시 청원구 오창읍,경상사고,0,0,2,0,차대차 - 기타,안전거리미확보,건조,맑음,단일로 - 기타,승용,여,23세,상해없음,승용,남,32세,경상
2019091300100247,2019년 9월 13일 14시,금요일,충청북도 청주시 상당구 석교동,중상사고,0,1,3,0,차대차 - 측면충돌,안전운전불이행,건조,맑음,단일로 - 기타,승용,남,24세,상해없음,승용,남,53세,중상
2019091300100277,2019년 9월 13일 15시,금요일,충청북도 청주시 상당구 미원면,경상사고,0,0,5,0,차대차 - 추돌,안전운전불이행,건조,맑음,단일로 - 기타,승용,남,35세,상해없음,승합,남,22세,경상
2019091300100278,2019년 9월 13일 15시,금요일,충청북도 청주시 서원구 미평동,경상사고,0,0,3,0,차대차 - 측면충돌,교차로운행방법위반,건조,맑음,교차로 - 교차로부근,승용,여,47세,상해없음,승용,남,56세,경상
2019091300100279,2019년 9월 13일 15시,금요일,충청북도 청주시 상당구 방서동,경상사고,0,0,4,0,차대차 - 측면충돌,안전운전불이행,건조,맑음,단일로 - 기타,승용,여,41세,상해없음,승용,남,47세,경상
2019091300100306,2019년 9월 13일 16시,금요일,충청북도 제천시 송학면,부상신고사고,0,0,0,1,차대사람 - 기타,안전운전불이행,건조,맑음,기타 - 기타,승용,남,19세,상해없음,보행자,남,55세,부상신고
2019091300100307,2019년 9월 13일 16시,금요일,충청북도 증평군 증평읍,경상사고,0,0,5,0,차대차 - 측면충돌,직진우회전진행방해,건조,맑음,교차로 - 교차로안,승용,남,27세,경상,승용,여,22세,경상
2019091300100328,2019년 9월 13일 17시,금요일,충청북도 충주시 교현동,중상사고,0,1,0,0,차대차 - 측면충돌,안전운전불이행,건조,맑음,교차로 - 교차로부근,승용,남,68세,상해없음,승용,여,64세,중상
2019091300100329,2019년 9월 13일 17시,금요일,충청북도 영동군 심천면,경상사고,0,0,2,0,차대차 - 추돌,안전운전불이행,건조,맑음,단일로 - 기타,승용,여,45세,상해없음,이륜,남,60세,상해없음
2019091300100330,2019년 9월 13일 17시,금요일,충청북도 음성군 금왕읍,경상사고,0,0,1,0,차대사람 - 보도통행중,기타,건조,맑음,교차로 - 교차로부근,승용,여,28세,상해없음,보행자,남,71세,경상
2019091300100331,2019년 9월 13일 17시,금요일,충청북도 옥천군 군서면,경상사고,0,0,1,0,차대사람 - 길가장자리구역통행중,안전운전불이행,건조,맑음,단일로 - 기타,승용,남,50세,상해없음,보행자,남,17세,경상
2019091300100332,2019년 9월 13일 17시,금요일,충청북도 단양군 단양읍,경상사고,0,0,2,0,차대차 - 측면충돌,안전운전불이행,건조,맑음,교차로 - 교차로안,승용,여,25세,상해없음,승용,여,32세,경상
2019091300100333,2019년 9월 13일 17시,금요일,충청북도 청주시 서원구 모충동,중상사고,0,1,0,0,차대차 - 측면충돌,안전운전불이행,건조,맑음,단일로 - 기타,자전거,남,76세,상해없음,자전거,남,65세,중상
2019091300100334,2019년 9월 13일 17시,금요일,충청북도 보은군 수한면,중상사고,0,3,1,2,차대차 - 추돌,안전거리미확보,건조,맑음,단일로 - 터널,승용,여,38세,중상,승용,남,51세,상해없음
2019091300100398,2019년 9월 13일 20시,금요일,충청북도 단양군 적성면,경상사고,0,0,5,0,차대차 - 측면충돌,안전운전불이행,건조,맑음,단일로 - 기타,승용,남,30세,상해없음,승용,남,59세,경상
2019091300100416,2019년 9월 13일 21시,금요일,충청북도 충주시 용두동,경상사고,0,0,8,0,차대차 - 추돌,안전운전불이행,건조,맑음,단일로 - 기타,승용,남,74세,상해없음,승용,여,40세,경상
2019091300100417,2019년 9월 13일 21시,금요일,충청북도 청주시 흥덕구 송정동,경상사고,0,0,2,0,차대차 - 기타,신호위반,건조,맑음,교차로 - 교차로안,승용,여,57세,상해없음,승용,여,48세,상해없음
2019091300100418,2019년 9월 13일 21시,금요일,충청북도 청주시 상당구 금천동,경상사고,0,0,1,0,차대사람 - 기타,안전운전불이행,건조,맑음,단일로 - 기타,승용,남,46세,상해없음,보행자,여,72세,경상
2019091300100443,2019년 9월 13일 23시,금요일,충청북도 청주시 청원구 내덕동,중상사고,0,1,0,0,차대차 - 정면충돌,신호위반,건조,맑음,교차로 - 교차로안,승용,남,20세,상해없음,승용,남,27세,중상
2019091400100032,2019년 9월 14일 01시,토요일,충청북도 청주시 서원구 수곡동,중상사고,0,1,2,0,차대차 - 기타,중앙선침범,건조,맑음,단일로 - 기타,이륜,남,28세,중상,승용,남,50세,경상
2019091400100053,2019년 9월 14일 04시,토요일,충청북도 진천군 진천읍,경상사고,0,0,1,0,차대사람 - 차도통행중,안전운전불이행,건조,맑음,교차로 - 교차로안,승용,여,50세,상해없음,보행자,남,27세,경상
2019091400100054,2019년 9월 14일 04시,토요일,충청북도 청주시 흥덕구 복대동,부상신고사고,0,0,0,2,차대차 - 측면충돌,안전운전불이행,건조,맑음,단일로 - 기타,기타불명,기타불명,미분류,기타불명,승용,남,22세,부상신고
2019091400100055,2019년 9월 14일 04시,토요일,충청북도 청주시 흥덕구 복대동,부상신고사고,0,0,0,1,차대사람 - 기타,안전운전불이행,건조,맑음,단일로 - 기타,승용,남,63세,상해없음,보행자,남,24세,부상신고
2019091400100070,2019년 9월 14일 07시,토요일,충청북도 충주시 신니면,경상사고,0,0,4,0,차대차 - 기타,안전운전불이행,건조,맑음,교차로 - 교차로안,승용,남,33세,상해없음,승용,남,48세,경상
2019091400100098,2019년 9월 14일 10시,토요일,충청북도 제천시 고명동,경상사고,0,0,2,0,차대차 - 측면충돌,신호위반,건조,맑음,교차로 - 교차로안,승용,남,78세,상해없음,승용,남,59세,경상
2019091400100109,2019년 9월 14일 11시,토요일,충청북도 충주시 동량면,경상사고,0,0,7,0,차대차 - 추돌,안전운전불이행,건조,맑음,교차로 - 교차로안,화물,남,67세,상해없음,승용,남,48세,경상
2019091400100110,2019년 9월 14일 11시,토요일,충청북도 옥천군 옥천읍,중상사고,0,2,1,0,차대차 - 정면충돌,교차로운행방법위반,건조,맑음,교차로 - 교차로안,승용,남,35세,상해없음,승용,남,34세,중상
2019091400100169,2019년 9월 14일 13시,토요일,충청북도 충주시 교현동,경상사고,0,0,1,0,차대차 - 기타,안전운전불이행,건조,맑음,교차로 - 교차로부근,승용,남,70세,상해없음,승용,남,21세,경상
2019091400100170,2019년 9월 14일 13시,토요일,충청북도 청주시 흥덕구 봉명동,경상사고,0,0,2,1,차대차 - 기타,안전운전불이행,건조,맑음,단일로 - 기타,승용,여,57세,부상신고,승용,남,28세,경상
2019091400100231,2019년 9월 14일 15시,토요일,충청북도 제천시 동현동,경상사고,0,0,1,0,차대차 - 추돌,안전거리미확보,건조,맑음,교차로 - 교차로부근,승용,남,37세,상해없음,승용,남,57세,경상
2019091400100343,2019년 9월 14일 19시,토요일,충청북도 충주시 대소원면,경상사고,0,0,1,0,차대차 - 측면충돌,안전운전불이행,건조,흐림,단일로 - 기타,화물,남,65세,상해없음,승용,남,63세,경상
2019091400100387,2019년 9월 14일 21시,토요일,충청북도 청주시 서원구 개신동,경상사고,0,0,4,0,차대차 - 추돌,안전운전불이행,건조,맑음,교차로 - 교차로부근,승용,남,62세,상해없음,승합,남,56세,경상
2019091400100409,2019년 9월 14일 22시,토요일,충청북도 옥천군 옥천읍,경상사고,0,0,1,0,차대차 - 측면충돌,안전운전불이행,건조,맑음,교차로 - 교차로안,이륜,남,24세,경상,승용,남,56세,상해없음
2019091400100424,2019년 9월 14일 23시,토요일,충청북도 청주시 상당구 남일면,경상사고,0,0,1,0,차대차 - 정면충돌,안전운전불이행,건조,맑음,교차로 - 교차로안,승용,남,29세,상해없음,승용,여,28세,경상
2019091500100024,2019년 9월 15일 00시,일요일,충청북도 청주시 흥덕구 석곡동,중상사고,0,3,4,0,차대차 - 추돌,안전운전불이행,건조,맑음,단일로 - 기타,승용,남,55세,상해없음,승용,여,40세,중상
2019091500100037,2019년 9월 15일 01시,일요일,충청북도 제천시 청전동,경상사고,0,0,1,0,차대사람 - 차도통행중,안전운전불이행,건조,맑음,단일로 - 지하차도(도로)내,승용,남,21세,상해없음,보행자,남,31세,경상
2019091500100070,2019년 9월 15일 04시,일요일,충청북도 청주시 상당구 용암동,경상사고,0,0,1,0,차대차 - 측면충돌,안전거리미확보,건조,맑음,단일로 - 지하차도(도로)내,승용,남,29세,상해없음,승용,남,62세,경상
2019091500100079,2019년 9월 15일 05시,일요일,충청북도 청주시 흥덕구 복대동,경상사고,0,0,3,0,차대사람 - 기타,안전운전불이행,건조,맑음,교차로 - 교차로안,승용,남,29세,상해없음,보행자,여,27세,경상
2019091500100104,2019년 9월 15일 09시,일요일,충청북도 옥천군 옥천읍,중상사고,0,1,0,0,차대차 - 측면충돌,교차로운행방법위반,건조,맑음,교차로 - 교차로안,승용,남,30세,상해없음,자전거,여,71세,중상
2019091500100220,2019년 9월 15일 14시,일요일,충청북도 청주시 흥덕구 봉명동,경상사고,0,0,1,0,차대차 - 추돌,안전거리미확보,건조,맑음,교차로 - 교차로안,승용,남,55세,상해없음,승용,남,25세,경상
2019091500100252,2019년 9월 15일 15시,일요일,충청북도 청주시 서원구 분평동,경상사고,0,0,1,0,차대차 - 측면충돌,안전운전불이행,건조,맑음,단일로 - 지하차도(도로)내,승용,여,47세,상해없음,승용,남,40세,경상
2019091500100312,2019년 9월 15일 17시,일요일,충청북도 청주시 청원구 내수읍,경상사고,0,0,2,0,차대차 - 기타,안전운전불이행,건조,맑음,단일로 - 기타,승용,남,45세,상해없음,승용,여,28세,경상