사고번호,사고일시,요일,시군구,사고내용,사망자수,중상자수,경상자수,부상신고자수,사고유형,법규위반,노면상태,기상상태,도로형태,가해운전자 차종,가해운전자 성별,가해운전자 연령,가해운전자 상해정도,피해운전자 차종,피해운전자 성별,피해운전자 연령,피해운전자 상해정도
2019091900100650,2019년 9월 19일 22시,목요일,충청북도 청주시 서원구 산남동,경상사고,0,0,1,0,차대차 - 추돌,안전운전불이행,건조,맑음,교차로 - 교차로부근,승용,여,32세,상해없음,승용,여,52세,경상
2019092000100040,2019년 9월 20일 01시,금요일,충청북도 충주시 문화동,경상사고,0,0,1,0,차대차 - 측면충돌,안전운전불이행,건조,맑음,교차로 - 교차로안,화물,남,67세,상해없음,이륜,남,27세,경상
2019092000100090,2019년 9월 20일 06시,금요일,충청북도 청주시 청원구 내덕동,경상사고,0,0,1,0,차대차 - 기타,교차로운행방법위반,건조,맑음,교차로 - 교차로부근,승용,여,53세,상해없음,승용,남,23세,경상
2019092000100091,2019년 9월 20일 06시,금요일,충청북도 청주시 서원구 성화동,경상사고,0,0,1,0,차대차 - 기타,기타,건조,맑음,단일로 - 기타,화물,남,59세,상해없음,승용,여,32세,경상
2019092000100150,2019년 9월 20일 08시,금요일,충청북도 청주시 청원구 우암동,경상사고,0,0,1,0,차대사람 - 길가장자리구역통행중,안전운전불이행,건조,맑음,단일로 - 기타,승용,여,58세,상해없음,보행자,남,45세,경상
2019092000100151,2019년 9월 20일 08시,금요일,충청북도 충주시 대소원면,경상사고,0,0,1,0,차대차 - 측면충돌,안전운전불이행,건조,맑음,교차로 - 교차로안,화물,남,26세,상해없음,승용,여,34세,경상
2019092000100152,2019년 9월 20일 08시,금요일,충청북도 음성군 음성읍,경상사고,0,0,1,0,차대차 - 측면충돌,안전운전불이행,건조,맑음,교차로 - 교차로부근,승용,남,44세,상해없음,승합,남,61세,상해없음
2019092000100153,2019년 9월 20일 08시,금요일,충청북도 청주시 흥덕구 가경동,중상사고,0,1,0,0,차대차 - 측면충돌,교차로운행방법위반,건조,맑음,교차로 - 교차로안,승용,남,35세,상해없음,이륜,남,69세,중상
2019092000100154,2019년 9월 20일 08시,금요일,충청북도 진천군 진천읍,경상사고,0,0,1,0,차대차 - 측면충돌,안전운전불이행,건조,맑음,기타 - 기타,화물,남,54세,상해없음,승용,남,33세,경상
2019092000100194,2019년 9월 20일 09시,금요일,충청북도 청주시 흥덕구 가경동,중상사고,0,1,0,0,차대사람 - 기타,안전운전불이행,건조,맑음,주차장 - 주차장,승용,남,62세,상해없음,보행자,여,66세,중상
2019092000100195,2019년 9월 20일 09시,금요일,충청북도 청주시 흥덕구 가경동,경상사고,0,0,1,0,차대차 - 측면충돌,교차로운행방법위반,건조,맑음,단일로 - 기타,승용,여,29세,상해없음,승용,여,40세,기타불명
2019092000100233,2019년 9월 20일 10시,금요일,충청북도 음성군 금왕읍,중상사고,0,1,0,0,차대사람 - 차도통행중,안전운전불이행,건조,맑음,단일로 - 지하차도(도로)내,승용,여,32세,상해없음,보행자,남,76세,중상
2019092000100272,2019년 9월 20일 11시,금요일,충청북도 청주시 청원구 우암동,중상사고,0,1,0,0,차대차 - 기타,안전운전불이행,건조,맑음,단일로 - 기타,승용,여,27세,상해없음,자전거,남,70세,중상
2019092000100273,2019년 9월 20일 11시,금요일,충청북도 청주시 청원구 우암동,경상사고,0,0,1,0,차대사람 - 기타,기타,건조,맑음,기타 - 기타,승용,남,72세,상해없음,보행자,여,18세,경상
2019092000100309,2019년 9월 20일 12시,금요일,충청북도 제천시 화산동,경상사고,0,0,1,0,차대차 - 후진중충돌,안전운전불이행,건조,맑음,교차로 - 교차로부근,화물,남,48세,상해없음,승용,남,71세,경상
2019092000100341,2019년 9월 20일 13시,금요일,충청북도 음성군 대소면,경상사고,0,0,1,0,차대차 - 추돌,안전거리미확보,건조,맑음,교차로 - 교차로안,이륜,남,53세,경상,이륜,남,43세,상해없음
2019092000100357,2019년 9월 20일 14시,금요일,충청북도 충주시 교현동,경상사고,0,0,1,0,차대차 - 측면충돌,안전운전불이행,건조,맑음,교차로 - 교차로부근,승용,남,66세,상해없음,승용,남,55세,경상
2019092000100388,2019년 9월 20일 15시,금요일,충청북도 청주시 청원구 북이면,경상사고,0,0,1,0,차대차 - 기타,안전운전불이행,건조,맑음,교차로 - 교차로부근,화물,남,47세,상해없음,승용,남,52세,경상
2019092000100389,2019년 9월 20일 15시,금요일,충청북도 청주시 서원구 수곡동,중상사고,0,1,0,0,차대차 - 정면충돌,신호위반,건조,맑음,단일로 - 지하차도(도로)내,승용,남,65세,상해없음,승용,여,65세,중상
2019092000100431,2019년 9월 20일 16시,금요일,충청북도 충주시 중앙탑면,경상사고,0,0,2,0,차대차 - 기타,안전운전불이행,건조,맑음,단일로 - 기타,건설기계,남,56세,상해없음,승용,여,37세,경상
2019092000100477,2019년 9월 20일 17시,금요일,충청북도 청주시 상당구 미원면,중상사고,0,2,0,1,차대차 - 측면충돌,교차로운행방법위반,건조,맑음,교차로 - 교차로안,화물,남,58세,부상신고,화물,남,30세,중상
2019092000100517,2019년 9월 20일 18시,금요일,충청북도 충주시 주덕읍,중상사고,0,1,1,0,차대차 - 측면충돌,신호위반,건조,맑음,교차로 - 교차로안,승용,남,19세,상해없음,승용,남,26세,경상
2019092000100518,2019년 9월 20일 18시,금요일,충청북도 청주시 흥덕구 봉명동,경상사고,0,0,1,0,차대차 - 기타,안전운전불이행,건조,맑음,교차로 - 교차로부근,승용,여,42세,상해없음,이륜,남,29세,경상
2019092000100615,2019년 9월 20일 20시,금요일,충청북도 진천군 문백면,경상사고,0,0,1,0,차대차 - 추돌,안전거리미확보,건조,맑음,단일로 - 기타,승용,남,18세,경상,승용,남,44세,상해없음
2019092000100683,2019년 9월 20일 22시,금요일,충청북도 제천시 영천동,경상사고,0,0,1,0,차대차 - 측면충돌,신호위반,건조,맑음,교차로 - 교차로안,이륜,남,19세,상해없음,승용,남,22세,경상
2019092000100684,2019년 9월 20일 22시,금요일,충청북도 청주시 상당구 금천동,경상사고,0,0,1,0,차대차 - 측면충돌,신호위반,건조,맑음,교차로 - 교차로안,승합,남,56세,상해없음,승용,남,26세,경상
2019092000100707,2019년 9월 20일 23시,금요일,충청북도 청주시 청원구 율량동,경상사고,0,0,3,0,차대차 - 기타,안전운전불이행,건조,맑음,교차로 - 교차로부근,승용,남,25세,상해없음,승용,여,27세,경상
2019092100100037,2019년 9월 21일 00시,토요일,충청북도 청주시 흥덕구 복대동,부상신고사고,0,0,0,1,차대사람 - 기타,안전운전불이행,건조,맑음,단일로 - 기타,자전거,남,16세,부상신고,보행자,남,28세,상해없음
2019092100100089,2019년 9월 21일 03시,토요일,충청북도 청주시 청원구 율량동,경상사고,0,0,3,0,차대사람 - 기타,보행자보호의무위반,건조,맑음,교차로 - 교차로횡단보도내,승용,남,53세,상해없음,보행자,남,20세,경상
2019092100100125,2019년 9월 21일 06시,토요일,충청북도 청주시 청원구 주중동,중상사고,0,1,0,0,차대차 - 측면충돌,신호위반,건조,맑음,교차로 - 교차로횡단보도내,자전거,여,67세,중상,승용,남,59세,상해없음
2019092100100126,2019년 9월 21일 06시,토요일,충청북도 충주시 목행동,중상사고,0,1,0,0,차대차 - 정면충돌,안전운전불이행,건조,맑음,단일로 - 기타,승용,남,54세,상해없음,승용,남,53세,중상
2019092100100159,2019년 9월 21일 08시,토요일,충청북도 제천시 대랑동,중상사고,0,1,0,0,차대차 - 측면충돌,중앙선침범,건조,맑음,단일로 - 지하차도(도로)내,승용,남,59세,상해없음,승용,남,39세,중상
2019092100100183,2019년 9월 21일 09시,토요일,충청북도 옥천군 옥천읍,부상신고사고,0,0,0,1,차대차 - 측면충돌,교차로운행방법위반,젖음/습기,비,교차로 - 교차로안,이륜,남,39세,부상신고,승용,남,69세,상해없음
2019092100100184,2019년 9월 21일 09시,토요일,충청북도 진천군 덕산면,경상사고,0,0,1,0,차대차 - 기타,안전운전불이행,건조,맑음,교차로 - 교차로안,화물,남,41세,경상,화물,남,58세,기타불명
2019092100100207,2019년 9월 21일 10시,토요일,충청북도 청주시 흥덕구 가경동,중상사고,0,1,0,0,차대차 - 측면충돌,안전운전불이행,건조,맑음,교차로 - 교차로안,승용,여,40세,상해없음,자전거,남,30세,중상
2019092100100238,2019년 9월 21일 11시,토요일,충청북도 청주시 흥덕구 강서동,경상사고,0,0,2,0,차대차 - 기타,안전운전불이행,건조,맑음,교차로 - 교차로부근,승용,남,56세,상해없음,승용,남,55세,경상
2019092100100239,2019년 9월 21일 11시,토요일,충청북도 청주시 흥덕구 복대동,경상사고,0,0,3,0,차대차 - 추돌,불법유턴,젖음/습기,비,교차로 - 교차로안,화물,남,46세,상해없음,승용,여,40세,경상
2019092100100289,2019년 9월 21일 12시,토요일,충청북도 진천군 덕산면,경상사고,0,0,1,0,차대차 - 기타,안전운전불이행,젖음/습기,비,단일로 - 기타,이륜,남,41세,경상,승용,남,37세,상해없음
2019092100100290,2019년 9월 21일 12시,토요일,충청북도 청주시 흥덕구 송정동,경상사고,0,0,1,0,차대차 - 측면충돌,안전거리미확보,건조,맑음,단일로 - 기타,화물,남,60세,상해없음,승용,남,40세,경상
2019092100100319,2019년 9월 21일 13시,토요일,충청북도 청주시 청원구 오창읍,경상사고,0,0,1,0,차대차 - 측면충돌,신호위반,건조,맑음,교차로 - 교차로횡단보도내,이륜,남,41세,경상,승용,여,47세,상해없음
2019092100100320,2019년 9월 21일 13시,토요일,충청북도 음성군 금왕읍,경상사고,0,0,1,0,차대차 - 측면충돌,교차로운행방법위반,젖음/습기,비,교차로 - 교차로안,승용,남,77세,상해없음,이륜,남,22세,경상
2019092100100356,2019년 9월 21일 14시,토요일,충청북도 충주시 호암동,경상사고,0,0,2,0,차대차 - 추돌,안전운전불이행,젖음/습기,비,단일로 - 기타,화물,남,54세,상해없음,화물,남,58세,경상
2019092100100357,2019년 9월 21일 14시,토요일,충청북도 청주시 흥덕구 옥산면,중상사고,0,1,0,0,차대차 - 기타,신호위반,젖음/습기,비,교차로 - 교차로안,화물,남,67세,상해없음,승용,남,41세,중상
2019092100100389,2019년 9월 21일 15시,토요일,충청북도 음성군 맹동면,경상사고,0,0,1,0,차대차 - 기타,안전운전불이행,젖음/습기,비,교차로 - 교차로안,승용,여,41세,상해없음,이륜,남,60세,경상
2019092100100390,2019년 9월 21일 15시,토요일,충청북도 청주시 서원구 분평동,경상사고,0,0,1,0,차대차 - 측면충돌,교차로운행방법위반,젖음/습기,비,교차로 - 교차로안,승합,남,38세,상해없음,승용,남,46세,경상
2019092100100428,2019년 9월 21일 16시,토요일,충청북도 충주시 소태면,경상사고,0,0,2,0,차대차 - 기타,안전운전불이행,젖음/습기,비,단일로 - 교량,화물,남,48세,상해없음,승용,여,51세,경상
2019092100100429,2019년 9월 21일 16시,토요일,충청북도 증평군 증평읍,경상사고,0,0,2,0,차대차 - 추돌,안전거리미확보,젖음/습기,비,단일로 - 기타,화물,남,48세,상해없음,승용,남,53세,경상
2019092100100430,2019년 9월 21일 16시,토요일,충청북도 청주시 흥덕구 가경동,경상사고,0,0,1,0,차대차 - 측면충돌,안전운전불이행,젖음/습기,비,교차로 - 교차로안,승용,여,48세,상해없음,화물,남,47세,경상
2019092100100461,2019년 9월 21일 17시,토요일,충청북도 청주시 청원구 오창읍,경상사고,0,0,1,0,차량단독 - 기타,안전운전불이행,젖음/습기,비,단일로 - 기타,승용,남,52세,경상,,,,
2019092100100462,2019년 9월 21일 17시,토요일,충청북도 청주시 서원구 사창동,경상사고,0,0,1,0,차대사람 - 차도통행중,안전운전불이행,젖음/습기,비,교차로 - 교차로부근,승용,남,65세,상해없음,보행자,여,61세,경상
2019092100100503,2019년 9월 21일 18시,토요일,충청북도 음성군 대소면,경상사고,0,0,2,0,차대차 - 측면충돌,신호위반,젖음/습기,비,교차로 - 교차로부근,승용,여,25세,경상,승용,남,37세,경상
2019092100100504,2019년 9월 21일 18시,토요일,충청북도 옥천군 옥천읍,사망사고,1,0,0,0,차대사람 - 차도통행중,안전운전불이행,젖음/습기,비,단일로 - 기타,승용,남,25세,상해없음,보행자,남,76세,사망
2019092100100505,2019년 9월 21일 18시,토요일,충청북도 청주시 흥덕구 봉명동,경상사고,0,0,1,0,차대차 - 측면충돌,교차로운행방법위반,젖음/습기,비,교차로 - 교차로안,승용,남,27세,상해없음,승용,남,42세,경상
2019092100100558,2019년 9월 21일 19시,토요일,충청북도 제천시 화산동,중상사고,0,2,0,0,차대사람 - 횡단중,보행자보호의무위반,젖음/습기,비,단일로 - 지하차도(도로)내,승용,남,68세,상해없음,보행자,남,60세,중상
2019092100100559,2019년 9월 21일 19시,토요일,충청북도 제천시 고명동,경상사고,0,0,2,0,차대차 - 추돌,안전거리미확보,젖음/습기,흐림,교차로 - 교차로부근,승용,여,24세,경상,승용,여,39세,상해없음
2019092100100560,2019년 9월 21일 19시,토요일,충청북도 괴산군 불정면,중상사고,0,1,0,0,차대사람 - 길가장자리구역통행중,안전운전불이행,젖음/습기,비,단일로 - 기타,승용,남,69세,상해없음,보행자,여,64세,중상
2019092100100623,2019년 9월 21일 20시,토요일,충청북도 제천시 영천동,중상사고,0,1,0,0,차대사람 - 횡단중,안전운전불이행,젖음/습기,비,단일로 - 기타,승용,남,43세,상해없음,보행자,남,60세,중상
2019092100100667,2019년 9월 21일 21시,토요일,충청북도 청주시 청원구 외남동,중상사고,0,1,0,0,차량단독 - 기타,안전운전불이행,젖음/습기,비,단일로 - 기타,승용,여,30세,중상,,,,
2019092100100668,2019년 9월 21일 21시,토요일,충청북도 충주시 칠금동,경상사고,0,0,1,0,차대사람 - 횡단중,안전운전불이행,젖음/습기,비,단일로 - 기타,화물,남,56세,상해없음,보행자,남,59세,경상
2019092100100669,2019년 9월 21일 21시,토요일,충청북도 제천시 중앙로2가,중상사고,0,1,0,0,차대사람 - 차도통행중,안전운전불이행,젖음/습기,비,단일로 - 지하차도(도로)내,승용,남,22세,상해없음,보행자,남,56세,중상
2019092100100670,2019년 9월 21일 21시,토요일,충청북도 진천군 진천읍,중상사고,0,1,0,0,차대사람 - 기타,안전운전불이행,건조,맑음,단일로 - 기타,승용,남,66세,상해없음,보행자,남,54세,중상
2019092100100671,2019년 9월 21일 21시,토요일,충청북도 청주시 흥덕구 가경동,부상신고사고,0,0,0,1,차대차 - 추돌,교차로운행방법위반,젖음/습기,비,교차로 - 교차로횡단보도내,이륜,남,46세,부상신고,승용,여,61세,상해없음
2019092100100705,2019년 9월 21일 22시,토요일,충청북도 충주시 연수동,부상신고사고,0,0,0,1,차대차 - 정면충돌,안전운전불이행,젖음/습기,비,교차로 - 교차로안,자전거,여,40세,부상신고,화물,남,50세,상해없음
2019092100100706,2019년 9월 21일 22시,토요일,충청북도 제천시 영천동,중상사고,0,2,3,0,차대차 - 측면충돌,안전운전불이행,젖음/습기,비,교차로 - 교차로안,승용,여,51세,상해없음,승용,남,59세,경상
2019092100100707,2019년 9월 21일 22시,토요일,충청북도 청주시 서원구 개신동,경상사고,0,0,4,0,차대차 - 정면충돌,안전운전불이행,건조,맑음,교차로 - 교차로부근,승용,남,23세,상해없음,승용,여,41세,경상
2019092100100708,2019년 9월 21일 22시,토요일,충청북도 청주시 흥덕구 복대동,경상사고,0,0,1,0,차대차 - 기타,안전운전불이행,젖음/습기,비,단일로 - 기타,승용,남,52세,상해없음,승용,남,45세,경상
2019092100100731,2019년 9월 21일 23시,토요일,충청북도 제천시 명동,경상사고,0,0,4,0,차대차 - 정면충돌,직진우회전진행방해,젖음/습기,비,교차로 - 교차로안,승용,남,42세,경상,승용,여,56세,경상
2019092200100028,2019년 9월 22일 00시,일요일,충청북도 충주시 봉방동,경상사고,0,0,1,0,차대차 - 측면충돌,신호위반,젖음/습기,비,교차로 - 교차로안,승용,남,64세,상해없음,승용,남,49세,경상
2019092200100029,2019년 9월 22일 00시,일요일,충청북도 진천군 진천읍,중상사고,0,1,0,0,차대차 - 정면충돌,기타,젖음/습기,비,교차로 - 교차로부근,승용,남,57세,상해없음,승용,여,34세,중상
2019092200100071,2019년 9월 22일 02시,일요일,충청북도 제천시 신월동,경상사고,0,0,1,0,차량단독 - 공작물충돌,안전운전불이행,젖음/습기,비,단일로 - 지하차도(도로)내,승용,남,59세,경상,,,,
2019092200100100,2019년 9월 22일 04시,일요일,충청북도 청주시 흥덕구 복대동,경상사고,0,0,1,0,차대차 - 측면충돌,신호위반,젖음/습기,비,교차로 - 교차로안,승용,남,53세,상해없음,승용,남,52세,경상
2019092200100202,2019년 9월 22일 12시,일요일,충청북도 제천시 서부동,경상사고,0,0,4,0,차대차 - 측면충돌,기타,젖음/습기,흐림,교차로 - 교차로안,승용,남,44세,상해없음,승용,남,25세,경상
2019092200100203,2019년 9월 22일 12시,일요일,충청북도 괴산군 장연면,중상사고,0,1,3,0,차량단독 - 공작물충돌,안전운전불이행,젖음/습기,비,단일로 - 기타,승용,남,22세,경상,,,,
2019092200100226,2019년 9월 22일 13시,일요일,충청북도 충주시 달천동,경상사고,0,0,1,0,차대차 - 추돌,안전운전불이행,건조,맑음,단일로 - 고가도로위,승용,남,31세,상해없음,승용,남,69세,경상
2019092200100227,2019년 9월 22일 13시,일요일,충청북도 청주시 상당구 금천동,경상사고,0,0,2,0,차대차 - 측면충돌,과속,젖음/습기,비,교차로 - 교차로안,승용,남,47세,경상,승용,남,71세,경상
2019092200100254,2019년 9월 22일 14시,일요일,충청북도 충주시 신니면,중상사고,0,1,1,0,차대차 - 기타,안전운전불이행,젖음/습기,비,단일로 - 기타,승용,남,59세,경상,승용,여,46세,중상
2019092200100255,2019년 9월 22일 14시,일요일,충청북도 제천시 봉양읍,중상사고,0,3,0,0,차대차 - 정면충돌,안전운전불이행,젖음/습기,비,단일로 - 기타,승용,남,28세,상해없음,승용,남,56세,중상
2019092200100256,2019년 9월 22일 14시,일요일,충청북도 청주시 흥덕구 봉명동,경상사고,0,0,3,0,차대차 - 기타,안전운전불이행,젖음/습기,비,단일로 - 기타,승용,남,30세,상해없음,승용,여,23세,경상
2019092200100257,2019년 9월 22일 14시,일요일,충청북도 청주시 서원구 수곡동,중상사고,0,2,0,0,차대차 - 측면충돌,신호위반,젖음/습기,비,교차로 - 교차로안,승용,남,70세,상해없음,승용,여,48세,중상
2019092200100281,2019년 9월 22일 15시,일요일,충청북도 청주시 흥덕구 신봉동,경상사고,0,0,1,0,차대차 - 측면충돌,안전운전불이행,젖음/습기,비,교차로 - 교차로안,이륜,남,34세,경상,승합,여,32세,상해없음
2019092200100282,2019년 9월 22일 15시,일요일,충청북도 청주시 흥덕구 복대동,중상사고,0,1,0,0,차대사람 - 횡단중,안전운전불이행,젖음/습기,비,단일로 - 지하차도(도로)내,승용,남,46세,상해없음,보행자,여,69세,중상
2019092200100283,2019년 9월 22일 15시,일요일,충청북도 보은군 회인면,경상사고,0,0,4,0,차대차 - 측면충돌,안전운전불이행,젖음/습기,비,단일로 - 교량,승용,남,58세,상해없음,승용,여,45세,경상
2019092200100305,2019년 9월 22일 16시,일요일,충청북도 청주시 흥덕구 송정동,중상사고,0,2,0,0,차대차 - 측면충돌,신호위반,젖음/습기,비,교차로 - 교차로안,승용,남,57세,상해없음,승용,남,56세,중상
2019092200100306,2019년 9월 22일 16시,일요일,충청북도 청주시 상당구 금천동,경상사고,0,0,5,0,차대차 - 측면충돌,교차로운행방법위반,젖음/습기,비,교차로 - 교차로안,승용,남,49세,경상,승용,남,49세,경상
2019092200100335,2019년 9월 22일 17시,일요일,충청북도 청주시 청원구 사천동,경상사고,0,0,1,0,차대차 - 기타,안전운전불이행,젖음/습기,비,교차로 - 교차로부근,승합,남,49세,기타불명,승용,남,40세,경상
2019092200100336,2019년 9월 22일 17시,일요일,충청북도 청주시 흥덕구 오송읍,경상사고,0,0,1,0,차대차 - 기타,교차로운행방법위반,젖음/습기,비,교차로 - 교차로안,승용,남,28세,경상,승합,남,56세,상해없음
2019092200100360,2019년 9월 22일 18시,일요일,충청북도 충주시 중앙탑면,경상사고,0,0,2,0,차대차 - 측면충돌,신호위반,젖음/습기,비,교차로 - 교차로안,승용,남,21세,상해없음,승용,남,54세,경상
2019092200100394,2019년 9월 22일 19시,일요일,충청북도 청주시 흥덕구 가경동,경상사고,0,0,1,0,차대차 - 기타,교차로운행방법위반,젖음/습기,비,교차로 - 교차로안,승용,남,63세,상해없음,화물,남,63세,경상
2019092200100427,2019년 9월 22일 20시,일요일,충청북도 청주시 상당구 수동,경상사고,0,0,2,0,차대차 - 기타,직진우회전진행방해,젖음/습기,비,교차로 - 교차로안,승용,남,66세,경상,승용,여,48세,경상
2019092200100428,2019년 9월 22일 20시,일요일,충청북도 충주시 문화동,경상사고,0,0,1,0,차대사람 - 횡단중,보행자보호의무위반,젖음/습기,비,교차로 - 교차로횡단보도내,승용,남,51세,상해없음,보행자,여,18세,경상
2019092200100429,2019년 9월 22일 20시,일요일,충청북도 음성군 대소면,경상사고,0,0,1,0,차대사람 - 횡단중,보행자보호의무위반,젖음/습기,흐림,교차로 - 교차로안,승용,여,25세,상해없음,보행자,남,52세,경상
2019092200100430,2019년 9월 22일 20시,일요일,충청북도 청주시 흥덕구 복대동,중상사고,0,1,0,1,차대사람 - 기타,안전운전불이행,젖음/습기,비,단일로 - 기타,이륜,남,37세,부상신고,보행자,여,15세,중상
2019092200100485,2019년 9월 22일 22시,일요일,충청북도 청주시 서원구 수곡동,경상사고,0,0,1,0,차대차 - 측면충돌,신호위반,건조,흐림,교차로 - 교차로안,이륜,남,29세,상해없음,승용,남,22세,경상
2019092200100486,2019년 9월 22일 22시,일요일,충청북도 청주시 서원구 산남동,경상사고,0,0,1,0,차대차 - 측면충돌,안전운전불이행,건조,맑음,교차로 - 교차로부근,승용,여,41세,상해없음,승용,여,45세,상해없음
2019092200100503,2019년 9월 22일 23시,일요일,충청북도 충주시 중앙탑면,경상사고,0,0,2,0,차대차 - 기타,안전운전불이행,건조,맑음,단일로 - 기타,승용,남,35세,상해없음,승용,남,37세,기타불명
2019092200100504,2019년 9월 22일 23시,일요일,충청북도 진천군 이월면,경상사고,0,0,1,0,차량단독 - 공작물충돌,안전운전불이행,건조,맑음,단일로 - 기타,승용,남,25세,상해없음,,,,
2019092200100505,2019년 9월 22일 23시,일요일,충청북도 청주시 서원구 수곡동,경상사고,0,0,1,0,차대사람 - 기타,신호위반,건조,맑음,교차로 - 교차로안,이륜,남,38세,상해없음,보행자,남,41세,경상
2019092300100044,2019년 9월 23일 02시,월요일,충청북도 진천군 진천읍,경상사고,0,0,1,0,차량단독 - 기타,안전운전불이행,건조,흐림,기타 - 기타,이륜,남,18세,경상,,,,
2019092300100045,2019년 9월 23일 02시,월요일,충청북도 청주시 흥덕구 복대동,중상사고,0,3,0,0,차대차 - 측면충돌,신호위반,건조,맑음,교차로 - 교차로안,승용,남,27세,상해없음,승용,남,20세,중상
2019092300100060,2019년 9월 23일 05시,월요일,충청북도 청주시 흥덕구 송정동,경상사고,0,0,1,0,차대차 - 기타,안전운전불이행,건조,맑음,교차로 - 교차로부근,승용,남,53세,상해없음,승용,남,33세,경상
2019092300100061,2019년 9월 23일 05시,월요일,충청북도 청주시 상당구 북문로1가동,중상사고,0,1,1,0,차대차 - 측면충돌,신호위반,건조,맑음,교차로 - 교차로안,이륜,남,34세,중상,승합,남,57세,경상
2019092300100073,2019년 9월 23일 06시,월요일,충청북도 청주시 상당구 금천동,경상사고,0,0,1,0,차대차 - 측면충돌,교차로운행방법위반,건조,맑음,교차로 - 교차로안,승용,여,57세,상해없음,원동기,남,24세,경상
2019092300100090,2019년 9월 23일 07시,월요일,충청북도 제천시 청전동,경상사고,0,0,1,0,차대차 - 측면충돌,직진우회전진행방해,건조,맑음,교차로 - 교차로안,승용,남,60세,상해없음,승용,남,54세,상해없음
2019092300100091,2019년 9월 23일 07시,월요일,충청북도 음성군 금왕읍,사망사고,1,0,0,0,차대차 - 정면충돌,안전운전불이행,건조,맑음,단일로 - 기타,승용,여,47세,상해없음,이륜,남,54세,사망
2019092300100092,2019년 9월 23일 07시,월요일,충청북도 진천군 덕산면,경상사고,0,0,1,0,차대차 - 측면충돌,직진우회전진행방해,건조,맑음,교차로 - 교차로안,승용,남,43세,기타불명,승용,남,30세,경상
2019092300100140,2019년 9월 23일 08시,월요일,충청북도 제천시 영천동,경상사고,0,0,1,0,차대차 - 측면충돌,안전운전불이행,건조,맑음,교차로 - 교차로안,승용,여,47세,경상,승용,여,59세,상해없음
2019092300100141,2019년 9월 23일 08시,월요일,충청북도 청주시 서원구 분평동,경상사고,0,0,1,0,차대차 - 측면충돌,안전거리미확보,건조,맑음,단일로 - 지하차도(도로)내,승용,여,52세,상해없음,승합,남,58세,경상
2019092300100216,2019년 9월 23일 10시,월요일,충청북도 청주시 흥덕구 신봉동,경상사고,0,0,1,0,차대차 - 기타,교차로운행방법위반,건조,맑음,교차로 - 교차로부근,화물,남,63세,상해없음,승용,남,27세,경상
2019092300100217,2019년 9월 23일 10시,월요일,충청북도 청주시 흥덕구 복대동,경상사고,0,0,2,0,차대차 - 기타,안전운전불이행,건조,맑음,단일로 - 기타,이륜,남,17세,상해없음,승용,남,43세,경상
2019092300100218,2019년 9월 23일 10시,월요일,충청북도 청주시 상당구 용암동,부상신고사고,0,0,0,1,차량단독 - 전도전복 - 전도,안전운전불이행,건조,맑음,교차로 - 교차로안,이륜,남,66세,부상신고,,,,
2019092300100274,2019년 9월 23일 12시,월요일,충청북도 증평군 증평읍,중상사고,0,1,0,0,차대차 - 측면충돌,안전운전불이행,건조,맑음,교차로 - 교차로안,화물,남,43세,상해없음,자전거,남,53세,중상
2019092300100309,2019년 9월 23일 13시,월요일,충청북도 제천시 청전동,경상사고,0,0,1,0,차대차 - 측면충돌,중앙선침범,건조,맑음,단일로 - 지하차도(도로)내,승용,남,66세,상해없음,화물,남,30세,경상
2019092300100342,2019년 9월 23일 14시,월요일,충청북도 제천시 중앙로1가,중상사고,0,1,0,0,차대사람 - 기타,보행자보호의무위반,건조,맑음,교차로 - 교차로안,승용,남,67세,상해없음,보행자,여,70세,중상
2019092300100343,2019년 9월 23일 14시,월요일,충청북도 청주시 서원구 미평동,중상사고,0,1,2,0,차대차 - 측면충돌,신호위반,건조,맑음,교차로 - 교차로안,이륜,남,36세,중상,승용,남,23세,경상
2019092300100383,2019년 9월 23일 15시,월요일,충청북도 청주시 흥덕구 남촌동,경상사고,0,0,1,0,차대차 - 기타,안전거리미확보,건조,맑음,단일로 - 기타,화물,남,58세,상해없음,화물,남,35세,경상
2019092300100449,2019년 9월 23일 17시,월요일,충청북도 충주시 단월동,중상사고,0,1,1,0,차대차 - 기타,안전운전불이행,건조,맑음,교차로 - 교차로안,승용,여,50세,경상,승용,남,53세,중상
2019092300100450,2019년 9월 23일 17시,월요일,충청북도 제천시 고명동,경상사고,0,0,2,0,차대차 - 정면충돌,신호위반,건조,맑음,교차로 - 교차로안,화물,남,50세,경상,화물,남,63세,경상
2019092300100546,2019년 9월 23일 19시,월요일,충청북도 청주시 청원구 주중동,경상사고,0,0,2,0,차대차 - 기타,안전운전불이행,건조,맑음,교차로 - 교차로부근,승용,남,75세,상해없음,승용,남,59세,경상
2019092300100547,2019년 9월 23일 19시,월요일,충청북도 제천시 화산동,경상사고,0,0,1,0,차대차 - 추돌,안전운전불이행,건조,맑음,단일로 - 지하차도(도로)내,승용,남,47세,상해없음,승용,남,40세,경상
2019092300100591,2019년 9월 23일 20시,월요일,충청북도 단양군 가곡면,경상사고,0,0,1,0,차대차 - 추돌,안전운전불이행,건조,맑음,기타 - 기타,승용,여,51세,상해없음,자전거,남,50세,경상