사고번호,사고일시,요일,시군구,사고내용,사망자수,중상자수,경상자수,부상신고자수,사고유형,법규위반,노면상태,기상상태,도로형태,가해운전자 차종,가해운전자 성별,가해운전자 연령,가해운전자 상해정도,피해운전자 차종,피해운전자 성별,피해운전자 연령,피해운전자 상해정도
2019092300100592,2019년 9월 23일 20시,월요일,충청북도 청주시 상당구 서문동,중상사고,0,1,3,2,차대차 - 측면충돌,교차로운행방법위반,건조,맑음,교차로 - 교차로안,승용,남,61세,상해없음,승용,여,63세,경상
2019092300100593,2019년 9월 23일 20시,월요일,충청북도 청주시 상당구 미원면,경상사고,0,0,2,0,차대차 - 측면충돌,교차로운행방법위반,건조,맑음,교차로 - 교차로안,승용,남,33세,상해없음,승용,남,64세,경상
2019092300100618,2019년 9월 23일 21시,월요일,충청북도 제천시 청전동,부상신고사고,0,0,0,1,차대차 - 측면충돌,안전거리미확보,건조,맑음,기타 - 기타,승용,남,41세,상해없음,이륜,남,16세,부상신고
2019092300100619,2019년 9월 23일 21시,월요일,충청북도 청주시 서원구 수곡동,경상사고,0,0,2,0,차대차 - 추돌,안전운전불이행,건조,맑음,단일로 - 기타,승용,남,30세,기타불명,승용,남,63세,경상
2019092300100672,2019년 9월 23일 23시,월요일,충청북도 청주시 흥덕구 향정동,경상사고,0,0,1,0,차대차 - 추돌,안전운전불이행,건조,맑음,교차로 - 교차로부근,승용,여,31세,상해없음,승용,여,34세,경상
2019092400100021,2019년 9월 24일 00시,화요일,충청북도 청주시 흥덕구 봉명동,중상사고,0,1,0,0,차대차 - 기타,교차로운행방법위반,건조,맑음,교차로 - 교차로안,승용,남,29세,상해없음,이륜,남,32세,중상
2019092400100036,2019년 9월 24일 01시,화요일,충청북도 청주시 서원구 사직동,중상사고,0,1,0,0,차량단독 - 기타,안전운전불이행,건조,맑음,교차로 - 교차로안,승용,남,22세,상해없음,,,,
2019092400100057,2019년 9월 24일 03시,화요일,충청북도 청주시 서원구 수곡동,경상사고,0,0,1,0,차대차 - 측면충돌,신호위반,건조,맑음,교차로 - 교차로안,승용,남,38세,상해없음,자전거,남,27세,경상
2019092400100064,2019년 9월 24일 04시,화요일,충청북도 청주시 흥덕구 지동동,경상사고,0,0,1,0,차대차 - 추돌,안전운전불이행,건조,맑음,교차로 - 교차로부근,승용,남,23세,경상,화물,남,61세,상해없음
2019092400100113,2019년 9월 24일 07시,화요일,충청북도 충주시 충의동,중상사고,0,1,0,0,차대사람 - 횡단중,중앙선침범,건조,맑음,단일로 - 기타,승용,남,43세,상해없음,보행자,여,76세,중상
2019092400100150,2019년 9월 24일 08시,화요일,충청북도 청주시 상당구 방서동,중상사고,0,1,0,0,차대사람 - 차도통행중,신호위반,건조,맑음,교차로 - 교차로부근,건설기계,남,42세,기타불명,보행자,여,24세,중상
2019092400100189,2019년 9월 24일 09시,화요일,충청북도 청주시 서원구 모충동,경상사고,0,0,2,0,차대차 - 측면충돌,기타,건조,맑음,교차로 - 교차로부근,승용,여,43세,상해없음,화물,남,37세,경상
2019092400100225,2019년 9월 24일 10시,화요일,충청북도 청주시 청원구 우암동,경상사고,0,0,1,0,차대차 - 기타,교차로운행방법위반,건조,맑음,교차로 - 교차로안,승용,남,59세,상해없음,이륜,남,40세,경상
2019092400100263,2019년 9월 24일 11시,화요일,충청북도 청주시 청원구 주성동,중상사고,0,1,1,0,차대차 - 추돌,안전운전불이행,건조,맑음,교차로 - 교차로부근,건설기계,남,48세,상해없음,승용,여,72세,경상
2019092400100264,2019년 9월 24일 11시,화요일,충청북도 충주시 연수동,중상사고,0,1,0,0,차대사람 - 횡단중,안전운전불이행,건조,맑음,단일로 - 기타,승용,남,50세,상해없음,보행자,여,85세,중상
2019092400100265,2019년 9월 24일 11시,화요일,충청북도 단양군 단양읍,중상사고,0,1,1,0,차대차 - 추돌,안전운전불이행,건조,맑음,단일로 - 기타,이륜,남,42세,중상,승합,남,57세,상해없음
2019092400100266,2019년 9월 24일 11시,화요일,충청북도 청주시 흥덕구 가경동,경상사고,0,0,1,0,차대차 - 기타,안전운전불이행,건조,맑음,단일로 - 기타,승합,남,49세,상해없음,승용,여,37세,경상
2019092400100296,2019년 9월 24일 12시,화요일,충청북도 충주시 대소원면,경상사고,0,0,1,0,차대차 - 추돌,안전거리미확보,건조,맑음,교차로 - 교차로부근,승용,남,41세,상해없음,승용,여,40세,경상
2019092400100297,2019년 9월 24일 12시,화요일,충청북도 청주시 흥덕구 복대동,경상사고,0,0,1,0,차대사람 - 횡단중,보행자보호의무위반,건조,맑음,교차로 - 교차로횡단보도내,화물,남,58세,상해없음,보행자,여,36세,경상
2019092400100341,2019년 9월 24일 13시,화요일,충청북도 청주시 서원구 사직동,중상사고,0,1,0,0,차대차 - 측면충돌,교차로운행방법위반,건조,맑음,교차로 - 교차로안,승용,남,73세,상해없음,승용,여,60세,중상
2019092400100342,2019년 9월 24일 13시,화요일,충청북도 옥천군 옥천읍,경상사고,0,0,1,0,차대차 - 측면충돌,안전거리미확보,건조,맑음,교차로 - 교차로부근,이륜,남,44세,상해없음,승용,남,69세,경상
2019092400100343,2019년 9월 24일 13시,화요일,충청북도 진천군 문백면,중상사고,0,1,0,0,차량단독 - 기타,안전운전불이행,건조,맑음,단일로 - 기타,이륜,남,81세,중상,,,,
2019092400100373,2019년 9월 24일 14시,화요일,충청북도 제천시 신동,중상사고,0,1,0,0,차대차 - 기타,신호위반,건조,맑음,교차로 - 교차로안,승용,여,57세,상해없음,이륜,남,41세,중상
2019092400100421,2019년 9월 24일 15시,화요일,충청북도 청주시 흥덕구 가경동,중상사고,0,2,0,0,차대차 - 측면충돌,안전운전불이행,건조,맑음,단일로 - 기타,승용,남,44세,중상,승용,남,53세,상해없음
2019092400100422,2019년 9월 24일 15시,화요일,충청북도 청주시 서원구 모충동,경상사고,0,0,1,0,차대사람 - 횡단중,보행자보호의무위반,건조,맑음,교차로 - 교차로부근,승용,남,61세,상해없음,보행자,남,7세,경상
2019092400100522,2019년 9월 24일 17시,화요일,충청북도 충주시 수안보면,경상사고,0,0,1,0,차대차 - 기타,교차로운행방법위반,건조,맑음,교차로 - 교차로안,화물,남,60세,상해없음,자전거,남,57세,경상
2019092400100523,2019년 9월 24일 17시,화요일,충청북도 제천시 화산동,부상신고사고,0,0,0,1,차대차 - 측면충돌,안전운전불이행,건조,맑음,교차로 - 교차로안,자전거,남,61세,부상신고,화물,남,34세,상해없음
2019092400100524,2019년 9월 24일 17시,화요일,충청북도 영동군 매곡면,경상사고,0,0,1,0,차량단독 - 공작물충돌,안전운전불이행,건조,맑음,단일로 - 기타,승용,남,82세,경상,,,,
2019092400100525,2019년 9월 24일 17시,화요일,충청북도 청주시 흥덕구 봉명동,경상사고,0,0,1,0,차대차 - 기타,안전운전불이행,건조,맑음,기타 - 기타,승용,남,61세,상해없음,원동기,여,42세,경상
2019092400100526,2019년 9월 24일 17시,화요일,충청북도 청주시 서원구 수곡동,중상사고,0,1,0,0,차대사람 - 보도통행중,안전운전불이행,건조,맑음,단일로 - 지하차도(도로)내,화물,남,26세,상해없음,보행자,여,84세,중상
2019092400100577,2019년 9월 24일 18시,화요일,충청북도 충주시 연수동,사망사고,1,0,0,0,차대차 - 측면충돌,안전운전불이행,건조,맑음,교차로 - 교차로부근,승용,남,27세,상해없음,원동기,남,21세,사망
2019092400100578,2019년 9월 24일 18시,화요일,충청북도 충주시 칠금동,경상사고,0,0,1,0,차대차 - 기타,신호위반,건조,맑음,교차로 - 교차로안,승용,남,49세,상해없음,승합,남,67세,상해없음
2019092400100636,2019년 9월 24일 19시,화요일,충청북도 청주시 청원구 내덕동,경상사고,0,0,1,0,차대차 - 측면충돌,신호위반,건조,맑음,교차로 - 교차로안,승용,남,68세,상해없음,승용,남,42세,경상
2019092400100637,2019년 9월 24일 19시,화요일,충청북도 충주시 중앙탑면,경상사고,0,0,1,0,차대차 - 추돌,안전운전불이행,건조,맑음,단일로 - 기타,화물,남,50세,상해없음,승합,남,54세,경상
2019092400100677,2019년 9월 24일 20시,화요일,충청북도 영동군 영동읍,부상신고사고,0,0,0,1,차대차 - 측면충돌,안전운전불이행,건조,맑음,단일로 - 기타,자전거,여,60세,부상신고,화물,남,58세,상해없음
2019092400100678,2019년 9월 24일 20시,화요일,충청북도 음성군 금왕읍,중상사고,0,1,1,0,차대차 - 측면충돌,교차로운행방법위반,건조,맑음,교차로 - 교차로안,승용,남,52세,상해없음,승용,여,55세,중상
2019092400100679,2019년 9월 24일 20시,화요일,충청북도 괴산군 장연면,경상사고,0,0,1,0,차대차 - 측면충돌,안전운전불이행,건조,맑음,단일로 - 기타,승용,여,43세,상해없음,화물,남,53세,경상
2019092400100708,2019년 9월 24일 21시,화요일,충청북도 제천시 청전동,사망사고,1,0,1,0,차대차 - 정면충돌,신호위반,건조,맑음,교차로 - 교차로안,이륜,남,24세,사망,승용,남,52세,경상
2019092400100709,2019년 9월 24일 21시,화요일,충청북도 청주시 서원구 수곡동,경상사고,0,0,1,0,차대차 - 기타,안전운전불이행,건조,맑음,단일로 - 기타,자전거,남,16세,경상,승용,남,52세,상해없음
2019092400100735,2019년 9월 24일 22시,화요일,충청북도 음성군 맹동면,경상사고,0,0,2,0,차대차 - 측면충돌,신호위반,건조,맑음,교차로 - 교차로안,이륜,남,16세,기타불명,승용,남,27세,경상
2019092500100037,2019년 9월 25일 00시,수요일,충청북도 청주시 흥덕구 가경동,경상사고,0,0,1,0,차대차 - 기타,안전운전불이행,건조,맑음,단일로 - 기타,승용,여,40세,상해없음,이륜,남,36세,경상
2019092500100079,2019년 9월 25일 05시,수요일,충청북도 청주시 서원구 현도면,부상신고사고,0,0,0,1,차량단독 - 기타,안전운전불이행,건조,맑음,단일로 - 기타,이륜,남,22세,부상신고,,,,
2019092500100096,2019년 9월 25일 06시,수요일,충청북도 증평군 증평읍,중상사고,0,1,0,0,차대사람 - 차도통행중,안전운전불이행,건조,맑음,단일로 - 기타,승용,남,42세,상해없음,보행자,남,82세,중상
2019092500100107,2019년 9월 25일 07시,수요일,충청북도 청주시 청원구 오창읍,경상사고,0,0,3,0,차대차 - 측면충돌,교차로운행방법위반,건조,맑음,교차로 - 교차로안,화물,남,64세,경상,승용,남,35세,경상
2019092500100144,2019년 9월 25일 08시,수요일,충청북도 제천시 서부동,경상사고,0,0,2,0,차대차 - 측면충돌,안전운전불이행,건조,맑음,단일로 - 지하차도(도로)내,화물,여,59세,상해없음,승용,남,26세,경상
2019092500100145,2019년 9월 25일 08시,수요일,충청북도 제천시 신월동,중상사고,0,1,2,0,차대차 - 측면충돌,안전운전불이행,건조,맑음,기타 - 기타,승합,남,67세,상해없음,승용,남,25세,경상
2019092500100146,2019년 9월 25일 08시,수요일,충청북도 청주시 흥덕구 오송읍,경상사고,0,0,1,0,차대차 - 기타,안전운전불이행,건조,맑음,기타 - 기타,승합,남,46세,상해없음,승용,여,25세,경상
2019092500100188,2019년 9월 25일 09시,수요일,충청북도 충주시 지현동,중상사고,0,1,0,0,차대차 - 측면충돌,안전운전불이행,건조,맑음,기타 - 기타,승합,남,48세,상해없음,자전거,남,33세,중상
2019092500100189,2019년 9월 25일 09시,수요일,충청북도 음성군 대소면,경상사고,0,0,2,0,차대차 - 측면충돌,안전거리미확보,건조,맑음,교차로 - 교차로부근,화물,남,84세,상해없음,승용,남,41세,경상
2019092500100235,2019년 9월 25일 10시,수요일,충청북도 진천군 초평면,중상사고,0,1,0,0,차대차 - 추돌,안전운전불이행,건조,맑음,교차로 - 교차로안,화물,남,42세,상해없음,화물,남,66세,중상
2019092500100264,2019년 9월 25일 11시,수요일,충청북도 충주시 충의동,중상사고,0,1,0,0,차대사람 - 기타,안전운전불이행,건조,맑음,단일로 - 기타,승용,여,63세,상해없음,보행자,여,86세,중상
2019092500100355,2019년 9월 25일 14시,수요일,충청북도 충주시 호암동,경상사고,0,0,3,0,차대차 - 측면충돌,신호위반,건조,맑음,교차로 - 교차로안,승용,여,43세,상해없음,승용,여,63세,경상
2019092500100390,2019년 9월 25일 15시,수요일,충청북도 충주시 연수동,경상사고,0,0,1,0,차대사람 - 기타,안전운전불이행,건조,맑음,교차로 - 교차로안,승용,여,32세,상해없음,보행자,남,8세,경상
2019092500100391,2019년 9월 25일 15시,수요일,충청북도 청주시 상당구 남일면,경상사고,0,0,1,0,차대차 - 추돌,안전운전불이행,건조,맑음,교차로 - 교차로부근,승용,여,57세,상해없음,이륜,남,82세,경상
2019092500100441,2019년 9월 25일 16시,수요일,충청북도 괴산군 괴산읍,경상사고,0,0,1,0,차대차 - 추돌,안전거리미확보,건조,맑음,단일로 - 기타,화물,남,75세,상해없음,승용,남,32세,경상
2019092500100442,2019년 9월 25일 16시,수요일,충청북도 청주시 상당구 석교동,중상사고,0,1,0,0,차대차 - 기타,안전운전불이행,건조,맑음,교차로 - 교차로횡단보도내,승용,남,63세,상해없음,자전거,여,70세,중상
2019092500100475,2019년 9월 25일 17시,수요일,충청북도 청주시 청원구 율량동,경상사고,0,0,1,0,차대차 - 기타,불법유턴,건조,맑음,단일로 - 기타,승합,남,69세,상해없음,이륜,남,44세,경상
2019092500100476,2019년 9월 25일 17시,수요일,충청북도 청주시 흥덕구 운천동,경상사고,0,0,1,0,차대차 - 기타,교차로운행방법위반,건조,맑음,교차로 - 교차로안,승용,남,37세,상해없음,승용,여,62세,경상
2019092500100477,2019년 9월 25일 17시,수요일,충청북도 청주시 상당구 용암동,중상사고,0,1,0,0,차대차 - 기타,안전운전불이행,건조,맑음,단일로 - 기타,승용,남,51세,상해없음,승용,여,28세,중상
2019092500100529,2019년 9월 25일 18시,수요일,충청북도 영동군 영동읍,경상사고,0,0,1,0,차대차 - 측면충돌,직진우회전진행방해,건조,맑음,교차로 - 교차로안,승용,여,44세,경상,승용,여,61세,상해없음
2019092500100583,2019년 9월 25일 19시,수요일,충청북도 청주시 흥덕구 복대동,중상사고,0,1,0,0,차대차 - 측면충돌,안전운전불이행,건조,맑음,단일로 - 기타,승합,여,58세,상해없음,이륜,남,32세,중상
2019092500100623,2019년 9월 25일 20시,수요일,충청북도 청주시 흥덕구 복대동,중상사고,0,1,0,0,차대차 - 기타,안전운전불이행,건조,맑음,교차로 - 교차로안,승용,남,21세,상해없음,이륜,남,24세,중상
2019092500100657,2019년 9월 25일 21시,수요일,충청북도 청주시 청원구 오창읍,중상사고,0,2,1,1,차대차 - 기타,교차로운행방법위반,건조,맑음,교차로 - 교차로안,승용,여,28세,부상신고,승용,남,29세,중상
2019092500100658,2019년 9월 25일 21시,수요일,충청북도 제천시 화산동,부상신고사고,0,0,0,1,차대사람 - 횡단중,안전운전불이행,건조,맑음,교차로 - 교차로안,승용,여,53세,상해없음,보행자,남,56세,부상신고
2019092500100659,2019년 9월 25일 21시,수요일,충청북도 청주시 서원구 수곡동,경상사고,0,0,2,0,차대차 - 기타,신호위반,건조,맑음,교차로 - 교차로안,승용,남,33세,상해없음,승용,남,33세,경상
2019092500100695,2019년 9월 25일 23시,수요일,충청북도 단양군 매포읍,경상사고,0,0,1,0,차량단독 - 공작물충돌,안전운전불이행,건조,맑음,기타 - 기타,승용,남,45세,경상,,,,
2019092600100037,2019년 9월 26일 01시,목요일,충청북도 청주시 청원구 오창읍,경상사고,0,0,2,0,차대차 - 기타,안전운전불이행,건조,맑음,단일로 - 기타,승용,남,44세,상해없음,승용,남,36세,경상
2019092600100049,2019년 9월 26일 02시,목요일,충청북도 청주시 흥덕구 강서동,경상사고,0,0,3,0,차대차 - 기타,신호위반,건조,맑음,교차로 - 교차로안,승용,남,60세,기타불명,승용,남,20세,경상
2019092600100125,2019년 9월 26일 08시,목요일,충청북도 청주시 상당구 북문로2가동,경상사고,0,0,2,0,차대차 - 기타,교차로운행방법위반,건조,맑음,교차로 - 교차로안,승합,남,53세,상해없음,승용,남,54세,경상
2019092600100126,2019년 9월 26일 08시,목요일,충청북도 청주시 흥덕구 봉명동,경상사고,0,0,1,0,차대차 - 측면충돌,안전운전불이행,건조,맑음,기타 - 기타,승용,남,55세,상해없음,자전거,여,67세,경상
2019092600100157,2019년 9월 26일 09시,목요일,충청북도 청주시 서원구 개신동,중상사고,0,1,1,0,차대차 - 측면충돌,교차로운행방법위반,건조,맑음,교차로 - 교차로안,이륜,남,31세,상해없음,자전거,남,26세,중상
2019092600100190,2019년 9월 26일 10시,목요일,충청북도 청주시 청원구 내덕동,중상사고,0,1,0,0,차대차 - 측면충돌,안전운전불이행,건조,맑음,단일로 - 기타,이륜,남,47세,중상,화물,남,51세,상해없음
2019092600100191,2019년 9월 26일 10시,목요일,충청북도 영동군 추풍령면,중상사고,0,2,0,0,차량단독 - 전도전복 - 전도,안전운전불이행,건조,맑음,단일로 - 기타,이륜,남,78세,중상,,,,
2019092600100192,2019년 9월 26일 10시,목요일,충청북도 청주시 흥덕구 지동동,경상사고,0,0,2,0,차대차 - 측면충돌,안전운전불이행,건조,맑음,교차로 - 교차로부근,승용,남,59세,경상,화물,여,51세,경상
2019092600100227,2019년 9월 26일 11시,목요일,충청북도 괴산군 괴산읍,경상사고,0,0,3,0,차대차 - 측면충돌,직진우회전진행방해,건조,맑음,교차로 - 교차로안,승용,여,39세,경상,승용,남,42세,경상
2019092600100298,2019년 9월 26일 13시,목요일,충청북도 제천시 영천동,중상사고,0,1,0,0,차대사람 - 횡단중,신호위반,건조,맑음,교차로 - 교차로안,승용,남,71세,상해없음,보행자,남,67세,중상
2019092600100355,2019년 9월 26일 15시,목요일,충청북도 청주시 상당구 용암동,경상사고,0,0,2,0,차대차 - 측면충돌,차로위반,건조,맑음,단일로 - 지하차도(도로)내,승용,여,33세,상해없음,승용,남,34세,경상
2019092600100398,2019년 9월 26일 16시,목요일,충청북도 청주시 청원구 우암동,중상사고,0,1,0,0,차대차 - 기타,교차로운행방법위반,건조,맑음,단일로 - 기타,승용,남,60세,상해없음,개인형이동수단(PM),남,28세,중상
2019092600100399,2019년 9월 26일 16시,목요일,충청북도 진천군 덕산면,경상사고,0,0,2,0,차대차 - 측면충돌,신호위반,건조,맑음,교차로 - 교차로안,이륜,남,51세,경상,승용,여,59세,경상
2019092600100540,2019년 9월 26일 19시,목요일,충청북도 제천시 영천동,경상사고,0,0,1,0,차대사람 - 기타,안전운전불이행,건조,맑음,단일로 - 지하차도(도로)내,승합,남,53세,상해없음,보행자,남,54세,경상
2019092600100541,2019년 9월 26일 19시,목요일,충청북도 음성군 금왕읍,중상사고,0,1,0,0,차대사람 - 횡단중,안전운전불이행,건조,맑음,교차로 - 교차로안,승용,남,34세,상해없음,보행자,남,77세,중상
2019092600100542,2019년 9월 26일 19시,목요일,충청북도 청주시 흥덕구 오송읍,경상사고,0,0,1,0,차대차 - 측면충돌,신호위반,건조,맑음,교차로 - 교차로안,승용,여,44세,상해없음,승용,남,31세,경상
2019092600100543,2019년 9월 26일 19시,목요일,충청북도 청주시 서원구 산남동,부상신고사고,0,0,0,1,차대차 - 정면충돌,안전운전불이행,건조,맑음,교차로 - 교차로부근,이륜,남,45세,부상신고,승용,여,57세,상해없음
2019092600100615,2019년 9월 26일 21시,목요일,충청북도 영동군 용산면,중상사고,0,2,1,0,차대차 - 측면충돌,과속,건조,맑음,교차로 - 교차로안,승용,남,26세,경상,승용,남,58세,중상
2019092600100616,2019년 9월 26일 21시,목요일,충청북도 청주시 상당구 문화동,경상사고,0,0,3,0,차대차 - 측면충돌,안전운전불이행,건조,맑음,교차로 - 교차로부근,승용,남,22세,경상,승용,여,26세,경상
2019092600100665,2019년 9월 26일 23시,목요일,충청북도 제천시 모산동,경상사고,0,0,1,0,차대사람 - 차도통행중,안전운전불이행,건조,맑음,단일로 - 지하차도(도로)내,승용,남,57세,상해없음,보행자,여,20세,경상
2019092700100064,2019년 9월 27일 03시,금요일,충청북도 청주시 흥덕구 서촌동,경상사고,0,0,1,0,차량단독 - 기타,안전운전불이행,건조,맑음,교차로 - 교차로안,승용,남,62세,상해없음,,,,
2019092700100120,2019년 9월 27일 07시,금요일,충청북도 진천군 덕산면,경상사고,0,0,1,0,차대차 - 추돌,안전운전불이행,건조,기타,기타 - 기타,승용,남,29세,기타불명,승용,남,58세,경상
2019092700100157,2019년 9월 27일 08시,금요일,충청북도 충주시 칠금동,중상사고,0,2,0,0,차대차 - 기타,안전운전불이행,건조,맑음,교차로 - 교차로부근,승용,남,27세,상해없음,승용,남,28세,중상
2019092700100158,2019년 9월 27일 08시,금요일,충청북도 제천시 화산동,경상사고,0,0,4,0,차대차 - 측면충돌,직진우회전진행방해,건조,맑음,교차로 - 교차로안,화물,남,49세,경상,승용,여,56세,경상
2019092700100200,2019년 9월 27일 09시,금요일,충청북도 청주시 청원구 외남동,중상사고,0,1,0,0,차대차 - 기타,직진우회전진행방해,건조,맑음,교차로 - 교차로안,승용,여,54세,상해없음,이륜,남,82세,중상
2019092700100201,2019년 9월 27일 09시,금요일,충청북도 청주시 청원구 오창읍,중상사고,0,1,0,0,차대차 - 기타,교차로운행방법위반,건조,맑음,교차로 - 교차로부근,승용,여,33세,상해없음,승용,여,41세,중상
2019092700100202,2019년 9월 27일 09시,금요일,충청북도 제천시 봉양읍,중상사고,0,1,0,0,차량단독 - 공작물충돌,안전운전불이행,건조,맑음,단일로 - 지하차도(도로)내,이륜,남,19세,중상,,,,
2019092700100203,2019년 9월 27일 09시,금요일,충청북도 영동군 심천면,중상사고,0,1,1,0,차대차 - 측면충돌,안전운전불이행,건조,맑음,교차로 - 교차로안,승용,남,58세,상해없음,승용,여,65세,상해없음
2019092700100242,2019년 9월 27일 10시,금요일,충청북도 충주시 연수동,경상사고,0,0,1,0,차대차 - 기타,차로위반,건조,맑음,교차로 - 교차로부근,승용,남,67세,상해없음,승용,여,23세,경상
2019092700100243,2019년 9월 27일 10시,금요일,충청북도 충주시 문화동,중상사고,0,2,1,0,차대차 - 측면충돌,신호위반,건조,맑음,단일로 - 기타,화물,남,59세,상해없음,승용,남,67세,중상
2019092700100244,2019년 9월 27일 10시,금요일,충청북도 청주시 서원구 모충동,경상사고,0,0,2,0,차대차 - 추돌,안전운전불이행,건조,맑음,단일로 - 기타,승용,남,57세,상해없음,승용,여,41세,경상
2019092700100313,2019년 9월 27일 12시,금요일,충청북도 음성군 대소면,중상사고,0,1,0,0,차대차 - 정면충돌,중앙선침범,건조,맑음,단일로 - 기타,화물,남,30세,상해없음,승용,여,59세,중상
2019092700100314,2019년 9월 27일 12시,금요일,충청북도 진천군 덕산면,경상사고,0,0,1,0,차대차 - 측면충돌,교차로운행방법위반,건조,맑음,교차로 - 교차로안,승용,남,43세,상해없음,승용,남,27세,경상
2019092700100315,2019년 9월 27일 12시,금요일,충청북도 청주시 서원구 산남동,경상사고,0,0,1,0,차대차 - 측면충돌,신호위반,건조,맑음,교차로 - 교차로횡단보도내,승용,여,61세,상해없음,자전거,남,20세,경상
2019092700100391,2019년 9월 27일 14시,금요일,충청북도 충주시 성남동,경상사고,0,0,3,0,차대차 - 측면충돌,안전운전불이행,건조,맑음,교차로 - 교차로부근,승용,여,45세,상해없음,승용,남,21세,상해없음
2019092700100465,2019년 9월 27일 16시,금요일,충청북도 충주시 앙성면,경상사고,0,0,1,0,차대차 - 기타,안전운전불이행,건조,맑음,교차로 - 교차로안,화물,남,40세,상해없음,승용,남,61세,경상
2019092700100512,2019년 9월 27일 17시,금요일,충청북도 충주시 노은면,중상사고,0,1,0,0,차대차 - 추돌,안전거리미확보,건조,맑음,단일로 - 기타,승용,남,73세,상해없음,승용,여,42세,중상
2019092700100566,2019년 9월 27일 18시,금요일,충청북도 청주시 청원구 오창읍,중상사고,0,2,0,0,차대차 - 기타,중앙선침범,건조,맑음,교차로 - 교차로부근,승용,남,39세,상해없음,승용,여,50세,중상
2019092700100567,2019년 9월 27일 18시,금요일,충청북도 충주시 동량면,경상사고,0,0,2,0,차대차 - 기타,안전운전불이행,건조,맑음,교차로 - 교차로안,승용,남,38세,상해없음,승합,남,32세,경상
2019092700100568,2019년 9월 27일 18시,금요일,충청북도 제천시 동현동,경상사고,0,0,2,0,차대차 - 측면충돌,직진우회전진행방해,건조,맑음,교차로 - 교차로안,승용,남,66세,경상,승용,남,59세,경상
2019092700100569,2019년 9월 27일 18시,금요일,충청북도 청주시 서원구 분평동,경상사고,0,0,1,0,차대차 - 측면충돌,교차로운행방법위반,건조,맑음,교차로 - 교차로안,승용,여,32세,상해없음,이륜,남,25세,경상
2019092700100614,2019년 9월 27일 19시,금요일,충청북도 음성군 금왕읍,중상사고,0,1,1,0,차대차 - 측면충돌,신호위반,건조,맑음,교차로 - 교차로안,승용,남,71세,상해없음,승용,남,27세,중상
2019092700100615,2019년 9월 27일 19시,금요일,충청북도 청주시 흥덕구 신봉동,경상사고,0,0,2,0,차대차 - 추돌,안전운전불이행,건조,맑음,단일로 - 기타,승용,남,34세,상해없음,승용,남,28세,경상
2019092700100616,2019년 9월 27일 19시,금요일,충청북도 청주시 상당구 용암동,경상사고,0,0,1,0,차대차 - 기타,안전운전불이행,건조,맑음,교차로 - 교차로부근,승합,여,47세,상해없음,이륜,남,33세,경상
2019092700100665,2019년 9월 27일 20시,금요일,충청북도 제천시 중앙로1가,경상사고,0,0,2,0,차대차 - 기타,안전운전불이행,건조,맑음,단일로 - 기타,승용,남,48세,기타불명,승용,남,30세,경상
2019092700100666,2019년 9월 27일 20시,금요일,충청북도 옥천군 옥천읍,중상사고,0,1,0,0,차대차 - 측면충돌,안전운전불이행,건조,맑음,단일로 - 기타,승합,여,36세,상해없음,화물,남,72세,상해없음
2019092700100729,2019년 9월 27일 22시,금요일,충청북도 청주시 흥덕구 송정동,경상사고,0,0,1,0,차대차 - 측면충돌,안전운전불이행,건조,맑음,단일로 - 기타,이륜,남,39세,경상,승용,남,27세,상해없음
2019092700100755,2019년 9월 27일 23시,금요일,충청북도 제천시 명동,경상사고,0,0,3,0,차대차 - 측면충돌,신호위반,건조,흐림,교차로 - 교차로안,이륜,남,18세,경상,승용,여,23세,경상
2019092700100756,2019년 9월 27일 23시,금요일,충청북도 증평군 증평읍,경상사고,0,0,1,0,차대차 - 측면충돌,안전운전불이행,건조,맑음,단일로 - 기타,승용,남,56세,경상,승용,남,51세,기타불명
2019092700100757,2019년 9월 27일 23시,금요일,충청북도 음성군 금왕읍,중상사고,0,1,0,0,차량단독 - 도로외이탈 - 추락,중앙선침범,건조,맑음,단일로 - 기타,승용,남,64세,중상,,,,
2019092800100129,2019년 9월 28일 06시,토요일,충청북도 충주시 살미면,중상사고,0,2,0,0,차대차 - 측면충돌,신호위반,건조,맑음,교차로 - 교차로안,화물,남,61세,중상,승용,남,73세,중상
2019092800100147,2019년 9월 28일 07시,토요일,충청북도 보은군 보은읍,경상사고,0,0,1,0,차대차 - 측면충돌,교차로운행방법위반,건조,맑음,교차로 - 교차로안,농기계,여,59세,경상,승용,여,50세,상해없음
2019092800100148,2019년 9월 28일 07시,토요일,충청북도 청주시 서원구 미평동,중상사고,0,1,0,0,차대차 - 측면충돌,안전운전불이행,건조,맑음,교차로 - 교차로안,승용,여,36세,상해없음,자전거,남,74세,중상
2019092800100198,2019년 9월 28일 09시,토요일,충청북도 제천시 의림동,경상사고,0,0,1,0,차대차 - 정면충돌,안전운전불이행,건조,맑음,교차로 - 교차로횡단보도내,승용,여,63세,상해없음,자전거,여,63세,경상
2019092800100234,2019년 9월 28일 10시,토요일,충청북도 음성군 음성읍,중상사고,0,1,0,0,차대차 - 측면충돌,중앙선침범,건조,맑음,단일로 - 기타,승용,여,45세,상해없음,승용,남,78세,중상