사고번호,사고일시,요일,시군구,사고내용,사망자수,중상자수,경상자수,부상신고자수,사고유형,법규위반,노면상태,기상상태,도로형태,가해운전자 차종,가해운전자 성별,가해운전자 연령,가해운전자 상해정도,피해운전자 차종,피해운전자 성별,피해운전자 연령,피해운전자 상해정도
2019092800100273,2019년 9월 28일 11시,토요일,충청북도 청주시 청원구 율량동,경상사고,0,0,1,0,차대차 - 측면충돌,신호위반,건조,맑음,교차로 - 교차로부근,자전거,남,54세,경상,승용,남,23세,상해없음
2019092800100274,2019년 9월 28일 11시,토요일,충청북도 청주시 서원구 남이면,중상사고,0,1,0,0,차량단독 - 공작물충돌,안전운전불이행,건조,맑음,단일로 - 기타,건설기계,남,63세,중상,,,,
2019092800100312,2019년 9월 28일 12시,토요일,충청북도 청주시 청원구 내수읍,중상사고,0,1,0,0,차대차 - 기타,신호위반,건조,맑음,교차로 - 교차로안,승용,남,77세,상해없음,승합,남,62세,상해없음
2019092800100359,2019년 9월 28일 13시,토요일,충청북도 충주시 성내동,경상사고,0,0,3,0,차대차 - 측면충돌,안전거리미확보,건조,맑음,교차로 - 교차로안,승용,여,63세,상해없음,승용,남,38세,경상
2019092800100360,2019년 9월 28일 13시,토요일,충청북도 괴산군 괴산읍,중상사고,0,1,1,0,차대차 - 측면충돌,안전운전불이행,건조,맑음,교차로 - 교차로안,승용,여,50세,중상,승용,남,53세,경상
2019092800100416,2019년 9월 28일 14시,토요일,충청북도 청주시 흥덕구 신봉동,경상사고,0,0,1,0,차대차 - 기타,안전운전불이행,건조,맑음,단일로 - 기타,승용,남,60세,상해없음,화물,남,26세,경상
2019092800100417,2019년 9월 28일 14시,토요일,충청북도 제천시 봉양읍,중상사고,0,1,0,0,차대차 - 측면충돌,중앙선침범,건조,맑음,단일로 - 지하차도(도로)내,승용,여,60세,상해없음,화물,남,59세,중상
2019092800100418,2019년 9월 28일 14시,토요일,충청북도 제천시 중앙로1가,중상사고,0,2,0,0,차대차 - 추돌,안전거리미확보,건조,맑음,단일로 - 기타,승용,남,27세,상해없음,승용,여,53세,중상
2019092800100419,2019년 9월 28일 14시,토요일,충청북도 음성군 대소면,경상사고,0,0,1,0,차대차 - 측면충돌,교차로운행방법위반,건조,맑음,교차로 - 교차로안,승용,남,42세,상해없음,화물,남,55세,경상
2019092800100461,2019년 9월 28일 15시,토요일,충청북도 청주시 흥덕구 봉명동,경상사고,0,0,2,0,차대차 - 측면충돌,안전운전불이행,건조,맑음,단일로 - 기타,승용,남,58세,상해없음,승용,여,23세,경상
2019092800100462,2019년 9월 28일 15시,토요일,충청북도 청주시 흥덕구 복대동,경상사고,0,0,1,0,차대사람 - 기타,안전운전불이행,건조,맑음,단일로 - 기타,승용,남,70세,상해없음,보행자,남,42세,경상
2019092800100542,2019년 9월 28일 17시,토요일,충청북도 청주시 청원구 오창읍,경상사고,0,0,1,0,차대차 - 기타,안전운전불이행,건조,맑음,교차로 - 교차로안,승용,남,36세,상해없음,승합,남,37세,상해없음
2019092800100543,2019년 9월 28일 17시,토요일,충청북도 충주시 호암동,경상사고,0,0,1,0,차대차 - 기타,안전거리미확보,건조,맑음,단일로 - 기타,승용,여,42세,상해없음,자전거,남,38세,경상
2019092800100544,2019년 9월 28일 17시,토요일,충청북도 진천군 진천읍,경상사고,0,0,1,0,차대사람 - 기타,안전운전불이행,건조,맑음,주차장 - 주차장,승용,남,61세,상해없음,보행자,남,46세,경상
2019092800100545,2019년 9월 28일 17시,토요일,충청북도 괴산군 연풍면,경상사고,0,0,1,0,차대차 - 기타,차로위반,건조,맑음,기타 - 기타,승합,남,58세,상해없음,승용,여,58세,경상
2019092800100575,2019년 9월 28일 18시,토요일,충청북도 충주시 칠금동,경상사고,0,0,1,0,차대차 - 기타,안전운전불이행,건조,맑음,단일로 - 기타,승용,여,35세,상해없음,승용,여,51세,경상
2019092800100576,2019년 9월 28일 18시,토요일,충청북도 음성군 생극면,경상사고,0,0,1,0,차대차 - 측면충돌,신호위반,건조,맑음,교차로 - 교차로안,승합,남,34세,상해없음,화물,남,50세,경상
2019092800100636,2019년 9월 28일 19시,토요일,충청북도 청주시 서원구 사직동,중상사고,0,1,0,0,차대차 - 기타,안전운전불이행,건조,맑음,단일로 - 기타,자전거,남,54세,중상,자전거,남,51세,상해없음
2019092800100637,2019년 9월 28일 19시,토요일,충청북도 청주시 흥덕구 복대동,경상사고,0,0,1,0,차대차 - 추돌,안전운전불이행,건조,맑음,교차로 - 교차로부근,화물,남,35세,상해없음,승용,남,52세,상해없음
2019092800100638,2019년 9월 28일 19시,토요일,충청북도 청주시 서원구 미평동,경상사고,0,0,2,0,차대차 - 측면충돌,안전운전불이행,건조,맑음,교차로 - 교차로부근,승용,여,45세,상해없음,승용,남,27세,경상
2019092800100677,2019년 9월 28일 20시,토요일,충청북도 영동군 영동읍,중상사고,0,1,0,0,차대사람 - 횡단중,보행자보호의무위반,건조,맑음,교차로 - 교차로안,승용,남,60세,상해없음,보행자,여,54세,중상
2019092800100678,2019년 9월 28일 20시,토요일,충청북도 청주시 상당구 탑동,중상사고,0,2,0,0,차대차 - 측면충돌,교차로운행방법위반,건조,맑음,교차로 - 교차로안,이륜,남,49세,중상,이륜,여,52세,중상
2019092800100742,2019년 9월 28일 22시,토요일,충청북도 충주시 칠금동,중상사고,0,1,1,0,차대차 - 기타,신호위반,건조,맑음,교차로 - 교차로안,원동기,남,47세,중상,승용,남,41세,경상
2019092800100743,2019년 9월 28일 22시,토요일,충청북도 음성군 금왕읍,중상사고,0,1,1,0,차대사람 - 횡단중,안전운전불이행,건조,맑음,교차로 - 교차로안,승용,남,35세,상해없음,보행자,여,57세,중상
2019092800100744,2019년 9월 28일 22시,토요일,충청북도 청주시 흥덕구 강서동,경상사고,0,0,3,0,차대차 - 기타,안전운전불이행,건조,맑음,단일로 - 기타,승용,여,67세,기타불명,승용,여,33세,경상
2019092900100030,2019년 9월 29일 00시,일요일,충청북도 청주시 흥덕구 봉명동,경상사고,0,0,1,0,차대차 - 기타,안전운전불이행,건조,맑음,교차로 - 교차로부근,승용,여,43세,상해없음,승용,남,24세,경상
2019092900100093,2019년 9월 29일 06시,일요일,충청북도 충주시 주덕읍,경상사고,0,0,1,0,차대차 - 기타,기타,젖음/습기,안개,교차로 - 교차로안,화물,남,65세,상해없음,화물,남,45세,경상
2019092900100106,2019년 9월 29일 07시,일요일,충청북도 음성군 원남면,중상사고,0,2,0,0,차대차 - 정면충돌,신호위반,건조,맑음,교차로 - 교차로안,승용,남,55세,상해없음,화물,남,52세,중상
2019092900100107,2019년 9월 29일 07시,일요일,충청북도 청주시 상당구 미원면,중상사고,0,1,0,0,차대차 - 측면충돌,안전운전불이행,젖음/습기,안개,단일로 - 기타,승용,여,58세,상해없음,화물,남,69세,중상
2019092900100196,2019년 9월 29일 11시,일요일,충청북도 충주시 대소원면,중상사고,0,1,0,0,차량단독 - 공작물충돌,안전운전불이행,건조,맑음,단일로 - 기타,승용,남,78세,중상,,,,
2019092900100245,2019년 9월 29일 13시,일요일,충청북도 음성군 삼성면,중상사고,0,1,0,0,차대차 - 측면충돌,직진우회전진행방해,건조,맑음,교차로 - 교차로안,승용,남,55세,상해없음,이륜,남,71세,중상
2019092900100246,2019년 9월 29일 13시,일요일,충청북도 단양군 단성면,사망사고,1,0,0,0,차량단독 - 공작물충돌,안전운전불이행,건조,맑음,기타 - 기타,이륜,남,23세,사망,,,,
2019092900100271,2019년 9월 29일 14시,일요일,충청북도 충주시 단월동,경상사고,0,0,1,0,차대차 - 측면충돌,안전운전불이행,건조,맑음,단일로 - 기타,이륜,여,24세,경상,승용,여,39세,상해없음
2019092900100272,2019년 9월 29일 14시,일요일,충청북도 음성군 음성읍,경상사고,0,0,2,0,차대차 - 측면충돌,직진우회전진행방해,건조,맑음,교차로 - 교차로안,화물,남,56세,경상,건설기계,남,54세,경상
2019092900100310,2019년 9월 29일 15시,일요일,충청북도 청주시 청원구 율량동,경상사고,0,0,3,0,차대차 - 기타,안전운전불이행,건조,맑음,단일로 - 기타,승용,남,37세,경상,이륜,남,48세,경상
2019092900100311,2019년 9월 29일 15시,일요일,충청북도 제천시 봉양읍,중상사고,0,1,2,0,차대차 - 측면충돌,안전거리미확보,건조,맑음,단일로 - 지하차도(도로)내,승용,여,46세,경상,화물,남,54세,경상
2019092900100312,2019년 9월 29일 15시,일요일,충청북도 괴산군 괴산읍,중상사고,0,1,0,0,차대차 - 측면충돌,안전운전불이행,건조,맑음,단일로 - 기타,승용,여,64세,상해없음,이륜,남,58세,중상
2019092900100313,2019년 9월 29일 15시,일요일,충청북도 충주시 대소원면,경상사고,0,0,3,0,차대차 - 추돌,안전거리미확보,건조,맑음,단일로 - 기타,승용,남,55세,경상,승용,여,64세,경상
2019092900100354,2019년 9월 29일 16시,일요일,충청북도 청주시 청원구 우암동,경상사고,0,0,1,0,차대차 - 후진중충돌,안전운전불이행,건조,맑음,단일로 - 기타,승용,여,24세,상해없음,이륜,남,45세,경상
2019092900100392,2019년 9월 29일 17시,일요일,충청북도 충주시 주덕읍,경상사고,0,0,1,0,차대차 - 기타,안전운전불이행,건조,맑음,교차로 - 교차로안,승용,남,36세,상해없음,승용,여,33세,경상
2019092900100393,2019년 9월 29일 17시,일요일,충청북도 청주시 상당구 용담동,경상사고,0,0,1,0,차대차 - 기타,교차로운행방법위반,건조,맑음,교차로 - 교차로안,승용,남,70세,상해없음,이륜,남,19세,경상
2019092900100424,2019년 9월 29일 18시,일요일,충청북도 청주시 청원구 내덕동,중상사고,0,1,0,0,차대차 - 기타,신호위반,건조,맑음,교차로 - 교차로안,승용,남,67세,상해없음,이륜,여,24세,중상
2019092900100425,2019년 9월 29일 18시,일요일,충청북도 청주시 청원구 내덕동,중상사고,0,2,0,0,차대차 - 기타,신호위반,건조,맑음,교차로 - 교차로안,승용,남,23세,상해없음,화물,남,64세,중상
2019092900100426,2019년 9월 29일 18시,일요일,충청북도 충주시 성내동,중상사고,0,1,0,0,차대사람 - 횡단중,보행자보호의무위반,건조,흐림,교차로 - 교차로안,기타불명,기타불명,미분류,기타불명,보행자,남,45세,중상
2019092900100427,2019년 9월 29일 18시,일요일,충청북도 청주시 상당구 서운동,경상사고,0,0,5,0,차대차 - 기타,신호위반,건조,맑음,교차로 - 교차로안,승용,남,54세,상해없음,승용,남,72세,경상
2019092900100428,2019년 9월 29일 18시,일요일,충청북도 청주시 상당구 남일면,경상사고,0,0,2,0,차대차 - 추돌,안전운전불이행,건조,맑음,교차로 - 교차로부근,승용,여,59세,상해없음,승용,남,81세,경상
2019092900100466,2019년 9월 29일 19시,일요일,충청북도 청주시 청원구 내수읍,경상사고,0,0,1,0,차대차 - 기타,교차로운행방법위반,건조,맑음,교차로 - 교차로안,건설기계,남,57세,상해없음,승용,남,57세,경상
2019092900100467,2019년 9월 29일 19시,일요일,충청북도 충주시 용산동,중상사고,0,1,0,0,차대차 - 정면충돌,중앙선침범,건조,맑음,교차로 - 교차로부근,이륜,남,52세,상해없음,이륜,남,25세,중상
2019092900100468,2019년 9월 29일 19시,일요일,충청북도 청주시 서원구 수곡동,중상사고,0,1,0,0,차대사람 - 길가장자리구역통행중,안전운전불이행,건조,맑음,단일로 - 지하차도(도로)내,승용,여,22세,상해없음,보행자,남,39세,중상
2019092900100569,2019년 9월 29일 22시,일요일,충청북도 청주시 흥덕구 봉명동,경상사고,0,0,1,0,차대차 - 측면충돌,교차로운행방법위반,건조,맑음,교차로 - 교차로안,기타불명,남,35세,경상,승용,남,62세,상해없음
2019092900100586,2019년 9월 29일 23시,일요일,충청북도 증평군 증평읍,경상사고,0,0,2,1,차대차 - 측면충돌,직진우회전진행방해,건조,맑음,교차로 - 교차로안,승용,남,61세,경상,승용,남,59세,부상신고
2019093000100024,2019년 9월 30일 00시,월요일,충청북도 제천시 중앙로1가,경상사고,0,0,2,0,차대차 - 추돌,안전운전불이행,건조,맑음,단일로 - 지하차도(도로)내,이륜,남,37세,상해없음,승용,남,62세,경상
2019093000100041,2019년 9월 30일 02시,월요일,충청북도 청주시 흥덕구 운천동,중상사고,0,2,2,0,차대차 - 추돌,안전운전불이행,건조,맑음,교차로 - 교차로부근,승용,남,58세,상해없음,승용,남,56세,경상
2019093000100076,2019년 9월 30일 06시,월요일,충청북도 제천시 화산동,경상사고,0,0,1,0,차대사람 - 차도통행중,안전운전불이행,건조,맑음,교차로 - 교차로부근,화물,남,37세,상해없음,보행자,여,75세,경상
2019093000100107,2019년 9월 30일 07시,월요일,충청북도 제천시 봉양읍,중상사고,0,1,0,0,차대차 - 정면충돌,중앙선침범,건조,맑음,기타 - 기타,승용,여,46세,상해없음,승용,남,47세,중상
2019093000100108,2019년 9월 30일 07시,월요일,충청북도 단양군 어상천면,중상사고,0,1,2,0,차대차 - 기타,안전운전불이행,건조,맑음,기타 - 기타,농기계,남,64세,중상,승합,남,61세,경상
2019093000100109,2019년 9월 30일 07시,월요일,충청북도 청주시 서원구 모충동,경상사고,0,0,3,0,차대차 - 측면충돌,안전운전불이행,건조,맑음,교차로 - 교차로부근,승용,여,63세,상해없음,승용,남,72세,경상
2019093000100147,2019년 9월 30일 08시,월요일,충청북도 청주시 흥덕구 복대동,경상사고,0,0,1,0,차대차 - 측면충돌,신호위반,건조,맑음,교차로 - 교차로안,승용,남,38세,상해없음,화물,남,35세,경상
2019093000100148,2019년 9월 30일 08시,월요일,충청북도 청주시 청원구 오창읍,경상사고,0,0,1,0,차대사람 - 기타,안전운전불이행,건조,맑음,주차장 - 주차장,화물,남,48세,상해없음,보행자,남,53세,경상
2019093000100183,2019년 9월 30일 09시,월요일,충청북도 청주시 흥덕구 오송읍,경상사고,0,0,2,0,차대차 - 측면충돌,교차로운행방법위반,건조,맑음,교차로 - 교차로안,승용,여,38세,상해없음,승용,여,61세,경상
2019093000100184,2019년 9월 30일 09시,월요일,충청북도 청주시 상당구 수동,경상사고,0,0,1,0,차대차 - 측면충돌,직진우회전진행방해,건조,맑음,교차로 - 교차로안,승용,남,30세,경상,승용,남,78세,상해없음
2019093000100217,2019년 9월 30일 10시,월요일,충청북도 충주시 살미면,중상사고,0,1,0,0,차량단독 - 기타,안전운전불이행,건조,맑음,단일로 - 기타,원동기,여,68세,중상,,,,
2019093000100218,2019년 9월 30일 10시,월요일,충청북도 충주시 성서동,중상사고,0,1,0,0,차대차 - 기타,안전운전불이행,건조,맑음,교차로 - 교차로안,승용,남,83세,상해없음,승용,여,56세,중상
2019093000100219,2019년 9월 30일 10시,월요일,충청북도 청주시 흥덕구 복대동,부상신고사고,0,0,0,1,차대차 - 측면충돌,교차로운행방법위반,건조,맑음,교차로 - 교차로안,이륜,남,35세,부상신고,승용,남,65세,상해없음
2019093000100244,2019년 9월 30일 11시,월요일,충청북도 청주시 상당구 미원면,경상사고,0,0,2,0,차대차 - 추돌,안전거리미확보,건조,맑음,교차로 - 교차로부근,화물,남,53세,상해없음,승용,남,21세,경상
2019093000100285,2019년 9월 30일 12시,월요일,충청북도 청주시 상당구 낭성면,경상사고,0,0,5,0,차대차 - 측면충돌,교차로운행방법위반,건조,맑음,교차로 - 교차로안,승용,여,68세,경상,화물,남,26세,경상
2019093000100406,2019년 9월 30일 15시,월요일,충청북도 충주시 교현동,경상사고,0,0,1,0,차대차 - 기타,신호위반,건조,맑음,교차로 - 교차로안,승용,여,67세,기타불명,이륜,남,34세,경상
2019093000100451,2019년 9월 30일 16시,월요일,충청북도 진천군 진천읍,중상사고,0,1,1,0,차대차 - 기타,신호위반,건조,맑음,교차로 - 교차로안,이륜,남,27세,중상,승용,여,49세,경상
2019093000100505,2019년 9월 30일 17시,월요일,충청북도 음성군 감곡면,경상사고,0,0,1,0,차대차 - 추돌,안전운전불이행,건조,맑음,단일로 - 기타,이륜,남,60세,경상,승용,남,31세,기타불명
2019093000100553,2019년 9월 30일 18시,월요일,충청북도 청주시 청원구 주성동,경상사고,0,0,1,0,차대사람 - 기타,안전운전불이행,건조,맑음,교차로 - 교차로안,승용,여,36세,상해없음,보행자,남,16세,경상
2019093000100554,2019년 9월 30일 18시,월요일,충청북도 청주시 청원구 내덕동,경상사고,0,0,1,0,차대차 - 측면충돌,교차로운행방법위반,건조,맑음,교차로 - 교차로안,화물,남,50세,경상,승용,남,34세,상해없음
2019093000100555,2019년 9월 30일 18시,월요일,충청북도 음성군 대소면,경상사고,0,0,1,0,차대차 - 측면충돌,안전운전불이행,건조,맑음,단일로 - 기타,화물,여,62세,상해없음,승용,남,27세,경상
2019093000100624,2019년 9월 30일 19시,월요일,충청북도 제천시 청전동,경상사고,0,0,1,0,차대차 - 정면충돌,신호위반,건조,맑음,교차로 - 교차로안,승용,남,75세,기타불명,승용,여,41세,경상
2019093000100686,2019년 9월 30일 21시,월요일,충청북도 청주시 흥덕구 봉명동,경상사고,0,0,2,0,차대차 - 기타,안전운전불이행,건조,맑음,단일로 - 기타,승용,여,39세,상해없음,승용,여,33세,경상
2019093000100706,2019년 9월 30일 22시,월요일,충청북도 청주시 청원구 율량동,중상사고,0,2,0,0,차대차 - 측면충돌,신호위반,건조,맑음,교차로 - 교차로안,개인형이동수단(PM),남,16세,중상,승용,여,67세,상해없음
2019093000100707,2019년 9월 30일 22시,월요일,충청북도 청주시 서원구 분평동,경상사고,0,0,3,0,차대차 - 추돌,안전운전불이행,건조,맑음,단일로 - 지하차도(도로)내,승용,여,64세,상해없음,승용,여,28세,경상
2019093000100728,2019년 9월 30일 23시,월요일,충청북도 청주시 청원구 율량동,경상사고,0,0,1,0,차량단독 - 기타,안전운전불이행,건조,맑음,교차로 - 교차로안,승용,남,51세,상해없음,,,,
2019100100100034,2019년 10월 1일 00시,화요일,충청북도 청주시 청원구 율량동,중상사고,0,1,0,0,차대사람 - 차도통행중,안전운전불이행,건조,맑음,교차로 - 교차로부근,이륜,남,31세,상해없음,보행자,여,55세,중상
2019100100100035,2019년 10월 1일 00시,화요일,충청북도 진천군 덕산면,경상사고,0,0,1,0,차대차 - 추돌,안전운전불이행,건조,맑음,단일로 - 기타,승용,남,31세,경상,특수,남,50세,기타불명
2019100100100073,2019년 10월 1일 05시,화요일,충청북도 청주시 흥덕구 봉명동,경상사고,0,0,1,0,차대차 - 정면충돌,안전운전불이행,건조,맑음,교차로 - 교차로안,승용,남,57세,상해없음,화물,남,47세,경상
2019100100100083,2019년 10월 1일 06시,화요일,충청북도 청주시 상당구 석교동,경상사고,0,0,1,0,차대사람 - 차도통행중,안전운전불이행,건조,맑음,단일로 - 지하차도(도로)내,승합,남,58세,상해없음,보행자,남,59세,경상
2019100100100109,2019년 10월 1일 07시,화요일,충청북도 청주시 청원구 오창읍,중상사고,0,2,0,0,차대차 - 기타,직진우회전진행방해,건조,맑음,교차로 - 교차로안,승용,남,45세,상해없음,승용,남,27세,중상
2019100100100110,2019년 10월 1일 07시,화요일,충청북도 청주시 흥덕구 신촌동,경상사고,0,0,1,0,차량단독 - 기타,안전운전불이행,건조,맑음,교차로 - 교차로부근,승합,남,50세,상해없음,,,,
2019100100100145,2019년 10월 1일 08시,화요일,충청북도 청주시 상당구 용담동,경상사고,0,0,1,0,차대차 - 측면충돌,차로위반,건조,맑음,단일로 - 지하차도(도로)내,승용,여,45세,상해없음,건설기계,남,57세,상해없음
2019100100100183,2019년 10월 1일 09시,화요일,충청북도 충주시 금릉동,경상사고,0,0,1,0,차대차 - 추돌,안전운전불이행,건조,맑음,단일로 - 기타,화물,남,50세,상해없음,승용,여,63세,경상
2019100100100218,2019년 10월 1일 10시,화요일,충청북도 영동군 상촌면,중상사고,0,3,0,0,차대차 - 정면충돌,중앙선침범,젖음/습기,비,단일로 - 기타,승용,남,77세,중상,건설기계,남,51세,중상
2019100100100258,2019년 10월 1일 11시,화요일,충청북도 제천시 화산동,경상사고,0,0,2,0,차대차 - 측면충돌,직진우회전진행방해,건조,맑음,교차로 - 교차로안,승용,여,50세,경상,승용,남,48세,경상
2019100100100286,2019년 10월 1일 12시,화요일,충청북도 충주시 금릉동,경상사고,0,0,1,0,차대사람 - 보도통행중,기타,건조,맑음,단일로 - 기타,승용,여,56세,상해없음,보행자,여,22세,경상
2019100100100306,2019년 10월 1일 13시,화요일,충청북도 제천시 장락동,경상사고,0,0,1,0,차대차 - 측면충돌,안전거리미확보,건조,맑음,단일로 - 기타,화물,남,46세,상해없음,이륜,남,41세,경상
2019100100100307,2019년 10월 1일 13시,화요일,충청북도 청주시 서원구 남이면,경상사고,0,0,1,0,차대차 - 기타,신호위반,건조,맑음,교차로 - 교차로안,승용,여,56세,상해없음,화물,남,54세,경상
2019100100100352,2019년 10월 1일 14시,화요일,충청북도 충주시 대소원면,경상사고,0,0,1,0,차대차 - 추돌,안전운전불이행,건조,맑음,교차로 - 교차로부근,승용,남,72세,상해없음,승용,여,36세,경상
2019100100100387,2019년 10월 1일 15시,화요일,충청북도 단양군 매포읍,경상사고,0,0,1,0,차대사람 - 기타,안전운전불이행,건조,맑음,주차장 - 주차장,화물,남,43세,상해없음,보행자,남,51세,경상
2019100100100465,2019년 10월 1일 17시,화요일,충청북도 충주시 신니면,경상사고,0,0,2,0,차대차 - 측면충돌,신호위반,건조,맑음,교차로 - 교차로안,승용,여,21세,상해없음,승용,여,44세,경상
2019100100100466,2019년 10월 1일 17시,화요일,충청북도 청주시 흥덕구 복대동,경상사고,0,0,2,0,차대차 - 측면충돌,교차로운행방법위반,건조,맑음,교차로 - 교차로안,이륜,남,58세,경상,승용,남,68세,경상
2019100100100517,2019년 10월 1일 18시,화요일,충청북도 충주시 살미면,경상사고,0,0,4,0,차대차 - 측면충돌,안전운전불이행,건조,맑음,기타 - 기타,승용,여,75세,경상,승용,남,41세,경상
2019100100100518,2019년 10월 1일 18시,화요일,충청북도 제천시 영천동,경상사고,0,0,1,0,차대차 - 측면충돌,안전운전불이행,건조,맑음,교차로 - 교차로안,승용,남,66세,경상,화물,남,44세,상해없음
2019100100100519,2019년 10월 1일 18시,화요일,충청북도 음성군 생극면,경상사고,0,0,2,0,차대차 - 측면충돌,안전운전불이행,건조,맑음,교차로 - 교차로부근,승용,여,54세,경상,승용,여,58세,경상
2019100100100520,2019년 10월 1일 18시,화요일,충청북도 청주시 흥덕구 복대동,경상사고,0,0,1,0,차대사람 - 횡단중,보행자보호의무위반,건조,맑음,교차로 - 교차로안,승용,남,47세,상해없음,보행자,여,24세,경상
2019100100100578,2019년 10월 1일 19시,화요일,충청북도 충주시 금릉동,중상사고,0,1,0,0,차대차 - 추돌,안전운전불이행,건조,흐림,단일로 - 기타,승용,여,35세,상해없음,원동기,남,89세,중상
2019100100100579,2019년 10월 1일 19시,화요일,충청북도 음성군 금왕읍,중상사고,0,1,6,0,차대차 - 추돌,안전운전불이행,건조,맑음,단일로 - 기타,승합,남,50세,상해없음,농기계,남,52세,중상
2019100100100580,2019년 10월 1일 19시,화요일,충청북도 청주시 상당구 용담동,중상사고,0,1,0,0,차대사람 - 횡단중,보행자보호의무위반,건조,맑음,교차로 - 교차로횡단보도내,이륜,남,20세,상해없음,보행자,남,66세,중상
2019100100100628,2019년 10월 1일 20시,화요일,충청북도 영동군 영동읍,중상사고,0,1,0,0,차대차 - 측면충돌,안전운전불이행,건조,맑음,교차로 - 교차로횡단보도내,승용,남,76세,상해없음,자전거,여,23세,중상
2019100100100688,2019년 10월 1일 22시,화요일,충청북도 영동군 영동읍,중상사고,0,1,0,0,차대사람 - 기타,안전운전불이행,건조,맑음,단일로 - 기타,이륜,남,51세,상해없음,보행자,여,50세,중상
2019100200100032,2019년 10월 2일 00시,수요일,충청북도 충주시 연수동,경상사고,0,0,2,0,차대차 - 측면충돌,안전운전불이행,건조,맑음,단일로 - 기타,승용,남,21세,상해없음,승용,여,43세,상해없음
2019100200100108,2019년 10월 2일 07시,수요일,충청북도 청주시 흥덕구 오송읍,중상사고,0,1,0,0,차대차 - 측면충돌,신호위반,건조,맑음,교차로 - 교차로안,승용,남,58세,상해없음,승용,남,52세,중상
2019100200100109,2019년 10월 2일 07시,수요일,충청북도 청주시 상당구 남일면,경상사고,0,0,1,0,차대차 - 기타,안전운전불이행,건조,맑음,단일로 - 지하차도(도로)내,화물,남,60세,상해없음,승용,여,58세,경상
2019100200100142,2019년 10월 2일 08시,수요일,충청북도 청주시 흥덕구 비하동,중상사고,0,1,5,0,차대차 - 추돌,안전운전불이행,젖음/습기,비,단일로 - 기타,승용,여,58세,중상,승용,여,34세,경상
2019100200100143,2019년 10월 2일 08시,수요일,충청북도 청주시 흥덕구 봉명동,경상사고,0,0,1,0,차대차 - 추돌,안전운전불이행,젖음/습기,비,교차로 - 교차로부근,승용,남,21세,상해없음,승용,남,32세,경상
2019100200100144,2019년 10월 2일 08시,수요일,충청북도 청주시 상당구 남일면,경상사고,0,0,1,0,차대차 - 추돌,기타,건조,맑음,단일로 - 기타,승용,남,27세,경상,화물,남,53세,상해없음
2019100200100193,2019년 10월 2일 09시,수요일,충청북도 청주시 서원구 모충동,중상사고,0,1,0,0,차대사람 - 횡단중,보행자보호의무위반,젖음/습기,맑음,교차로 - 교차로횡단보도내,승용,여,59세,상해없음,보행자,남,48세,중상
2019100200100227,2019년 10월 2일 10시,수요일,충청북도 단양군 단양읍,중상사고,0,1,0,0,차대차 - 측면충돌,신호위반,건조,맑음,교차로 - 교차로안,건설기계,남,44세,상해없음,승용,여,36세,중상
2019100200100262,2019년 10월 2일 11시,수요일,충청북도 제천시 봉양읍,경상사고,0,0,2,0,차대차 - 측면충돌,안전거리미확보,젖음/습기,비,단일로 - 지하차도(도로)내,승용,남,38세,경상,승용,여,53세,경상
2019100200100299,2019년 10월 2일 12시,수요일,충청북도 괴산군 청천면,경상사고,0,0,1,0,차대차 - 측면충돌,안전운전불이행,젖음/습기,비,단일로 - 기타,승용,남,75세,경상,승용,남,54세,상해없음
2019100200100300,2019년 10월 2일 12시,수요일,충청북도 음성군 감곡면,경상사고,0,0,5,0,차대차 - 측면충돌,안전거리미확보,젖음/습기,비,교차로 - 교차로안,승용,남,60세,경상,승용,남,26세,경상
2019100200100301,2019년 10월 2일 12시,수요일,충청북도 진천군 이월면,중상사고,0,1,0,0,차량단독 - 기타,안전운전불이행,젖음/습기,비,교차로 - 교차로안,승용,남,41세,상해없음,,,,
2019100200100335,2019년 10월 2일 13시,수요일,충청북도 제천시 봉양읍,중상사고,0,1,0,0,차대차 - 추돌,안전거리미확보,건조,맑음,단일로 - 기타,승용,남,49세,상해없음,승용,남,73세,중상
2019100200100336,2019년 10월 2일 13시,수요일,충청북도 제천시 중앙로2가,경상사고,0,0,1,0,차대차 - 추돌,안전운전불이행,젖음/습기,비,교차로 - 교차로안,승용,남,58세,상해없음,승용,남,50세,경상
2019100200100337,2019년 10월 2일 13시,수요일,충청북도 제천시 송학면,중상사고,0,1,1,0,차대차 - 추돌,안전운전불이행,젖음/습기,비,단일로 - 기타,건설기계,남,54세,경상,화물,남,32세,중상
2019100200100373,2019년 10월 2일 14시,수요일,충청북도 청주시 청원구 우암동,경상사고,0,0,1,0,차대사람 - 기타,안전운전불이행,젖음/습기,비,단일로 - 기타,승용,여,67세,상해없음,보행자,여,62세,경상
2019100200100374,2019년 10월 2일 14시,수요일,충청북도 충주시 교현동,경상사고,0,0,1,0,차대사람 - 기타,안전운전불이행,젖음/습기,흐림,단일로 - 기타,승용,여,45세,상해없음,보행자,남,37세,경상
2019100200100375,2019년 10월 2일 14시,수요일,충청북도 제천시 신월동,부상신고사고,0,0,0,1,차대차 - 기타,안전운전불이행,젖음/습기,비,단일로 - 기타,승용,남,24세,부상신고,화물,남,23세,상해없음