사고번호,사고일시,요일,시군구,사고내용,사망자수,중상자수,경상자수,부상신고자수,사고유형,법규위반,노면상태,기상상태,도로형태,가해운전자 차종,가해운전자 성별,가해운전자 연령,가해운전자 상해정도,피해운전자 차종,피해운전자 성별,피해운전자 연령,피해운전자 상해정도
2019100200100427,2019년 10월 2일 15시,수요일,충청북도 청주시 청원구 율량동,경상사고,0,0,1,0,차대사람 - 차도통행중,신호위반,젖음/습기,비,교차로 - 교차로안,승용,남,60세,상해없음,보행자,남,34세,경상
2019100200100428,2019년 10월 2일 15시,수요일,충청북도 충주시 엄정면,경상사고,0,0,2,0,차대차 - 기타,안전운전불이행,젖음/습기,비,단일로 - 기타,승용,여,40세,상해없음,화물,남,38세,경상
2019100200100469,2019년 10월 2일 16시,수요일,충청북도 단양군 매포읍,경상사고,0,0,1,0,차량단독 - 공작물충돌,안전운전불이행,젖음/습기,비,기타 - 기타,승용,남,77세,경상,,,,
2019100200100585,2019년 10월 2일 18시,수요일,충청북도 청주시 청원구 율량동,경상사고,0,0,3,0,차대차 - 기타,안전운전불이행,젖음/습기,비,단일로 - 기타,이륜,남,54세,경상,승용,남,28세,경상
2019100200100586,2019년 10월 2일 18시,수요일,충청북도 충주시 교현동,경상사고,0,0,1,0,차대차 - 기타,안전거리미확보,건조,맑음,교차로 - 교차로안,승용,남,63세,상해없음,승용,남,25세,경상
2019100200100587,2019년 10월 2일 18시,수요일,충청북도 제천시 청전동,경상사고,0,0,2,0,차대차 - 측면충돌,신호위반,젖음/습기,비,교차로 - 교차로안,승용,여,43세,상해없음,승용,남,48세,경상
2019100200100588,2019년 10월 2일 18시,수요일,충청북도 청주시 서원구 산남동,경상사고,0,0,2,0,차대차 - 측면충돌,안전거리미확보,젖음/습기,비,단일로 - 지하차도(도로)내,승용,남,48세,상해없음,승용,남,63세,경상
2019100200100673,2019년 10월 2일 19시,수요일,충청북도 청주시 흥덕구 오송읍,경상사고,0,0,1,0,차대차 - 기타,안전운전불이행,건조,맑음,단일로 - 기타,승용,남,51세,상해없음,승용,여,46세,경상
2019100200100674,2019년 10월 2일 19시,수요일,충청북도 청주시 서원구 죽림동,경상사고,0,0,2,0,차대차 - 측면충돌,직진우회전진행방해,젖음/습기,비,교차로 - 교차로안,승용,남,37세,경상,승용,남,44세,경상
2019100200100754,2019년 10월 2일 20시,수요일,충청북도 청주시 청원구 내덕동,중상사고,0,1,1,0,차대차 - 측면충돌,신호위반,젖음/습기,비,교차로 - 교차로안,승용,여,56세,경상,이륜,남,21세,중상
2019100200100755,2019년 10월 2일 20시,수요일,충청북도 충주시 대소원면,경상사고,0,0,1,0,차대차 - 추돌,안전운전불이행,젖음/습기,비,교차로 - 교차로안,승용,남,39세,상해없음,승용,남,32세,경상
2019100200100756,2019년 10월 2일 20시,수요일,충청북도 청주시 상당구 용암동,경상사고,0,0,1,0,차대차 - 측면충돌,안전운전불이행,건조,맑음,교차로 - 교차로부근,승용,남,53세,상해없음,승용,여,35세,경상
2019100200100813,2019년 10월 2일 21시,수요일,충청북도 청주시 청원구 율량동,경상사고,0,0,1,0,차대차 - 측면충돌,직진우회전진행방해,젖음/습기,비,교차로 - 교차로안,승용,남,53세,상해없음,이륜,남,22세,경상
2019100200100866,2019년 10월 2일 22시,수요일,충청북도 청주시 청원구 율량동,사망사고,1,0,0,0,차대사람 - 차도통행중,안전운전불이행,젖음/습기,비,단일로 - 기타,승용,남,25세,상해없음,보행자,남,46세,사망
2019100200100913,2019년 10월 2일 23시,수요일,충청북도 증평군 증평읍,경상사고,0,0,1,0,차대차 - 측면충돌,신호위반,건조,맑음,교차로 - 교차로안,승용,남,30세,상해없음,승용,남,20세,경상
2019100200100914,2019년 10월 2일 23시,수요일,충청북도 청주시 상당구 용암동,중상사고,0,1,0,0,차대사람 - 기타,중앙선침범,젖음/습기,비,단일로 - 기타,승용,남,32세,상해없음,보행자,남,51세,중상
2019100200100915,2019년 10월 2일 23시,수요일,충청북도 청주시 상당구 석교동,경상사고,0,0,2,0,차대차 - 기타,안전운전불이행,건조,맑음,교차로 - 교차로부근,화물,남,63세,상해없음,승용,남,38세,경상
2019100300100080,2019년 10월 3일 01시,목요일,충청북도 청주시 흥덕구 비하동,경상사고,0,0,2,0,차대차 - 추돌,안전운전불이행,건조,맑음,단일로 - 기타,승용,남,34세,상해없음,승용,남,40세,경상
2019100300100109,2019년 10월 3일 02시,목요일,충청북도 충주시 연수동,중상사고,0,1,1,0,차대차 - 추돌,안전운전불이행,젖음/습기,비,단일로 - 기타,승용,남,33세,상해없음,승용,여,47세,중상
2019100300100133,2019년 10월 3일 03시,목요일,충청북도 청주시 흥덕구 가경동,중상사고,0,1,7,0,차대차 - 추돌,안전운전불이행,젖음/습기,비,교차로 - 교차로부근,승용,남,35세,경상,승용,남,64세,중상
2019100300100175,2019년 10월 3일 06시,목요일,충청북도 진천군 문백면,경상사고,0,0,1,0,차량단독 - 공작물충돌,안전운전불이행,젖음/습기,비,단일로 - 기타,승용,여,31세,경상,,,,
2019100300100200,2019년 10월 3일 08시,목요일,충청북도 청주시 서원구 사직동,경상사고,0,0,1,0,차대차 - 측면충돌,직진우회전진행방해,젖음/습기,비,교차로 - 교차로안,승용,여,60세,상해없음,승용,남,25세,경상
2019100300100201,2019년 10월 3일 08시,목요일,충청북도 청주시 흥덕구 비하동,경상사고,0,0,1,0,차대차 - 추돌,안전거리미확보,건조,맑음,교차로 - 교차로안,승용,남,61세,상해없음,승용,여,26세,경상
2019100300100223,2019년 10월 3일 09시,목요일,충청북도 청주시 흥덕구 가경동,경상사고,0,0,2,0,차대차 - 기타,교차로운행방법위반,건조,맑음,교차로 - 교차로안,화물,남,21세,경상,승용,남,27세,경상
2019100300100260,2019년 10월 3일 11시,목요일,충청북도 음성군 생극면,경상사고,0,0,3,0,차대차 - 측면충돌,중앙선침범,젖음/습기,흐림,단일로 - 기타,승용,남,26세,경상,승용,남,69세,경상
2019100300100285,2019년 10월 3일 12시,목요일,충청북도 음성군 음성읍,경상사고,0,0,2,0,차대차 - 측면충돌,교차로운행방법위반,건조,맑음,교차로 - 교차로안,승용,여,64세,경상,승용,남,57세,경상
2019100300100344,2019년 10월 3일 14시,목요일,충청북도 청주시 서원구 분평동,경상사고,0,0,2,0,차대차 - 측면충돌,안전운전불이행,건조,맑음,교차로 - 교차로안,승용,남,73세,상해없음,승용,남,46세,경상
2019100300100383,2019년 10월 3일 15시,목요일,충청북도 제천시 송학면,중상사고,0,1,0,0,차대차 - 측면충돌,안전운전불이행,건조,맑음,단일로 - 지하차도(도로)내,승용,남,70세,상해없음,승합,남,37세,상해없음
2019100300100384,2019년 10월 3일 15시,목요일,충청북도 보은군 회인면,중상사고,0,1,0,0,차대사람 - 기타,교차로운행방법위반,건조,맑음,교차로 - 교차로안,승용,남,60세,상해없음,보행자,여,84세,중상
2019100300100451,2019년 10월 3일 17시,목요일,충청북도 청주시 상당구 용암동,경상사고,0,0,1,0,차대차 - 측면충돌,안전운전불이행,건조,맑음,교차로 - 교차로안,승용,남,39세,상해없음,이륜,남,30세,경상
2019100300100516,2019년 10월 3일 19시,목요일,충청북도 괴산군 감물면,중상사고,0,1,0,0,차량단독 - 공작물충돌,안전운전불이행,건조,맑음,교차로 - 교차로부근,화물,남,54세,중상,,,,
2019100300100535,2019년 10월 3일 20시,목요일,충청북도 청주시 청원구 주중동,경상사고,0,0,1,0,차대차 - 후진중충돌,안전운전불이행,건조,맑음,교차로 - 교차로부근,승용,남,48세,상해없음,승용,여,38세,경상
2019100300100536,2019년 10월 3일 20시,목요일,충청북도 제천시 화산동,경상사고,0,0,2,0,차대차 - 측면충돌,직진우회전진행방해,건조,맑음,교차로 - 교차로안,승용,남,60세,경상,화물,남,46세,경상
2019100300100537,2019년 10월 3일 20시,목요일,충청북도 음성군 감곡면,중상사고,0,1,3,0,차대차 - 측면충돌,교차로운행방법위반,건조,맑음,교차로 - 교차로안,승용,여,57세,경상,승용,여,38세,중상
2019100300100585,2019년 10월 3일 22시,목요일,충청북도 제천시 금성면,경상사고,0,0,2,0,차대차 - 추돌,안전거리미확보,건조,맑음,교차로 - 교차로부근,승용,남,75세,상해없음,승합,여,53세,경상
2019100300100606,2019년 10월 3일 23시,목요일,충청북도 괴산군 칠성면,중상사고,0,2,1,0,차대차 - 정면충돌,중앙선침범,건조,맑음,단일로 - 기타,승용,남,38세,상해없음,승용,남,60세,중상
2019100400100037,2019년 10월 4일 01시,금요일,충청북도 청주시 청원구 오창읍,경상사고,0,0,3,0,차대차 - 추돌,안전운전불이행,건조,맑음,교차로 - 교차로부근,승용,남,39세,상해없음,승용,남,41세,상해없음
2019100400100104,2019년 10월 4일 07시,금요일,충청북도 청주시 서원구 사직동,경상사고,0,0,1,0,차대차 - 기타,직진우회전진행방해,건조,맑음,교차로 - 교차로안,화물,남,56세,상해없음,승용,남,42세,경상
2019100400100105,2019년 10월 4일 07시,금요일,충청북도 음성군 대소면,중상사고,0,1,0,0,차대차 - 측면충돌,교차로운행방법위반,건조,맑음,교차로 - 교차로안,승용,남,80세,상해없음,화물,남,44세,중상
2019100400100106,2019년 10월 4일 07시,금요일,충청북도 청주시 서원구 분평동,경상사고,0,0,1,0,차대차 - 추돌,안전운전불이행,건조,맑음,단일로 - 지하차도(도로)내,승용,남,53세,상해없음,화물,남,52세,상해없음
2019100400100144,2019년 10월 4일 08시,금요일,충청북도 청주시 서원구 사직동,경상사고,0,0,3,0,차대차 - 정면충돌,안전운전불이행,건조,맑음,교차로 - 교차로안,승용,여,25세,경상,화물,남,38세,경상
2019100400100184,2019년 10월 4일 09시,금요일,충청북도 증평군 증평읍,경상사고,0,0,1,0,차대차 - 측면충돌,직진우회전진행방해,건조,맑음,교차로 - 교차로안,승용,여,25세,경상,화물,남,71세,상해없음
2019100400100208,2019년 10월 4일 10시,금요일,충청북도 충주시 풍동,경상사고,0,0,1,0,차대차 - 기타,안전운전불이행,건조,맑음,단일로 - 기타,승용,남,50세,상해없음,승용,남,40세,경상
2019100400100209,2019년 10월 4일 10시,금요일,충청북도 영동군 심천면,사망사고,1,1,0,0,차대차 - 정면충돌,중앙선침범,건조,맑음,단일로 - 기타,승용,남,58세,사망,건설기계,남,53세,중상
2019100400100210,2019년 10월 4일 10시,금요일,충청북도 청주시 상당구 영운동,중상사고,0,1,0,0,차대차 - 측면충돌,안전운전불이행,건조,맑음,교차로 - 교차로부근,승용,남,85세,상해없음,자전거,남,12세,중상
2019100400100288,2019년 10월 4일 12시,금요일,충청북도 제천시 영천동,경상사고,0,0,1,0,차대차 - 측면충돌,신호위반,건조,맑음,교차로 - 교차로안,승용,남,29세,상해없음,승용,남,44세,경상
2019100400100341,2019년 10월 4일 13시,금요일,충청북도 청주시 서원구 사창동,경상사고,0,0,2,0,차대차 - 기타,안전거리미확보,건조,맑음,교차로 - 교차로안,승용,여,26세,경상,승용,남,38세,경상
2019100400100342,2019년 10월 4일 13시,금요일,충청북도 제천시 장락동,경상사고,0,0,3,0,차대차 - 추돌,안전운전불이행,건조,맑음,단일로 - 지하차도(도로)내,승용,남,36세,상해없음,승용,남,30세,경상
2019100400100343,2019년 10월 4일 13시,금요일,충청북도 영동군 황간면,중상사고,0,2,0,0,차량단독 - 공작물충돌,안전운전불이행,건조,맑음,단일로 - 기타,승용,여,69세,중상,,,,
2019100400100395,2019년 10월 4일 14시,금요일,충청북도 단양군 영춘면,사망사고,1,0,0,0,차대사람 - 횡단중,안전운전불이행,건조,맑음,기타 - 기타,승용,여,55세,상해없음,보행자,여,81세,사망
2019100400100439,2019년 10월 4일 15시,금요일,충청북도 충주시 대소원면,경상사고,0,0,1,0,차대차 - 측면충돌,신호위반,건조,맑음,교차로 - 교차로안,화물,남,63세,상해없음,승용,여,62세,경상
2019100400100440,2019년 10월 4일 15시,금요일,충청북도 청주시 흥덕구 복대동,경상사고,0,0,1,0,차대사람 - 차도통행중,안전운전불이행,건조,맑음,단일로 - 기타,승용,여,60세,상해없음,보행자,여,68세,경상
2019100400100441,2019년 10월 4일 15시,금요일,충청북도 청주시 흥덕구 오송읍,중상사고,0,3,0,0,차대차 - 측면충돌,신호위반,건조,맑음,교차로 - 교차로안,승용,여,42세,중상,승용,여,56세,중상
2019100400100476,2019년 10월 4일 16시,금요일,충청북도 청주시 청원구 주중동,경상사고,0,0,2,0,차대차 - 측면충돌,교차로운행방법위반,건조,맑음,교차로 - 교차로부근,승용,남,33세,경상,기타불명,기타불명,미분류,기타불명
2019100400100477,2019년 10월 4일 16시,금요일,충청북도 제천시 장락동,경상사고,0,0,1,0,차대사람 - 보도통행중,보행자보호의무위반,건조,맑음,교차로 - 교차로횡단보도내,승용,남,77세,상해없음,보행자,여,13세,경상
2019100400100478,2019년 10월 4일 16시,금요일,충청북도 음성군 대소면,중상사고,0,1,0,0,차대차 - 측면충돌,안전운전불이행,건조,맑음,교차로 - 교차로부근,승용,남,66세,상해없음,승용,남,40세,상해없음
2019100400100479,2019년 10월 4일 16시,금요일,충청북도 청주시 서원구 수곡동,경상사고,0,0,1,0,차대사람 - 횡단중,보행자보호의무위반,건조,맑음,단일로 - 지하차도(도로)내,승용,여,65세,상해없음,보행자,여,75세,경상
2019100400100480,2019년 10월 4일 16시,금요일,충청북도 청주시 상당구 남주동,경상사고,0,0,1,0,차대차 - 측면충돌,안전운전불이행,건조,맑음,교차로 - 교차로안,승용,여,54세,상해없음,자전거,남,66세,경상
2019100400100515,2019년 10월 4일 17시,금요일,충청북도 청주시 흥덕구 복대동,경상사고,0,0,1,0,차대차 - 추돌,안전운전불이행,건조,맑음,교차로 - 교차로부근,승용,남,51세,상해없음,승용,여,56세,경상
2019100400100516,2019년 10월 4일 17시,금요일,충청북도 청주시 흥덕구 운천동,경상사고,0,0,1,0,차대차 - 측면충돌,안전운전불이행,건조,맑음,교차로 - 교차로부근,화물,남,63세,상해없음,승용,남,38세,경상
2019100400100567,2019년 10월 4일 18시,금요일,충청북도 충주시 호암동,중상사고,0,1,2,0,차대차 - 기타,신호위반,건조,맑음,교차로 - 교차로안,승용,남,70세,상해없음,승용,남,31세,경상
2019100400100568,2019년 10월 4일 18시,금요일,충청북도 청주시 흥덕구 지동동,경상사고,0,0,1,0,차대차 - 추돌,안전운전불이행,건조,맑음,교차로 - 교차로안,화물,남,63세,상해없음,승용,여,47세,경상
2019100400100569,2019년 10월 4일 18시,금요일,충청북도 청주시 서원구 분평동,중상사고,0,2,0,0,차대차 - 측면충돌,신호위반,건조,맑음,교차로 - 교차로안,승용,남,35세,상해없음,이륜,남,25세,중상
2019100400100570,2019년 10월 4일 18시,금요일,충청북도 청주시 서원구 분평동,경상사고,0,0,2,0,차대차 - 측면충돌,신호위반,건조,맑음,단일로 - 기타,승용,남,35세,상해없음,이륜,남,25세,경상
2019100400100571,2019년 10월 4일 18시,금요일,충청북도 진천군 문백면,경상사고,0,0,2,0,차대차 - 추돌,안전운전불이행,건조,맑음,기타 - 기타,화물,남,71세,상해없음,화물,남,66세,경상
2019100400100636,2019년 10월 4일 19시,금요일,충청북도 청주시 상당구 용정동,중상사고,0,1,2,0,차대차 - 측면충돌,안전운전불이행,건조,맑음,단일로 - 기타,승용,남,38세,상해없음,승용,남,81세,중상
2019100400100679,2019년 10월 4일 20시,금요일,충청북도 청주시 서원구 현도면,경상사고,0,0,1,0,차량단독 - 전도전복 - 전도,안전운전불이행,건조,맑음,교차로 - 교차로부근,이륜,남,56세,경상,,,,
2019100500100028,2019년 10월 5일 00시,토요일,충청북도 충주시 동량면,경상사고,0,0,2,0,차대차 - 추돌,안전운전불이행,건조,맑음,단일로 - 기타,승용,남,23세,상해없음,화물,남,60세,경상
2019100500100046,2019년 10월 5일 02시,토요일,충청북도 청주시 흥덕구 복대동,경상사고,0,0,1,0,차대차 - 기타,신호위반,건조,맑음,단일로 - 기타,기타불명,기타불명,미분류,기타불명,자전거,남,17세,경상
2019100500100118,2019년 10월 5일 08시,토요일,충청북도 청주시 청원구 사천동,중상사고,0,1,0,0,차대차 - 기타,신호위반,건조,맑음,교차로 - 교차로부근,승용,남,64세,상해없음,승용,여,60세,중상
2019100500100149,2019년 10월 5일 09시,토요일,충청북도 청주시 청원구 내수읍,중상사고,0,1,0,0,차대사람 - 횡단중,보행자보호의무위반,건조,맑음,단일로 - 기타,화물,남,71세,상해없음,보행자,여,74세,중상
2019100500100150,2019년 10월 5일 09시,토요일,충청북도 충주시 호암동,경상사고,0,0,1,0,차대차 - 기타,안전운전불이행,건조,맑음,교차로 - 교차로안,승용,남,80세,상해없음,승용,남,32세,경상
2019100500100151,2019년 10월 5일 09시,토요일,충청북도 증평군 증평읍,경상사고,0,0,1,0,차대차 - 측면충돌,신호위반,건조,맑음,교차로 - 교차로안,승용,여,59세,상해없음,승용,여,41세,경상
2019100500100152,2019년 10월 5일 09시,토요일,충청북도 보은군 내북면,경상사고,0,0,2,0,차대차 - 측면충돌,교차로운행방법위반,건조,맑음,교차로 - 교차로안,화물,남,50세,상해없음,농기계,남,71세,경상
2019100500100180,2019년 10월 5일 10시,토요일,충청북도 충주시 목행동,경상사고,0,0,1,0,차대차 - 기타,안전운전불이행,건조,맑음,교차로 - 교차로부근,화물,남,55세,상해없음,화물,남,48세,경상
2019100500100210,2019년 10월 5일 11시,토요일,충청북도 옥천군 옥천읍,경상사고,0,0,1,2,차대차 - 측면충돌,교차로운행방법위반,건조,맑음,교차로 - 교차로안,승용,남,81세,부상신고,승용,남,77세,경상
2019100500100239,2019년 10월 5일 12시,토요일,충청북도 음성군 맹동면,경상사고,0,0,1,0,차대차 - 측면충돌,중앙선침범,건조,맑음,단일로 - 기타,승용,남,29세,상해없음,승용,남,29세,경상
2019100500100240,2019년 10월 5일 12시,토요일,충청북도 청주시 흥덕구 운천동,경상사고,0,0,1,0,차대차 - 측면충돌,교차로운행방법위반,건조,맑음,교차로 - 교차로안,승용,남,34세,상해없음,이륜,남,56세,경상
2019100500100280,2019년 10월 5일 13시,토요일,충청북도 충주시 성남동,중상사고,0,1,3,0,차대차 - 측면충돌,안전운전불이행,건조,맑음,교차로 - 교차로안,승용,남,67세,상해없음,승용,남,52세,경상
2019100500100281,2019년 10월 5일 13시,토요일,충청북도 청주시 서원구 수곡동,중상사고,0,1,0,0,차대차 - 측면충돌,안전운전불이행,건조,맑음,교차로 - 교차로안,자전거,남,77세,중상,승용,남,69세,기타불명
2019100500100316,2019년 10월 5일 14시,토요일,충청북도 단양군 단성면,중상사고,0,1,0,0,차대차 - 측면충돌,중앙선침범,건조,맑음,기타 - 기타,승용,남,77세,상해없음,이륜,남,48세,중상
2019100500100317,2019년 10월 5일 14시,토요일,충청북도 청주시 흥덕구 복대동,경상사고,0,0,1,0,차대차 - 기타,안전운전불이행,건조,맑음,교차로 - 교차로횡단보도내,자전거,남,10세,경상,승용,여,39세,상해없음
2019100500100318,2019년 10월 5일 14시,토요일,충청북도 청주시 서원구 성화동,경상사고,0,0,5,0,차대차 - 측면충돌,안전운전불이행,젖음/습기,비,교차로 - 교차로부근,승용,남,29세,경상,승용,남,29세,경상
2019100500100319,2019년 10월 5일 14시,토요일,충청북도 청주시 흥덕구 강서동,중상사고,0,1,1,0,차대차 - 측면충돌,안전운전불이행,건조,맑음,교차로 - 교차로안,승용,남,38세,경상,승용,남,61세,중상
2019100500100320,2019년 10월 5일 14시,토요일,충청북도 청주시 서원구 산남동,경상사고,0,0,2,0,차대차 - 추돌,안전운전불이행,건조,맑음,교차로 - 교차로부근,승용,여,33세,기타불명,승용,남,59세,경상
2019100500100352,2019년 10월 5일 15시,토요일,충청북도 충주시 주덕읍,중상사고,0,1,4,1,차대차 - 기타,신호위반,건조,맑음,교차로 - 교차로안,화물,남,64세,부상신고,승합,남,45세,경상
2019100500100353,2019년 10월 5일 15시,토요일,충청북도 청주시 상당구 용정동,경상사고,0,0,1,0,차대차 - 측면충돌,교차로운행방법위반,건조,맑음,교차로 - 교차로안,승용,남,35세,상해없음,이륜,남,29세,경상
2019100500100386,2019년 10월 5일 16시,토요일,충청북도 청주시 서원구 남이면,경상사고,0,0,3,0,차대차 - 기타,차로위반,건조,맑음,교차로 - 교차로부근,승용,남,74세,상해없음,승용,남,34세,경상
2019100500100416,2019년 10월 5일 17시,토요일,충청북도 청주시 청원구 율량동,중상사고,0,2,4,0,차대차 - 기타,안전운전불이행,건조,맑음,교차로 - 교차로부근,승용,여,62세,상해없음,승합,남,40세,상해없음
2019100500100442,2019년 10월 5일 18시,토요일,충청북도 충주시 연수동,경상사고,0,0,1,0,차대사람 - 길가장자리구역통행중,보행자보호의무위반,건조,맑음,교차로 - 교차로횡단보도내,승용,남,72세,상해없음,보행자,여,76세,경상
2019100500100443,2019년 10월 5일 18시,토요일,충청북도 단양군 단양읍,중상사고,0,1,3,0,차대차 - 측면충돌,직진우회전진행방해,건조,맑음,교차로 - 교차로안,승용,남,55세,경상,승용,남,30세,경상
2019100500100444,2019년 10월 5일 18시,토요일,충청북도 청주시 서원구 현도면,경상사고,0,0,1,0,차대차 - 측면충돌,안전운전불이행,건조,맑음,단일로 - 기타,승용,남,31세,상해없음,승용,남,35세,경상
2019100500100492,2019년 10월 5일 19시,토요일,충청북도 제천시 고암동,경상사고,0,0,1,0,차량단독 - 공작물충돌,안전운전불이행,건조,맑음,단일로 - 지하차도(도로)내,이륜,남,21세,경상,,,,
2019100500100522,2019년 10월 5일 20시,토요일,충청북도 음성군 음성읍,경상사고,0,0,2,0,차대차 - 측면충돌,교차로운행방법위반,건조,맑음,교차로 - 교차로횡단보도내,화물,남,63세,상해없음,승용,여,49세,경상
2019100500100551,2019년 10월 5일 21시,토요일,충청북도 청주시 서원구 사직동,중상사고,0,1,0,0,차대차 - 측면충돌,차로위반,건조,맑음,단일로 - 기타,승용,여,53세,상해없음,이륜,남,22세,중상
2019100500100572,2019년 10월 5일 22시,토요일,충청북도 제천시 영천동,경상사고,0,0,5,0,차대차 - 추돌,안전운전불이행,건조,맑음,교차로 - 교차로부근,승용,남,55세,상해없음,승용,남,38세,경상
2019100500100603,2019년 10월 5일 23시,토요일,충청북도 충주시 연수동,경상사고,0,0,1,0,차대차 - 기타,안전운전불이행,건조,흐림,교차로 - 교차로부근,승용,남,19세,상해없음,승용,남,47세,기타불명
2019100600100029,2019년 10월 6일 00시,일요일,충청북도 청주시 흥덕구 복대동,경상사고,0,0,1,0,차대차 - 측면충돌,기타,건조,맑음,교차로 - 교차로횡단보도내,승용,남,57세,상해없음,이륜,남,17세,경상
2019100600100038,2019년 10월 6일 01시,일요일,충청북도 청주시 서원구 성화동,경상사고,0,0,1,0,차대차 - 추돌,안전운전불이행,건조,맑음,교차로 - 교차로부근,승용,남,27세,상해없음,승용,남,32세,경상
2019100600100039,2019년 10월 6일 01시,일요일,충청북도 청주시 서원구 수곡동,중상사고,0,1,0,0,차대차 - 추돌,안전운전불이행,건조,맑음,교차로 - 교차로안,승용,남,32세,상해없음,승용,여,51세,중상
2019100600100063,2019년 10월 6일 03시,일요일,충청북도 청주시 청원구 내수읍,중상사고,0,1,0,0,차량단독 - 기타,안전운전불이행,건조,맑음,단일로 - 기타,승용,남,53세,상해없음,,,,
2019100600100072,2019년 10월 6일 04시,일요일,충청북도 진천군 이월면,경상사고,0,0,1,0,차대차 - 측면충돌,차로위반,건조,맑음,단일로 - 기타,승용,여,24세,상해없음,승용,남,44세,경상
2019100600100122,2019년 10월 6일 08시,일요일,충청북도 증평군 증평읍,경상사고,0,0,2,0,차대차 - 측면충돌,신호위반,건조,맑음,교차로 - 교차로안,승용,여,51세,상해없음,승용,남,26세,경상
2019100600100140,2019년 10월 6일 09시,일요일,충청북도 충주시 호암동,경상사고,0,0,1,0,차대차 - 기타,안전거리미확보,건조,맑음,교차로 - 교차로부근,승용,여,52세,경상,승용,여,52세,상해없음
2019100600100206,2019년 10월 6일 12시,일요일,충청북도 청주시 청원구 율량동,경상사고,0,0,1,0,차대차 - 정면충돌,안전운전불이행,건조,맑음,교차로 - 교차로안,승합,남,60세,상해없음,이륜,남,48세,경상
2019100600100207,2019년 10월 6일 12시,일요일,충청북도 음성군 대소면,중상사고,0,1,0,0,차대차 - 측면충돌,교차로운행방법위반,건조,맑음,교차로 - 교차로안,이륜,남,28세,중상,승합,남,56세,상해없음
2019100600100208,2019년 10월 6일 12시,일요일,충청북도 청주시 상당구 금천동,경상사고,0,0,1,0,차량단독 - 전도전복 - 전도,안전운전불이행,건조,맑음,단일로 - 지하차도(도로)내,이륜,남,18세,경상,,,,
2019100600100234,2019년 10월 6일 13시,일요일,충청북도 청주시 흥덕구 복대동,경상사고,0,0,1,0,차대차 - 기타,교차로운행방법위반,건조,맑음,교차로 - 교차로부근,화물,남,77세,상해없음,이륜,남,45세,경상
2019100600100272,2019년 10월 6일 14시,일요일,충청북도 음성군 맹동면,경상사고,0,0,1,0,차대차 - 추돌,안전거리미확보,건조,맑음,교차로 - 교차로부근,화물,남,57세,상해없음,승용,여,43세,경상
2019100600100273,2019년 10월 6일 14시,일요일,충청북도 옥천군 이원면,경상사고,0,0,1,0,차대차 - 측면충돌,신호위반,건조,맑음,교차로 - 교차로안,승용,남,45세,상해없음,승용,남,34세,경상
2019100600100301,2019년 10월 6일 15시,일요일,충청북도 청주시 상당구 수동,경상사고,0,0,1,0,차량단독 - 기타,안전운전불이행,건조,맑음,단일로 - 기타,승합,남,55세,상해없음,,,,
2019100600100302,2019년 10월 6일 15시,일요일,충청북도 청주시 흥덕구 봉명동,중상사고,0,1,0,0,차대사람 - 횡단중,보행자보호의무위반,건조,맑음,단일로 - 기타,승용,남,34세,상해없음,보행자,여,7세,중상
2019100600100303,2019년 10월 6일 15시,일요일,충청북도 청주시 서원구 남이면,경상사고,0,0,1,0,차대차 - 측면충돌,안전거리미확보,건조,맑음,단일로 - 기타,승용,여,26세,상해없음,승용,남,38세,경상
2019100600100366,2019년 10월 6일 17시,일요일,충청북도 충주시 엄정면,중상사고,0,1,1,0,차대차 - 기타,신호위반,건조,맑음,교차로 - 교차로안,승용,여,58세,경상,승용,남,59세,중상
2019100600100398,2019년 10월 6일 18시,일요일,충청북도 제천시 명동,중상사고,0,3,0,0,차대차 - 측면충돌,교차로운행방법위반,건조,맑음,교차로 - 교차로안,승용,남,65세,상해없음,승용,남,67세,중상
2019100600100399,2019년 10월 6일 18시,일요일,충청북도 단양군 대강면,경상사고,0,0,1,0,차대차 - 기타,직진우회전진행방해,건조,맑음,교차로 - 교차로안,승용,남,58세,상해없음,화물,남,54세,경상
2019100600100400,2019년 10월 6일 18시,일요일,충청북도 청주시 상당구 서문동,경상사고,0,0,1,0,차대사람 - 횡단중,보행자보호의무위반,건조,맑음,단일로 - 지하차도(도로)내,승용,남,23세,상해없음,보행자,여,38세,경상
2019100600100439,2019년 10월 6일 19시,일요일,충청북도 청주시 서원구 사직동,경상사고,0,0,1,0,차대차 - 기타,중앙선침범,건조,맑음,단일로 - 기타,승용,남,62세,상해없음,이륜,남,17세,경상
2019100600100468,2019년 10월 6일 20시,일요일,충청북도 청주시 청원구 주중동,경상사고,0,0,1,0,차대차 - 기타,안전운전불이행,건조,맑음,단일로 - 기타,이륜,남,28세,경상,승용,남,64세,상해없음
2019100600100469,2019년 10월 6일 20시,일요일,충청북도 진천군 진천읍,경상사고,0,0,1,0,차대차 - 측면충돌,안전운전불이행,건조,맑음,교차로 - 교차로안,승용,남,38세,상해없음,승용,여,51세,경상
2019100600100493,2019년 10월 6일 21시,일요일,충청북도 제천시 신백동,경상사고,0,0,2,0,차대차 - 측면충돌,안전거리미확보,건조,맑음,교차로 - 교차로안,승용,여,69세,상해없음,승용,남,62세,경상