사고번호,사고일시,요일,시군구,사고내용,사망자수,중상자수,경상자수,부상신고자수,사고유형,법규위반,노면상태,기상상태,도로형태,가해운전자 차종,가해운전자 성별,가해운전자 연령,가해운전자 상해정도,피해운전자 차종,피해운전자 성별,피해운전자 연령,피해운전자 상해정도
2019100600100494,2019년 10월 6일 21시,일요일,충청북도 음성군 삼성면,경상사고,0,0,1,0,차대차 - 추돌,과속,건조,맑음,단일로 - 기타,승용,여,53세,상해없음,화물,남,58세,경상
2019100600100514,2019년 10월 6일 22시,일요일,충청북도 충주시 중앙탑면,중상사고,0,1,0,0,차대차 - 기타,안전운전불이행,건조,맑음,교차로 - 교차로부근,승용,남,33세,상해없음,이륜,남,30세,중상
2019100600100523,2019년 10월 6일 23시,일요일,충청북도 청주시 흥덕구 봉명동,중상사고,0,2,0,0,차대차 - 기타,안전운전불이행,건조,맑음,단일로 - 기타,승용,남,38세,상해없음,이륜,남,18세,중상
2019100700100034,2019년 10월 7일 01시,월요일,충청북도 청주시 흥덕구 복대동,경상사고,0,0,2,0,차대사람 - 기타,안전운전불이행,건조,맑음,교차로 - 교차로부근,승용,남,31세,상해없음,보행자,남,22세,경상
2019100700100088,2019년 10월 7일 06시,월요일,충청북도 제천시 강제동,경상사고,0,0,1,0,차대차 - 추돌,안전거리미확보,건조,맑음,교차로 - 교차로부근,화물,남,59세,상해없음,승용,여,63세,경상
2019100700100110,2019년 10월 7일 07시,월요일,충청북도 청주시 서원구 사창동,경상사고,0,0,1,0,차대사람 - 차도통행중,안전운전불이행,젖음/습기,비,단일로 - 기타,승용,남,50세,상해없음,보행자,여,21세,경상
2019100700100111,2019년 10월 7일 07시,월요일,충청북도 제천시 명지동,부상신고사고,0,0,0,1,차량단독 - 공작물충돌,안전운전불이행,건조,흐림,교차로 - 교차로부근,화물,남,46세,부상신고,,,,
2019100700100112,2019년 10월 7일 07시,월요일,충청북도 진천군 진천읍,경상사고,0,0,1,0,차대차 - 측면충돌,차로위반,건조,흐림,교차로 - 교차로안,화물,남,62세,기타불명,승용,남,25세,경상
2019100700100113,2019년 10월 7일 07시,월요일,충청북도 청주시 흥덕구 오송읍,경상사고,0,0,1,0,차대차 - 추돌,안전거리미확보,건조,맑음,단일로 - 기타,승용,남,52세,상해없음,승용,여,35세,경상
2019100700100116,2019년 10월 7일 07시,월요일,충청북도 청주시 서원구 남이면,경상사고,0,0,1,0,차대차 - 기타,안전운전불이행,젖음/습기,비,단일로 - 기타,승용,여,25세,기타불명,승용,남,59세,경상
2019100700100208,2019년 10월 7일 09시,월요일,충청북도 충주시 호암동,경상사고,0,0,3,0,차대차 - 기타,안전운전불이행,건조,맑음,교차로 - 교차로부근,화물,남,83세,상해없음,승용,여,22세,경상
2019100700100209,2019년 10월 7일 09시,월요일,충청북도 음성군 금왕읍,중상사고,0,1,0,0,차량단독 - 기타,안전운전불이행,건조,맑음,단일로 - 지하차도(도로)내,승합,남,40세,상해없음,,,,
2019100700100210,2019년 10월 7일 09시,월요일,충청북도 청주시 흥덕구 신봉동,중상사고,0,1,0,0,차대차 - 측면충돌,교차로운행방법위반,건조,맑음,교차로 - 교차로안,화물,남,50세,상해없음,이륜,남,43세,중상
2019100700100245,2019년 10월 7일 10시,월요일,충청북도 충주시 단월동,경상사고,0,0,1,0,차대사람 - 기타,안전운전불이행,건조,맑음,단일로 - 기타,승용,여,45세,상해없음,보행자,남,22세,경상
2019100700100276,2019년 10월 7일 11시,월요일,충청북도 충주시 금릉동,경상사고,0,0,4,0,차대차 - 추돌,안전운전불이행,건조,맑음,교차로 - 교차로부근,화물,남,45세,상해없음,화물,남,49세,경상
2019100700100277,2019년 10월 7일 11시,월요일,충청북도 청주시 흥덕구 복대동,경상사고,0,0,1,0,차대차 - 측면충돌,교차로운행방법위반,젖음/습기,흐림,교차로 - 교차로안,승용,여,52세,상해없음,승용,남,65세,경상
2019100700100310,2019년 10월 7일 12시,월요일,충청북도 옥천군 군서면,경상사고,0,0,1,0,차대차 - 측면충돌,신호위반,젖음/습기,비,교차로 - 교차로안,승용,여,46세,상해없음,화물,남,55세,경상
2019100700100311,2019년 10월 7일 12시,월요일,충청북도 청주시 흥덕구 비하동,경상사고,0,0,1,0,차대차 - 추돌,안전거리미확보,젖음/습기,비,단일로 - 지하차도(도로)내,승합,남,42세,상해없음,승용,남,66세,경상
2019100700100338,2019년 10월 7일 13시,월요일,충청북도 청주시 상당구 남일면,경상사고,0,0,1,0,차대차 - 측면충돌,신호위반,젖음/습기,맑음,교차로 - 교차로안,화물,남,61세,상해없음,승용,여,50세,경상
2019100700100370,2019년 10월 7일 14시,월요일,충청북도 충주시 지현동,경상사고,0,0,1,0,차대차 - 기타,안전거리미확보,젖음/습기,비,단일로 - 기타,승용,여,63세,상해없음,승용,남,23세,경상
2019100700100371,2019년 10월 7일 14시,월요일,충청북도 청주시 상당구 지북동,중상사고,0,2,1,0,차대차 - 측면충돌,안전운전불이행,젖음/습기,맑음,교차로 - 교차로부근,승용,여,42세,상해없음,승용,여,47세,중상
2019100700100421,2019년 10월 7일 15시,월요일,충청북도 청주시 흥덕구 가경동,경상사고,0,0,1,0,차대사람 - 기타,보행자보호의무위반,젖음/습기,비,단일로 - 기타,승용,여,64세,상해없음,보행자,남,7세,경상
2019100700100422,2019년 10월 7일 15시,월요일,충청북도 청주시 상당구 문화동,경상사고,0,0,3,0,차대차 - 후진중충돌,안전운전불이행,젖음/습기,비,단일로 - 지하차도(도로)내,승용,남,41세,상해없음,승용,남,18세,경상
2019100700100533,2019년 10월 7일 18시,월요일,충청북도 청주시 청원구 내덕동,중상사고,0,1,0,0,차대차 - 기타,안전운전불이행,젖음/습기,비,교차로 - 교차로횡단보도내,승용,남,59세,상해없음,개인형이동수단(PM),남,19세,중상
2019100700100534,2019년 10월 7일 18시,월요일,충청북도 충주시 연수동,경상사고,0,0,1,0,차대차 - 기타,신호위반,건조,맑음,교차로 - 교차로안,화물,여,54세,상해없음,원동기,남,39세,경상
2019100700100535,2019년 10월 7일 18시,월요일,충청북도 제천시 봉양읍,중상사고,0,1,0,0,차대차 - 추돌,안전거리미확보,건조,맑음,교차로 - 교차로부근,승용,여,40세,상해없음,승용,여,45세,중상
2019100700100536,2019년 10월 7일 18시,월요일,충청북도 제천시 봉양읍,중상사고,0,2,2,0,차대차 - 측면충돌,안전운전불이행,젖음/습기,비,단일로 - 기타,승용,남,67세,경상,화물,남,63세,경상
2019100700100537,2019년 10월 7일 18시,월요일,충청북도 청주시 상당구 명암동,경상사고,0,0,1,1,차대차 - 추돌,안전운전불이행,젖음/습기,비,단일로 - 지하차도(도로)내,승용,남,28세,상해없음,승용,여,37세,경상
2019100700100601,2019년 10월 7일 19시,월요일,충청북도 충주시 성내동,경상사고,0,0,1,0,차대차 - 측면충돌,안전운전불이행,건조,맑음,교차로 - 교차로안,승용,남,66세,상해없음,승용,남,39세,경상
2019100700100602,2019년 10월 7일 19시,월요일,충청북도 충주시 연수동,경상사고,0,0,2,1,차대차 - 기타,안전거리미확보,젖음/습기,비,교차로 - 교차로안,승용,여,35세,부상신고,승용,남,48세,경상
2019100700100694,2019년 10월 7일 22시,월요일,충청북도 충주시 종민동,경상사고,0,0,2,0,차대차 - 측면충돌,안전운전불이행,젖음/습기,비,단일로 - 기타,화물,남,54세,상해없음,승용,남,18세,경상
2019100700100695,2019년 10월 7일 22시,월요일,충청북도 옥천군 옥천읍,경상사고,0,0,1,0,차대차 - 추돌,안전운전불이행,젖음/습기,비,단일로 - 기타,승용,남,38세,상해없음,승용,남,58세,경상
2019100700100696,2019년 10월 7일 22시,월요일,충청북도 청주시 흥덕구 오송읍,중상사고,0,2,0,0,차대차 - 측면충돌,신호위반,건조,맑음,교차로 - 교차로안,승용,여,52세,중상,승용,여,50세,중상
2019100700100697,2019년 10월 7일 22시,월요일,충청북도 청주시 서원구 산남동,경상사고,0,0,1,0,차대사람 - 차도통행중,안전운전불이행,건조,맑음,교차로 - 교차로안,승용,남,24세,상해없음,보행자,남,44세,경상
2019100800100031,2019년 10월 8일 00시,화요일,충청북도 청주시 청원구 율량동,중상사고,0,1,2,0,차대차 - 측면충돌,신호위반,건조,맑음,교차로 - 교차로안,승용,여,51세,중상,승용,남,25세,경상
2019100800100032,2019년 10월 8일 00시,화요일,충청북도 충주시 성남동,경상사고,0,0,1,0,차대차 - 측면충돌,직진우회전진행방해,건조,흐림,교차로 - 교차로안,승용,여,60세,상해없음,승용,여,37세,경상
2019100800100062,2019년 10월 8일 03시,화요일,충청북도 청주시 흥덕구 봉명동,중상사고,0,1,0,0,차대사람 - 횡단중,신호위반,건조,맑음,교차로 - 교차로횡단보도내,승용,남,26세,상해없음,보행자,여,59세,중상
2019100800100096,2019년 10월 8일 06시,화요일,충청북도 청주시 청원구 오창읍,경상사고,0,0,1,0,차대차 - 기타,교차로운행방법위반,건조,맑음,교차로 - 교차로안,승합,남,58세,상해없음,이륜,남,52세,경상
2019100800100123,2019년 10월 8일 07시,화요일,충청북도 제천시 동현동,중상사고,0,1,1,0,차대차 - 정면충돌,안전운전불이행,건조,맑음,교차로 - 교차로안,승용,여,57세,상해없음,승용,남,73세,중상
2019100800100220,2019년 10월 8일 10시,화요일,충청북도 청주시 흥덕구 복대동,경상사고,0,0,1,0,차대차 - 측면충돌,안전운전불이행,건조,맑음,단일로 - 기타,승합,남,48세,상해없음,승용,남,41세,경상
2019100800100221,2019년 10월 8일 10시,화요일,충청북도 청주시 흥덕구 봉명동,경상사고,0,0,2,0,차대차 - 추돌,안전운전불이행,건조,맑음,교차로 - 교차로부근,승용,여,55세,상해없음,승용,남,56세,경상
2019100800100265,2019년 10월 8일 11시,화요일,충청북도 충주시 노은면,중상사고,0,1,0,0,차대차 - 추돌,안전거리미확보,건조,맑음,단일로 - 기타,승용,여,53세,상해없음,승용,남,20세,중상
2019100800100300,2019년 10월 8일 12시,화요일,충청북도 청주시 서원구 수곡동,경상사고,0,0,1,0,차대차 - 추돌,안전운전불이행,건조,맑음,교차로 - 교차로부근,승용,남,35세,상해없음,승용,여,61세,경상
2019100800100335,2019년 10월 8일 13시,화요일,충청북도 옥천군 옥천읍,부상신고사고,0,0,0,1,차대차 - 측면충돌,교차로운행방법위반,건조,맑음,교차로 - 교차로안,승용,여,57세,부상신고,승용,남,34세,상해없음
2019100800100336,2019년 10월 8일 13시,화요일,충청북도 청주시 흥덕구 복대동,경상사고,0,0,1,0,차대차 - 추돌,안전운전불이행,건조,맑음,교차로 - 교차로횡단보도내,승용,남,27세,상해없음,승용,여,39세,경상
2019100800100370,2019년 10월 8일 14시,화요일,충청북도 괴산군 괴산읍,중상사고,0,1,0,0,차대차 - 정면충돌,안전운전불이행,건조,맑음,교차로 - 교차로안,이륜,여,67세,중상,화물,남,63세,상해없음
2019100800100371,2019년 10월 8일 14시,화요일,충청북도 청주시 상당구 남주동,경상사고,0,0,1,0,차대차 - 측면충돌,안전운전불이행,건조,맑음,교차로 - 교차로부근,승용,남,75세,상해없음,승용,여,36세,경상
2019100800100416,2019년 10월 8일 15시,화요일,충청북도 청주시 청원구 사천동,중상사고,0,1,1,0,차대차 - 기타,교차로운행방법위반,건조,맑음,교차로 - 교차로안,승용,남,41세,중상,승용,남,71세,상해없음
2019100800100417,2019년 10월 8일 15시,화요일,충청북도 제천시 청전동,중상사고,0,1,0,0,차대사람 - 횡단중,안전운전불이행,건조,맑음,단일로 - 지하차도(도로)내,자전거,여,53세,상해없음,보행자,여,78세,중상
2019100800100459,2019년 10월 8일 16시,화요일,충청북도 제천시 명동,경상사고,0,0,1,0,차대차 - 측면충돌,교차로운행방법위반,건조,맑음,교차로 - 교차로부근,승용,여,49세,상해없음,승용,남,64세,경상
2019100800100460,2019년 10월 8일 16시,화요일,충청북도 음성군 소이면,중상사고,0,1,0,0,차대차 - 추돌,안전운전불이행,건조,맑음,단일로 - 지하차도(도로)내,이륜,여,52세,중상,화물,남,57세,상해없음
2019100800100502,2019년 10월 8일 17시,화요일,충청북도 영동군 영동읍,중상사고,0,1,0,0,차대차 - 측면충돌,안전운전불이행,건조,맑음,교차로 - 교차로안,승용,여,40세,상해없음,이륜,남,85세,중상
2019100800100503,2019년 10월 8일 17시,화요일,충청북도 청주시 상당구 석교동,부상신고사고,0,0,0,1,차대차 - 정면충돌,기타,건조,맑음,단일로 - 기타,자전거,남,55세,부상신고,화물,남,62세,상해없음
2019100800100562,2019년 10월 8일 18시,화요일,충청북도 단양군 대강면,중상사고,0,1,4,10,차대차 - 추돌,안전운전불이행,건조,맑음,단일로 - 기타,화물,남,75세,상해없음,승용,남,52세,상해없음
2019100800100563,2019년 10월 8일 18시,화요일,충청북도 청주시 청원구 오창읍,중상사고,0,1,0,0,차대사람 - 횡단중,보행자보호의무위반,건조,맑음,교차로 - 교차로횡단보도내,이륜,남,46세,상해없음,보행자,여,23세,중상
2019100800100564,2019년 10월 8일 18시,화요일,충청북도 제천시 서부동,경상사고,0,0,1,0,차대차 - 측면충돌,안전거리미확보,건조,맑음,단일로 - 기타,화물,남,54세,상해없음,승용,남,58세,경상
2019100800100565,2019년 10월 8일 18시,화요일,충청북도 청주시 서원구 죽림동,경상사고,0,0,1,0,차대차 - 추돌,안전거리미확보,건조,맑음,단일로 - 기타,화물,남,53세,상해없음,승용,남,23세,경상
2019100800100637,2019년 10월 8일 19시,화요일,충청북도 청주시 청원구 오창읍,경상사고,0,0,2,0,차대차 - 측면충돌,안전운전불이행,건조,맑음,교차로 - 교차로부근,화물,남,59세,상해없음,승용,남,28세,경상
2019100800100638,2019년 10월 8일 19시,화요일,충청북도 충주시 교현동,부상신고사고,0,0,0,1,차량단독 - 기타,안전운전불이행,건조,맑음,교차로 - 교차로부근,자전거,남,78세,부상신고,,,,
2019100800100639,2019년 10월 8일 19시,화요일,충청북도 청주시 흥덕구 송정동,경상사고,0,0,3,0,차대차 - 추돌,안전운전불이행,건조,맑음,교차로 - 교차로부근,화물,남,40세,상해없음,승용,남,29세,경상
2019100800100640,2019년 10월 8일 19시,화요일,충청북도 청주시 상당구 용암동,경상사고,0,0,3,0,차대차 - 측면충돌,안전운전불이행,건조,맑음,단일로 - 기타,승용,남,61세,상해없음,이륜,남,29세,경상
2019100800100685,2019년 10월 8일 20시,화요일,충청북도 충주시 용산동,경상사고,0,0,1,0,차대사람 - 길가장자리구역통행중,안전운전불이행,건조,맑음,단일로 - 기타,자전거,남,17세,상해없음,보행자,여,67세,경상
2019100800100686,2019년 10월 8일 20시,화요일,충청북도 충주시 교현동,경상사고,0,0,1,0,차대차 - 기타,안전거리미확보,건조,흐림,교차로 - 교차로부근,승용,여,46세,상해없음,승용,여,37세,경상
2019100800100687,2019년 10월 8일 20시,화요일,충청북도 음성군 맹동면,중상사고,0,1,0,0,차대차 - 측면충돌,중앙선침범,건조,맑음,단일로 - 지하차도(도로)내,승용,여,28세,상해없음,승용,여,40세,중상
2019100800100748,2019년 10월 8일 22시,화요일,충청북도 청주시 서원구 산남동,경상사고,0,0,1,0,차대차 - 추돌,안전운전불이행,건조,맑음,단일로 - 지하차도(도로)내,승용,여,31세,상해없음,승용,남,67세,경상
2019100800100787,2019년 10월 8일 23시,화요일,충청북도 청주시 흥덕구 옥산면,경상사고,0,0,2,0,차대차 - 추돌,안전운전불이행,건조,맑음,교차로 - 교차로부근,승용,남,30세,상해없음,승용,여,28세,경상
2019100900100032,2019년 10월 9일 00시,수요일,충청북도 음성군 대소면,중상사고,0,3,2,0,차대차 - 측면충돌,신호위반,건조,맑음,교차로 - 교차로안,승용,남,21세,경상,승용,남,51세,경상
2019100900100071,2019년 10월 9일 02시,수요일,충청북도 청주시 흥덕구 오송읍,부상신고사고,0,0,0,1,차대차 - 측면충돌,안전운전불이행,건조,맑음,단일로 - 기타,승용,남,28세,부상신고,승용,남,61세,기타불명
2019100900100101,2019년 10월 9일 05시,수요일,충청북도 청주시 서원구 성화동,중상사고,0,1,4,0,차대차 - 측면충돌,교차로운행방법위반,건조,맑음,단일로 - 기타,승용,남,24세,중상,승용,남,20세,경상
2019100900100171,2019년 10월 9일 09시,수요일,충청북도 청주시 상당구 용담동,경상사고,0,0,1,0,차대차 - 측면충돌,교차로운행방법위반,건조,맑음,교차로 - 교차로부근,승용,남,67세,상해없음,승용,남,59세,상해없음
2019100900100206,2019년 10월 9일 10시,수요일,충청북도 충주시 봉방동,경상사고,0,0,2,0,차대차 - 기타,안전운전불이행,건조,맑음,단일로 - 기타,자전거,남,78세,경상,이륜,남,18세,경상
2019100900100207,2019년 10월 9일 10시,수요일,충청북도 진천군 진천읍,경상사고,0,0,1,0,차대차 - 후진중충돌,안전운전불이행,건조,맑음,단일로 - 기타,승용,남,30세,상해없음,자전거,남,73세,경상
2019100900100231,2019년 10월 9일 11시,수요일,충청북도 단양군 단양읍,중상사고,0,1,0,0,차대차 - 기타,안전거리미확보,건조,맑음,기타 - 기타,승용,여,55세,상해없음,이륜,남,58세,중상
2019100900100232,2019년 10월 9일 11시,수요일,충청북도 청주시 흥덕구 봉명동,경상사고,0,0,2,0,차대차 - 측면충돌,과속,건조,맑음,교차로 - 교차로부근,승용,남,29세,경상,이륜,남,47세,경상
2019100900100260,2019년 10월 9일 12시,수요일,충청북도 청주시 청원구 내덕동,경상사고,0,0,1,0,차대차 - 기타,안전운전불이행,건조,맑음,단일로 - 기타,화물,남,58세,상해없음,이륜,남,23세,경상
2019100900100261,2019년 10월 9일 12시,수요일,충청북도 영동군 영동읍,경상사고,0,0,3,0,차대차 - 측면충돌,직진우회전진행방해,건조,맑음,교차로 - 교차로안,승용,남,43세,경상,화물,남,40세,경상
2019100900100262,2019년 10월 9일 12시,수요일,충청북도 괴산군 청안면,중상사고,0,1,1,0,차대차 - 측면충돌,안전운전불이행,건조,맑음,교차로 - 교차로부근,승용,남,31세,상해없음,승용,남,59세,경상
2019100900100263,2019년 10월 9일 12시,수요일,충청북도 단양군 영춘면,중상사고,0,1,0,0,차대차 - 추돌,안전운전불이행,건조,맑음,기타 - 기타,화물,남,45세,상해없음,건설기계,남,53세,상해없음
2019100900100264,2019년 10월 9일 12시,수요일,충청북도 청주시 흥덕구 강서동,경상사고,0,0,1,0,차대차 - 기타,교차로운행방법위반,건조,맑음,교차로 - 교차로안,이륜,남,42세,경상,승용,남,64세,상해없음
2019100900100265,2019년 10월 9일 12시,수요일,충청북도 청주시 상당구 금천동,부상신고사고,0,0,0,1,차대차 - 기타,안전운전불이행,건조,맑음,단일로 - 지하차도(도로)내,이륜,남,15세,부상신고,승용,남,30세,기타불명
2019100900100334,2019년 10월 9일 14시,수요일,충청북도 제천시 장락동,중상사고,0,1,0,0,차대차 - 추돌,안전거리미확보,건조,맑음,단일로 - 지하차도(도로)내,승용,남,55세,상해없음,승용,남,66세,중상
2019100900100365,2019년 10월 9일 15시,수요일,충청북도 충주시 안림동,중상사고,0,1,3,0,차대차 - 측면충돌,신호위반,건조,맑음,교차로 - 교차로안,승용,여,63세,경상,승용,남,31세,경상
2019100900100366,2019년 10월 9일 15시,수요일,충청북도 옥천군 옥천읍,중상사고,0,1,0,0,차대사람 - 횡단중,보행자보호의무위반,건조,맑음,단일로 - 기타,승용,남,59세,상해없음,보행자,남,7세,중상
2019100900100367,2019년 10월 9일 15시,수요일,충청북도 청주시 흥덕구 가경동,경상사고,0,0,2,0,차대차 - 기타,차로위반,건조,맑음,교차로 - 교차로부근,승용,여,52세,상해없음,승용,남,39세,경상
2019100900100409,2019년 10월 9일 16시,수요일,충청북도 보은군 속리산면,경상사고,0,0,1,0,차대사람 - 기타,안전운전불이행,건조,맑음,주차장 - 주차장,승용,남,50세,상해없음,보행자,여,57세,경상
2019100900100446,2019년 10월 9일 17시,수요일,충청북도 청주시 흥덕구 가경동,중상사고,0,1,0,0,차대차 - 측면충돌,안전운전불이행,건조,맑음,단일로 - 지하차도(도로)내,승용,여,33세,상해없음,승용,남,24세,기타불명
2019100900100447,2019년 10월 9일 17시,수요일,충청북도 청주시 흥덕구 옥산면,중상사고,0,2,0,0,차대차 - 측면충돌,교차로운행방법위반,건조,맑음,교차로 - 교차로안,승용,남,22세,중상,건설기계,남,52세,상해없음
2019100900100488,2019년 10월 9일 18시,수요일,충청북도 청주시 청원구 사천동,경상사고,0,0,4,0,차대차 - 기타,안전거리미확보,건조,맑음,단일로 - 기타,승용,남,60세,기타불명,승용,남,44세,경상
2019100900100489,2019년 10월 9일 18시,수요일,충청북도 청주시 흥덕구 신봉동,경상사고,0,0,2,0,차대차 - 기타,안전운전불이행,건조,맑음,단일로 - 기타,승용,남,41세,경상,이륜,남,44세,경상
2019100900100530,2019년 10월 9일 19시,수요일,충청북도 청주시 상당구 금천동,경상사고,0,0,1,1,차대차 - 측면충돌,교차로운행방법위반,건조,맑음,교차로 - 교차로부근,승용,여,63세,부상신고,승용,남,35세,경상
2019100900100531,2019년 10월 9일 19시,수요일,충청북도 청주시 상당구 미원면,사망사고,1,0,2,0,차대차 - 기타,안전운전불이행,건조,맑음,단일로 - 지하차도(도로)내,승용,남,74세,사망,농기계,남,66세,경상
2019100900100577,2019년 10월 9일 20시,수요일,충청북도 청주시 서원구 성화동,경상사고,0,0,1,0,차대사람 - 횡단중,안전운전불이행,건조,맑음,교차로 - 교차로안,승용,남,26세,상해없음,보행자,남,11세,경상
2019100900100578,2019년 10월 9일 20시,수요일,충청북도 청주시 서원구 성화동,경상사고,0,0,1,0,차대차 - 측면충돌,안전운전불이행,건조,맑음,단일로 - 기타,승용,여,37세,상해없음,승용,여,66세,경상
2019100900100579,2019년 10월 9일 20시,수요일,충청북도 음성군 금왕읍,중상사고,0,2,0,0,차대차 - 기타,안전운전불이행,건조,맑음,기타 - 기타,화물,남,56세,상해없음,승용,남,41세,중상
2019100900100604,2019년 10월 9일 21시,수요일,충청북도 청주시 흥덕구 운천동,경상사고,0,0,1,0,차대차 - 기타,안전운전불이행,건조,맑음,교차로 - 교차로안,승용,여,59세,상해없음,이륜,남,23세,경상
2019100900100625,2019년 10월 9일 22시,수요일,충청북도 충주시 중앙탑면,경상사고,0,0,1,0,차대차 - 추돌,안전운전불이행,건조,맑음,교차로 - 교차로안,승용,남,44세,상해없음,화물,남,60세,상해없음
2019100900100626,2019년 10월 9일 22시,수요일,충청북도 제천시 명동,중상사고,0,1,1,1,차대차 - 측면충돌,신호위반,건조,맑음,교차로 - 교차로안,승용,남,56세,부상신고,승용,남,49세,경상
2019100900100627,2019년 10월 9일 22시,수요일,충청북도 청주시 흥덕구 수의동,중상사고,0,1,0,0,차대사람 - 길가장자리구역통행중,안전운전불이행,건조,맑음,단일로 - 기타,승용,남,26세,상해없음,보행자,남,72세,중상
2019101000100035,2019년 10월 10일 01시,목요일,충청북도 청주시 서원구 남이면,중상사고,0,1,0,0,차량단독 - 공작물충돌,안전운전불이행,건조,맑음,기타 - 기타,화물,남,61세,중상,,,,
2019101000100049,2019년 10월 10일 04시,목요일,충청북도 진천군 진천읍,중상사고,0,1,1,0,차대차 - 정면충돌,신호위반,건조,맑음,교차로 - 교차로안,승용,여,55세,경상,이륜,남,52세,중상
2019101000100075,2019년 10월 10일 06시,목요일,충청북도 제천시 고암동,중상사고,0,1,0,0,차대차 - 추돌,안전운전불이행,젖음/습기,안개,단일로 - 기타,승용,남,57세,상해없음,사륜오토바이(ATV),남,77세,중상
2019101000100135,2019년 10월 10일 08시,목요일,충청북도 제천시 장락동,중상사고,0,1,1,0,차대차 - 측면충돌,기타,건조,맑음,교차로 - 교차로안,승용,여,42세,경상,승용,여,44세,중상
2019101000100136,2019년 10월 10일 08시,목요일,충청북도 옥천군 옥천읍,경상사고,0,0,1,0,차대차 - 측면충돌,교차로운행방법위반,건조,맑음,교차로 - 교차로안,화물,남,74세,상해없음,승용,남,44세,경상
2019101000100211,2019년 10월 10일 10시,목요일,충청북도 옥천군 옥천읍,경상사고,0,0,3,0,차대차 - 측면충돌,신호위반,건조,맑음,교차로 - 교차로안,화물,여,60세,경상,화물,남,69세,경상
2019101000100248,2019년 10월 10일 11시,목요일,충청북도 영동군 용산면,경상사고,0,0,1,0,차대차 - 측면충돌,기타,건조,맑음,교차로 - 교차로안,화물,남,39세,상해없음,이륜,남,47세,경상
2019101000100315,2019년 10월 10일 13시,목요일,충청북도 진천군 덕산면,중상사고,0,1,2,0,차대차 - 정면충돌,신호위반,건조,맑음,교차로 - 교차로안,승용,남,37세,기타불명,승용,남,60세,경상
2019101000100403,2019년 10월 10일 15시,목요일,충청북도 청주시 청원구 북이면,경상사고,0,0,2,0,차대차 - 측면충돌,교차로운행방법위반,건조,맑음,교차로 - 교차로안,승용,남,27세,경상,농기계,남,69세,경상
2019101000100492,2019년 10월 10일 17시,목요일,충청북도 청주시 청원구 오창읍,경상사고,0,0,5,0,차대차 - 측면충돌,중앙선침범,건조,맑음,교차로 - 교차로부근,승용,남,57세,상해없음,승용,여,36세,경상
2019101000100546,2019년 10월 10일 18시,목요일,충청북도 충주시 수안보면,중상사고,0,1,1,0,차대차 - 추돌,안전운전불이행,건조,맑음,단일로 - 기타,승용,남,51세,경상,건설기계,남,56세,상해없음
2019101000100547,2019년 10월 10일 18시,목요일,충청북도 제천시 남천동,경상사고,0,0,1,0,차대차 - 추돌,안전거리미확보,건조,맑음,단일로 - 기타,승용,남,46세,상해없음,승용,여,44세,경상
2019101000100548,2019년 10월 10일 18시,목요일,충청북도 청주시 흥덕구 가경동,경상사고,0,0,1,0,차대차 - 기타,신호위반,건조,맑음,기타 - 기타,승용,남,51세,상해없음,건설기계,남,51세,경상
2019101000100598,2019년 10월 10일 19시,목요일,충청북도 충주시 앙성면,중상사고,0,1,0,0,차대차 - 추돌,안전운전불이행,건조,맑음,단일로 - 기타,화물,남,45세,상해없음,자전거,남,53세,중상
2019101000100599,2019년 10월 10일 19시,목요일,충청북도 충주시 호암동,경상사고,0,0,2,1,차대차 - 추돌,안전운전불이행,건조,맑음,단일로 - 기타,승용,남,50세,상해없음,승용,남,54세,경상
2019101000100600,2019년 10월 10일 19시,목요일,충청북도 제천시 봉양읍,사망사고,1,0,0,0,차대사람 - 기타,안전운전불이행,건조,흐림,단일로 - 기타,승용,남,43세,상해없음,보행자,남,74세,사망
2019101000100642,2019년 10월 10일 20시,목요일,충청북도 청주시 청원구 내덕동,중상사고,0,1,0,0,차대차 - 기타,중앙선침범,건조,맑음,단일로 - 기타,자전거,남,41세,중상,승용,남,34세,상해없음
2019101000100643,2019년 10월 10일 20시,목요일,충청북도 보은군 삼승면,경상사고,0,0,1,0,차대차 - 측면충돌,신호위반,건조,맑음,교차로 - 교차로안,승용,남,64세,상해없음,승용,남,36세,경상
2019101000100644,2019년 10월 10일 20시,목요일,충청북도 청주시 흥덕구 강서동,경상사고,0,0,2,0,차대차 - 측면충돌,안전운전불이행,건조,맑음,교차로 - 교차로안,승용,남,36세,상해없음,승용,남,33세,경상
2019101000100679,2019년 10월 10일 21시,목요일,충청북도 청주시 서원구 현도면,경상사고,0,0,1,0,차대차 - 측면충돌,안전운전불이행,건조,맑음,단일로 - 기타,화물,남,40세,상해없음,승용,남,50세,경상
2019101000100680,2019년 10월 10일 21시,목요일,충청북도 청주시 흥덕구 봉명동,경상사고,0,0,1,0,차대사람 - 기타,안전운전불이행,건조,맑음,교차로 - 교차로부근,승용,남,53세,상해없음,보행자,남,42세,경상
2019101100100080,2019년 10월 11일 04시,금요일,충청북도 청주시 상당구 방서동,중상사고,0,1,0,0,차대차 - 기타,신호위반,건조,맑음,교차로 - 교차로안,승용,남,41세,상해없음,승용,여,34세,중상