사고번호,사고일시,요일,시군구,사고내용,사망자수,중상자수,경상자수,부상신고자수,사고유형,법규위반,노면상태,기상상태,도로형태,가해운전자 차종,가해운전자 성별,가해운전자 연령,가해운전자 상해정도,피해운전자 차종,피해운전자 성별,피해운전자 연령,피해운전자 상해정도
2019101100100112,2019년 10월 11일 07시,금요일,충청북도 음성군 대소면,중상사고,0,1,0,0,차대사람 - 기타,안전운전불이행,건조,맑음,단일로 - 지하차도(도로)내,건설기계,남,49세,상해없음,보행자,여,27세,중상
2019101100100153,2019년 10월 11일 08시,금요일,충청북도 청주시 서원구 사창동,경상사고,0,0,1,0,차대사람 - 차도통행중,안전운전불이행,건조,맑음,단일로 - 기타,승용,여,30세,상해없음,보행자,남,52세,경상
2019101100100154,2019년 10월 11일 08시,금요일,충청북도 진천군 진천읍,경상사고,0,0,2,0,차대차 - 기타,직진우회전진행방해,건조,맑음,교차로 - 교차로안,승용,여,64세,경상,승용,남,42세,경상
2019101100100193,2019년 10월 11일 09시,금요일,충청북도 청주시 서원구 사창동,경상사고,0,0,1,0,차대차 - 추돌,안전운전불이행,건조,맑음,단일로 - 기타,화물,남,52세,상해없음,화물,남,33세,경상
2019101100100194,2019년 10월 11일 09시,금요일,충청북도 청주시 청원구 내덕동,중상사고,0,1,0,0,차대차 - 기타,교차로운행방법위반,건조,맑음,교차로 - 교차로안,승용,남,26세,상해없음,자전거,남,18세,중상
2019101100100195,2019년 10월 11일 09시,금요일,충청북도 충주시 중앙탑면,경상사고,0,0,1,0,차대차 - 기타,차로위반,건조,맑음,기타 - 기타,화물,남,48세,상해없음,승용,남,33세,경상
2019101100100236,2019년 10월 11일 10시,금요일,충청북도 충주시 산척면,경상사고,0,0,1,0,차대차 - 기타,안전거리미확보,건조,맑음,단일로 - 기타,승용,여,77세,상해없음,승용,남,49세,경상
2019101100100237,2019년 10월 11일 10시,금요일,충청북도 보은군 보은읍,경상사고,0,0,10,0,차대차 - 추돌,안전거리미확보,건조,맑음,단일로 - 지하차도(도로)내,승용,남,49세,경상,승합,남,51세,경상
2019101100100238,2019년 10월 11일 10시,금요일,충청북도 보은군 보은읍,경상사고,0,0,1,0,차대차 - 추돌,안전거리미확보,건조,맑음,단일로 - 지하차도(도로)내,승용,여,26세,기타불명,승용,남,24세,경상
2019101100100269,2019년 10월 11일 11시,금요일,충청북도 청주시 상당구 북문로2가동,경상사고,0,0,1,0,차량단독 - 기타,안전운전불이행,건조,맑음,단일로 - 기타,승합,남,54세,상해없음,,,,
2019101100100339,2019년 10월 11일 13시,금요일,충청북도 충주시 호암동,경상사고,0,0,1,0,차대차 - 기타,교차로운행방법위반,건조,맑음,교차로 - 교차로안,승용,남,74세,상해없음,승용,여,54세,경상
2019101100100364,2019년 10월 11일 14시,금요일,충청북도 음성군 생극면,중상사고,0,1,0,0,차대사람 - 기타,안전운전불이행,건조,맑음,단일로 - 지하차도(도로)내,화물,남,50세,상해없음,보행자,남,56세,중상
2019101100100407,2019년 10월 11일 15시,금요일,충청북도 음성군 대소면,경상사고,0,0,1,0,차대차 - 측면충돌,기타,건조,맑음,교차로 - 교차로안,화물,남,58세,상해없음,승용,여,60세,경상
2019101100100454,2019년 10월 11일 16시,금요일,충청북도 청주시 청원구 내덕동,경상사고,0,0,1,0,차대차 - 기타,안전운전불이행,건조,맑음,단일로 - 기타,승용,남,58세,상해없음,자전거,남,69세,경상
2019101100100455,2019년 10월 11일 16시,금요일,충청북도 청주시 청원구 주중동,중상사고,0,2,0,0,차대사람 - 보도통행중,신호위반,건조,맑음,교차로 - 교차로안,승용,여,61세,상해없음,보행자,남,12세,중상
2019101100100456,2019년 10월 11일 16시,금요일,충청북도 옥천군 청산면,중상사고,0,1,0,0,차대사람 - 길가장자리구역통행중,안전운전불이행,건조,맑음,단일로 - 기타,승용,여,63세,상해없음,보행자,여,82세,중상
2019101100100457,2019년 10월 11일 16시,금요일,충청북도 청주시 흥덕구 지동동,중상사고,0,1,0,0,차대차 - 측면충돌,안전운전불이행,건조,맑음,교차로 - 교차로부근,화물,남,64세,상해없음,승용,여,43세,중상
2019101100100458,2019년 10월 11일 16시,금요일,충청북도 청주시 상당구 석교동,중상사고,0,1,0,0,차대차 - 측면충돌,중앙선침범,건조,맑음,단일로 - 지하차도(도로)내,이륜,남,79세,중상,화물,남,52세,상해없음
2019101100100459,2019년 10월 11일 16시,금요일,충청북도 진천군 문백면,경상사고,0,0,1,0,차대차 - 추돌,안전운전불이행,건조,맑음,기타 - 기타,승용,여,21세,상해없음,승용,여,58세,경상
2019101100100517,2019년 10월 11일 17시,금요일,충청북도 청주시 청원구 오동동,경상사고,0,0,2,0,차대차 - 기타,안전운전불이행,건조,맑음,단일로 - 기타,승용,여,41세,상해없음,승용,여,35세,경상
2019101100100518,2019년 10월 11일 17시,금요일,충청북도 괴산군 괴산읍,중상사고,0,1,0,0,차대사람 - 보도통행중,보행자보호의무위반,건조,맑음,교차로 - 교차로횡단보도내,승용,여,60세,상해없음,보행자,여,51세,중상
2019101100100519,2019년 10월 11일 17시,금요일,충청북도 보은군 삼승면,경상사고,0,0,1,0,차대차 - 측면충돌,교차로운행방법위반,건조,맑음,교차로 - 교차로안,화물,남,46세,상해없음,승용,여,46세,경상
2019101100100520,2019년 10월 11일 17시,금요일,충청북도 음성군 삼성면,경상사고,0,0,1,0,차대차 - 정면충돌,중앙선침범,건조,맑음,단일로 - 지하차도(도로)내,화물,남,59세,상해없음,승용,남,26세,경상
2019101100100569,2019년 10월 11일 18시,금요일,충청북도 청주시 청원구 오창읍,경상사고,0,0,1,0,차대차 - 추돌,안전운전불이행,건조,맑음,단일로 - 기타,승용,남,32세,기타불명,화물,남,70세,경상
2019101100100570,2019년 10월 11일 18시,금요일,충청북도 제천시 중앙로1가,경상사고,0,0,1,0,차대차 - 추돌,안전거리미확보,건조,맑음,교차로 - 교차로부근,승용,남,57세,상해없음,승용,여,54세,경상
2019101100100571,2019년 10월 11일 18시,금요일,충청북도 보은군 보은읍,중상사고,0,1,0,0,차량단독 - 주/정차차량 충돌,안전운전불이행,건조,맑음,단일로 - 지하차도(도로)내,승용,남,31세,중상,,,,
2019101100100642,2019년 10월 11일 19시,금요일,충청북도 청주시 청원구 내수읍,중상사고,0,1,0,0,차대차 - 추돌,안전운전불이행,건조,맑음,단일로 - 기타,화물,남,36세,상해없음,승용,여,54세,중상
2019101100100643,2019년 10월 11일 19시,금요일,충청북도 충주시 칠금동,중상사고,0,1,0,0,차대차 - 기타,안전운전불이행,건조,맑음,단일로 - 기타,승용,남,62세,상해없음,승용,남,58세,중상
2019101100100644,2019년 10월 11일 19시,금요일,충청북도 음성군 생극면,중상사고,0,1,0,0,차대차 - 측면충돌,신호위반,건조,맑음,교차로 - 교차로안,이륜,남,35세,중상,승용,남,27세,상해없음
2019101100100645,2019년 10월 11일 19시,금요일,충청북도 음성군 맹동면,경상사고,0,0,1,0,차대차 - 기타,교차로운행방법위반,건조,맑음,교차로 - 교차로안,승용,여,49세,상해없음,이륜,남,33세,경상
2019101100100646,2019년 10월 11일 19시,금요일,충청북도 청주시 흥덕구 운천동,경상사고,0,0,1,0,차대차 - 추돌,안전거리미확보,건조,맑음,단일로 - 기타,승용,남,41세,상해없음,승용,남,58세,경상
2019101100100647,2019년 10월 11일 19시,금요일,충청북도 청주시 흥덕구 복대동,중상사고,0,1,1,0,차대차 - 기타,신호위반,건조,맑음,교차로 - 교차로부근,이륜,남,18세,상해없음,승용,남,27세,상해없음
2019101100100648,2019년 10월 11일 19시,금요일,충청북도 청주시 흥덕구 복대동,경상사고,0,0,1,0,차대차 - 측면충돌,신호위반,건조,맑음,교차로 - 교차로안,승용,남,61세,상해없음,자전거,남,15세,경상
2019101100100649,2019년 10월 11일 19시,금요일,충청북도 청주시 상당구 용정동,경상사고,0,0,1,0,차대차 - 측면충돌,안전운전불이행,건조,맑음,단일로 - 기타,자전거,남,12세,상해없음,자전거,여,23세,경상
2019101100100693,2019년 10월 11일 20시,금요일,충청북도 청주시 청원구 오창읍,중상사고,0,1,1,0,차대차 - 정면충돌,신호위반,건조,맑음,교차로 - 교차로안,승용,남,38세,경상,이륜,남,34세,중상
2019101100100694,2019년 10월 11일 20시,금요일,충청북도 청주시 서원구 개신동,경상사고,0,0,1,0,차대차 - 측면충돌,신호위반,건조,맑음,교차로 - 교차로횡단보도내,승용,남,19세,상해없음,자전거,남,22세,경상
2019101100100695,2019년 10월 11일 20시,금요일,충청북도 청주시 청원구 오창읍,경상사고,0,0,2,0,차대차 - 측면충돌,안전거리미확보,건조,맑음,단일로 - 기타,승합,남,46세,상해없음,승용,남,33세,상해없음
2019101100100731,2019년 10월 11일 21시,금요일,충청북도 청주시 청원구 사천동,경상사고,0,0,1,0,차대사람 - 보도통행중,보행자보호의무위반,건조,맑음,교차로 - 교차로횡단보도내,승용,남,39세,상해없음,보행자,여,57세,경상
2019101100100792,2019년 10월 11일 23시,금요일,충청북도 충주시 연수동,중상사고,0,1,1,0,차대차 - 기타,안전거리미확보,건조,맑음,단일로 - 기타,승합,남,51세,상해없음,승용,남,42세,경상
2019101100100793,2019년 10월 11일 23시,금요일,충청북도 제천시 청전동,경상사고,0,0,1,0,차대사람 - 횡단중,안전운전불이행,건조,맑음,교차로 - 교차로안,승용,남,20세,상해없음,보행자,남,44세,경상
2019101100100794,2019년 10월 11일 23시,금요일,충청북도 청주시 흥덕구 강서동,경상사고,0,0,1,0,차대차 - 기타,신호위반,건조,맑음,교차로 - 교차로안,이륜,남,18세,상해없음,승용,남,49세,경상
2019101200100036,2019년 10월 12일 00시,토요일,충청북도 청주시 서원구 남이면,경상사고,0,0,1,0,차대차 - 추돌,안전운전불이행,건조,맑음,교차로 - 교차로안,화물,남,58세,상해없음,화물,남,59세,경상
2019101200100099,2019년 10월 12일 05시,토요일,충청북도 청주시 흥덕구 외북동,중상사고,0,1,0,0,차대차 - 추돌,안전운전불이행,건조,맑음,교차로 - 교차로부근,승용,남,32세,상해없음,승용,남,39세,중상
2019101200100100,2019년 10월 12일 05시,토요일,충청북도 청주시 상당구 가덕면,중상사고,0,1,0,0,차대사람 - 길가장자리구역통행중,안전운전불이행,건조,맑음,단일로 - 기타,승용,남,50세,상해없음,보행자,여,58세,중상
2019101200100109,2019년 10월 12일 06시,토요일,충청북도 청주시 흥덕구 가경동,경상사고,0,0,1,0,차대사람 - 차도통행중,안전운전불이행,건조,맑음,단일로 - 기타,화물,남,68세,상해없음,보행자,여,81세,경상
2019101200100144,2019년 10월 12일 08시,토요일,충청북도 충주시 용산동,중상사고,0,1,1,0,차대차 - 기타,안전운전불이행,건조,맑음,교차로 - 교차로안,승용,남,46세,상해없음,승용,여,48세,경상
2019101200100145,2019년 10월 12일 08시,토요일,충청북도 제천시 중앙로2가,중상사고,0,2,1,0,차대차 - 측면충돌,직진우회전진행방해,건조,맑음,교차로 - 교차로안,승용,남,52세,경상,승용,남,29세,중상
2019101200100146,2019년 10월 12일 08시,토요일,충청북도 증평군 증평읍,중상사고,0,1,0,0,차대사람 - 기타,안전운전불이행,건조,맑음,단일로 - 기타,승용,여,47세,상해없음,보행자,여,58세,중상
2019101200100175,2019년 10월 12일 09시,토요일,충청북도 청주시 흥덕구 강서동,중상사고,0,1,8,0,차대차 - 추돌,안전운전불이행,건조,맑음,기타 - 기타,승용,남,36세,상해없음,승용,남,42세,경상
2019101200100311,2019년 10월 12일 12시,토요일,충청북도 청주시 흥덕구 비하동,경상사고,0,0,1,0,차대차 - 추돌,안전거리미확보,건조,맑음,단일로 - 기타,승용,남,63세,상해없음,승용,여,38세,경상
2019101200100352,2019년 10월 12일 13시,토요일,충청북도 청주시 서원구 사창동,경상사고,0,0,2,0,차대차 - 기타,안전운전불이행,건조,맑음,단일로 - 기타,승용,남,23세,기타불명,화물,남,35세,경상
2019101200100353,2019년 10월 12일 13시,토요일,충청북도 충주시 연수동,중상사고,0,1,2,0,차대차 - 기타,직진우회전진행방해,건조,맑음,교차로 - 교차로안,승용,여,60세,중상,승용,남,51세,경상
2019101200100354,2019년 10월 12일 13시,토요일,충청북도 진천군 광혜원면,경상사고,0,0,1,0,차대차 - 기타,안전운전불이행,건조,맑음,교차로 - 교차로부근,승합,남,50세,기타불명,승용,남,54세,경상
2019101200100408,2019년 10월 12일 14시,토요일,충청북도 충주시 칠금동,중상사고,0,1,0,1,차대차 - 기타,안전운전불이행,건조,맑음,단일로 - 기타,승용,여,58세,부상신고,승용,남,46세,중상
2019101200100409,2019년 10월 12일 14시,토요일,충청북도 옥천군 옥천읍,중상사고,0,1,0,0,차대차 - 측면충돌,안전운전불이행,건조,맑음,단일로 - 기타,화물,남,70세,상해없음,승용,여,46세,중상
2019101200100461,2019년 10월 12일 15시,토요일,충청북도 청주시 청원구 오창읍,중상사고,0,1,0,0,차대차 - 기타,안전운전불이행,건조,맑음,단일로 - 기타,이륜,남,31세,중상,승용,남,55세,상해없음
2019101200100462,2019년 10월 12일 15시,토요일,충청북도 보은군 수한면,경상사고,0,0,1,0,차대차 - 측면충돌,기타,건조,맑음,단일로 - 기타,승용,남,75세,상해없음,이륜,남,43세,경상
2019101200100463,2019년 10월 12일 15시,토요일,충청북도 청주시 서원구 남이면,경상사고,0,0,3,0,차대차 - 측면충돌,안전운전불이행,건조,맑음,교차로 - 교차로부근,승합,남,51세,상해없음,승용,여,50세,경상
2019101200100464,2019년 10월 12일 15시,토요일,충청북도 청주시 상당구 가덕면,부상신고사고,0,0,0,1,차대차 - 추돌,안전운전불이행,건조,맑음,단일로 - 지하차도(도로)내,승용,여,65세,부상신고,화물,남,45세,기타불명
2019101200100513,2019년 10월 12일 16시,토요일,충청북도 제천시 고명동,경상사고,0,0,1,0,차대차 - 기타,신호위반,건조,맑음,교차로 - 교차로안,승용,남,69세,상해없음,승용,남,50세,상해없음
2019101200100514,2019년 10월 12일 16시,토요일,충청북도 청주시 흥덕구 오송읍,경상사고,0,0,2,0,차대차 - 측면충돌,안전운전불이행,건조,맑음,기타 - 기타,승용,여,72세,경상,승용,남,29세,경상
2019101200100515,2019년 10월 12일 16시,토요일,충청북도 청주시 서원구 모충동,부상신고사고,0,0,0,1,차대차 - 측면충돌,교차로운행방법위반,건조,맑음,교차로 - 교차로안,자전거,남,20세,부상신고,자전거,남,31세,상해없음
2019101200100556,2019년 10월 12일 17시,토요일,충청북도 충주시 달천동,경상사고,0,0,4,0,차대차 - 추돌,안전운전불이행,건조,맑음,단일로 - 기타,승합,남,22세,상해없음,승용,남,51세,경상
2019101200100558,2019년 10월 12일 17시,토요일,충청북도 청주시 서원구 남이면,중상사고,0,1,0,0,차대차 - 추돌,안전운전불이행,건조,맑음,단일로 - 기타,승용,남,25세,상해없음,승용,남,39세,중상
2019101200100597,2019년 10월 12일 18시,토요일,충청북도 보은군 마로면,사망사고,1,0,0,0,차대사람 - 차도통행중,안전운전불이행,건조,맑음,단일로 - 기타,화물,남,32세,상해없음,보행자,남,90세 이상,사망
2019101200100717,2019년 10월 12일 21시,토요일,충청북도 청주시 청원구 율량동,중상사고,0,1,0,0,차대사람 - 횡단중,안전운전불이행,건조,맑음,교차로 - 교차로부근,승용,여,44세,상해없음,보행자,여,26세,중상
2019101200100718,2019년 10월 12일 21시,토요일,충청북도 청주시 흥덕구 봉명동,경상사고,0,0,4,0,차대차 - 측면충돌,신호위반,건조,맑음,교차로 - 교차로부근,승용,남,44세,경상,승용,남,32세,경상
2019101200100719,2019년 10월 12일 21시,토요일,충청북도 청주시 흥덕구 오송읍,경상사고,0,0,1,0,차대차 - 측면충돌,안전운전불이행,건조,맑음,교차로 - 교차로안,승용,여,42세,상해없음,승용,남,49세,경상
2019101200100775,2019년 10월 12일 23시,토요일,충청북도 청주시 흥덕구 복대동,경상사고,0,0,1,0,차대차 - 측면충돌,안전운전불이행,건조,맑음,교차로 - 교차로부근,이륜,남,17세,경상,승용,여,22세,상해없음
2019101200100776,2019년 10월 12일 23시,토요일,충청북도 청주시 서원구 모충동,경상사고,0,0,1,0,차대차 - 측면충돌,신호위반,건조,맑음,교차로 - 교차로부근,이륜,남,18세,경상,승용,남,50세,상해없음
2019101300100036,2019년 10월 13일 01시,일요일,충청북도 음성군 삼성면,중상사고,0,1,0,0,차대차 - 추돌,안전운전불이행,건조,맑음,단일로 - 기타,승용,남,41세,상해없음,화물,남,38세,중상
2019101300100067,2019년 10월 13일 04시,일요일,충청북도 청주시 상당구 서문동,중상사고,0,2,1,0,차대차 - 측면충돌,교차로운행방법위반,건조,맑음,교차로 - 교차로안,승용,여,23세,중상,승합,남,40세,경상
2019101300100077,2019년 10월 13일 05시,일요일,충청북도 청주시 흥덕구 휴암동,경상사고,0,0,3,0,차량단독 - 기타,안전운전불이행,건조,맑음,단일로 - 기타,승용,남,22세,경상,,,,
2019101300100122,2019년 10월 13일 09시,일요일,충청북도 청주시 청원구 내수읍,중상사고,0,1,0,0,차대차 - 기타,안전운전불이행,건조,맑음,교차로 - 교차로부근,승용,남,69세,상해없음,이륜,남,50세,중상
2019101300100123,2019년 10월 13일 09시,일요일,충청북도 제천시 봉양읍,중상사고,0,1,2,0,차대차 - 측면충돌,신호위반,건조,맑음,교차로 - 교차로안,승용,남,78세,경상,화물,남,57세,중상
2019101300100124,2019년 10월 13일 09시,일요일,충청북도 제천시 봉양읍,경상사고,0,0,2,0,차대차 - 측면충돌,신호위반,건조,맑음,교차로 - 교차로안,승용,여,57세,상해없음,승용,남,64세,경상
2019101300100198,2019년 10월 13일 12시,일요일,충청북도 청주시 상당구 문의면,경상사고,0,0,1,0,차대사람 - 기타,안전운전불이행,건조,맑음,단일로 - 기타,승합,남,64세,상해없음,보행자,여,56세,경상
2019101300100260,2019년 10월 13일 14시,일요일,충청북도 보은군 보은읍,경상사고,0,0,1,0,차대차 - 후진중충돌,안전운전불이행,건조,맑음,단일로 - 지하차도(도로)내,승합,남,33세,상해없음,승용,여,32세,경상
2019101300100303,2019년 10월 13일 15시,일요일,충청북도 청주시 서원구 사직동,경상사고,0,0,3,0,차대차 - 기타,신호위반,건조,맑음,교차로 - 교차로안,승용,남,71세,상해없음,승용,남,47세,경상
2019101300100304,2019년 10월 13일 15시,일요일,충청북도 음성군 금왕읍,경상사고,0,0,1,0,차대차 - 측면충돌,안전거리미확보,건조,맑음,기타 - 기타,화물,남,65세,상해없음,화물,남,55세,경상
2019101300100305,2019년 10월 13일 15시,일요일,충청북도 진천군 이월면,경상사고,0,0,3,0,차대차 - 추돌,안전거리미확보,건조,맑음,기타 - 기타,승용,남,59세,상해없음,승용,남,31세,경상
2019101300100363,2019년 10월 13일 17시,일요일,충청북도 청주시 청원구 우암동,중상사고,0,1,0,0,차대사람 - 기타,안전운전불이행,건조,맑음,단일로 - 기타,승용,여,60세,상해없음,보행자,남,55세,중상
2019101300100395,2019년 10월 13일 18시,일요일,충청북도 제천시 신백동,중상사고,0,1,1,0,차대차 - 측면충돌,교차로운행방법위반,건조,맑음,교차로 - 교차로안,승용,여,50세,경상,승용,남,55세,중상
2019101300100396,2019년 10월 13일 18시,일요일,충청북도 단양군 매포읍,중상사고,0,1,0,0,차대차 - 기타,신호위반,건조,맑음,교차로 - 교차로안,화물,남,69세,상해없음,승용,남,33세,중상
2019101300100432,2019년 10월 13일 19시,일요일,충청북도 제천시 장락동,경상사고,0,0,1,0,차대차 - 측면충돌,중앙선침범,건조,맑음,단일로 - 기타,승용,남,48세,상해없음,이륜,남,18세,경상
2019101300100433,2019년 10월 13일 19시,일요일,충청북도 청주시 서원구 수곡동,중상사고,0,1,0,0,차대차 - 측면충돌,신호위반,건조,맑음,교차로 - 교차로횡단보도내,화물,남,22세,상해없음,이륜,남,50세,중상
2019101300100515,2019년 10월 13일 22시,일요일,충청북도 청주시 서원구 사직동,경상사고,0,0,3,0,차대차 - 측면충돌,신호위반,건조,맑음,교차로 - 교차로안,승용,남,59세,상해없음,승용,남,51세,경상
2019101400100039,2019년 10월 14일 01시,월요일,충청북도 제천시 화산동,경상사고,0,0,2,0,차대차 - 추돌,안전운전불이행,건조,맑음,교차로 - 교차로부근,승용,남,26세,상해없음,승용,여,46세,경상
2019101400100056,2019년 10월 14일 05시,월요일,충청북도 충주시 금가면,사망사고,1,0,0,0,차대사람 - 횡단중,안전운전불이행,건조,맑음,단일로 - 기타,승용,남,64세,상해없음,보행자,여,64세,사망
2019101400100073,2019년 10월 14일 06시,월요일,충청북도 청주시 흥덕구 강서동,경상사고,0,0,1,0,차대차 - 기타,차로위반,건조,맑음,단일로 - 기타,승용,남,64세,상해없음,이륜,남,37세,경상
2019101400100091,2019년 10월 14일 07시,월요일,충청북도 충주시 소태면,중상사고,0,1,0,0,차량단독 - 공작물충돌,안전운전불이행,건조,맑음,단일로 - 기타,승용,남,69세,중상,,,,
2019101400100127,2019년 10월 14일 08시,월요일,충청북도 제천시 장락동,중상사고,0,2,1,0,차대차 - 측면충돌,안전운전불이행,건조,맑음,교차로 - 교차로안,승용,남,72세,경상,승용,여,41세,중상
2019101400100128,2019년 10월 14일 08시,월요일,충청북도 증평군 증평읍,중상사고,0,1,0,0,차대차 - 측면충돌,신호위반,건조,맑음,교차로 - 교차로안,승용,여,26세,상해없음,승용,여,46세,중상
2019101400100129,2019년 10월 14일 08시,월요일,충청북도 청주시 흥덕구 복대동,경상사고,0,0,1,0,차대사람 - 보도통행중,교차로운행방법위반,건조,맑음,교차로 - 교차로부근,승용,남,35세,상해없음,보행자,여,50세,경상
2019101400100174,2019년 10월 14일 09시,월요일,충청북도 청주시 청원구 율량동,경상사고,0,0,2,0,차대차 - 기타,직진우회전진행방해,건조,맑음,교차로 - 교차로안,승용,남,34세,기타불명,승용,남,60세,경상
2019101400100175,2019년 10월 14일 09시,월요일,충청북도 보은군 보은읍,중상사고,0,1,0,0,차량단독 - 기타,안전운전불이행,건조,맑음,단일로 - 기타,자전거,남,71세,중상,,,,
2019101400100245,2019년 10월 14일 11시,월요일,충청북도 충주시 대소원면,경상사고,0,0,3,0,차대차 - 추돌,안전운전불이행,건조,맑음,단일로 - 기타,승용,남,58세,상해없음,승용,남,66세,경상
2019101400100246,2019년 10월 14일 11시,월요일,충청북도 제천시 남천동,부상신고사고,0,0,0,1,차대차 - 측면충돌,중앙선침범,건조,맑음,교차로 - 교차로안,이륜,남,40세,부상신고,승용,여,55세,상해없음
2019101400100247,2019년 10월 14일 11시,월요일,충청북도 제천시 동현동,경상사고,0,0,1,0,차대사람 - 차도통행중,안전운전불이행,건조,맑음,교차로 - 교차로부근,화물,남,55세,상해없음,보행자,남,78세,경상
2019101400100248,2019년 10월 14일 11시,월요일,충청북도 청주시 서원구 장암동,중상사고,0,1,1,0,차대차 - 추돌,안전운전불이행,건조,맑음,단일로 - 기타,승합,남,64세,상해없음,승용,남,62세,중상
2019101400100295,2019년 10월 14일 12시,월요일,충청북도 진천군 덕산면,중상사고,0,1,0,0,차대차 - 측면충돌,중앙선침범,건조,맑음,단일로 - 기타,원동기,남,72세,중상,화물,남,56세,상해없음
2019101400100296,2019년 10월 14일 12시,월요일,충청북도 청주시 흥덕구 가경동,경상사고,0,0,1,0,차대차 - 측면충돌,불법유턴,건조,맑음,교차로 - 교차로안,승용,남,29세,상해없음,승용,여,57세,경상
2019101400100331,2019년 10월 14일 13시,월요일,충청북도 청주시 서원구 사직동,중상사고,0,1,0,0,차대차 - 측면충돌,안전거리미확보,건조,맑음,단일로 - 기타,화물,남,68세,상해없음,원동기,남,84세,중상
2019101400100370,2019년 10월 14일 14시,월요일,충청북도 충주시 대소원면,경상사고,0,0,3,0,차대차 - 추돌,안전거리미확보,건조,맑음,단일로 - 기타,승용,남,42세,상해없음,승용,남,36세,상해없음
2019101400100371,2019년 10월 14일 14시,월요일,충청북도 충주시 금릉동,중상사고,0,1,0,0,차대차 - 측면충돌,중앙선침범,건조,맑음,단일로 - 기타,원동기,남,70세,중상,승용,여,53세,상해없음
2019101400100372,2019년 10월 14일 14시,월요일,충청북도 음성군 원남면,경상사고,0,0,1,0,차대차 - 추돌,안전거리미확보,건조,맑음,교차로 - 교차로부근,화물,남,61세,상해없음,승용,여,51세,경상
2019101400100411,2019년 10월 14일 15시,월요일,충청북도 충주시 용산동,경상사고,0,0,3,0,차대차 - 기타,안전운전불이행,건조,맑음,주차장 - 주차장,승용,남,26세,상해없음,승용,남,60세,상해없음
2019101400100412,2019년 10월 14일 15시,월요일,충청북도 청주시 상당구 낭성면,경상사고,0,0,2,1,차대차 - 추돌,안전운전불이행,건조,맑음,단일로 - 기타,승용,남,76세,부상신고,승용,남,67세,경상
2019101400100413,2019년 10월 14일 15시,월요일,충청북도 청주시 상당구 탑동,경상사고,0,0,1,0,차대사람 - 차도통행중,안전운전불이행,건조,맑음,단일로 - 지하차도(도로)내,승용,남,37세,상해없음,보행자,여,14세,경상
2019101400100452,2019년 10월 14일 16시,월요일,충청북도 청주시 서원구 사창동,경상사고,0,0,1,0,차대차 - 기타,안전거리미확보,건조,맑음,단일로 - 기타,승용,남,67세,기타불명,승용,남,60세,경상
2019101400100453,2019년 10월 14일 16시,월요일,충청북도 제천시 명동,중상사고,0,1,0,0,차대사람 - 횡단중,안전운전불이행,건조,맑음,교차로 - 교차로부근,승용,남,75세,상해없음,보행자,여,70세,중상
2019101400100454,2019년 10월 14일 16시,월요일,충청북도 옥천군 옥천읍,경상사고,0,0,1,1,차대차 - 측면충돌,안전운전불이행,건조,맑음,교차로 - 교차로안,이륜,남,66세,부상신고,승용,남,50세,경상
2019101400100455,2019년 10월 14일 16시,월요일,충청북도 청주시 흥덕구 오송읍,중상사고,0,1,0,0,차대차 - 기타,안전운전불이행,건조,맑음,단일로 - 기타,화물,남,78세,상해없음,이륜,남,70세,중상
2019101400100504,2019년 10월 14일 17시,월요일,충청북도 청주시 청원구 사천동,경상사고,0,0,2,0,차대차 - 측면충돌,직진우회전진행방해,건조,맑음,교차로 - 교차로안,승용,남,68세,경상,승용,남,52세,경상
2019101400100505,2019년 10월 14일 17시,월요일,충청북도 청주시 청원구 오창읍,경상사고,0,0,2,0,차대차 - 측면충돌,안전운전불이행,건조,맑음,교차로 - 교차로안,승용,여,37세,상해없음,승용,여,28세,경상
2019101400100506,2019년 10월 14일 17시,월요일,충청북도 청주시 서원구 사창동,경상사고,0,0,2,0,차대차 - 측면충돌,안전운전불이행,건조,맑음,교차로 - 교차로횡단보도내,승용,여,38세,경상,승합,여,39세,경상
2019101400100507,2019년 10월 14일 17시,월요일,충청북도 충주시 대소원면,경상사고,0,0,1,0,차량단독 - 도로외이탈 - 추락,안전운전불이행,건조,맑음,단일로 - 기타,화물,남,58세,경상,,,,
2019101400100508,2019년 10월 14일 17시,월요일,충청북도 증평군 증평읍,경상사고,0,0,1,0,차대차 - 측면충돌,안전거리미확보,건조,맑음,단일로 - 기타,승용,남,51세,상해없음,승용,여,50세,경상
2019101400100509,2019년 10월 14일 17시,월요일,충청북도 보은군 보은읍,경상사고,0,0,1,0,차대사람 - 횡단중,안전운전불이행,건조,맑음,교차로 - 교차로안,승용,여,57세,상해없음,보행자,여,65세,경상
2019101400100510,2019년 10월 14일 17시,월요일,충청북도 단양군 영춘면,중상사고,0,1,2,0,차대차 - 측면충돌,안전운전불이행,건조,맑음,기타 - 기타,승용,남,68세,경상,화물,남,59세,중상