사고번호,사고일시,요일,시군구,사고내용,사망자수,중상자수,경상자수,부상신고자수,사고유형,법규위반,노면상태,기상상태,도로형태,가해운전자 차종,가해운전자 성별,가해운전자 연령,가해운전자 상해정도,피해운전자 차종,피해운전자 성별,피해운전자 연령,피해운전자 상해정도
2019101800100821,2019년 10월 18일 22시,금요일,충청북도 청주시 청원구 오창읍,부상신고사고,0,0,0,1,차대차 - 기타,안전운전불이행,건조,맑음,기타 - 기타,승용,남,46세,상해없음,화물,남,50세,부상신고
2019101800100851,2019년 10월 18일 23시,금요일,충청북도 청주시 흥덕구 복대동,경상사고,0,0,1,0,차량단독 - 기타,안전운전불이행,건조,맑음,교차로 - 교차로안,이륜,남,28세,경상,,,,
2019101900100040,2019년 10월 19일 00시,토요일,충청북도 청주시 흥덕구 가경동,중상사고,0,1,2,0,차대차 - 측면충돌,안전운전불이행,건조,맑음,교차로 - 교차로안,승용,남,73세,상해없음,승합,남,63세,중상
2019101900100058,2019년 10월 19일 01시,토요일,충청북도 청주시 청원구 오창읍,중상사고,0,1,1,0,차대차 - 추돌,안전운전불이행,건조,맑음,교차로 - 교차로부근,승용,여,55세,상해없음,승용,남,27세,경상
2019101900100125,2019년 10월 19일 06시,토요일,충청북도 단양군 대강면,사망사고,1,0,0,0,차대차 - 추돌,안전운전불이행,젖음/습기,흐림,단일로 - 기타,화물,남,66세,사망,화물,남,64세,기타불명
2019101900100126,2019년 10월 19일 06시,토요일,충청북도 청주시 상당구 석교동,중상사고,0,1,0,0,차대사람 - 길가장자리구역통행중,안전운전불이행,건조,맑음,교차로 - 교차로부근,승용,남,75세,상해없음,보행자,여,63세,중상
2019101900100143,2019년 10월 19일 07시,토요일,충청북도 제천시 남천동,중상사고,0,1,0,0,차대사람 - 기타,중앙선침범,건조,맑음,단일로 - 지하차도(도로)내,승용,여,73세,상해없음,보행자,여,90세 이상,중상
2019101900100144,2019년 10월 19일 07시,토요일,충청북도 진천군 진천읍,경상사고,0,0,1,0,차대차 - 측면충돌,중앙선침범,건조,맑음,단일로 - 기타,승용,남,24세,상해없음,화물,남,43세,경상
2019101900100218,2019년 10월 19일 10시,토요일,충청북도 청주시 상당구 수동,중상사고,0,1,0,0,차대차 - 기타,직진우회전진행방해,건조,맑음,교차로 - 교차로안,승용,여,54세,기타불명,승용,남,59세,중상
2019101900100253,2019년 10월 19일 11시,토요일,충청북도 청주시 청원구 율량동,경상사고,0,0,1,0,차량단독 - 주/정차차량 충돌,안전운전불이행,건조,맑음,교차로 - 교차로부근,승합,남,48세,경상,,,,
2019101900100254,2019년 10월 19일 11시,토요일,충청북도 옥천군 청산면,경상사고,0,0,1,0,차대차 - 측면충돌,교차로운행방법위반,건조,맑음,교차로 - 교차로안,승용,남,60세,상해없음,특수,남,30세,경상
2019101900100292,2019년 10월 19일 12시,토요일,충청북도 청주시 흥덕구 가경동,경상사고,0,0,2,0,차대차 - 추돌,안전운전불이행,건조,맑음,교차로 - 교차로부근,승용,여,27세,상해없음,승용,남,36세,경상
2019101900100334,2019년 10월 19일 13시,토요일,충청북도 청주시 서원구 개신동,중상사고,0,1,0,0,차대차 - 측면충돌,안전거리미확보,건조,맑음,교차로 - 교차로안,화물,남,55세,상해없음,이륜,남,56세,중상
2019101900100335,2019년 10월 19일 13시,토요일,충청북도 청주시 서원구 수곡동,경상사고,0,0,3,0,차대차 - 측면충돌,안전운전불이행,건조,맑음,교차로 - 교차로안,승용,남,84세,상해없음,승용,남,46세,경상
2019101900100404,2019년 10월 19일 15시,토요일,충청북도 청주시 청원구 북이면,경상사고,0,0,1,0,차량단독 - 공작물충돌,안전운전불이행,건조,맑음,단일로 - 기타,승용,여,56세,상해없음,,,,
2019101900100405,2019년 10월 19일 15시,토요일,충청북도 청주시 상당구 북문로3가동,경상사고,0,0,2,0,차대차 - 기타,안전운전불이행,건조,맑음,교차로 - 교차로안,승용,남,57세,상해없음,승용,남,24세,경상
2019101900100406,2019년 10월 19일 15시,토요일,충청북도 충주시 연수동,중상사고,0,1,2,0,차대차 - 기타,안전운전불이행,건조,맑음,단일로 - 기타,승용,남,30세,경상,승용,여,41세,경상
2019101900100407,2019년 10월 19일 15시,토요일,충청북도 청주시 흥덕구 오송읍,경상사고,0,0,1,0,차대차 - 기타,안전운전불이행,건조,맑음,단일로 - 기타,승용,여,32세,상해없음,승용,남,44세,경상
2019101900100408,2019년 10월 19일 15시,토요일,충청북도 청주시 서원구 수곡동,경상사고,0,0,1,0,차대차 - 기타,교차로운행방법위반,건조,맑음,교차로 - 교차로안,승용,남,56세,상해없음,이륜,남,23세,경상
2019101900100446,2019년 10월 19일 16시,토요일,충청북도 충주시 연수동,경상사고,0,0,1,0,차대사람 - 기타,안전운전불이행,건조,맑음,교차로 - 교차로안,승용,여,58세,상해없음,보행자,남,18세,경상
2019101900100447,2019년 10월 19일 16시,토요일,충청북도 청주시 흥덕구 강내면,경상사고,0,0,1,0,차대차 - 측면충돌,교차로운행방법위반,건조,맑음,교차로 - 교차로부근,건설기계,남,57세,상해없음,승용,남,52세,경상
2019101900100448,2019년 10월 19일 16시,토요일,충청북도 청주시 상당구 가덕면,중상사고,0,1,0,0,차대사람 - 차도통행중,안전운전불이행,건조,맑음,단일로 - 지하차도(도로)내,사륜오토바이(ATV),남,80세,상해없음,보행자,남,80세,중상
2019101900100500,2019년 10월 19일 17시,토요일,충청북도 충주시 수안보면,중상사고,0,2,0,0,차량단독 - 공작물충돌,안전운전불이행,건조,맑음,단일로 - 기타,승용,남,77세,중상,,,,
2019101900100501,2019년 10월 19일 17시,토요일,충청북도 증평군 증평읍,경상사고,0,0,1,0,차대사람 - 횡단중,안전운전불이행,건조,맑음,교차로 - 교차로부근,승용,남,58세,상해없음,보행자,여,9세,경상
2019101900100502,2019년 10월 19일 17시,토요일,충청북도 옥천군 옥천읍,중상사고,0,1,3,0,차대차 - 측면충돌,직진우회전진행방해,건조,맑음,교차로 - 교차로안,승용,남,76세,상해없음,승용,남,71세,경상
2019101900100545,2019년 10월 19일 18시,토요일,충청북도 청주시 흥덕구 가경동,부상신고사고,0,0,0,1,차대차 - 측면충돌,안전운전불이행,건조,맑음,교차로 - 교차로안,원동기,남,42세,부상신고,승용,남,36세,상해없음
2019101900100546,2019년 10월 19일 18시,토요일,충청북도 청주시 상당구 미원면,경상사고,0,0,4,0,차대차 - 측면충돌,교차로운행방법위반,건조,맑음,교차로 - 교차로안,승용,남,62세,경상,승용,여,59세,경상
2019101900100594,2019년 10월 19일 19시,토요일,충청북도 충주시 대소원면,경상사고,0,0,2,0,차대차 - 기타,신호위반,건조,맑음,교차로 - 교차로안,승용,남,29세,상해없음,승용,남,31세,경상
2019101900100595,2019년 10월 19일 19시,토요일,충청북도 청주시 흥덕구 복대동,부상신고사고,0,0,0,1,차대차 - 기타,안전운전불이행,건조,맑음,단일로 - 기타,자전거,남,44세,부상신고,이륜,남,32세,상해없음
2019101900100627,2019년 10월 19일 20시,토요일,충청북도 보은군 보은읍,중상사고,0,2,0,0,차대차 - 추돌,안전거리미확보,건조,맑음,교차로 - 교차로부근,화물,남,60세,상해없음,승용,남,66세,중상
2019101900100628,2019년 10월 19일 20시,토요일,충청북도 청주시 흥덕구 복대동,경상사고,0,0,1,0,차대차 - 기타,안전거리미확보,건조,맑음,단일로 - 기타,기타불명,기타불명,미분류,기타불명,승합,남,50세,상해없음
2019101900100629,2019년 10월 19일 20시,토요일,충청북도 청주시 서원구 분평동,경상사고,0,0,1,0,차대차 - 측면충돌,안전운전불이행,건조,맑음,교차로 - 교차로안,승용,여,57세,경상,승합,남,73세,상해없음
2019101900100685,2019년 10월 19일 22시,토요일,충청북도 진천군 광혜원면,경상사고,0,0,1,0,차대차 - 측면충돌,안전운전불이행,건조,맑음,단일로 - 기타,이륜,남,19세,상해없음,승용,여,55세,상해없음
2019102000100037,2019년 10월 20일 00시,일요일,충청북도 제천시 왕암동,경상사고,0,0,2,0,차대차 - 측면충돌,신호위반,건조,맑음,교차로 - 교차로안,승용,남,56세,상해없음,승용,남,39세,경상
2019102000100038,2019년 10월 20일 00시,일요일,충청북도 괴산군 괴산읍,중상사고,0,2,0,0,차대차 - 측면충돌,안전운전불이행,건조,맑음,교차로 - 교차로안,승합,남,47세,상해없음,승용,여,46세,중상
2019102000100039,2019년 10월 20일 00시,일요일,충청북도 청주시 흥덕구 복대동,경상사고,0,0,1,0,차대차 - 기타,안전운전불이행,건조,맑음,교차로 - 교차로부근,승용,여,60세,상해없음,승용,남,65세,경상
2019102000100049,2019년 10월 20일 01시,일요일,충청북도 진천군 진천읍,중상사고,0,2,1,0,차대차 - 측면충돌,교차로운행방법위반,건조,맑음,교차로 - 교차로안,승용,남,31세,경상,승용,남,34세,중상
2019102000100078,2019년 10월 20일 04시,일요일,충청북도 충주시 중앙탑면,중상사고,0,1,0,0,차대차 - 기타,신호위반,젖음/습기,안개,교차로 - 교차로안,승용,남,34세,상해없음,승용,남,24세,중상
2019102000100151,2019년 10월 20일 10시,일요일,충청북도 제천시 봉양읍,중상사고,0,2,7,0,차대차 - 기타,안전운전불이행,건조,맑음,단일로 - 기타,화물,남,63세,상해없음,승용,남,52세,경상
2019102000100152,2019년 10월 20일 10시,일요일,충청북도 진천군 초평면,중상사고,0,1,1,0,차대차 - 기타,직진우회전진행방해,건조,맑음,교차로 - 교차로안,승용,남,33세,경상,승용,여,70세,중상
2019102000100175,2019년 10월 20일 11시,일요일,충청북도 충주시 대소원면,경상사고,0,0,2,0,차대차 - 기타,중앙선침범,건조,맑음,단일로 - 기타,승용,남,58세,상해없음,승용,남,42세,경상
2019102000100176,2019년 10월 20일 11시,일요일,충청북도 제천시 장락동,중상사고,0,2,2,0,차대차 - 측면충돌,안전거리미확보,건조,맑음,단일로 - 지하차도(도로)내,승용,여,63세,경상,승용,남,31세,중상
2019102000100177,2019년 10월 20일 11시,일요일,충청북도 음성군 생극면,경상사고,0,0,3,0,차대차 - 추돌,안전거리미확보,건조,맑음,교차로 - 교차로안,승용,남,59세,경상,승용,남,48세,경상
2019102000100209,2019년 10월 20일 12시,일요일,충청북도 옥천군 옥천읍,중상사고,0,2,0,0,차대차 - 기타,신호위반,건조,맑음,교차로 - 교차로안,승용,여,67세,중상,승용,남,66세,중상
2019102000100210,2019년 10월 20일 12시,일요일,충청북도 단양군 단양읍,경상사고,0,0,1,0,차대사람 - 횡단중,보행자보호의무위반,건조,맑음,교차로 - 교차로안,승용,남,56세,기타불명,보행자,남,52세,경상
2019102000100243,2019년 10월 20일 13시,일요일,충청북도 제천시 신백동,경상사고,0,0,2,0,차대차 - 측면충돌,직진우회전진행방해,건조,맑음,교차로 - 교차로안,승용,여,43세,상해없음,이륜,남,53세,경상
2019102000100244,2019년 10월 20일 13시,일요일,충청북도 영동군 영동읍,경상사고,0,0,1,0,차대차 - 측면충돌,직진우회전진행방해,건조,맑음,교차로 - 교차로안,승용,남,62세,상해없음,이륜,남,40세,경상
2019102000100245,2019년 10월 20일 13시,일요일,충청북도 음성군 대소면,중상사고,0,3,0,0,차대차 - 측면충돌,교차로운행방법위반,건조,맑음,교차로 - 교차로안,승용,여,58세,중상,승용,여,67세,중상
2019102000100246,2019년 10월 20일 13시,일요일,충청북도 청주시 상당구 낭성면,경상사고,0,0,6,0,차대차 - 측면충돌,안전운전불이행,건조,맑음,단일로 - 기타,승용,남,53세,상해없음,승용,여,65세,경상
2019102000100247,2019년 10월 20일 13시,일요일,충청북도 청주시 상당구 영운동,중상사고,0,1,0,0,차대차 - 측면충돌,안전운전불이행,건조,맑음,단일로 - 지하차도(도로)내,자전거,남,64세,중상,승용,남,34세,상해없음
2019102000100282,2019년 10월 20일 14시,일요일,충청북도 제천시 서부동,경상사고,0,0,1,0,차대차 - 측면충돌,안전운전불이행,건조,맑음,교차로 - 교차로안,자전거,남,55세,상해없음,이륜,남,18세,경상
2019102000100283,2019년 10월 20일 14시,일요일,충청북도 제천시 청전동,중상사고,0,1,0,0,차대차 - 측면충돌,안전운전불이행,건조,맑음,단일로 - 기타,승용,남,25세,상해없음,자전거,남,80세,중상
2019102000100284,2019년 10월 20일 14시,일요일,충청북도 음성군 감곡면,경상사고,0,0,1,0,차대차 - 추돌,안전운전불이행,건조,맑음,기타 - 기타,승용,남,59세,상해없음,승용,남,25세,경상
2019102000100351,2019년 10월 20일 16시,일요일,충청북도 청주시 흥덕구 봉명동,중상사고,0,1,0,0,차대차 - 측면충돌,안전운전불이행,건조,맑음,교차로 - 교차로부근,자전거,남,25세,중상,승용,남,30세,상해없음
2019102000100391,2019년 10월 20일 17시,일요일,충청북도 청주시 서원구 사창동,경상사고,0,0,1,0,차대차 - 기타,기타,건조,맑음,단일로 - 기타,승용,남,42세,상해없음,이륜,남,56세,경상
2019102000100392,2019년 10월 20일 17시,일요일,충청북도 옥천군 청산면,중상사고,0,1,0,0,차량단독 - 공작물충돌,안전운전불이행,건조,맑음,단일로 - 기타,화물,남,62세,중상,,,,
2019102000100393,2019년 10월 20일 17시,일요일,충청북도 청주시 상당구 남일면,경상사고,0,0,1,0,차대차 - 기타,안전거리미확보,건조,맑음,단일로 - 지하차도(도로)내,승용,남,58세,상해없음,승합,남,46세,상해없음
2019102000100463,2019년 10월 20일 19시,일요일,충청북도 충주시 교현동,경상사고,0,0,1,0,차대차 - 후진중충돌,안전운전불이행,건조,맑음,교차로 - 교차로부근,화물,남,57세,상해없음,승용,남,21세,경상
2019102000100464,2019년 10월 20일 19시,일요일,충청북도 청주시 서원구 모충동,경상사고,0,0,1,1,차대차 - 기타,안전운전불이행,건조,맑음,단일로 - 기타,승용,남,22세,부상신고,승용,남,54세,경상
2019102000100517,2019년 10월 20일 21시,일요일,충청북도 충주시 교현동,경상사고,0,0,1,0,차대사람 - 횡단중,신호위반,건조,흐림,단일로 - 기타,승용,남,19세,상해없음,보행자,남,20세,경상
2019102000100542,2019년 10월 20일 22시,일요일,충청북도 진천군 광혜원면,중상사고,0,2,0,0,차량단독 - 기타,안전운전불이행,건조,맑음,교차로 - 교차로안,승용,남,45세,상해없음,,,,
2019102000100557,2019년 10월 20일 23시,일요일,충청북도 충주시 대소원면,경상사고,0,0,3,0,차대차 - 추돌,안전운전불이행,건조,맑음,단일로 - 기타,특수,남,68세,상해없음,승용,남,67세,경상
2019102100100019,2019년 10월 21일 00시,월요일,충청북도 음성군 생극면,경상사고,0,0,2,0,차대차 - 추돌,안전운전불이행,건조,맑음,단일로 - 지하차도(도로)내,승용,남,19세,상해없음,승용,여,23세,경상
2019102100100020,2019년 10월 21일 00시,월요일,충청북도 청주시 흥덕구 오송읍,중상사고,0,2,1,0,차대차 - 측면충돌,신호위반,건조,맑음,교차로 - 교차로안,승용,남,59세,상해없음,승용,남,64세,중상
2019102100100058,2019년 10월 21일 05시,월요일,충청북도 청주시 흥덕구 지동동,중상사고,0,2,1,0,차대차 - 측면충돌,안전운전불이행,젖음/습기,안개,교차로 - 교차로부근,화물,남,49세,경상,화물,남,61세,중상
2019102100100136,2019년 10월 21일 08시,월요일,충청북도 청주시 청원구 주성동,경상사고,0,0,1,0,차대차 - 기타,중앙선침범,건조,맑음,단일로 - 기타,화물,남,43세,상해없음,승용,남,25세,경상
2019102100100137,2019년 10월 21일 08시,월요일,충청북도 영동군 영동읍,중상사고,0,1,0,0,차대차 - 측면충돌,직진우회전진행방해,건조,맑음,교차로 - 교차로안,승용,여,67세,상해없음,자전거,여,57세,중상
2019102100100138,2019년 10월 21일 08시,월요일,충청북도 증평군 도안면,경상사고,0,0,1,0,차대차 - 측면충돌,안전거리미확보,건조,맑음,단일로 - 기타,화물,남,43세,상해없음,특수,남,22세,경상
2019102100100180,2019년 10월 21일 09시,월요일,충청북도 청주시 청원구 외남동,중상사고,0,1,0,0,차대차 - 기타,안전운전불이행,건조,맑음,단일로 - 기타,화물,남,60세,상해없음,화물,남,57세,상해없음
2019102100100228,2019년 10월 21일 10시,월요일,충청북도 청주시 청원구 오창읍,경상사고,0,0,1,0,차대차 - 기타,안전운전불이행,건조,맑음,기타 - 기타,승용,남,62세,상해없음,승용,남,36세,경상
2019102100100229,2019년 10월 21일 10시,월요일,충청북도 충주시 안림동,경상사고,0,0,1,0,차대차 - 기타,안전운전불이행,건조,맑음,주차장 - 주차장,승용,남,51세,상해없음,승용,남,56세,경상
2019102100100230,2019년 10월 21일 10시,월요일,충청북도 옥천군 옥천읍,중상사고,0,1,0,1,차대사람 - 횡단중,보행자보호의무위반,건조,맑음,교차로 - 교차로횡단보도내,이륜,남,81세,부상신고,보행자,여,22세,중상
2019102100100310,2019년 10월 21일 12시,월요일,충청북도 청주시 청원구 오창읍,중상사고,0,1,2,0,차대차 - 기타,직진우회전진행방해,건조,맑음,교차로 - 교차로안,화물,남,54세,중상,승용,여,25세,경상
2019102100100311,2019년 10월 21일 12시,월요일,충청북도 음성군 금왕읍,중상사고,0,1,1,0,차대차 - 추돌,안전운전불이행,건조,맑음,단일로 - 기타,화물,남,40세,중상,화물,남,61세,상해없음
2019102100100355,2019년 10월 21일 13시,월요일,충청북도 제천시 신백동,경상사고,0,0,1,0,차대차 - 측면충돌,안전운전불이행,건조,맑음,단일로 - 기타,승용,남,33세,상해없음,이륜,남,24세,경상
2019102100100356,2019년 10월 21일 13시,월요일,충청북도 음성군 금왕읍,중상사고,0,1,1,0,차대차 - 측면충돌,교차로운행방법위반,건조,맑음,교차로 - 교차로안,이륜,남,70세,중상,승용,여,53세,경상
2019102100100357,2019년 10월 21일 13시,월요일,충청북도 단양군 매포읍,중상사고,0,1,0,0,차대사람 - 횡단중,보행자보호의무위반,건조,맑음,교차로 - 교차로횡단보도내,화물,남,28세,상해없음,보행자,남,67세,중상
2019102100100394,2019년 10월 21일 14시,월요일,충청북도 충주시 충의동,경상사고,0,0,1,0,차대차 - 기타,안전운전불이행,건조,맑음,교차로 - 교차로안,승용,남,61세,상해없음,이륜,남,84세,경상
2019102100100395,2019년 10월 21일 14시,월요일,충청북도 제천시 남천동,경상사고,0,0,1,0,차대차 - 측면충돌,기타,건조,맑음,단일로 - 지하차도(도로)내,승용,여,53세,상해없음,이륜,남,38세,경상
2019102100100396,2019년 10월 21일 14시,월요일,충청북도 단양군 단양읍,중상사고,0,2,2,0,차량단독 - 기타,안전운전불이행,건조,맑음,단일로 - 기타,승합,남,58세,경상,,,,
2019102100100433,2019년 10월 21일 15시,월요일,충청북도 진천군 덕산면,경상사고,0,0,1,0,차대차 - 기타,차로위반,건조,맑음,기타 - 기타,승용,남,66세,기타불명,건설기계,남,52세,경상
2019102100100434,2019년 10월 21일 15시,월요일,충청북도 청주시 흥덕구 복대동,경상사고,0,0,1,0,차대사람 - 기타,안전운전불이행,건조,맑음,단일로 - 기타,승용,여,45세,상해없음,보행자,남,28세,경상
2019102100100435,2019년 10월 21일 15시,월요일,충청북도 청주시 상당구 미원면,중상사고,0,1,2,0,차대차 - 추돌,안전운전불이행,건조,맑음,교차로 - 교차로부근,승용,남,53세,경상,승용,남,76세,경상
2019102100100476,2019년 10월 21일 16시,월요일,충청북도 충주시 성서동,경상사고,0,0,2,1,차대차 - 기타,안전거리미확보,건조,맑음,단일로 - 기타,승용,남,35세,부상신고,승용,남,66세,경상
2019102100100477,2019년 10월 21일 16시,월요일,충청북도 제천시 청전동,경상사고,0,0,1,0,차대사람 - 길가장자리구역통행중,안전운전불이행,건조,맑음,주차장 - 주차장,승용,남,64세,기타불명,보행자,남,50세,경상
2019102100100478,2019년 10월 21일 16시,월요일,충청북도 괴산군 연풍면,사망사고,2,0,0,0,차량단독 - 공작물충돌,과속,건조,맑음,교차로 - 교차로안,승용,남,73세,사망,,,,
2019102100100479,2019년 10월 21일 16시,월요일,충청북도 진천군 진천읍,경상사고,0,0,5,0,차대차 - 측면충돌,직진우회전진행방해,건조,맑음,교차로 - 교차로안,승합,남,34세,경상,화물,남,55세,경상
2019102100100480,2019년 10월 21일 16시,월요일,충청북도 청주시 서원구 모충동,경상사고,0,0,1,0,차대차 - 측면충돌,신호위반,건조,맑음,교차로 - 교차로안,승용,여,55세,상해없음,승용,남,35세,경상
2019102100100481,2019년 10월 21일 16시,월요일,충청북도 청주시 상당구 금천동,경상사고,0,0,2,0,차대차 - 측면충돌,안전운전불이행,건조,맑음,교차로 - 교차로부근,화물,남,71세,상해없음,승용,남,44세,경상
2019102100100527,2019년 10월 21일 17시,월요일,충청북도 청주시 흥덕구 강내면,경상사고,0,0,1,0,차대차 - 측면충돌,중앙선침범,건조,맑음,단일로 - 기타,이륜,남,67세,경상,화물,남,48세,상해없음
2019102100100528,2019년 10월 21일 17시,월요일,충청북도 청주시 서원구 개신동,경상사고,0,0,1,0,차대차 - 측면충돌,교차로운행방법위반,건조,맑음,교차로 - 교차로횡단보도내,승용,남,72세,상해없음,원동기,남,22세,경상
2019102100100575,2019년 10월 21일 18시,월요일,충청북도 청주시 서원구 사창동,경상사고,0,0,1,0,차대사람 - 기타,안전운전불이행,건조,맑음,단일로 - 기타,화물,남,28세,상해없음,보행자,남,68세,경상
2019102100100576,2019년 10월 21일 18시,월요일,충청북도 청주시 흥덕구 가경동,중상사고,0,1,0,0,차대사람 - 차도통행중,안전운전불이행,건조,맑음,교차로 - 교차로부근,승용,남,27세,상해없음,보행자,남,75세,중상
2019102100100577,2019년 10월 21일 18시,월요일,충청북도 청주시 흥덕구 석곡동,경상사고,0,0,1,0,차대차 - 추돌,안전운전불이행,건조,맑음,교차로 - 교차로부근,화물,남,48세,상해없음,승용,남,29세,경상
2019102100100631,2019년 10월 21일 19시,월요일,충청북도 청주시 서원구 사직동,중상사고,0,1,0,0,차대사람 - 차도통행중,안전운전불이행,건조,맑음,교차로 - 교차로안,승용,남,49세,상해없음,보행자,여,81세,중상
2019102100100632,2019년 10월 21일 19시,월요일,충청북도 충주시 용산동,경상사고,0,0,2,0,차대차 - 기타,차로위반,건조,맑음,교차로 - 교차로부근,승용,남,21세,상해없음,화물,남,68세,상해없음
2019102100100656,2019년 10월 21일 20시,월요일,충청북도 음성군 대소면,경상사고,0,0,2,0,차대차 - 측면충돌,교차로운행방법위반,건조,맑음,교차로 - 교차로안,승용,여,21세,경상,승용,남,50세,경상
2019102100100685,2019년 10월 21일 21시,월요일,충청북도 청주시 흥덕구 복대동,중상사고,0,1,0,0,차대사람 - 횡단중,신호위반,건조,맑음,교차로 - 교차로횡단보도내,승용,남,50세,상해없음,보행자,남,14세,중상
2019102200100041,2019년 10월 22일 01시,화요일,충청북도 청주시 서원구 산남동,중상사고,0,1,0,0,차대차 - 정면충돌,안전운전불이행,건조,맑음,교차로 - 교차로안,승용,남,37세,상해없음,화물,남,34세,중상
2019102200100052,2019년 10월 22일 03시,화요일,충청북도 제천시 신동,경상사고,0,0,1,0,차량단독 - 공작물충돌,안전운전불이행,건조,흐림,단일로 - 기타,승용,남,32세,경상,,,,
2019102200100086,2019년 10월 22일 06시,화요일,충청북도 음성군 금왕읍,사망사고,1,0,0,0,차대사람 - 횡단중,안전운전불이행,건조,맑음,단일로 - 지하차도(도로)내,승합,남,62세,상해없음,보행자,여,65세,사망
2019102200100110,2019년 10월 22일 07시,화요일,충청북도 청주시 흥덕구 강내면,경상사고,0,0,2,0,차대차 - 추돌,안전거리미확보,건조,맑음,단일로 - 기타,승용,여,26세,경상,승용,여,38세,경상
2019102200100153,2019년 10월 22일 08시,화요일,충청북도 진천군 초평면,경상사고,0,0,2,0,차대차 - 측면충돌,신호위반,건조,맑음,교차로 - 교차로안,승용,여,36세,경상,화물,남,37세,경상
2019102200100154,2019년 10월 22일 08시,화요일,충청북도 청주시 흥덕구 옥산면,경상사고,0,0,1,0,차대차 - 측면충돌,교차로운행방법위반,건조,맑음,교차로 - 교차로안,승용,남,45세,상해없음,승용,여,25세,경상
2019102200100155,2019년 10월 22일 08시,화요일,충청북도 진천군 진천읍,부상신고사고,0,0,0,1,차대차 - 추돌,안전거리미확보,건조,맑음,기타 - 기타,화물,남,56세,상해없음,승용,남,29세,부상신고
2019102200100199,2019년 10월 22일 09시,화요일,충청북도 제천시 하소동,중상사고,0,1,0,0,차대사람 - 횡단중,보행자보호의무위반,건조,맑음,교차로 - 교차로횡단보도내,승용,남,82세,상해없음,보행자,여,90세 이상,중상
2019102200100255,2019년 10월 22일 11시,화요일,충청북도 제천시 중앙로2가,경상사고,0,0,1,0,차대차 - 측면충돌,교차로운행방법위반,건조,맑음,교차로 - 교차로부근,이륜,남,76세,경상,승용,남,71세,상해없음
2019102200100287,2019년 10월 22일 12시,화요일,충청북도 괴산군 문광면,중상사고,0,2,0,0,차대차 - 기타,직진우회전진행방해,건조,맑음,교차로 - 교차로안,화물,남,41세,상해없음,이륜,남,76세,중상
2019102200100331,2019년 10월 22일 13시,화요일,충청북도 음성군 금왕읍,경상사고,0,0,1,0,차대차 - 측면충돌,안전거리미확보,건조,맑음,단일로 - 기타,승용,남,37세,상해없음,자전거,여,52세,경상
2019102200100332,2019년 10월 22일 13시,화요일,충청북도 청주시 흥덕구 오송읍,중상사고,0,1,0,0,차량단독 - 기타,안전운전불이행,건조,맑음,교차로 - 교차로부근,승합,남,35세,상해없음,,,,
2019102200100444,2019년 10월 22일 16시,화요일,충청북도 청주시 흥덕구 오송읍,경상사고,0,0,1,0,차대차 - 측면충돌,신호위반,건조,맑음,교차로 - 교차로안,승용,남,59세,상해없음,건설기계,남,53세,경상
2019102200100445,2019년 10월 22일 16시,화요일,충청북도 청주시 서원구 남이면,경상사고,0,0,1,0,차대차 - 기타,안전운전불이행,건조,맑음,단일로 - 기타,화물,남,48세,상해없음,승용,남,48세,경상
2019102200100489,2019년 10월 22일 17시,화요일,충청북도 증평군 증평읍,경상사고,0,0,1,0,차대차 - 측면충돌,안전거리미확보,건조,맑음,단일로 - 기타,승용,여,33세,상해없음,승용,남,27세,경상
2019102200100490,2019년 10월 22일 17시,화요일,충청북도 청주시 서원구 죽림동,중상사고,0,1,0,0,차대차 - 기타,안전운전불이행,건조,맑음,교차로 - 교차로안,승용,여,77세,상해없음,승합,남,58세,상해없음
2019102200100539,2019년 10월 22일 18시,화요일,충청북도 보은군 탄부면,경상사고,0,0,1,0,차대사람 - 길가장자리구역통행중,안전운전불이행,건조,맑음,단일로 - 기타,화물,남,62세,상해없음,보행자,여,62세,경상
2019102200100540,2019년 10월 22일 18시,화요일,충청북도 청주시 흥덕구 수의동,경상사고,0,0,1,0,차대차 - 기타,안전거리미확보,건조,맑음,단일로 - 기타,승용,남,62세,상해없음,승용,남,29세,경상
2019102200100541,2019년 10월 22일 18시,화요일,충청북도 청주시 서원구 수곡동,경상사고,0,0,1,0,차대차 - 측면충돌,안전운전불이행,건조,맑음,단일로 - 지하차도(도로)내,승용,여,41세,상해없음,자전거,남,10세,경상
2019102200100542,2019년 10월 22일 18시,화요일,충청북도 청주시 상당구 명암동,경상사고,0,0,2,0,차대차 - 측면충돌,직진우회전진행방해,건조,맑음,교차로 - 교차로안,화물,남,36세,상해없음,승용,여,67세,경상
2019102200100543,2019년 10월 22일 18시,화요일,충청북도 충주시 대소원면,중상사고,0,1,1,0,차대차 - 기타,신호위반,건조,맑음,단일로 - 교량,승용,여,59세,상해없음,승용,남,54세,경상
2019102200100621,2019년 10월 22일 19시,화요일,충청북도 청주시 흥덕구 강내면,경상사고,0,0,2,0,차대차 - 기타,안전거리미확보,건조,맑음,교차로 - 교차로부근,화물,남,26세,경상,승용,여,22세,상해없음