사고번호,사고일시,요일,시군구,사고내용,사망자수,중상자수,경상자수,부상신고자수,사고유형,법규위반,노면상태,기상상태,도로형태,가해운전자 차종,가해운전자 성별,가해운전자 연령,가해운전자 상해정도,피해운전자 차종,피해운전자 성별,피해운전자 연령,피해운전자 상해정도
2019102200100622,2019년 10월 22일 19시,화요일,충청북도 청주시 상당구 용담동,경상사고,0,0,1,0,차대차 - 추돌,안전운전불이행,건조,맑음,단일로 - 지하차도(도로)내,승용,남,27세,상해없음,이륜,남,52세,경상
2019102200100664,2019년 10월 22일 20시,화요일,충청북도 증평군 증평읍,중상사고,0,1,0,0,차량단독 - 공작물충돌,안전운전불이행,건조,맑음,단일로 - 기타,승용,남,37세,중상,,,,
2019102200100665,2019년 10월 22일 20시,화요일,충청북도 청주시 상당구 용암동,경상사고,0,0,1,0,차대차 - 기타,안전운전불이행,건조,맑음,단일로 - 지하차도(도로)내,승용,남,24세,상해없음,개인형이동수단(PM),남,23세,경상
2019102200100666,2019년 10월 22일 20시,화요일,충청북도 청주시 서원구 수곡동,경상사고,0,0,1,0,차대차 - 측면충돌,안전운전불이행,건조,맑음,교차로 - 교차로부근,승합,남,65세,상해없음,승용,남,31세,경상
2019102200100694,2019년 10월 22일 21시,화요일,충청북도 청주시 흥덕구 비하동,경상사고,0,0,1,0,차대차 - 기타,신호위반,건조,맑음,교차로 - 교차로부근,이륜,남,16세,경상,승용,남,47세,상해없음
2019102200100716,2019년 10월 22일 22시,화요일,충청북도 옥천군 옥천읍,경상사고,0,0,1,0,차대차 - 측면충돌,안전운전불이행,건조,흐림,단일로 - 기타,승용,남,57세,상해없음,승용,남,24세,기타불명
2019102200100730,2019년 10월 22일 23시,화요일,충청북도 청주시 흥덕구 석소동,경상사고,0,0,1,0,차대차 - 추돌,안전운전불이행,건조,맑음,단일로 - 기타,승용,남,62세,상해없음,승용,남,29세,경상
2019102200100731,2019년 10월 22일 23시,화요일,충청북도 청주시 서원구 수곡동,경상사고,0,0,1,0,차대차 - 측면충돌,안전운전불이행,건조,맑음,단일로 - 지하차도(도로)내,승용,남,24세,상해없음,승용,남,28세,경상
2019102300100040,2019년 10월 23일 00시,수요일,충청북도 음성군 맹동면,경상사고,0,0,1,0,차대사람 - 기타,안전운전불이행,건조,맑음,교차로 - 교차로부근,승용,남,48세,상해없음,보행자,여,21세,경상
2019102300100068,2019년 10월 23일 04시,수요일,충청북도 청주시 상당구 용암동,경상사고,0,0,1,0,차대차 - 추돌,안전운전불이행,건조,맑음,단일로 - 지하차도(도로)내,승용,남,39세,상해없음,승용,남,31세,경상
2019102300100075,2019년 10월 23일 05시,수요일,충청북도 청주시 상당구 용암동,경상사고,0,0,1,0,차대사람 - 차도통행중,안전운전불이행,건조,맑음,주차장 - 주차장,승용,여,46세,상해없음,보행자,남,24세,경상
2019102300100085,2019년 10월 23일 06시,수요일,충청북도 제천시 덕산면,중상사고,0,1,1,0,차대차 - 추돌,안전거리미확보,건조,맑음,단일로 - 지하차도(도로)내,승용,남,67세,경상,농기계,남,66세,중상
2019102300100086,2019년 10월 23일 06시,수요일,충청북도 청주시 흥덕구 지동동,중상사고,0,2,5,0,차대차 - 기타,신호위반,건조,맑음,교차로 - 교차로안,화물,남,53세,상해없음,승용,남,69세,경상
2019102300100234,2019년 10월 23일 11시,수요일,충청북도 충주시 용탄동,중상사고,0,1,0,0,차대차 - 기타,직진우회전진행방해,건조,맑음,교차로 - 교차로안,화물,남,55세,상해없음,원동기,남,76세,중상
2019102300100235,2019년 10월 23일 11시,수요일,충청북도 제천시 영천동,경상사고,0,0,1,0,차대차 - 측면충돌,직진우회전진행방해,건조,맑음,교차로 - 교차로안,승용,남,49세,상해없음,자전거,여,55세,경상
2019102300100268,2019년 10월 23일 12시,수요일,충청북도 음성군 감곡면,중상사고,0,1,2,0,차대차 - 추돌,안전거리미확보,건조,맑음,교차로 - 교차로부근,건설기계,남,64세,중상,화물,남,63세,경상
2019102300100297,2019년 10월 23일 13시,수요일,충청북도 영동군 영동읍,중상사고,0,1,0,0,차대사람 - 기타,신호위반,건조,맑음,교차로 - 교차로안,승용,남,48세,상해없음,보행자,남,15세,중상
2019102300100298,2019년 10월 23일 13시,수요일,충청북도 청주시 흥덕구 운천동,경상사고,0,0,1,0,차대사람 - 기타,기타,건조,맑음,단일로 - 기타,승합,남,61세,상해없음,보행자,여,68세,경상
2019102300100324,2019년 10월 23일 14시,수요일,충청북도 충주시 산척면,경상사고,0,0,1,1,차량단독 - 공작물충돌,안전운전불이행,건조,맑음,단일로 - 기타,승용,남,70세,부상신고,,,,
2019102300100364,2019년 10월 23일 15시,수요일,충청북도 청주시 청원구 오창읍,경상사고,0,0,1,0,차대차 - 후진중충돌,안전운전불이행,건조,맑음,교차로 - 교차로부근,화물,남,61세,상해없음,승합,여,42세,경상
2019102300100365,2019년 10월 23일 15시,수요일,충청북도 옥천군 옥천읍,중상사고,0,1,0,0,차대차 - 측면충돌,안전운전불이행,건조,맑음,교차로 - 교차로안,승용,여,53세,상해없음,이륜,여,77세,중상
2019102300100366,2019년 10월 23일 15시,수요일,충청북도 청주시 흥덕구 복대동,경상사고,0,0,3,0,차대차 - 추돌,안전운전불이행,건조,맑음,단일로 - 지하차도(도로)내,승용,여,54세,상해없음,승용,남,61세,경상
2019102300100406,2019년 10월 23일 16시,수요일,충청북도 음성군 금왕읍,중상사고,0,1,2,0,차대차 - 측면충돌,교차로운행방법위반,건조,맑음,교차로 - 교차로안,승용,남,25세,경상,화물,남,70세,중상
2019102300100449,2019년 10월 23일 17시,수요일,충청북도 청주시 흥덕구 가경동,경상사고,0,0,1,0,차대사람 - 횡단중,보행자보호의무위반,건조,맑음,단일로 - 기타,승합,남,32세,상해없음,보행자,남,7세,경상
2019102300100499,2019년 10월 23일 18시,수요일,충청북도 충주시 교현동,경상사고,0,0,1,0,차대차 - 기타,안전운전불이행,건조,맑음,교차로 - 교차로안,승용,남,65세,상해없음,승용,여,42세,경상
2019102300100500,2019년 10월 23일 18시,수요일,충청북도 제천시 신백동,중상사고,0,1,0,0,차대사람 - 기타,안전운전불이행,건조,맑음,주차장 - 주차장,승용,남,47세,상해없음,보행자,여,74세,중상
2019102300100501,2019년 10월 23일 18시,수요일,충청북도 보은군 회인면,중상사고,0,1,0,0,차대차 - 추돌,안전운전불이행,건조,맑음,단일로 - 지하차도(도로)내,화물,남,58세,상해없음,농기계,남,72세,중상
2019102300100563,2019년 10월 23일 19시,수요일,충청북도 청주시 청원구 북이면,경상사고,0,0,1,0,차대차 - 측면충돌,직진우회전진행방해,건조,맑음,교차로 - 교차로안,화물,남,59세,상해없음,승용,남,29세,경상
2019102300100564,2019년 10월 23일 19시,수요일,충청북도 청주시 흥덕구 강내면,중상사고,0,1,0,0,차대사람 - 길가장자리구역통행중,안전운전불이행,건조,맑음,단일로 - 기타,화물,남,50세,상해없음,보행자,여,67세,중상
2019102300100565,2019년 10월 23일 19시,수요일,충청북도 청주시 서원구 개신동,중상사고,0,1,0,0,차대차 - 측면충돌,교차로운행방법위반,건조,맑음,교차로 - 교차로안,이륜,남,19세,상해없음,이륜,남,56세,중상
2019102300100597,2019년 10월 23일 20시,수요일,충청북도 증평군 증평읍,경상사고,0,0,1,0,차대차 - 정면충돌,중앙선침범,건조,맑음,교차로 - 교차로부근,승용,여,38세,상해없음,이륜,남,20세,경상
2019102300100627,2019년 10월 23일 21시,수요일,충청북도 청주시 흥덕구 강서동,경상사고,0,0,1,0,차대차 - 기타,안전운전불이행,건조,맑음,단일로 - 기타,승용,여,24세,상해없음,승용,여,26세,경상
2019102400100061,2019년 10월 24일 04시,목요일,충청북도 괴산군 괴산읍,중상사고,0,1,1,0,차대차 - 정면충돌,중앙선침범,건조,맑음,단일로 - 기타,승용,남,45세,경상,화물,남,54세,중상
2019102400100086,2019년 10월 24일 06시,목요일,충청북도 청주시 상당구 북문로2가동,중상사고,0,1,3,0,차대차 - 추돌,안전운전불이행,건조,맑음,교차로 - 교차로부근,승용,남,23세,상해없음,화물,남,62세,중상
2019102400100111,2019년 10월 24일 07시,목요일,충청북도 충주시 교현동,경상사고,0,0,1,0,차대차 - 추돌,안전운전불이행,건조,맑음,단일로 - 기타,승용,여,38세,상해없음,승용,남,59세,경상
2019102400100150,2019년 10월 24일 08시,목요일,충청북도 음성군 대소면,중상사고,0,2,0,0,차대차 - 측면충돌,중앙선침범,건조,맑음,단일로 - 기타,승용,남,61세,중상,승용,여,24세,중상
2019102400100283,2019년 10월 24일 12시,목요일,충청북도 청주시 서원구 사직동,경상사고,0,0,1,0,차대차 - 기타,안전운전불이행,건조,맑음,교차로 - 교차로안,화물,여,60세,기타불명,자전거,남,88세,경상
2019102400100284,2019년 10월 24일 12시,목요일,충청북도 제천시 동현동,경상사고,0,0,1,0,차대차 - 추돌,안전운전불이행,건조,맑음,단일로 - 지하차도(도로)내,승용,여,48세,상해없음,승용,여,21세,경상
2019102400100285,2019년 10월 24일 12시,목요일,충청북도 음성군 생극면,경상사고,0,0,1,0,차대차 - 측면충돌,교차로운행방법위반,건조,맑음,교차로 - 교차로안,승용,남,71세,경상,화물,남,51세,상해없음
2019102400100396,2019년 10월 24일 15시,목요일,충청북도 진천군 진천읍,경상사고,0,0,2,0,차대차 - 측면충돌,안전운전불이행,건조,맑음,교차로 - 교차로안,승용,남,70세,상해없음,승용,여,41세,경상
2019102400100436,2019년 10월 24일 16시,목요일,충청북도 청주시 청원구 내수읍,경상사고,0,0,4,0,차대차 - 측면충돌,직진우회전진행방해,건조,맑음,교차로 - 교차로안,승용,여,44세,상해없음,승용,남,21세,경상
2019102400100437,2019년 10월 24일 16시,목요일,충청북도 청주시 청원구 내덕동,경상사고,0,0,1,0,차대차 - 측면충돌,안전거리미확보,건조,맑음,단일로 - 기타,승용,남,71세,상해없음,승용,남,24세,경상
2019102400100438,2019년 10월 24일 16시,목요일,충청북도 충주시 교현동,경상사고,0,0,1,0,차대차 - 기타,교차로운행방법위반,건조,맑음,교차로 - 교차로안,승용,여,37세,상해없음,자전거,남,35세,경상
2019102400100439,2019년 10월 24일 16시,목요일,충청북도 제천시 영천동,경상사고,0,0,1,0,차대사람 - 횡단중,안전운전불이행,건조,맑음,교차로 - 교차로부근,원동기,남,32세,상해없음,보행자,여,59세,경상
2019102400100486,2019년 10월 24일 17시,목요일,충청북도 영동군 황간면,경상사고,0,0,1,0,차대차 - 측면충돌,안전운전불이행,건조,맑음,단일로 - 기타,승용,여,36세,상해없음,화물,남,42세,경상
2019102400100552,2019년 10월 24일 18시,목요일,충청북도 충주시 목행동,중상사고,0,1,0,0,차대차 - 기타,안전거리미확보,건조,맑음,교차로 - 교차로안,기타불명,기타불명,미분류,기타불명,승용,남,59세,중상
2019102400100553,2019년 10월 24일 18시,목요일,충청북도 청주시 흥덕구 원평동,경상사고,0,0,4,0,차대차 - 측면충돌,안전운전불이행,건조,맑음,단일로 - 기타,승용,여,26세,상해없음,승용,남,38세,경상
2019102400100554,2019년 10월 24일 18시,목요일,충청북도 청주시 흥덕구 지동동,경상사고,0,0,1,0,차대차 - 측면충돌,안전거리미확보,건조,맑음,교차로 - 교차로부근,승용,여,55세,상해없음,승용,남,35세,경상
2019102400100555,2019년 10월 24일 18시,목요일,충청북도 청주시 상당구 금천동,중상사고,0,1,0,0,차대차 - 측면충돌,차로위반,건조,맑음,단일로 - 지하차도(도로)내,승용,여,60세,상해없음,이륜,남,17세,중상
2019102400100707,2019년 10월 24일 21시,목요일,충청북도 괴산군 청안면,중상사고,0,1,0,0,차대사람 - 기타,안전운전불이행,건조,맑음,단일로 - 기타,화물,남,63세,상해없음,보행자,남,39세,중상
2019102400100754,2019년 10월 24일 23시,목요일,충청북도 청주시 청원구 율량동,중상사고,0,1,0,0,차대사람 - 기타,안전운전불이행,건조,맑음,교차로 - 교차로안,화물,남,46세,상해없음,보행자,남,33세,중상
2019102400100755,2019년 10월 24일 23시,목요일,충청북도 청주시 서원구 모충동,경상사고,0,0,1,0,차대차 - 추돌,안전운전불이행,건조,맑음,교차로 - 교차로안,승용,남,48세,상해없음,승용,남,61세,경상
2019102500100054,2019년 10월 25일 01시,금요일,충청북도 청주시 서원구 남이면,사망사고,1,0,0,0,차대차 - 기타,안전운전불이행,건조,맑음,단일로 - 기타,화물,남,38세,사망,화물,남,59세,상해없음
2019102500100089,2019년 10월 25일 05시,금요일,충청북도 충주시 신니면,경상사고,0,0,2,0,차대차 - 추돌,안전운전불이행,건조,맑음,단일로 - 기타,화물,남,63세,상해없음,농기계,남,56세,경상
2019102500100090,2019년 10월 25일 05시,금요일,충청북도 충주시 용두동,경상사고,0,0,1,0,차대차 - 기타,안전거리미확보,건조,맑음,단일로 - 기타,승용,남,21세,상해없음,승용,남,47세,경상
2019102500100099,2019년 10월 25일 06시,금요일,충청북도 청주시 청원구 내덕동,중상사고,0,1,0,0,차대차 - 기타,안전운전불이행,건조,맑음,단일로 - 기타,승합,남,42세,상해없음,자전거,남,77세,중상
2019102500100117,2019년 10월 25일 07시,금요일,충청북도 청주시 청원구 율량동,중상사고,0,1,1,0,차대차 - 추돌,안전운전불이행,건조,맑음,교차로 - 교차로부근,승용,여,43세,상해없음,승용,남,62세,경상
2019102500100118,2019년 10월 25일 07시,금요일,충청북도 청주시 청원구 내수읍,경상사고,0,0,2,0,차대차 - 기타,신호위반,건조,맑음,교차로 - 교차로안,승용,남,68세,상해없음,승용,여,62세,경상
2019102500100119,2019년 10월 25일 07시,금요일,충청북도 청주시 흥덕구 강서동,경상사고,0,0,1,0,차대사람 - 횡단중,안전운전불이행,건조,맑음,교차로 - 교차로횡단보도내,승용,남,64세,상해없음,보행자,남,14세,경상
2019102500100254,2019년 10월 25일 11시,금요일,충청북도 음성군 금왕읍,경상사고,0,0,1,0,차대차 - 측면충돌,안전거리미확보,건조,맑음,단일로 - 기타,이륜,남,56세,상해없음,승용,남,51세,경상
2019102500100330,2019년 10월 25일 13시,금요일,충청북도 청주시 청원구 율량동,경상사고,0,0,1,0,차대사람 - 기타,안전운전불이행,건조,맑음,단일로 - 기타,승용,남,39세,상해없음,보행자,여,10세,경상
2019102500100331,2019년 10월 25일 13시,금요일,충청북도 청주시 서원구 수곡동,중상사고,0,1,0,0,차대차 - 측면충돌,중앙선침범,건조,맑음,단일로 - 기타,승용,여,45세,상해없음,이륜,남,33세,중상
2019102500100375,2019년 10월 25일 14시,금요일,충청북도 청주시 청원구 오창읍,중상사고,0,1,2,0,차대차 - 측면충돌,직진우회전진행방해,건조,맑음,교차로 - 교차로안,승용,여,50세,경상,승용,남,41세,중상
2019102500100376,2019년 10월 25일 14시,금요일,충청북도 충주시 종민동,중상사고,0,1,0,0,차대차 - 기타,안전운전불이행,건조,맑음,단일로 - 기타,원동기,남,36세,중상,승용,남,47세,상해없음
2019102500100377,2019년 10월 25일 14시,금요일,충청북도 진천군 광혜원면,경상사고,0,0,1,0,차대차 - 후진중충돌,안전운전불이행,건조,맑음,주차장 - 주차장,화물,남,77세,상해없음,승용,남,32세,경상
2019102500100378,2019년 10월 25일 14시,금요일,충청북도 청주시 서원구 수곡동,경상사고,0,0,1,0,차대차 - 측면충돌,안전운전불이행,건조,맑음,단일로 - 기타,승용,남,59세,상해없음,승용,여,59세,경상
2019102500100421,2019년 10월 25일 15시,금요일,충청북도 청주시 청원구 사천동,경상사고,0,0,1,0,차대차 - 기타,차로위반,건조,맑음,교차로 - 교차로부근,승합,남,69세,상해없음,승용,남,33세,경상
2019102500100422,2019년 10월 25일 15시,금요일,충청북도 청주시 청원구 북이면,경상사고,0,0,1,0,차대차 - 기타,신호위반,건조,맑음,교차로 - 교차로안,화물,남,59세,경상,화물,남,45세,상해없음
2019102500100423,2019년 10월 25일 15시,금요일,충청북도 청주시 상당구 남주동,경상사고,0,0,1,0,차대차 - 측면충돌,교차로운행방법위반,건조,맑음,교차로 - 교차로안,승용,여,42세,상해없음,개인형이동수단(PM),남,35세,경상
2019102500100476,2019년 10월 25일 16시,금요일,충청북도 청주시 흥덕구 옥산면,경상사고,0,0,1,0,차대차 - 측면충돌,안전거리미확보,건조,맑음,단일로 - 기타,승용,여,65세,상해없음,승용,남,34세,경상
2019102500100515,2019년 10월 25일 17시,금요일,충청북도 청주시 흥덕구 송정동,중상사고,0,1,0,0,차대사람 - 횡단중,안전운전불이행,건조,맑음,단일로 - 지하차도(도로)내,승용,남,34세,상해없음,보행자,여,85세,중상
2019102500100516,2019년 10월 25일 17시,금요일,충청북도 청주시 서원구 수곡동,경상사고,0,0,1,0,차대차 - 측면충돌,안전운전불이행,건조,맑음,교차로 - 교차로안,승용,남,22세,상해없음,원동기,남,37세,경상
2019102500100517,2019년 10월 25일 17시,금요일,충청북도 충주시 중앙탑면,중상사고,0,1,2,0,차대차 - 추돌,안전운전불이행,건조,맑음,단일로 - 기타,승용,여,40세,상해없음,승용,남,34세,중상
2019102500100595,2019년 10월 25일 18시,금요일,충청북도 영동군 영동읍,경상사고,0,0,1,0,차대차 - 추돌,안전운전불이행,건조,맑음,단일로 - 기타,승용,남,45세,상해없음,승용,남,63세,경상
2019102500100596,2019년 10월 25일 18시,금요일,충청북도 음성군 음성읍,중상사고,0,1,0,0,차대차 - 측면충돌,안전거리미확보,건조,맑음,교차로 - 교차로부근,승용,남,38세,상해없음,승용,남,50세,중상
2019102500100679,2019년 10월 25일 19시,금요일,충청북도 음성군 금왕읍,경상사고,0,0,1,0,차대차 - 측면충돌,신호위반,건조,맑음,교차로 - 교차로안,승용,남,59세,상해없음,승용,남,54세,경상
2019102500100680,2019년 10월 25일 19시,금요일,충청북도 음성군 대소면,경상사고,0,0,2,0,차대차 - 정면충돌,중앙선침범,건조,맑음,단일로 - 기타,승용,남,51세,상해없음,승합,남,55세,경상
2019102500100681,2019년 10월 25일 19시,금요일,충청북도 청주시 흥덕구 비하동,중상사고,0,1,0,0,차대차 - 기타,안전운전불이행,건조,맑음,교차로 - 교차로부근,승용,여,59세,상해없음,이륜,남,25세,중상
2019102500100682,2019년 10월 25일 19시,금요일,충청북도 청주시 흥덕구 상신동,경상사고,0,0,2,0,차대차 - 측면충돌,안전거리미확보,건조,맑음,단일로 - 기타,화물,남,53세,상해없음,승용,여,34세,경상
2019102500100683,2019년 10월 25일 19시,금요일,충청북도 청주시 흥덕구 복대동,중상사고,0,1,0,0,차대사람 - 기타,안전운전불이행,건조,맑음,교차로 - 교차로부근,이륜,남,26세,상해없음,보행자,여,62세,중상
2019102500100684,2019년 10월 25일 19시,금요일,충청북도 청주시 상당구 가덕면,경상사고,0,0,1,0,차대차 - 측면충돌,안전거리미확보,건조,맑음,교차로 - 교차로부근,승용,남,44세,상해없음,승용,여,47세,경상
2019102500100739,2019년 10월 25일 20시,금요일,충청북도 제천시 신월동,사망사고,1,1,1,0,차대차 - 측면충돌,신호위반,건조,맑음,교차로 - 교차로안,승용,여,30세,중상,특수,남,52세,경상
2019102500100773,2019년 10월 25일 21시,금요일,충청북도 충주시 충인동,중상사고,0,1,1,0,차대차 - 측면충돌,안전운전불이행,건조,맑음,교차로 - 교차로안,승용,남,64세,상해없음,승용,여,28세,경상
2019102500100774,2019년 10월 25일 21시,금요일,충청북도 청주시 흥덕구 오송읍,중상사고,0,3,0,0,차대차 - 추돌,안전거리미확보,건조,맑음,단일로 - 지하차도(도로)내,승용,남,23세,상해없음,승용,남,39세,중상
2019102500100801,2019년 10월 25일 22시,금요일,충청북도 청주시 서원구 장암동,중상사고,0,1,0,0,차대차 - 기타,안전운전불이행,건조,맑음,단일로 - 기타,승용,남,52세,상해없음,자전거,남,47세,중상
2019102600100095,2019년 10월 26일 05시,토요일,충청북도 청주시 상당구 금천동,부상신고사고,0,0,0,1,차량단독 - 공작물충돌,안전운전불이행,건조,맑음,교차로 - 교차로안,이륜,남,21세,부상신고,,,,
2019102600100150,2019년 10월 26일 08시,토요일,충청북도 청주시 청원구 내덕동,중상사고,0,1,1,0,차대차 - 추돌,안전거리미확보,건조,맑음,교차로 - 교차로부근,승합,남,52세,상해없음,승용,남,62세,중상
2019102600100151,2019년 10월 26일 08시,토요일,충청북도 청주시 서원구 모충동,중상사고,0,1,0,0,차대사람 - 횡단중,안전운전불이행,건조,맑음,단일로 - 지하차도(도로)내,화물,남,38세,상해없음,보행자,남,66세,중상
2019102600100212,2019년 10월 26일 10시,토요일,충청북도 청주시 흥덕구 복대동,경상사고,0,0,1,0,차대차 - 측면충돌,교차로운행방법위반,건조,맑음,교차로 - 교차로안,승용,여,36세,상해없음,승용,남,56세,경상
2019102600100251,2019년 10월 26일 11시,토요일,충청북도 증평군 증평읍,경상사고,0,0,1,0,차대사람 - 차도통행중,안전운전불이행,건조,맑음,단일로 - 기타,승용,남,57세,상해없음,보행자,여,56세,경상
2019102600100252,2019년 10월 26일 11시,토요일,충청북도 청주시 상당구 용암동,경상사고,0,0,1,0,차대차 - 측면충돌,안전운전불이행,건조,맑음,단일로 - 기타,원동기,남,40세,상해없음,승용,남,34세,경상
2019102600100288,2019년 10월 26일 12시,토요일,충청북도 청주시 상당구 용암동,경상사고,0,0,2,0,차대차 - 측면충돌,안전거리미확보,건조,맑음,교차로 - 교차로부근,승용,남,62세,상해없음,승용,남,41세,경상
2019102600100328,2019년 10월 26일 13시,토요일,충청북도 제천시 장락동,중상사고,0,1,0,0,차대차 - 측면충돌,직진우회전진행방해,건조,맑음,교차로 - 교차로안,승용,여,32세,상해없음,이륜,남,71세,중상
2019102600100329,2019년 10월 26일 13시,토요일,충청북도 괴산군 괴산읍,중상사고,0,1,0,0,차대차 - 측면충돌,안전운전불이행,건조,맑음,교차로 - 교차로안,승용,남,31세,상해없음,화물,남,66세,중상
2019102600100330,2019년 10월 26일 13시,토요일,충청북도 단양군 매포읍,중상사고,0,2,3,3,차대차 - 추돌,안전운전불이행,건조,맑음,기타 - 기타,승용,남,34세,경상,승용,남,63세,중상
2019102600100374,2019년 10월 26일 14시,토요일,충청북도 청주시 청원구 북이면,경상사고,0,0,1,0,차량단독 - 공작물충돌,안전운전불이행,건조,맑음,교차로 - 교차로안,승용,여,42세,경상,,,,
2019102600100375,2019년 10월 26일 14시,토요일,충청북도 음성군 대소면,경상사고,0,0,2,0,차대차 - 측면충돌,교차로운행방법위반,건조,맑음,교차로 - 교차로안,승용,남,53세,경상,승용,남,45세,경상
2019102600100376,2019년 10월 26일 14시,토요일,충청북도 청주시 서원구 모충동,경상사고,0,0,2,0,차대차 - 측면충돌,안전거리미확보,건조,맑음,교차로 - 교차로부근,승용,여,50세,경상,승용,남,51세,경상
2019102600100414,2019년 10월 26일 15시,토요일,충청북도 청주시 청원구 주중동,중상사고,0,1,0,0,차대차 - 후진중충돌,안전운전불이행,건조,맑음,단일로 - 기타,이륜,남,27세,상해없음,이륜,남,49세,중상
2019102600100416,2019년 10월 26일 15시,토요일,충청북도 청주시 흥덕구 석소동,경상사고,0,0,4,0,차대차 - 기타,안전운전불이행,건조,맑음,단일로 - 기타,승용,남,31세,경상,승용,여,34세,경상
2019102600100459,2019년 10월 26일 16시,토요일,충청북도 청주시 흥덕구 비하동,경상사고,0,0,1,0,차대차 - 측면충돌,안전거리미확보,건조,맑음,단일로 - 기타,승용,남,61세,상해없음,승합,남,42세,경상
2019102600100460,2019년 10월 26일 16시,토요일,충청북도 청주시 상당구 문의면,중상사고,0,4,15,1,차대차 - 정면충돌,중앙선침범,건조,맑음,단일로 - 지하차도(도로)내,승용,남,18세,부상신고,승합,남,37세,경상
2019102600100492,2019년 10월 26일 17시,토요일,충청북도 음성군 음성읍,경상사고,0,0,1,0,차대차 - 측면충돌,안전운전불이행,건조,맑음,교차로 - 교차로부근,화물,남,58세,상해없음,승용,남,27세,경상
2019102600100493,2019년 10월 26일 17시,토요일,충청북도 진천군 덕산면,경상사고,0,0,1,0,차대차 - 추돌,안전운전불이행,건조,맑음,단일로 - 기타,이륜,남,30세,경상,승용,여,44세,상해없음
2019102600100542,2019년 10월 26일 18시,토요일,충청북도 청주시 서원구 남이면,중상사고,0,1,0,0,차대차 - 기타,안전운전불이행,건조,맑음,단일로 - 기타,승용,남,62세,상해없음,승용,남,46세,상해없음
2019102600100578,2019년 10월 26일 19시,토요일,충청북도 청주시 청원구 우암동,경상사고,0,0,1,0,차대차 - 기타,안전거리미확보,건조,맑음,단일로 - 기타,승용,남,63세,상해없음,승용,여,53세,경상
2019102600100579,2019년 10월 26일 19시,토요일,충청북도 충주시 칠금동,경상사고,0,0,1,0,차대차 - 기타,안전운전불이행,건조,맑음,교차로 - 교차로안,승용,여,66세,상해없음,이륜,남,19세,경상
2019102600100580,2019년 10월 26일 19시,토요일,충청북도 진천군 진천읍,경상사고,0,0,1,0,차대차 - 기타,안전운전불이행,건조,흐림,주차장 - 주차장,승용,남,51세,상해없음,승용,남,32세,상해없음
2019102600100581,2019년 10월 26일 19시,토요일,충청북도 진천군 덕산면,경상사고,0,0,1,0,차량단독 - 전도전복 - 전도,안전운전불이행,건조,맑음,단일로 - 기타,자전거,남,14세,경상,,,,
2019102600100582,2019년 10월 26일 19시,토요일,충청북도 청주시 서원구 모충동,경상사고,0,0,1,0,차대차 - 기타,안전운전불이행,건조,맑음,단일로 - 기타,승용,남,57세,상해없음,승용,여,27세,경상
2019102600100626,2019년 10월 26일 20시,토요일,충청북도 청주시 청원구 내덕동,경상사고,0,0,1,0,차대차 - 추돌,안전거리미확보,건조,맑음,교차로 - 교차로안,승용,남,48세,상해없음,승용,남,52세,경상
2019102600100627,2019년 10월 26일 20시,토요일,충청북도 청주시 상당구 용암동,경상사고,0,0,1,0,차대차 - 측면충돌,안전거리미확보,건조,맑음,교차로 - 교차로부근,승용,남,52세,상해없음,승용,여,30세,경상
2019102600100661,2019년 10월 26일 21시,토요일,충청북도 청주시 서원구 사창동,중상사고,0,1,0,0,차대사람 - 기타,안전운전불이행,건조,맑음,교차로 - 교차로부근,특수,남,35세,상해없음,보행자,남,58세,중상
2019102600100662,2019년 10월 26일 21시,토요일,충청북도 청주시 상당구 용암동,경상사고,0,0,1,0,차대차 - 측면충돌,안전운전불이행,건조,맑음,단일로 - 기타,승용,여,49세,상해없음,이륜,남,19세,경상
2019102600100689,2019년 10월 26일 22시,토요일,충청북도 음성군 소이면,중상사고,0,2,2,0,차대차 - 추돌,안전운전불이행,건조,맑음,교차로 - 교차로부근,화물,남,64세,중상,승용,남,57세,경상
2019102600100718,2019년 10월 26일 23시,토요일,충청북도 청주시 청원구 율량동,경상사고,0,0,1,0,차대사람 - 차도통행중,안전운전불이행,건조,맑음,교차로 - 교차로안,승용,남,40세,상해없음,보행자,남,28세,경상
2019102600100719,2019년 10월 26일 23시,토요일,충청북도 충주시 연수동,경상사고,0,0,1,0,차대차 - 측면충돌,기타,건조,맑음,교차로 - 교차로안,승용,남,27세,상해없음,승용,남,79세,경상
2019102600100720,2019년 10월 26일 23시,토요일,충청북도 청주시 흥덕구 복대동,경상사고,0,0,1,0,차대차 - 기타,안전운전불이행,건조,맑음,교차로 - 교차로부근,승용,남,37세,상해없음,승용,남,22세,경상
2019102700100036,2019년 10월 27일 00시,일요일,충청북도 청주시 상당구 영운동,중상사고,0,1,3,0,차대차 - 측면충돌,신호위반,건조,맑음,교차로 - 교차로안,화물,남,40세,상해없음,승용,남,63세,경상