사고번호,사고일시,요일,시군구,사고내용,사망자수,중상자수,경상자수,부상신고자수,사고유형,법규위반,노면상태,기상상태,도로형태,가해운전자 차종,가해운전자 성별,가해운전자 연령,가해운전자 상해정도,피해운전자 차종,피해운전자 성별,피해운전자 연령,피해운전자 상해정도
2019102700100058,2019년 10월 27일 01시,일요일,충청북도 청주시 흥덕구 복대동,경상사고,0,0,4,0,차대차 - 측면충돌,안전거리미확보,건조,맑음,교차로 - 교차로부근,승용,남,60세,상해없음,승용,남,52세,상해없음
2019102700100116,2019년 10월 27일 05시,일요일,충청북도 충주시 용두동,중상사고,0,1,3,0,차대차 - 기타,안전운전불이행,건조,맑음,단일로 - 기타,승용,남,28세,상해없음,승용,남,22세,경상
2019102700100117,2019년 10월 27일 05시,일요일,충청북도 청주시 서원구 모충동,중상사고,0,1,0,0,차대사람 - 횡단중,교차로운행방법위반,건조,맑음,교차로 - 교차로부근,화물,남,75세,상해없음,보행자,남,53세,중상
2019102700100122,2019년 10월 27일 06시,일요일,충청북도 제천시 강제동,경상사고,0,0,2,0,차대차 - 추돌,안전거리미확보,건조,맑음,단일로 - 지하차도(도로)내,승용,남,58세,경상,승용,남,36세,경상
2019102700100151,2019년 10월 27일 08시,일요일,충청북도 제천시 왕암동,중상사고,0,2,0,0,차대차 - 측면충돌,안전거리미확보,건조,맑음,교차로 - 교차로부근,화물,남,61세,상해없음,승용,여,26세,중상
2019102700100167,2019년 10월 27일 09시,일요일,충청북도 제천시 청풍면,경상사고,0,0,1,0,차대차 - 측면충돌,직진우회전진행방해,건조,맑음,교차로 - 교차로안,승용,남,58세,상해없음,화물,남,51세,경상
2019102700100168,2019년 10월 27일 09시,일요일,충청북도 음성군 생극면,중상사고,0,1,1,0,차대차 - 측면충돌,직진우회전진행방해,건조,맑음,교차로 - 교차로안,승용,남,44세,상해없음,승용,남,55세,경상
2019102700100224,2019년 10월 27일 11시,일요일,충청북도 청주시 상당구 북문로1가동,경상사고,0,0,1,0,차대차 - 측면충돌,안전거리미확보,건조,맑음,단일로 - 지하차도(도로)내,승용,여,41세,상해없음,승용,남,70세,경상
2019102700100248,2019년 10월 27일 12시,일요일,충청북도 충주시 용산동,경상사고,0,0,1,0,차대차 - 기타,안전운전불이행,건조,맑음,교차로 - 교차로안,승용,남,49세,상해없음,자전거,여,13세,경상
2019102700100249,2019년 10월 27일 12시,일요일,충청북도 청주시 상당구 미원면,경상사고,0,0,1,0,차대차 - 기타,안전운전불이행,건조,맑음,단일로 - 지하차도(도로)내,자전거,남,73세,경상,화물,남,46세,기타불명
2019102700100290,2019년 10월 27일 13시,일요일,충청북도 충주시 교현동,경상사고,0,0,3,0,차대차 - 측면충돌,안전거리미확보,건조,맑음,단일로 - 기타,승용,남,35세,상해없음,승용,남,38세,경상
2019102700100330,2019년 10월 27일 14시,일요일,충청북도 청주시 상당구 석교동,경상사고,0,0,1,0,차대차 - 측면충돌,안전거리미확보,건조,맑음,단일로 - 기타,승용,남,45세,상해없음,승용,여,53세,경상
2019102700100331,2019년 10월 27일 14시,일요일,충청북도 청주시 상당구 문의면,경상사고,0,0,1,0,차대사람 - 횡단중,안전운전불이행,건조,맑음,단일로 - 기타,승용,남,64세,상해없음,보행자,남,8세,경상
2019102700100417,2019년 10월 27일 16시,일요일,충청북도 충주시 성서동,경상사고,0,0,1,0,차대사람 - 기타,안전운전불이행,건조,맑음,단일로 - 기타,이륜,남,68세,상해없음,보행자,여,17세,경상
2019102700100418,2019년 10월 27일 16시,일요일,충청북도 청주시 상당구 남일면,중상사고,0,2,0,0,차대차 - 측면충돌,교차로운행방법위반,건조,맑음,단일로 - 기타,화물,남,63세,상해없음,승용,여,59세,중상
2019102700100492,2019년 10월 27일 18시,일요일,충청북도 제천시 청전동,경상사고,0,0,2,0,차대차 - 추돌,안전운전불이행,건조,맑음,교차로 - 교차로부근,승용,여,34세,상해없음,승용,여,56세,경상
2019102700100493,2019년 10월 27일 18시,일요일,충청북도 청주시 상당구 용암동,경상사고,0,0,1,0,차대사람 - 횡단중,신호위반,건조,맑음,교차로 - 교차로횡단보도내,승용,여,53세,상해없음,보행자,여,62세,경상
2019102700100562,2019년 10월 27일 20시,일요일,충청북도 청주시 서원구 모충동,경상사고,0,0,1,0,차대차 - 기타,안전운전불이행,건조,맑음,교차로 - 교차로안,승용,여,50세,상해없음,승용,남,23세,경상
2019102700100594,2019년 10월 27일 21시,일요일,충청북도 음성군 감곡면,중상사고,0,1,0,0,차대사람 - 횡단중,보행자보호의무위반,건조,맑음,단일로 - 기타,승용,남,46세,기타불명,보행자,남,59세,중상
2019102700100595,2019년 10월 27일 21시,일요일,충청북도 청주시 흥덕구 가경동,중상사고,0,1,1,0,차대차 - 측면충돌,신호위반,건조,맑음,교차로 - 교차로안,승용,남,65세,상해없음,승용,남,28세,중상
2019102700100596,2019년 10월 27일 21시,일요일,충청북도 청주시 상당구 용암동,경상사고,0,0,2,0,차대차 - 정면충돌,신호위반,건조,맑음,교차로 - 교차로안,승용,남,50세,상해없음,승용,남,27세,경상
2019102800100094,2019년 10월 28일 07시,월요일,충청북도 청주시 청원구 내덕동,경상사고,0,0,1,0,차대사람 - 기타,안전운전불이행,건조,맑음,단일로 - 기타,승합,남,59세,상해없음,보행자,여,65세,경상
2019102800100095,2019년 10월 28일 07시,월요일,충청북도 청주시 상당구 용암동,부상신고사고,0,0,0,1,차대차 - 측면충돌,안전운전불이행,건조,맑음,교차로 - 교차로안,개인형이동수단(PM),여,58세,부상신고,승용,남,23세,상해없음
2019102800100132,2019년 10월 28일 08시,월요일,충청북도 청주시 흥덕구 봉명동,중상사고,0,1,0,0,차대차 - 측면충돌,신호위반,건조,맑음,교차로 - 교차로부근,승용,여,69세,상해없음,이륜,남,62세,중상
2019102800100133,2019년 10월 28일 08시,월요일,충청북도 청주시 서원구 현도면,경상사고,0,0,1,0,차대차 - 추돌,안전운전불이행,건조,맑음,교차로 - 교차로부근,화물,남,46세,상해없음,승용,남,36세,경상
2019102800100172,2019년 10월 28일 09시,월요일,충청북도 충주시 동량면,중상사고,0,1,1,0,차대차 - 정면충돌,안전운전불이행,건조,맑음,교차로 - 교차로안,화물,남,83세,상해없음,화물,남,65세,경상
2019102800100173,2019년 10월 28일 09시,월요일,충청북도 충주시 교현동,경상사고,0,0,1,0,차대차 - 정면충돌,안전운전불이행,건조,맑음,교차로 - 교차로안,승용,남,71세,상해없음,승용,남,51세,경상
2019102800100174,2019년 10월 28일 09시,월요일,충청북도 제천시 장락동,경상사고,0,0,3,0,차대차 - 추돌,안전거리미확보,건조,맑음,단일로 - 기타,화물,남,74세,경상,승용,남,23세,경상
2019102800100175,2019년 10월 28일 09시,월요일,충청북도 제천시 화산동,경상사고,0,0,1,0,차대차 - 기타,안전거리미확보,건조,맑음,단일로 - 지하차도(도로)내,화물,남,62세,상해없음,승합,남,42세,상해없음
2019102800100209,2019년 10월 28일 10시,월요일,충청북도 청주시 청원구 오창읍,중상사고,0,1,0,0,차대사람 - 기타,기타,건조,맑음,기타 - 기타,승합,남,34세,상해없음,보행자,여,64세,중상
2019102800100210,2019년 10월 28일 10시,월요일,충청북도 영동군 양강면,경상사고,0,0,2,0,차대차 - 후진중충돌,안전운전불이행,건조,맑음,주차장 - 주차장,승용,여,60세,경상,승용,남,30세,경상
2019102800100211,2019년 10월 28일 10시,월요일,충청북도 청주시 흥덕구 비하동,중상사고,0,1,0,0,차대차 - 측면충돌,기타,건조,맑음,교차로 - 교차로부근,승용,남,59세,상해없음,이륜,남,55세,중상
2019102800100262,2019년 10월 28일 11시,월요일,충청북도 청주시 청원구 내덕동,경상사고,0,0,1,0,차대차 - 기타,직진우회전진행방해,건조,맑음,교차로 - 교차로안,승용,남,26세,경상,승용,남,23세,상해없음
2019102800100263,2019년 10월 28일 11시,월요일,충청북도 영동군 영동읍,경상사고,0,0,1,0,차대차 - 측면충돌,안전운전불이행,건조,맑음,교차로 - 교차로안,승용,남,39세,상해없음,승용,남,47세,경상
2019102800100264,2019년 10월 28일 11시,월요일,충청북도 청주시 서원구 수곡동,경상사고,0,0,1,0,차대사람 - 기타,안전운전불이행,건조,맑음,교차로 - 교차로안,화물,남,36세,상해없음,보행자,여,53세,경상
2019102800100298,2019년 10월 28일 12시,월요일,충청북도 청주시 청원구 오창읍,중상사고,0,1,0,0,차대차 - 측면충돌,안전거리미확보,건조,맑음,교차로 - 교차로부근,승용,여,61세,상해없음,승용,남,64세,중상
2019102800100299,2019년 10월 28일 12시,월요일,충청북도 보은군 보은읍,경상사고,0,0,2,0,차대차 - 정면충돌,안전거리미확보,건조,맑음,단일로 - 기타,승용,여,38세,상해없음,승용,남,56세,경상
2019102800100300,2019년 10월 28일 12시,월요일,충청북도 청주시 청원구 오창읍,중상사고,0,2,0,0,차대차 - 추돌,안전거리미확보,건조,맑음,단일로 - 기타,승용,남,58세,상해없음,화물,남,63세,중상
2019102800100335,2019년 10월 28일 13시,월요일,충청북도 제천시 덕산면,중상사고,0,1,0,0,차대차 - 측면충돌,중앙선침범,건조,맑음,단일로 - 지하차도(도로)내,화물,남,56세,상해없음,승용,남,57세,중상
2019102800100336,2019년 10월 28일 13시,월요일,충청북도 청주시 서원구 죽림동,경상사고,0,0,2,0,차대차 - 측면충돌,안전거리미확보,건조,맑음,단일로 - 기타,화물,남,53세,경상,승용,여,49세,경상
2019102800100411,2019년 10월 28일 15시,월요일,충청북도 단양군 단성면,사망사고,1,0,0,0,차량단독 - 공작물충돌,안전운전불이행,건조,맑음,단일로 - 기타,농기계,남,59세,사망,,,,
2019102800100412,2019년 10월 28일 15시,월요일,충청북도 청주시 상당구 용암동,경상사고,0,0,1,0,차대차 - 측면충돌,신호위반,건조,맑음,교차로 - 교차로안,승용,여,48세,상해없음,화물,남,45세,경상
2019102800100445,2019년 10월 28일 16시,월요일,충청북도 보은군 마로면,중상사고,0,1,0,0,차대차 - 정면충돌,안전운전불이행,건조,맑음,단일로 - 기타,승용,여,45세,상해없음,승용,여,60세,중상
2019102800100446,2019년 10월 28일 16시,월요일,충청북도 청주시 흥덕구 송정동,경상사고,0,0,1,0,차대차 - 추돌,안전운전불이행,건조,맑음,단일로 - 기타,화물,남,38세,기타불명,승용,남,66세,경상
2019102800100490,2019년 10월 28일 17시,월요일,충청북도 청주시 흥덕구 복대동,경상사고,0,0,1,0,차대차 - 기타,안전운전불이행,건조,맑음,교차로 - 교차로부근,승용,남,62세,상해없음,승용,남,60세,경상
2019102800100548,2019년 10월 28일 18시,월요일,충청북도 청주시 청원구 우암동,중상사고,0,1,0,0,차대차 - 기타,중앙선침범,건조,맑음,단일로 - 기타,승용,남,54세,상해없음,개인형이동수단(PM),남,47세,중상
2019102800100549,2019년 10월 28일 18시,월요일,충청북도 영동군 학산면,중상사고,0,2,0,0,차대차 - 정면충돌,안전운전불이행,건조,맑음,단일로 - 기타,화물,남,61세,상해없음,이륜,남,64세,중상
2019102800100550,2019년 10월 28일 18시,월요일,충청북도 진천군 백곡면,부상신고사고,0,0,0,1,차대차 - 정면충돌,중앙선침범,건조,맑음,단일로 - 기타,농기계,남,80세,부상신고,승용,남,72세,상해없음
2019102800100551,2019년 10월 28일 18시,월요일,충청북도 청주시 흥덕구 송정동,경상사고,0,0,1,0,차대차 - 추돌,안전운전불이행,건조,맑음,단일로 - 기타,승용,남,22세,상해없음,승용,남,50세,경상
2019102800100552,2019년 10월 28일 18시,월요일,충청북도 청주시 서원구 남이면,경상사고,0,0,1,0,차대차 - 기타,안전운전불이행,건조,맑음,단일로 - 기타,승용,남,24세,상해없음,승용,남,27세,경상
2019102800100610,2019년 10월 28일 19시,월요일,충청북도 제천시 모산동,경상사고,0,0,1,0,차대차 - 정면충돌,신호위반,건조,맑음,교차로 - 교차로안,이륜,남,25세,상해없음,이륜,남,28세,경상
2019102800100692,2019년 10월 28일 22시,월요일,충청북도 옥천군 옥천읍,부상신고사고,0,0,0,1,차대차 - 측면충돌,안전운전불이행,건조,맑음,교차로 - 교차로안,자전거,남,14세,부상신고,승용,남,57세,상해없음
2019102800100716,2019년 10월 28일 23시,월요일,충청북도 청주시 흥덕구 봉명동,경상사고,0,0,3,0,차대차 - 기타,안전운전불이행,건조,맑음,교차로 - 교차로부근,승용,남,29세,상해없음,승용,남,47세,경상
2019102900100033,2019년 10월 29일 00시,화요일,충청북도 청주시 청원구 주중동,경상사고,0,0,1,0,차량단독 - 기타,안전운전불이행,건조,맑음,교차로 - 교차로안,승용,남,56세,상해없음,,,,
2019102900100091,2019년 10월 29일 06시,화요일,충청북도 옥천군 옥천읍,중상사고,0,1,0,0,차대차 - 추돌,안전운전불이행,젖음/습기,안개,단일로 - 기타,화물,남,43세,상해없음,농기계,남,72세,중상
2019102900100111,2019년 10월 29일 07시,화요일,충청북도 제천시 대랑동,중상사고,0,1,2,0,차대차 - 정면충돌,중앙선침범,젖음/습기,흐림,단일로 - 기타,화물,남,52세,경상,승용,남,67세,중상
2019102900100112,2019년 10월 29일 07시,화요일,충청북도 제천시 송학면,중상사고,0,1,1,0,차대차 - 측면충돌,안전거리미확보,건조,맑음,교차로 - 교차로안,화물,남,32세,상해없음,화물,남,63세,중상
2019102900100156,2019년 10월 29일 08시,화요일,충청북도 청주시 청원구 북이면,경상사고,0,0,1,0,차대차 - 기타,차로위반,건조,맑음,단일로 - 기타,화물,남,71세,상해없음,승용,남,60세,경상
2019102900100157,2019년 10월 29일 08시,화요일,충청북도 충주시 용산동,중상사고,0,1,0,0,차대사람 - 기타,기타,건조,맑음,단일로 - 기타,화물,남,55세,상해없음,보행자,여,10세,중상
2019102900100158,2019년 10월 29일 08시,화요일,충청북도 괴산군 감물면,경상사고,0,0,1,0,차대차 - 측면충돌,안전운전불이행,건조,맑음,단일로 - 기타,화물,남,60세,상해없음,승용,여,56세,경상
2019102900100159,2019년 10월 29일 08시,화요일,충청북도 증평군 증평읍,경상사고,0,0,1,0,차대차 - 추돌,안전운전불이행,건조,흐림,단일로 - 기타,승용,남,34세,상해없음,승용,남,37세,경상
2019102900100160,2019년 10월 29일 08시,화요일,충청북도 청주시 흥덕구 복대동,경상사고,0,0,1,0,차대차 - 기타,교차로운행방법위반,건조,맑음,교차로 - 교차로안,이륜,남,57세,경상,승용,남,56세,상해없음
2019102900100202,2019년 10월 29일 09시,화요일,충청북도 청주시 청원구 오창읍,경상사고,0,0,1,0,차대차 - 기타,직진우회전진행방해,건조,맑음,교차로 - 교차로안,승용,여,38세,상해없음,화물,남,35세,경상
2019102900100203,2019년 10월 29일 09시,화요일,충청북도 청주시 흥덕구 수의동,경상사고,0,0,1,0,차대차 - 측면충돌,안전운전불이행,건조,맑음,교차로 - 교차로부근,승용,여,64세,상해없음,승용,여,46세,경상
2019102900100204,2019년 10월 29일 09시,화요일,충청북도 청주시 상당구 용담동,경상사고,0,0,1,0,차대차 - 측면충돌,교차로운행방법위반,건조,맑음,교차로 - 교차로안,화물,남,64세,상해없음,승용,여,59세,경상
2019102900100237,2019년 10월 29일 10시,화요일,충청북도 충주시 주덕읍,경상사고,0,0,1,0,차대차 - 기타,신호위반,건조,맑음,교차로 - 교차로부근,승합,남,39세,상해없음,승용,남,54세,경상
2019102900100297,2019년 10월 29일 12시,화요일,충청북도 청주시 상당구 금천동,경상사고,0,0,1,0,차대차 - 측면충돌,교차로운행방법위반,건조,맑음,교차로 - 교차로안,승용,남,50세,상해없음,이륜,남,78세,경상
2019102900100327,2019년 10월 29일 13시,화요일,충청북도 영동군 영동읍,중상사고,0,1,0,0,차대차 - 정면충돌,안전운전불이행,건조,맑음,교차로 - 교차로안,자전거,여,63세,중상,승용,여,54세,상해없음
2019102900100328,2019년 10월 29일 13시,화요일,충청북도 괴산군 괴산읍,경상사고,0,0,1,1,차대차 - 측면충돌,직진우회전진행방해,건조,맑음,교차로 - 교차로안,승용,여,29세,부상신고,승용,남,66세,경상
2019102900100364,2019년 10월 29일 14시,화요일,충청북도 음성군 대소면,경상사고,0,0,1,0,차대차 - 측면충돌,교차로운행방법위반,건조,맑음,교차로 - 교차로안,화물,남,60세,상해없음,화물,남,49세,경상
2019102900100365,2019년 10월 29일 14시,화요일,충청북도 충주시 노은면,경상사고,0,0,1,0,차대차 - 기타,안전운전불이행,건조,맑음,기타 - 기타,화물,남,62세,상해없음,화물,남,67세,경상
2019102900100412,2019년 10월 29일 15시,화요일,충청북도 충주시 문화동,경상사고,0,0,2,0,차대차 - 기타,안전거리미확보,건조,맑음,단일로 - 기타,화물,남,66세,상해없음,승용,남,25세,경상
2019102900100413,2019년 10월 29일 15시,화요일,충청북도 청주시 흥덕구 강서동,경상사고,0,0,2,0,차대차 - 추돌,안전거리미확보,건조,맑음,교차로 - 교차로부근,승용,남,64세,상해없음,승용,여,45세,경상
2019102900100414,2019년 10월 29일 15시,화요일,충청북도 청주시 상당구 서문동,경상사고,0,0,2,0,차대차 - 측면충돌,교차로운행방법위반,건조,맑음,교차로 - 교차로안,승용,남,62세,경상,화물,남,56세,경상
2019102900100508,2019년 10월 29일 17시,화요일,충청북도 청주시 흥덕구 강내면,경상사고,0,0,2,0,차대차 - 측면충돌,교차로운행방법위반,건조,맑음,교차로 - 교차로안,화물,남,52세,상해없음,승합,남,46세,상해없음
2019102900100509,2019년 10월 29일 17시,화요일,충청북도 청주시 상당구 금천동,경상사고,0,0,1,0,차대차 - 측면충돌,안전운전불이행,건조,맑음,교차로 - 교차로안,화물,남,43세,상해없음,승용,남,35세,경상
2019102900100555,2019년 10월 29일 18시,화요일,충청북도 영동군 용산면,중상사고,0,1,0,0,차대차 - 추돌,안전운전불이행,건조,맑음,단일로 - 기타,승용,남,36세,상해없음,농기계,남,78세,중상
2019102900100556,2019년 10월 29일 18시,화요일,충청북도 청주시 흥덕구 강내면,경상사고,0,0,3,0,차대차 - 측면충돌,안전운전불이행,건조,맑음,교차로 - 교차로안,승용,남,29세,경상,승용,남,49세,경상
2019102900100613,2019년 10월 29일 19시,화요일,충청북도 청주시 상당구 용암동,경상사고,0,0,1,0,차대차 - 후진중충돌,안전운전불이행,건조,맑음,교차로 - 교차로부근,승용,남,51세,상해없음,이륜,남,18세,경상
2019102900100650,2019년 10월 29일 20시,화요일,충청북도 음성군 금왕읍,중상사고,0,1,0,0,차대차 - 측면충돌,안전운전불이행,건조,맑음,단일로 - 지하차도(도로)내,승용,남,56세,상해없음,이륜,남,46세,중상
2019102900100683,2019년 10월 29일 21시,화요일,충청북도 보은군 보은읍,중상사고,0,1,0,0,차대차 - 정면충돌,교차로운행방법위반,건조,맑음,교차로 - 교차로안,승용,남,55세,기타불명,이륜,여,18세,중상
2019102900100704,2019년 10월 29일 22시,화요일,충청북도 충주시 단월동,사망사고,1,0,0,0,차대사람 - 기타,안전운전불이행,건조,흐림,단일로 - 기타,승용,여,21세,상해없음,보행자,여,23세,사망
2019102900100729,2019년 10월 29일 23시,화요일,충청북도 제천시 봉양읍,중상사고,0,2,0,0,차대차 - 추돌,안전거리미확보,건조,맑음,단일로 - 기타,승용,남,61세,중상,화물,남,50세,상해없음
2019103000100101,2019년 10월 30일 06시,수요일,충청북도 제천시 의림동,경상사고,0,0,1,1,차대차 - 측면충돌,직진우회전진행방해,건조,맑음,교차로 - 교차로안,승합,남,73세,상해없음,승합,남,57세,경상
2019103000100125,2019년 10월 30일 07시,수요일,충청북도 청주시 청원구 내수읍,중상사고,0,1,1,0,차대차 - 기타,차로위반,건조,맑음,단일로 - 기타,승용,여,53세,상해없음,승용,남,45세,경상
2019103000100126,2019년 10월 30일 07시,수요일,충청북도 옥천군 옥천읍,중상사고,0,1,0,0,차대차 - 측면충돌,안전운전불이행,건조,맑음,단일로 - 기타,승용,남,58세,상해없음,이륜,남,90세 이상,중상
2019103000100157,2019년 10월 30일 08시,수요일,충청북도 청주시 서원구 사창동,경상사고,0,0,2,0,차대차 - 기타,안전운전불이행,건조,맑음,단일로 - 기타,승용,남,31세,상해없음,승용,남,49세,경상
2019103000100215,2019년 10월 30일 09시,수요일,충청북도 청주시 상당구 영동,경상사고,0,0,3,0,차대차 - 추돌,안전거리미확보,건조,맑음,단일로 - 기타,승합,여,51세,경상,승용,남,56세,경상
2019103000100261,2019년 10월 30일 10시,수요일,충청북도 충주시 연수동,경상사고,0,0,5,0,차대차 - 기타,교차로운행방법위반,건조,맑음,교차로 - 교차로안,승용,남,65세,경상,승용,남,18세,경상
2019103000100262,2019년 10월 30일 10시,수요일,충청북도 청주시 상당구 용담동,경상사고,0,0,1,0,차대차 - 기타,안전운전불이행,건조,맑음,단일로 - 지하차도(도로)내,승용,남,76세,상해없음,승용,남,49세,경상
2019103000100288,2019년 10월 30일 11시,수요일,충청북도 청주시 상당구 용암동,경상사고,0,0,1,0,차대차 - 측면충돌,신호위반,건조,맑음,교차로 - 교차로부근,승용,여,38세,상해없음,승용,남,37세,경상
2019103000100353,2019년 10월 30일 13시,수요일,충청북도 청주시 상당구 용정동,중상사고,0,2,0,0,차대차 - 측면충돌,교차로운행방법위반,건조,맑음,교차로 - 교차로안,승용,여,64세,상해없음,승용,남,27세,중상
2019103000100405,2019년 10월 30일 14시,수요일,충청북도 충주시 충인동,경상사고,0,0,1,0,차대사람 - 기타,안전운전불이행,건조,맑음,단일로 - 기타,화물,남,74세,상해없음,보행자,남,69세,경상
2019103000100446,2019년 10월 30일 15시,수요일,충청북도 청주시 서원구 모충동,중상사고,0,1,0,0,차대사람 - 횡단중,보행자보호의무위반,건조,맑음,교차로 - 교차로부근,승용,남,52세,상해없음,보행자,남,10세,중상
2019103000100498,2019년 10월 30일 16시,수요일,충청북도 음성군 금왕읍,중상사고,0,1,0,0,차대차 - 측면충돌,차로위반,건조,맑음,단일로 - 지하차도(도로)내,승용,여,54세,상해없음,화물,남,53세,중상
2019103000100499,2019년 10월 30일 16시,수요일,충청북도 청주시 상당구 석교동,경상사고,0,0,1,0,차대사람 - 기타,안전운전불이행,건조,맑음,단일로 - 기타,승용,남,40세,상해없음,보행자,여,59세,경상
2019103000100500,2019년 10월 30일 16시,수요일,충청북도 청주시 서원구 산남동,경상사고,0,0,1,0,차대차 - 기타,안전운전불이행,건조,맑음,교차로 - 교차로안,승용,남,66세,상해없음,승용,여,43세,경상
2019103000100554,2019년 10월 30일 17시,수요일,충청북도 청주시 청원구 율량동,경상사고,0,0,9,0,차대차 - 측면충돌,직진우회전진행방해,건조,맑음,교차로 - 교차로안,승용,남,73세,경상,승용,여,59세,경상
2019103000100555,2019년 10월 30일 17시,수요일,충청북도 청주시 상당구 용암동,중상사고,0,1,0,0,차대사람 - 보도통행중,보행자보호의무위반,건조,맑음,교차로 - 교차로횡단보도내,승용,여,54세,상해없음,보행자,남,37세,중상
2019103000100610,2019년 10월 30일 18시,수요일,충청북도 청주시 청원구 오창읍,경상사고,0,0,1,0,차대차 - 기타,안전운전불이행,건조,맑음,교차로 - 교차로부근,화물,남,42세,상해없음,승용,남,58세,경상
2019103000100611,2019년 10월 30일 18시,수요일,충청북도 충주시 동량면,중상사고,0,3,4,0,차대차 - 추돌,안전운전불이행,건조,맑음,단일로 - 기타,승용,남,33세,경상,승용,여,46세,중상
2019103000100612,2019년 10월 30일 18시,수요일,충청북도 진천군 초평면,중상사고,0,1,0,0,차대사람 - 기타,안전운전불이행,건조,흐림,기타 - 기타,승용,남,70세,상해없음,보행자,여,81세,중상
2019103000100613,2019년 10월 30일 18시,수요일,충청북도 청주시 흥덕구 신봉동,경상사고,0,0,1,0,차대차 - 측면충돌,안전운전불이행,건조,맑음,단일로 - 기타,승용,남,53세,상해없음,이륜,남,36세,경상
2019103000100614,2019년 10월 30일 18시,수요일,충청북도 청주시 상당구 지북동,경상사고,0,0,2,0,차대차 - 추돌,안전운전불이행,건조,맑음,단일로 - 지하차도(도로)내,승용,남,27세,상해없음,화물,남,35세,경상
2019103000100676,2019년 10월 30일 19시,수요일,충청북도 청주시 청원구 내덕동,부상신고사고,0,0,0,1,차대차 - 기타,안전운전불이행,건조,맑음,교차로 - 교차로부근,승용,여,42세,상해없음,이륜,남,48세,부상신고
2019103000100677,2019년 10월 30일 19시,수요일,충청북도 청주시 흥덕구 오송읍,부상신고사고,0,0,0,1,차대차 - 기타,안전운전불이행,건조,맑음,단일로 - 기타,승용,남,54세,부상신고,승용,남,51세,기타불명
2019103000100678,2019년 10월 30일 19시,수요일,충청북도 청주시 상당구 용암동,경상사고,0,0,1,0,차대차 - 추돌,안전운전불이행,건조,맑음,단일로 - 지하차도(도로)내,승용,남,30세,상해없음,승용,남,26세,상해없음
2019103000100679,2019년 10월 30일 19시,수요일,충청북도 청주시 상당구 서문동,경상사고,0,0,1,0,차대차 - 측면충돌,안전운전불이행,건조,맑음,단일로 - 지하차도(도로)내,이륜,남,71세,경상,승용,남,27세,상해없음
2019103000100756,2019년 10월 30일 21시,수요일,충청북도 청주시 흥덕구 봉명동,경상사고,0,0,1,0,차대차 - 측면충돌,안전운전불이행,건조,맑음,단일로 - 기타,승용,남,64세,상해없음,이륜,남,28세,경상
2019103000100806,2019년 10월 30일 23시,수요일,충청북도 음성군 금왕읍,경상사고,0,0,2,0,차대차 - 측면충돌,안전운전불이행,건조,맑음,단일로 - 지하차도(도로)내,승용,남,47세,상해없음,화물,남,50세,상해없음
2019103100100047,2019년 10월 31일 00시,목요일,충청북도 청주시 서원구 사창동,중상사고,0,1,0,0,차대사람 - 기타,신호위반,건조,맑음,단일로 - 기타,승용,여,23세,상해없음,보행자,남,18세,중상
2019103100100048,2019년 10월 31일 00시,목요일,충청북도 청주시 상당구 영운동,중상사고,0,1,0,0,차대차 - 측면충돌,중앙선침범,건조,맑음,단일로 - 기타,승용,남,29세,상해없음,이륜,남,18세,중상
2019103100100075,2019년 10월 31일 06시,목요일,충청북도 괴산군 괴산읍,중상사고,0,1,1,0,차대차 - 측면충돌,안전운전불이행,건조,맑음,교차로 - 교차로안,승용,남,53세,상해없음,승합,남,39세,중상
2019103100100123,2019년 10월 31일 08시,목요일,충청북도 옥천군 옥천읍,경상사고,0,0,1,0,차대차 - 추돌,안전운전불이행,건조,맑음,단일로 - 기타,승용,남,46세,상해없음,승용,여,51세,경상
2019103100100182,2019년 10월 31일 09시,목요일,충청북도 음성군 금왕읍,경상사고,0,0,1,0,차대차 - 측면충돌,교차로운행방법위반,건조,맑음,교차로 - 교차로안,승용,여,30세,상해없음,승용,여,58세,경상
2019103100100219,2019년 10월 31일 10시,목요일,충청북도 청주시 상당구 용담동,중상사고,0,1,0,0,차대사람 - 보도통행중,보행자보호의무위반,건조,맑음,교차로 - 교차로횡단보도내,승용,남,62세,상해없음,보행자,여,64세,중상
2019103100100248,2019년 10월 31일 11시,목요일,충청북도 청주시 흥덕구 봉명동,경상사고,0,0,2,0,차대차 - 측면충돌,교차로운행방법위반,건조,맑음,교차로 - 교차로안,화물,남,55세,경상,화물,남,49세,경상
2019103100100292,2019년 10월 31일 12시,목요일,충청북도 진천군 이월면,경상사고,0,0,1,0,차대차 - 기타,차로위반,건조,맑음,단일로 - 기타,건설기계,남,51세,상해없음,승용,남,38세,경상
2019103100100326,2019년 10월 31일 13시,목요일,충청북도 청주시 서원구 사창동,부상신고사고,0,0,0,1,차대차 - 기타,안전운전불이행,건조,맑음,단일로 - 기타,승용,남,60세,상해없음,이륜,남,30세,부상신고
2019103100100327,2019년 10월 31일 13시,목요일,충청북도 괴산군 청천면,중상사고,0,1,0,0,차대차 - 측면충돌,중앙선침범,건조,맑음,단일로 - 기타,화물,남,54세,상해없음,이륜,남,77세,상해없음