사고번호,사고일시,요일,시군구,사고내용,사망자수,중상자수,경상자수,부상신고자수,사고유형,법규위반,노면상태,기상상태,도로형태,가해운전자 차종,가해운전자 성별,가해운전자 연령,가해운전자 상해정도,피해운전자 차종,피해운전자 성별,피해운전자 연령,피해운전자 상해정도
2019103100100328,2019년 10월 31일 13시,목요일,충청북도 충주시 대소원면,경상사고,0,0,2,1,차대차 - 추돌,안전운전불이행,건조,맑음,기타 - 기타,승용,여,45세,상해없음,승용,남,37세,경상
2019103100100366,2019년 10월 31일 14시,목요일,충청북도 청주시 흥덕구 운천동,경상사고,0,0,1,0,차대차 - 기타,안전운전불이행,건조,맑음,단일로 - 고가도로위,화물,남,52세,상해없음,승용,남,52세,경상
2019103100100367,2019년 10월 31일 14시,목요일,충청북도 진천군 덕산면,중상사고,0,1,0,0,차대차 - 기타,안전운전불이행,건조,맑음,교차로 - 교차로안,승용,남,41세,상해없음,승용,남,48세,중상
2019103100100368,2019년 10월 31일 14시,목요일,충청북도 청주시 서원구 현도면,경상사고,0,0,2,0,차대차 - 측면충돌,안전운전불이행,건조,맑음,교차로 - 교차로부근,승용,남,42세,상해없음,화물,남,56세,경상
2019103100100396,2019년 10월 31일 15시,목요일,충청북도 충주시 충인동,경상사고,0,0,2,0,차대차 - 측면충돌,안전운전불이행,건조,맑음,교차로 - 교차로안,승용,남,23세,상해없음,승용,여,35세,경상
2019103100100397,2019년 10월 31일 15시,목요일,충청북도 청주시 서원구 남이면,경상사고,0,0,1,0,차대차 - 추돌,안전운전불이행,건조,맑음,교차로 - 교차로부근,승용,남,33세,상해없음,승용,남,48세,경상
2019103100100450,2019년 10월 31일 16시,목요일,충청북도 청주시 서원구 산남동,중상사고,0,1,0,0,차대사람 - 횡단중,보행자보호의무위반,건조,맑음,교차로 - 교차로안,승용,여,36세,상해없음,보행자,여,69세,중상
2019103100100499,2019년 10월 31일 17시,목요일,충청북도 청주시 청원구 내수읍,경상사고,0,0,2,0,차대차 - 측면충돌,불법유턴,건조,맑음,단일로 - 기타,승용,여,66세,경상,이륜,남,50세,경상
2019103100100500,2019년 10월 31일 17시,목요일,충청북도 옥천군 옥천읍,경상사고,0,0,1,0,차대차 - 측면충돌,안전거리미확보,건조,맑음,단일로 - 기타,화물,남,49세,상해없음,화물,남,51세,경상
2019103100100501,2019년 10월 31일 17시,목요일,충청북도 옥천군 옥천읍,중상사고,0,2,1,0,차대차 - 정면충돌,안전운전불이행,건조,맑음,교차로 - 교차로안,승용,남,39세,상해없음,화물,남,37세,중상
2019103100100556,2019년 10월 31일 18시,목요일,충청북도 제천시 하소동,중상사고,0,1,2,0,차대차 - 추돌,안전거리미확보,건조,맑음,기타 - 기타,승용,남,26세,상해없음,승용,여,48세,경상
2019103100100557,2019년 10월 31일 18시,목요일,충청북도 괴산군 청안면,중상사고,0,1,0,0,차대차 - 추돌,안전거리미확보,건조,맑음,단일로 - 기타,화물,남,54세,상해없음,승용,남,68세,상해없음
2019103100100558,2019년 10월 31일 18시,목요일,충청북도 단양군 영춘면,중상사고,0,1,0,0,차대차 - 추돌,안전운전불이행,건조,맑음,단일로 - 기타,승용,남,44세,상해없음,농기계,남,69세,중상
2019103100100559,2019년 10월 31일 18시,목요일,충청북도 진천군 이월면,중상사고,0,1,0,0,차대사람 - 차도통행중,안전운전불이행,건조,맑음,단일로 - 기타,화물,남,61세,상해없음,보행자,남,47세,중상
2019103100100611,2019년 10월 31일 19시,목요일,충청북도 음성군 금왕읍,경상사고,0,0,3,0,차대차 - 정면충돌,교차로운행방법위반,건조,맑음,교차로 - 교차로안,승용,남,39세,경상,승용,여,29세,경상
2019103100100657,2019년 10월 31일 20시,목요일,충청북도 청주시 서원구 개신동,부상신고사고,0,0,0,1,차대차 - 기타,안전운전불이행,건조,맑음,단일로 - 기타,이륜,남,30세,상해없음,승용,남,61세,부상신고
2019103100100688,2019년 10월 31일 21시,목요일,충청북도 영동군 영동읍,중상사고,0,1,0,0,차대차 - 정면충돌,교차로운행방법위반,건조,맑음,교차로 - 교차로안,승용,여,51세,상해없음,이륜,여,63세,중상
2019103100100742,2019년 10월 31일 23시,목요일,충청북도 청주시 상당구 지북동,경상사고,0,0,1,0,차량단독 - 공작물충돌,안전운전불이행,건조,맑음,교차로 - 교차로부근,화물,남,27세,경상,,,,
2019110100100087,2019년 11월 1일 05시,금요일,충청북도 청주시 청원구 내덕동,경상사고,0,0,1,0,차량단독 - 공작물충돌,안전운전불이행,건조,맑음,단일로 - 기타,이륜,남,43세,경상,,,,
2019110100100165,2019년 11월 1일 08시,금요일,충청북도 청주시 청원구 오창읍,중상사고,0,1,0,0,차대차 - 기타,안전운전불이행,건조,맑음,단일로 - 기타,자전거,남,14세,중상,승용,여,24세,기타불명
2019110100100166,2019년 11월 1일 08시,금요일,충청북도 제천시 청전동,중상사고,0,1,1,0,차대차 - 측면충돌,직진우회전진행방해,건조,맑음,교차로 - 교차로안,이륜,남,14세,경상,승용,남,37세,상해없음
2019110100100167,2019년 11월 1일 08시,금요일,충청북도 청주시 흥덕구 수의동,경상사고,0,0,1,0,차대차 - 추돌,안전운전불이행,건조,맑음,단일로 - 기타,승용,남,25세,상해없음,승용,여,23세,경상
2019110100100168,2019년 11월 1일 08시,금요일,충청북도 청주시 상당구 석교동,경상사고,0,0,2,0,차대차 - 정면충돌,신호위반,건조,맑음,교차로 - 교차로안,승용,여,64세,경상,승용,남,49세,경상
2019110100100225,2019년 11월 1일 09시,금요일,충청북도 청주시 서원구 사직동,경상사고,0,0,1,0,차대차 - 기타,안전운전불이행,건조,맑음,교차로 - 교차로부근,개인형이동수단(PM),남,22세,경상,승용,남,39세,상해없음
2019110100100226,2019년 11월 1일 09시,금요일,충청북도 충주시 노은면,중상사고,0,12,26,2,차대차 - 추돌,안전운전불이행,건조,맑음,단일로 - 기타,승합,남,37세,상해없음,화물,남,51세,중상
2019110100100336,2019년 11월 1일 12시,금요일,충청북도 제천시 하소동,경상사고,0,0,1,0,차대차 - 측면충돌,직진우회전진행방해,건조,맑음,교차로 - 교차로안,승용,여,54세,경상,승용,여,56세,상해없음
2019110100100372,2019년 11월 1일 13시,금요일,충청북도 청주시 흥덕구 송절동,경상사고,0,0,1,0,차대차 - 기타,안전운전불이행,건조,맑음,교차로 - 교차로부근,승용,여,70세,상해없음,승용,여,24세,경상
2019110100100373,2019년 11월 1일 13시,금요일,충청북도 청주시 상당구 미원면,경상사고,0,0,3,0,차대차 - 측면충돌,안전운전불이행,건조,맑음,단일로 - 기타,승용,여,49세,상해없음,승용,여,48세,경상
2019110100100411,2019년 11월 1일 14시,금요일,충청북도 보은군 보은읍,경상사고,0,0,1,0,차대사람 - 기타,안전운전불이행,건조,맑음,단일로 - 기타,승용,여,75세,상해없음,보행자,남,44세,경상
2019110100100412,2019년 11월 1일 14시,금요일,충청북도 청주시 흥덕구 가경동,경상사고,0,0,1,0,차대차 - 기타,안전운전불이행,건조,맑음,교차로 - 교차로부근,승용,남,45세,상해없음,승합,남,54세,상해없음
2019110100100455,2019년 11월 1일 15시,금요일,충청북도 청주시 청원구 오창읍,중상사고,0,2,0,0,차대차 - 기타,안전운전불이행,건조,맑음,교차로 - 교차로안,승용,여,65세,상해없음,승용,남,37세,중상
2019110100100456,2019년 11월 1일 15시,금요일,충청북도 제천시 장락동,중상사고,0,3,2,0,차대차 - 측면충돌,안전거리미확보,건조,맑음,단일로 - 지하차도(도로)내,승용,여,65세,중상,승용,남,47세,경상
2019110100100491,2019년 11월 1일 16시,금요일,충청북도 제천시 장락동,경상사고,0,0,1,0,차대사람 - 횡단중,보행자보호의무위반,건조,맑음,교차로 - 교차로횡단보도내,승용,여,46세,상해없음,보행자,남,11세,경상
2019110100100537,2019년 11월 1일 17시,금요일,충청북도 진천군 광혜원면,중상사고,0,1,0,0,차대차 - 기타,직진우회전진행방해,건조,맑음,교차로 - 교차로안,승용,여,54세,상해없음,이륜,남,75세,중상
2019110100100541,2019년 11월 1일 17시,금요일,충청북도 청주시 서원구 남이면,부상신고사고,0,0,0,2,차대차 - 기타,안전운전불이행,건조,맑음,단일로 - 기타,특수,남,45세,상해없음,승용,남,48세,부상신고
2019110100100596,2019년 11월 1일 18시,금요일,충청북도 청주시 청원구 율량동,중상사고,0,1,1,0,차대사람 - 기타,안전운전불이행,건조,맑음,교차로 - 교차로부근,승용,여,26세,상해없음,보행자,여,57세,중상
2019110100100597,2019년 11월 1일 18시,금요일,충청북도 충주시 용산동,경상사고,0,0,1,0,차대차 - 기타,안전운전불이행,건조,맑음,단일로 - 기타,승용,남,30세,상해없음,승용,남,22세,기타불명
2019110100100598,2019년 11월 1일 18시,금요일,충청북도 충주시 연수동,경상사고,0,0,4,0,차대차 - 기타,신호위반,건조,맑음,교차로 - 교차로안,승용,여,42세,경상,승용,여,43세,경상
2019110100100599,2019년 11월 1일 18시,금요일,충청북도 음성군 금왕읍,경상사고,0,0,2,0,차대차 - 측면충돌,기타,건조,맑음,단일로 - 지하차도(도로)내,승용,여,50세,상해없음,승용,남,47세,경상
2019110100100600,2019년 11월 1일 18시,금요일,충청북도 단양군 영춘면,중상사고,0,1,0,0,차대사람 - 횡단중,안전운전불이행,건조,맑음,교차로 - 교차로부근,화물,남,49세,상해없음,보행자,여,76세,중상
2019110100100601,2019년 11월 1일 18시,금요일,충청북도 청주시 흥덕구 향정동,중상사고,0,1,0,0,차대차 - 측면충돌,신호위반,건조,맑음,교차로 - 교차로안,승용,여,48세,상해없음,이륜,남,23세,중상
2019110100100663,2019년 11월 1일 19시,금요일,충청북도 청주시 서원구 산남동,경상사고,0,0,2,0,차대차 - 측면충돌,안전운전불이행,건조,맑음,교차로 - 교차로횡단보도내,승용,여,33세,상해없음,승용,여,46세,경상
2019110100100664,2019년 11월 1일 19시,금요일,충청북도 청주시 서원구 산남동,경상사고,0,0,1,0,차대차 - 추돌,안전운전불이행,건조,맑음,교차로 - 교차로부근,승용,남,35세,상해없음,승용,여,37세,경상
2019110100100717,2019년 11월 1일 20시,금요일,충청북도 충주시 주덕읍,사망사고,1,0,0,0,차대사람 - 차도통행중,안전운전불이행,건조,맑음,교차로 - 교차로안,승용,남,40세,상해없음,보행자,여,65세,사망
2019110100100718,2019년 11월 1일 20시,금요일,충청북도 증평군 증평읍,경상사고,0,0,3,0,차대차 - 추돌,안전운전불이행,건조,맑음,교차로 - 교차로부근,승용,남,23세,상해없음,승용,여,45세,경상
2019110100100745,2019년 11월 1일 21시,금요일,충청북도 청주시 흥덕구 복대동,중상사고,0,1,0,0,차대사람 - 기타,안전운전불이행,건조,맑음,교차로 - 교차로안,승합,남,53세,상해없음,보행자,여,48세,중상
2019110100100746,2019년 11월 1일 21시,금요일,충청북도 청주시 서원구 남이면,경상사고,0,0,4,0,차대차 - 추돌,안전거리미확보,건조,맑음,교차로 - 교차로안,승용,남,23세,경상,화물,남,32세,경상
2019110100100776,2019년 11월 1일 22시,금요일,충청북도 청주시 흥덕구 봉명동,중상사고,0,1,0,0,차대차 - 측면충돌,불법유턴,건조,맑음,교차로 - 교차로안,승용,여,27세,상해없음,이륜,남,21세,중상
2019110200100037,2019년 11월 2일 00시,토요일,충청북도 청주시 청원구 율량동,경상사고,0,0,2,0,차대차 - 기타,안전거리미확보,건조,맑음,단일로 - 기타,승용,남,29세,상해없음,승용,남,28세,경상
2019110200100064,2019년 11월 2일 02시,토요일,충청북도 청주시 상당구 용암동,중상사고,0,1,2,0,차대차 - 정면충돌,중앙선침범,건조,맑음,단일로 - 지하차도(도로)내,원동기,남,18세,중상,승용,남,18세,경상
2019110200100098,2019년 11월 2일 05시,토요일,충청북도 충주시 교현동,경상사고,0,0,1,0,차대사람 - 횡단중,신호위반,건조,흐림,교차로 - 교차로횡단보도내,화물,여,67세,상해없음,보행자,남,38세,경상
2019110200100099,2019년 11월 2일 05시,토요일,충청북도 청주시 흥덕구 복대동,경상사고,0,0,2,0,차대차 - 측면충돌,신호위반,건조,맑음,교차로 - 교차로안,승용,남,44세,상해없음,승용,남,25세,경상
2019110200100131,2019년 11월 2일 07시,토요일,충청북도 청주시 흥덕구 옥산면,경상사고,0,0,2,0,차대차 - 기타,신호위반,건조,맑음,교차로 - 교차로안,승용,여,54세,경상,승용,남,39세,경상
2019110200100132,2019년 11월 2일 07시,토요일,충청북도 청주시 상당구 석교동,중상사고,0,1,0,0,차대차 - 정면충돌,차로위반,건조,맑음,단일로 - 기타,건설기계,남,63세,상해없음,이륜,남,43세,중상
2019110200100229,2019년 11월 2일 10시,토요일,충청북도 청주시 흥덕구 송절동,경상사고,0,0,1,0,차대차 - 기타,차로위반,건조,맑음,기타 - 기타,승용,남,58세,상해없음,화물,남,55세,경상
2019110200100230,2019년 11월 2일 10시,토요일,충청북도 청주시 서원구 남이면,중상사고,0,1,0,0,차대차 - 기타,차로위반,건조,맑음,단일로 - 기타,건설기계,남,56세,상해없음,승용,여,57세,중상
2019110200100269,2019년 11월 2일 11시,토요일,충청북도 청주시 청원구 율량동,중상사고,0,1,0,0,차대사람 - 기타,기타,건조,맑음,단일로 - 기타,승용,남,42세,상해없음,보행자,남,49세,중상
2019110200100270,2019년 11월 2일 11시,토요일,충청북도 충주시 칠금동,경상사고,0,0,1,0,차대차 - 기타,중앙선침범,건조,맑음,단일로 - 기타,승용,여,27세,상해없음,원동기,남,48세,경상
2019110200100271,2019년 11월 2일 11시,토요일,충청북도 청주시 흥덕구 오송읍,경상사고,0,0,1,0,차대차 - 기타,기타,건조,맑음,단일로 - 기타,승용,여,67세,상해없음,승용,남,59세,경상
2019110200100355,2019년 11월 2일 13시,토요일,충청북도 청주시 흥덕구 복대동,경상사고,0,0,1,0,차대차 - 추돌,안전운전불이행,건조,맑음,교차로 - 교차로부근,승용,여,37세,상해없음,승용,남,27세,경상
2019110200100356,2019년 11월 2일 13시,토요일,충청북도 청주시 서원구 분평동,경상사고,0,0,1,0,차대사람 - 횡단중,보행자보호의무위반,건조,맑음,교차로 - 교차로횡단보도내,승용,여,25세,상해없음,보행자,여,10세,경상
2019110200100518,2019년 11월 2일 17시,토요일,충청북도 청주시 상당구 용암동,경상사고,0,0,1,0,차대차 - 정면충돌,안전운전불이행,건조,맑음,교차로 - 교차로부근,승용,여,66세,상해없음,승용,남,67세,상해없음
2019110200100519,2019년 11월 2일 17시,토요일,충청북도 청주시 상당구 남일면,경상사고,0,0,2,0,차대차 - 추돌,안전운전불이행,건조,맑음,단일로 - 기타,승용,남,32세,상해없음,승용,여,38세,경상
2019110200100567,2019년 11월 2일 18시,토요일,충청북도 충주시 연수동,중상사고,0,2,0,0,차대차 - 기타,교차로운행방법위반,건조,맑음,교차로 - 교차로안,승용,남,53세,상해없음,승용,여,48세,중상
2019110200100619,2019년 11월 2일 19시,토요일,충청북도 청주시 서원구 사직동,경상사고,0,0,1,0,차대사람 - 기타,기타,건조,맑음,단일로 - 기타,이륜,남,64세,상해없음,보행자,남,76세,경상
2019110200100620,2019년 11월 2일 19시,토요일,충청북도 청주시 서원구 사창동,경상사고,0,0,4,0,차대차 - 기타,안전운전불이행,건조,맑음,단일로 - 기타,승용,남,22세,상해없음,승용,남,29세,경상
2019110200100621,2019년 11월 2일 19시,토요일,충청북도 제천시 신동,중상사고,0,3,1,0,차대차 - 정면충돌,중앙선침범,건조,맑음,단일로 - 기타,승용,남,49세,중상,승용,남,21세,경상
2019110200100622,2019년 11월 2일 19시,토요일,충청북도 진천군 덕산면,경상사고,0,0,1,0,차대차 - 기타,안전운전불이행,건조,맑음,교차로 - 교차로안,화물,여,40세,상해없음,이륜,남,18세,경상
2019110200100623,2019년 11월 2일 19시,토요일,충청북도 청주시 상당구 용암동,경상사고,0,0,1,0,차대차 - 기타,안전운전불이행,건조,맑음,단일로 - 지하차도(도로)내,이륜,남,32세,경상,이륜,남,56세,상해없음
2019110300100063,2019년 11월 3일 02시,일요일,충청북도 충주시 수안보면,경상사고,0,0,2,0,차대차 - 추돌,안전거리미확보,건조,맑음,단일로 - 기타,승용,남,37세,상해없음,승용,여,58세,경상
2019110300100070,2019년 11월 3일 03시,일요일,충청북도 음성군 맹동면,중상사고,0,1,0,0,차량단독 - 공작물충돌,안전운전불이행,건조,맑음,교차로 - 교차로안,이륜,남,18세,중상,,,,
2019110300100136,2019년 11월 3일 09시,일요일,충청북도 진천군 진천읍,경상사고,0,0,3,0,차대차 - 측면충돌,차로위반,건조,맑음,단일로 - 기타,화물,남,65세,상해없음,승용,남,32세,경상
2019110300100137,2019년 11월 3일 09시,일요일,충청북도 청주시 서원구 현도면,경상사고,0,0,4,0,차대차 - 측면충돌,안전운전불이행,건조,맑음,단일로 - 기타,승용,남,62세,상해없음,승용,남,66세,경상
2019110300100181,2019년 11월 3일 11시,일요일,충청북도 청주시 서원구 모충동,경상사고,0,0,2,0,차대차 - 추돌,안전운전불이행,건조,맑음,단일로 - 기타,승용,여,58세,상해없음,승용,남,28세,경상
2019110300100211,2019년 11월 3일 12시,일요일,충청북도 충주시 연수동,경상사고,0,0,1,0,차대사람 - 기타,안전운전불이행,건조,맑음,교차로 - 교차로부근,승용,남,44세,상해없음,보행자,남,12세,경상
2019110300100212,2019년 11월 3일 12시,일요일,충청북도 보은군 보은읍,중상사고,0,2,0,0,차대차 - 측면충돌,교차로운행방법위반,건조,맑음,교차로 - 교차로안,승용,남,63세,중상,승용,여,40세,중상
2019110300100213,2019년 11월 3일 12시,일요일,충청북도 단양군 단양읍,중상사고,0,1,5,0,차대차 - 추돌,안전운전불이행,건조,맑음,단일로 - 기타,승용,남,56세,상해없음,승용,남,56세,중상
2019110300100214,2019년 11월 3일 12시,일요일,충청북도 청주시 흥덕구 봉명동,경상사고,0,0,1,0,차대차 - 추돌,안전운전불이행,건조,맑음,교차로 - 교차로부근,화물,남,50세,상해없음,승용,여,48세,경상
2019110300100270,2019년 11월 3일 14시,일요일,충청북도 옥천군 옥천읍,중상사고,0,1,1,0,차대차 - 측면충돌,직진우회전진행방해,건조,맑음,교차로 - 교차로안,화물,남,79세,상해없음,화물,남,71세,경상
2019110300100271,2019년 11월 3일 14시,일요일,충청북도 청주시 흥덕구 가경동,중상사고,0,1,1,0,차대차 - 측면충돌,신호위반,건조,맑음,교차로 - 교차로안,이륜,남,40세,중상,승합,남,33세,경상
2019110300100304,2019년 11월 3일 15시,일요일,충청북도 청주시 청원구 내덕동,경상사고,0,0,1,0,차대차 - 기타,신호위반,건조,맑음,교차로 - 교차로안,승용,남,72세,상해없음,자전거,여,72세,경상
2019110300100305,2019년 11월 3일 15시,일요일,충청북도 충주시 용두동,경상사고,0,0,3,0,차대차 - 기타,안전거리미확보,건조,맑음,단일로 - 기타,승용,남,53세,상해없음,승용,남,21세,경상
2019110300100306,2019년 11월 3일 15시,일요일,충청북도 음성군 맹동면,경상사고,0,0,2,0,차대차 - 추돌,안전운전불이행,건조,맑음,단일로 - 지하차도(도로)내,승용,여,33세,상해없음,화물,남,67세,경상
2019110300100341,2019년 11월 3일 16시,일요일,충청북도 괴산군 문광면,중상사고,0,1,1,0,차대차 - 추돌,안전운전불이행,건조,맑음,단일로 - 기타,승용,여,40세,상해없음,승용,남,32세,경상
2019110300100342,2019년 11월 3일 16시,일요일,충청북도 청주시 서원구 개신동,경상사고,0,0,1,0,차대차 - 추돌,안전운전불이행,건조,맑음,미분류 - 미분류,승용,남,49세,상해없음,이륜,남,16세,경상
2019110300100343,2019년 11월 3일 16시,일요일,충청북도 청주시 흥덕구 송정동,경상사고,0,0,1,0,차대차 - 기타,안전운전불이행,건조,맑음,단일로 - 기타,기타불명,기타불명,미분류,기타불명,승용,남,28세,경상
2019110300100374,2019년 11월 3일 17시,일요일,충청북도 청주시 청원구 내수읍,중상사고,0,1,1,0,차대차 - 기타,직진우회전진행방해,건조,맑음,교차로 - 교차로안,승용,남,72세,중상,화물,남,52세,경상
2019110300100375,2019년 11월 3일 17시,일요일,충청북도 증평군 증평읍,경상사고,0,0,4,0,차대차 - 기타,안전거리미확보,건조,맑음,단일로 - 기타,승용,남,68세,상해없음,승용,여,38세,경상
2019110300100417,2019년 11월 3일 18시,일요일,충청북도 청주시 흥덕구 옥산면,경상사고,0,0,1,3,차대차 - 측면충돌,안전운전불이행,건조,맑음,단일로 - 기타,승합,남,55세,상해없음,승용,남,41세,부상신고
2019110300100453,2019년 11월 3일 19시,일요일,충청북도 충주시 교현동,중상사고,0,1,0,0,차대차 - 측면충돌,신호위반,건조,맑음,교차로 - 교차로부근,화물,여,51세,상해없음,원동기,남,58세,중상
2019110300100480,2019년 11월 3일 20시,일요일,충청북도 청주시 청원구 사천동,중상사고,0,1,0,0,차대사람 - 보도통행중,보행자보호의무위반,건조,맑음,교차로 - 교차로횡단보도내,승합,남,67세,상해없음,보행자,남,65세,중상
2019110300100481,2019년 11월 3일 20시,일요일,충청북도 단양군 단성면,경상사고,0,0,2,0,차대차 - 기타,안전운전불이행,건조,맑음,교차로 - 교차로안,화물,남,70세,경상,화물,남,62세,경상
2019110300100537,2019년 11월 3일 23시,일요일,충청북도 청주시 서원구 사창동,경상사고,0,0,1,0,차대사람 - 기타,안전운전불이행,건조,맑음,단일로 - 기타,승용,남,27세,상해없음,보행자,남,22세,경상
2019110300100538,2019년 11월 3일 23시,일요일,충청북도 음성군 음성읍,중상사고,0,2,0,0,차대차 - 측면충돌,안전운전불이행,건조,맑음,교차로 - 교차로안,승용,남,50세,상해없음,승용,남,37세,중상
2019110300100539,2019년 11월 3일 23시,일요일,충청북도 진천군 덕산면,중상사고,0,1,0,0,차대차 - 기타,직진우회전진행방해,건조,흐림,교차로 - 교차로부근,승용,여,63세,상해없음,승용,여,25세,중상
2019110300100540,2019년 11월 3일 23시,일요일,충청북도 청주시 흥덕구 복대동,경상사고,0,0,1,0,차대차 - 측면충돌,안전운전불이행,건조,맑음,교차로 - 교차로부근,승용,남,65세,상해없음,이륜,남,39세,경상
2019110400100032,2019년 11월 4일 00시,월요일,충청북도 충주시 연수동,경상사고,0,0,1,0,차대차 - 기타,안전운전불이행,건조,맑음,단일로 - 기타,승용,남,35세,상해없음,승용,남,29세,경상
2019110400100060,2019년 11월 4일 04시,월요일,충청북도 충주시 용산동,중상사고,0,1,0,0,차량단독 - 기타,안전운전불이행,건조,맑음,교차로 - 교차로부근,자전거,남,51세,중상,,,,
2019110400100069,2019년 11월 4일 05시,월요일,충청북도 청주시 서원구 수곡동,경상사고,0,0,1,0,차대차 - 측면충돌,안전운전불이행,건조,맑음,단일로 - 지하차도(도로)내,화물,남,58세,상해없음,승용,여,48세,경상
2019110400100109,2019년 11월 4일 07시,월요일,충청북도 제천시 고명동,경상사고,0,0,1,0,차대차 - 추돌,안전거리미확보,건조,맑음,기타 - 기타,승용,남,24세,경상,화물,남,58세,상해없음
2019110400100151,2019년 11월 4일 08시,월요일,충청북도 옥천군 옥천읍,경상사고,0,0,1,0,차대차 - 후진중충돌,불법유턴,건조,맑음,주차장 - 주차장,승용,남,49세,상해없음,승용,남,75세,상해없음
2019110400100152,2019년 11월 4일 08시,월요일,충청북도 진천군 덕산면,경상사고,0,0,1,0,차대차 - 기타,안전운전불이행,건조,맑음,교차로 - 교차로안,자전거,남,81세,경상,승용,여,27세,상해없음
2019110400100249,2019년 11월 4일 10시,월요일,충청북도 청주시 상당구 영운동,경상사고,0,0,1,0,차대차 - 측면충돌,교차로운행방법위반,건조,맑음,교차로 - 교차로안,원동기,여,41세,경상,승용,여,53세,상해없음
2019110400100281,2019년 11월 4일 11시,월요일,충청북도 영동군 영동읍,경상사고,0,0,1,0,차대차 - 측면충돌,차로위반,건조,맑음,단일로 - 기타,건설기계,남,54세,상해없음,승용,여,54세,경상
2019110400100282,2019년 11월 4일 11시,월요일,충청북도 청주시 서원구 성화동,경상사고,0,0,1,0,차대차 - 기타,안전운전불이행,건조,맑음,교차로 - 교차로안,승용,여,59세,상해없음,자전거,남,78세,경상
2019110400100362,2019년 11월 4일 13시,월요일,충청북도 청주시 서원구 모충동,경상사고,0,0,2,0,차대차 - 측면충돌,안전운전불이행,건조,맑음,단일로 - 지하차도(도로)내,승용,남,24세,상해없음,승용,여,39세,경상
2019110400100408,2019년 11월 4일 14시,월요일,충청북도 청주시 흥덕구 비하동,경상사고,0,0,1,0,차대차 - 측면충돌,안전운전불이행,건조,맑음,교차로 - 교차로안,승용,남,58세,상해없음,승용,여,30세,경상
2019110400100453,2019년 11월 4일 15시,월요일,충청북도 충주시 교현동,경상사고,0,0,1,0,차대차 - 측면충돌,안전운전불이행,건조,맑음,교차로 - 교차로안,자전거,남,78세,경상,승용,여,70세,상해없음
2019110400100454,2019년 11월 4일 15시,월요일,충청북도 청주시 흥덕구 비하동,경상사고,0,0,2,0,차대차 - 추돌,안전운전불이행,건조,맑음,단일로 - 기타,승용,여,50세,상해없음,화물,남,28세,경상
2019110400100504,2019년 11월 4일 16시,월요일,충청북도 음성군 감곡면,경상사고,0,0,2,0,차대차 - 측면충돌,직진우회전진행방해,건조,맑음,교차로 - 교차로안,이륜,남,20세,경상,승용,여,22세,상해없음
2019110400100505,2019년 11월 4일 16시,월요일,충청북도 청주시 흥덕구 가경동,경상사고,0,0,1,0,차대차 - 기타,교차로운행방법위반,건조,맑음,교차로 - 교차로안,승용,남,72세,상해없음,승용,남,56세,경상
2019110400100552,2019년 11월 4일 17시,월요일,충청북도 청주시 청원구 내수읍,경상사고,0,0,1,0,차대차 - 기타,안전운전불이행,건조,맑음,단일로 - 기타,화물,남,48세,상해없음,승용,남,45세,경상
2019110400100553,2019년 11월 4일 17시,월요일,충청북도 청주시 흥덕구 복대동,경상사고,0,0,1,0,차대차 - 측면충돌,안전운전불이행,건조,맑음,교차로 - 교차로횡단보도내,승용,여,38세,상해없음,자전거,남,7세,경상
2019110400100554,2019년 11월 4일 17시,월요일,충청북도 청주시 흥덕구 오송읍,경상사고,0,0,1,0,차대차 - 측면충돌,교차로운행방법위반,건조,맑음,교차로 - 교차로안,원동기,남,29세,상해없음,승용,남,28세,경상
2019110400100615,2019년 11월 4일 18시,월요일,충청북도 충주시 봉방동,중상사고,0,1,0,0,차대사람 - 횡단중,보행자보호의무위반,건조,맑음,교차로 - 교차로횡단보도내,승용,남,58세,상해없음,보행자,여,43세,중상
2019110400100663,2019년 11월 4일 19시,월요일,충청북도 청주시 서원구 분평동,경상사고,0,0,1,0,차대사람 - 기타,안전운전불이행,건조,맑음,단일로 - 기타,이륜,남,21세,경상,보행자,남,13세,상해없음
2019110400100704,2019년 11월 4일 20시,월요일,충청북도 청주시 흥덕구 복대동,경상사고,0,0,1,0,차대사람 - 횡단중,신호위반,건조,맑음,단일로 - 기타,승용,여,46세,상해없음,보행자,남,13세,경상
2019110400100705,2019년 11월 4일 20시,월요일,충청북도 청주시 서원구 수곡동,경상사고,0,0,1,0,차대차 - 추돌,안전거리미확보,건조,맑음,교차로 - 교차로부근,이륜,남,21세,상해없음,이륜,남,39세,경상
2019110400100735,2019년 11월 4일 21시,월요일,충청북도 청주시 청원구 내덕동,경상사고,0,0,1,0,차대차 - 기타,중앙선침범,건조,맑음,교차로 - 교차로안,승용,여,62세,경상,기타불명,기타불명,미분류,기타불명
2019110400100736,2019년 11월 4일 21시,월요일,충청북도 청주시 상당구 용담동,중상사고,0,1,0,0,차대차 - 기타,안전운전불이행,건조,맑음,교차로 - 교차로안,승용,남,27세,상해없음,이륜,남,39세,중상