사고번호,사고일시,요일,시군구,사고내용,사망자수,중상자수,경상자수,부상신고자수,사고유형,법규위반,노면상태,기상상태,도로형태,가해운전자 차종,가해운전자 성별,가해운전자 연령,가해운전자 상해정도,피해운전자 차종,피해운전자 성별,피해운전자 연령,피해운전자 상해정도
2019111200100505,2019년 11월 12일 18시,화요일,충청북도 충주시 칠금동,경상사고,0,0,1,0,차대차 - 추돌,안전운전불이행,건조,맑음,단일로 - 기타,승용,여,21세,상해없음,승용,남,32세,경상
2019111200100506,2019년 11월 12일 18시,화요일,충청북도 진천군 이월면,경상사고,0,0,4,0,차대차 - 추돌,안전거리미확보,건조,맑음,단일로 - 기타,승용,남,28세,상해없음,승용,남,57세,경상
2019111200100557,2019년 11월 12일 19시,화요일,충청북도 진천군 문백면,경상사고,0,0,1,0,차대차 - 측면충돌,안전운전불이행,건조,맑음,기타 - 기타,화물,남,60세,상해없음,승용,여,51세,경상
2019111200100558,2019년 11월 12일 19시,화요일,충청북도 청주시 흥덕구 봉명동,중상사고,0,1,0,0,차대차 - 정면충돌,신호위반,건조,맑음,교차로 - 교차로안,승용,남,28세,상해없음,승용,여,58세,중상
2019111200100559,2019년 11월 12일 19시,화요일,충청북도 청주시 서원구 분평동,중상사고,0,1,0,0,차량단독 - 기타,안전운전불이행,건조,맑음,기타 - 기타,승합,남,37세,상해없음,,,,
2019111200100584,2019년 11월 12일 20시,화요일,충청북도 충주시 봉방동,경상사고,0,0,1,0,차대차 - 기타,기타,건조,맑음,교차로 - 교차로부근,승용,남,57세,상해없음,자전거,여,61세,경상
2019111200100612,2019년 11월 12일 21시,화요일,충청북도 청주시 청원구 우암동,경상사고,0,0,1,0,차대차 - 측면충돌,안전거리미확보,건조,맑음,단일로 - 기타,승용,남,64세,상해없음,승합,남,54세,기타불명
2019111300100082,2019년 11월 13일 06시,수요일,충청북도 청주시 흥덕구 오송읍,경상사고,0,0,2,0,차대차 - 측면충돌,신호위반,건조,맑음,교차로 - 교차로안,승용,남,68세,상해없음,승용,여,29세,경상
2019111300100106,2019년 11월 13일 07시,수요일,충청북도 충주시 성남동,경상사고,0,0,1,1,차대차 - 측면충돌,직진우회전진행방해,건조,맑음,교차로 - 교차로안,승용,여,30세,부상신고,승용,남,49세,경상
2019111300100139,2019년 11월 13일 08시,수요일,충청북도 제천시 의림동,경상사고,0,0,2,0,차대차 - 측면충돌,직진우회전진행방해,건조,맑음,교차로 - 교차로안,승용,여,65세,경상,승용,남,58세,경상
2019111300100168,2019년 11월 13일 09시,수요일,충청북도 청주시 서원구 사직동,경상사고,0,0,2,0,차대차 - 기타,직진우회전진행방해,건조,맑음,교차로 - 교차로안,승용,남,26세,경상,승용,남,66세,경상
2019111300100169,2019년 11월 13일 09시,수요일,충청북도 음성군 금왕읍,중상사고,0,1,0,0,차대차 - 측면충돌,교차로운행방법위반,건조,맑음,교차로 - 교차로안,승용,남,76세,상해없음,이륜,남,84세,중상
2019111300100170,2019년 11월 13일 09시,수요일,충청북도 진천군 진천읍,중상사고,0,1,2,0,차대차 - 측면충돌,직진우회전진행방해,건조,맑음,교차로 - 교차로안,승용,여,50세,상해없음,승용,남,47세,경상
2019111300100171,2019년 11월 13일 09시,수요일,충청북도 청주시 흥덕구 송정동,중상사고,0,1,0,0,차대차 - 기타,신호위반,건조,맑음,단일로 - 기타,승용,남,27세,상해없음,이륜,남,72세,중상
2019111300100224,2019년 11월 13일 11시,수요일,충청북도 충주시 산척면,중상사고,0,1,0,0,차대차 - 측면충돌,안전운전불이행,건조,맑음,교차로 - 교차로안,화물,남,41세,기타불명,승용,남,33세,상해없음
2019111300100225,2019년 11월 13일 11시,수요일,충청북도 제천시 화산동,부상신고사고,0,0,0,1,차대사람 - 차도통행중,안전운전불이행,건조,맑음,단일로 - 지하차도(도로)내,승용,남,64세,상해없음,보행자,남,62세,부상신고
2019111300100258,2019년 11월 13일 12시,수요일,충청북도 충주시 용두동,경상사고,0,0,3,0,차대차 - 기타,신호위반,젖음/습기,흐림,교차로 - 교차로안,승용,남,56세,상해없음,승용,남,22세,경상
2019111300100294,2019년 11월 13일 13시,수요일,충청북도 청주시 흥덕구 향정동,부상신고사고,0,0,0,1,차대사람 - 기타,안전운전불이행,건조,맑음,단일로 - 기타,기타불명,기타불명,미분류,기타불명,보행자,여,48세,부상신고
2019111300100320,2019년 11월 13일 14시,수요일,충청북도 제천시 고암동,중상사고,0,2,1,0,차대차 - 측면충돌,직진우회전진행방해,젖음/습기,흐림,교차로 - 교차로안,승용,여,45세,경상,승합,남,29세,중상
2019111300100348,2019년 11월 13일 15시,수요일,충청북도 음성군 감곡면,중상사고,0,1,1,0,차대차 - 측면충돌,교차로운행방법위반,젖음/습기,비,교차로 - 교차로안,승용,여,60세,중상,승용,여,54세,경상
2019111300100349,2019년 11월 13일 15시,수요일,충청북도 청주시 상당구 북문로2가동,경상사고,0,0,1,0,차량단독 - 기타,안전운전불이행,건조,맑음,단일로 - 지하차도(도로)내,승합,남,59세,상해없음,,,,
2019111300100433,2019년 11월 13일 17시,수요일,충청북도 제천시 하소동,중상사고,0,1,0,0,차대사람 - 기타,안전운전불이행,젖음/습기,비,단일로 - 지하차도(도로)내,원동기,남,74세,상해없음,보행자,여,54세,중상
2019111300100434,2019년 11월 13일 17시,수요일,충청북도 제천시 교동,중상사고,0,1,0,0,차대사람 - 횡단중,보행자보호의무위반,젖음/습기,비,교차로 - 교차로횡단보도내,화물,남,51세,상해없음,보행자,여,42세,중상
2019111300100504,2019년 11월 13일 18시,수요일,충청북도 충주시 호암동,경상사고,0,0,1,0,차대사람 - 기타,안전운전불이행,젖음/습기,비,교차로 - 교차로부근,화물,남,35세,상해없음,보행자,여,49세,경상
2019111300100505,2019년 11월 13일 18시,수요일,충청북도 제천시 명동,부상신고사고,0,0,0,1,차대차 - 측면충돌,안전운전불이행,젖음/습기,비,교차로 - 교차로안,승용,남,78세,상해없음,승용,남,59세,부상신고
2019111300100506,2019년 11월 13일 18시,수요일,충청북도 제천시 영천동,경상사고,0,0,1,0,차대사람 - 횡단중,보행자보호의무위반,젖음/습기,비,교차로 - 교차로안,승용,남,55세,상해없음,보행자,여,64세,경상
2019111300100507,2019년 11월 13일 18시,수요일,충청북도 제천시 왕암동,경상사고,0,0,3,0,차대차 - 측면충돌,안전운전불이행,젖음/습기,비,교차로 - 교차로안,승용,남,54세,상해없음,승용,남,38세,경상
2019111300100508,2019년 11월 13일 18시,수요일,충청북도 청주시 흥덕구 송절동,중상사고,0,1,2,0,차대차 - 측면충돌,직진우회전진행방해,젖음/습기,비,교차로 - 교차로안,승용,남,50세,중상,승용,남,25세,경상
2019111300100509,2019년 11월 13일 18시,수요일,충청북도 청주시 흥덕구 가경동,경상사고,0,0,1,0,차대차 - 추돌,안전운전불이행,젖음/습기,비,단일로 - 기타,승용,남,32세,상해없음,승용,여,29세,경상
2019111300100510,2019년 11월 13일 18시,수요일,충청북도 청주시 상당구 용암동,경상사고,0,0,1,0,차대차 - 측면충돌,신호위반,젖음/습기,비,교차로 - 교차로부근,승용,여,53세,상해없음,승용,남,25세,경상
2019111300100511,2019년 11월 13일 18시,수요일,충청북도 청주시 상당구 영운동,경상사고,0,0,1,0,차대차 - 측면충돌,신호위반,젖음/습기,비,교차로 - 교차로안,승용,남,33세,상해없음,승용,남,62세,경상
2019111300100585,2019년 11월 13일 19시,수요일,충청북도 청주시 상당구 금천동,경상사고,0,0,2,0,차대차 - 측면충돌,안전운전불이행,건조,맑음,단일로 - 지하차도(도로)내,승합,남,28세,경상,승용,남,52세,경상
2019111300100642,2019년 11월 13일 20시,수요일,충청북도 충주시 교현동,경상사고,0,0,1,0,차대사람 - 기타,안전운전불이행,건조,맑음,단일로 - 기타,승용,남,63세,상해없음,보행자,남,66세,경상
2019111300100643,2019년 11월 13일 20시,수요일,충청북도 옥천군 청산면,중상사고,0,1,0,0,차대사람 - 횡단중,안전운전불이행,건조,맑음,단일로 - 기타,승용,남,45세,상해없음,보행자,남,74세,중상
2019111300100644,2019년 11월 13일 20시,수요일,충청북도 청주시 흥덕구 비하동,경상사고,0,0,1,0,차대차 - 측면충돌,신호위반,건조,맑음,교차로 - 교차로안,승용,여,50세,상해없음,이륜,남,33세,경상
2019111300100645,2019년 11월 13일 20시,수요일,충청북도 청주시 서원구 개신동,경상사고,0,0,1,0,차대차 - 기타,안전운전불이행,젖음/습기,비,기타 - 기타,승용,남,43세,상해없음,이륜,남,21세,경상
2019111300100646,2019년 11월 13일 20시,수요일,충청북도 청주시 흥덕구 복대동,경상사고,0,0,1,0,차대차 - 측면충돌,안전운전불이행,젖음/습기,흐림,교차로 - 교차로안,승용,남,67세,상해없음,이륜,남,18세,경상
2019111300100647,2019년 11월 13일 20시,수요일,충청북도 청주시 흥덕구 오송읍,중상사고,0,2,0,0,차대차 - 정면충돌,안전운전불이행,건조,맑음,교차로 - 교차로안,승용,남,34세,상해없음,승용,남,50세,중상
2019111300100680,2019년 11월 13일 21시,수요일,충청북도 제천시 영천동,경상사고,0,0,4,1,차대차 - 측면충돌,안전운전불이행,젖음/습기,비,교차로 - 교차로안,승용,여,24세,경상,승용,남,52세,경상
2019111300100681,2019년 11월 13일 21시,수요일,충청북도 청주시 상당구 지북동,경상사고,0,0,1,0,차대차 - 추돌,안전거리미확보,건조,맑음,단일로 - 지하차도(도로)내,승합,남,52세,상해없음,승합,남,59세,상해없음
2019111400100043,2019년 11월 14일 01시,목요일,충청북도 청주시 서원구 개신동,중상사고,0,1,1,0,차대차 - 기타,안전운전불이행,건조,맑음,교차로 - 교차로부근,승용,남,39세,상해없음,승용,남,53세,경상
2019111400100060,2019년 11월 14일 04시,목요일,충청북도 청주시 상당구 수동,부상신고사고,0,0,0,1,차대차 - 기타,안전운전불이행,건조,맑음,단일로 - 기타,이륜,남,31세,부상신고,승합,남,46세,상해없음
2019111400100078,2019년 11월 14일 06시,목요일,충청북도 청주시 청원구 내수읍,사망사고,1,0,0,0,차대사람 - 기타,안전운전불이행,건조,맑음,단일로 - 기타,승용,남,25세,상해없음,보행자,남,53세,사망
2019111400100096,2019년 11월 14일 07시,목요일,충청북도 청주시 흥덕구 복대동,부상신고사고,0,0,0,1,차대차 - 추돌,안전거리미확보,건조,맑음,단일로 - 기타,이륜,남,19세,부상신고,승용,남,25세,상해없음
2019111400100097,2019년 11월 14일 07시,목요일,충청북도 청주시 흥덕구 오송읍,경상사고,0,0,2,0,차대차 - 추돌,안전운전불이행,건조,맑음,교차로 - 교차로부근,화물,남,48세,상해없음,승용,남,46세,경상
2019111400100098,2019년 11월 14일 07시,목요일,충청북도 청주시 흥덕구 옥산면,중상사고,0,2,0,0,차대차 - 기타,중앙선침범,건조,맑음,단일로 - 기타,승합,남,39세,상해없음,승용,남,32세,중상
2019111400100131,2019년 11월 14일 08시,목요일,충청북도 청주시 청원구 오창읍,경상사고,0,0,1,0,차대차 - 기타,안전운전불이행,건조,맑음,교차로 - 교차로안,원동기,남,27세,경상,승용,여,24세,상해없음
2019111400100132,2019년 11월 14일 08시,목요일,충청북도 괴산군 괴산읍,중상사고,0,2,1,0,차대차 - 측면충돌,안전운전불이행,건조,맑음,교차로 - 교차로안,승용,남,48세,상해없음,승용,남,67세,경상
2019111400100192,2019년 11월 14일 09시,목요일,충청북도 청주시 서원구 개신동,경상사고,0,0,2,0,차대차 - 기타,교차로운행방법위반,건조,맑음,교차로 - 교차로부근,승용,남,63세,상해없음,승용,여,58세,경상
2019111400100193,2019년 11월 14일 09시,목요일,충청북도 청주시 서원구 모충동,경상사고,0,0,2,0,차대차 - 측면충돌,안전운전불이행,건조,맑음,단일로 - 지하차도(도로)내,승용,여,36세,상해없음,승용,남,45세,경상
2019111400100237,2019년 11월 14일 10시,목요일,충청북도 제천시 남천동,경상사고,0,0,3,0,차대차 - 추돌,안전운전불이행,건조,맑음,교차로 - 교차로부근,승용,남,47세,상해없음,승용,남,28세,경상
2019111400100277,2019년 11월 14일 11시,목요일,충청북도 청주시 서원구 사직동,경상사고,0,0,1,0,차대사람 - 기타,안전운전불이행,건조,맑음,교차로 - 교차로안,승용,남,85세,상해없음,보행자,여,79세,경상
2019111400100278,2019년 11월 14일 11시,목요일,충청북도 청주시 흥덕구 강서동,경상사고,0,0,4,0,차대차 - 기타,교차로운행방법위반,건조,맑음,교차로 - 교차로안,승용,남,30세,경상,승합,남,34세,경상
2019111400100313,2019년 11월 14일 12시,목요일,충청북도 충주시 주덕읍,경상사고,0,0,1,0,차대차 - 후진중충돌,안전운전불이행,건조,맑음,교차로 - 교차로부근,화물,남,72세,상해없음,승용,남,41세,경상
2019111400100354,2019년 11월 14일 13시,목요일,충청북도 청주시 서원구 죽림동,경상사고,0,0,3,0,차대차 - 추돌,안전운전불이행,건조,맑음,교차로 - 교차로부근,승용,남,26세,상해없음,승용,남,59세,경상
2019111400100355,2019년 11월 14일 13시,목요일,충청북도 청주시 흥덕구 복대동,중상사고,0,1,0,0,차대차 - 기타,안전운전불이행,건조,맑음,교차로 - 교차로안,승용,여,49세,상해없음,이륜,남,39세,중상
2019111400100395,2019년 11월 14일 14시,목요일,충청북도 증평군 증평읍,경상사고,0,0,1,0,차대차 - 추돌,안전운전불이행,건조,맑음,단일로 - 기타,이륜,남,24세,경상,승합,남,49세,상해없음
2019111400100477,2019년 11월 14일 16시,목요일,충청북도 충주시 용산동,경상사고,0,0,1,0,차대사람 - 기타,안전운전불이행,건조,맑음,주차장 - 주차장,승용,여,71세,상해없음,보행자,여,65세,경상
2019111400100478,2019년 11월 14일 16시,목요일,충청북도 충주시 대소원면,경상사고,0,0,1,0,차대차 - 기타,기타,건조,맑음,교차로 - 교차로부근,승용,남,77세,상해없음,승용,여,40세,경상
2019111400100479,2019년 11월 14일 16시,목요일,충청북도 청주시 흥덕구 봉명동,경상사고,0,0,1,0,차대차 - 측면충돌,안전운전불이행,건조,맑음,교차로 - 교차로안,승용,여,35세,상해없음,이륜,남,33세,경상
2019111400100538,2019년 11월 14일 17시,목요일,충청북도 제천시 송학면,중상사고,0,1,0,0,차대사람 - 길가장자리구역통행중,안전운전불이행,건조,흐림,단일로 - 기타,승용,여,63세,상해없음,보행자,남,67세,중상
2019111400100539,2019년 11월 14일 17시,목요일,충청북도 청주시 서원구 개신동,중상사고,0,1,0,0,차대차 - 기타,기타,건조,맑음,단일로 - 기타,승용,남,65세,상해없음,이륜,남,50세,중상
2019111400100540,2019년 11월 14일 17시,목요일,충청북도 청주시 흥덕구 강서동,경상사고,0,0,2,0,차대차 - 측면충돌,교차로운행방법위반,건조,맑음,교차로 - 교차로안,승용,남,63세,경상,승용,여,31세,경상
2019111400100541,2019년 11월 14일 17시,목요일,충청북도 청주시 서원구 수곡동,경상사고,0,0,2,0,차대차 - 측면충돌,안전운전불이행,건조,맑음,교차로 - 교차로안,이륜,남,51세,상해없음,승용,남,23세,경상
2019111400100543,2019년 11월 14일 17시,목요일,충청북도 청주시 서원구 현도면,경상사고,0,0,1,0,차대차 - 측면충돌,안전운전불이행,건조,맑음,단일로 - 기타,화물,남,63세,상해없음,승용,여,34세,경상
2019111400100599,2019년 11월 14일 18시,목요일,충청북도 청주시 청원구 내수읍,경상사고,0,0,1,0,차대차 - 기타,불법유턴,건조,맑음,교차로 - 교차로부근,화물,남,56세,상해없음,승합,남,61세,경상
2019111400100600,2019년 11월 14일 18시,목요일,충청북도 청주시 서원구 남이면,경상사고,0,0,1,0,차대차 - 기타,안전거리미확보,건조,맑음,단일로 - 기타,승용,남,33세,상해없음,승용,남,39세,경상
2019111400100664,2019년 11월 14일 19시,목요일,충청북도 충주시 중앙탑면,경상사고,0,0,1,0,차량단독 - 기타,안전운전불이행,건조,맑음,교차로 - 교차로부근,자전거,남,42세,경상,,,,
2019111400100665,2019년 11월 14일 19시,목요일,충청북도 제천시 신백동,중상사고,0,1,0,0,차대사람 - 길가장자리구역통행중,안전운전불이행,건조,맑음,주차장 - 주차장,승용,남,50세,상해없음,보행자,남,38세,중상
2019111400100708,2019년 11월 14일 20시,목요일,충청북도 청주시 서원구 사창동,경상사고,0,0,1,0,차대차 - 기타,신호위반,건조,맑음,교차로 - 교차로부근,이륜,남,36세,경상,화물,남,55세,상해없음
2019111400100709,2019년 11월 14일 20시,목요일,충청북도 청주시 청원구 오창읍,중상사고,0,1,0,0,차대차 - 기타,신호위반,건조,맑음,교차로 - 교차로안,기타불명,기타불명,미분류,기타불명,원동기,남,20세,중상
2019111400100710,2019년 11월 14일 20시,목요일,충청북도 진천군 덕산면,경상사고,0,0,2,0,차대차 - 기타,안전운전불이행,건조,흐림,기타 - 기타,승용,남,42세,상해없음,승용,남,36세,경상
2019111400100711,2019년 11월 14일 20시,목요일,충청북도 청주시 흥덕구 원평동,경상사고,0,0,2,0,차대차 - 측면충돌,기타,건조,맑음,단일로 - 기타,기타불명,기타불명,미분류,기타불명,승용,여,36세,경상
2019111400100782,2019년 11월 14일 23시,목요일,충청북도 충주시 신니면,부상신고사고,0,0,0,1,차량단독 - 공작물충돌,안전운전불이행,건조,흐림,단일로 - 기타,승용,남,52세,부상신고,,,,
2019111400100783,2019년 11월 14일 23시,목요일,충청북도 증평군 증평읍,경상사고,0,0,2,0,차대차 - 측면충돌,신호위반,건조,맑음,교차로 - 교차로안,승용,남,23세,경상,화물,남,64세,경상
2019111400100784,2019년 11월 14일 23시,목요일,충청북도 청주시 흥덕구 강서동,경상사고,0,0,1,0,차대차 - 추돌,안전운전불이행,건조,맑음,교차로 - 교차로안,승용,남,25세,상해없음,이륜,남,28세,경상
2019111400100785,2019년 11월 14일 23시,목요일,충청북도 청주시 상당구 용암동,경상사고,0,0,2,0,차대차 - 추돌,안전운전불이행,건조,맑음,단일로 - 터널,승용,남,50세,기타불명,승용,여,27세,경상
2019111500100094,2019년 11월 15일 06시,금요일,충청북도 청주시 상당구 석교동,경상사고,0,0,1,0,차대차 - 측면충돌,안전운전불이행,건조,맑음,단일로 - 기타,승용,남,23세,상해없음,승용,여,48세,경상
2019111500100120,2019년 11월 15일 07시,금요일,충청북도 청주시 서원구 개신동,중상사고,0,1,4,0,차대차 - 정면충돌,신호위반,건조,맑음,교차로 - 교차로안,승합,남,29세,경상,승용,남,55세,경상
2019111500100121,2019년 11월 15일 07시,금요일,충청북도 청주시 청원구 주성동,중상사고,0,1,0,0,차대차 - 측면충돌,안전거리미확보,건조,맑음,단일로 - 기타,승용,남,24세,상해없음,승용,남,42세,중상
2019111500100122,2019년 11월 15일 07시,금요일,충청북도 충주시 호암동,중상사고,0,1,1,0,차대차 - 기타,안전거리미확보,건조,맑음,단일로 - 기타,승용,여,47세,상해없음,승용,여,34세,중상
2019111500100123,2019년 11월 15일 07시,금요일,충청북도 청주시 상당구 문의면,경상사고,0,0,2,0,차대사람 - 횡단중,안전운전불이행,건조,맑음,기타 - 기타,화물,남,48세,상해없음,보행자,여,34세,경상
2019111500100162,2019년 11월 15일 08시,금요일,충청북도 청주시 청원구 오창읍,경상사고,0,0,1,0,차대차 - 기타,안전운전불이행,건조,맑음,교차로 - 교차로부근,화물,남,24세,상해없음,화물,남,64세,경상
2019111500100163,2019년 11월 15일 08시,금요일,충청북도 음성군 대소면,중상사고,0,3,0,0,차대차 - 추돌,안전거리미확보,건조,맑음,교차로 - 교차로부근,승용,여,39세,중상,화물,여,42세,중상
2019111500100164,2019년 11월 15일 08시,금요일,충청북도 진천군 광혜원면,중상사고,0,1,0,0,차대차 - 측면충돌,중앙선침범,건조,맑음,단일로 - 기타,화물,남,54세,상해없음,이륜,남,49세,중상
2019111500100215,2019년 11월 15일 09시,금요일,충청북도 청주시 청원구 내덕동,경상사고,0,0,2,0,차대차 - 기타,직진우회전진행방해,젖음/습기,흐림,교차로 - 교차로안,승용,남,38세,기타불명,승용,여,43세,경상
2019111500100216,2019년 11월 15일 09시,금요일,충청북도 충주시 연수동,중상사고,0,1,1,0,차대차 - 측면충돌,신호위반,건조,맑음,교차로 - 교차로안,화물,남,63세,경상,승용,남,27세,중상
2019111500100217,2019년 11월 15일 09시,금요일,충청북도 충주시 금가면,중상사고,0,1,1,0,차대차 - 정면충돌,중앙선침범,건조,맑음,단일로 - 기타,승용,남,29세,경상,화물,남,54세,중상
2019111500100218,2019년 11월 15일 09시,금요일,충청북도 청주시 흥덕구 비하동,경상사고,0,0,1,0,차대차 - 기타,교차로운행방법위반,건조,맑음,교차로 - 교차로안,승용,남,42세,상해없음,승용,여,39세,경상
2019111500100263,2019년 11월 15일 10시,금요일,충청북도 충주시 연수동,경상사고,0,0,2,0,차대차 - 기타,중앙선침범,건조,맑음,단일로 - 기타,승용,여,55세,경상,승용,남,31세,경상
2019111500100304,2019년 11월 15일 11시,금요일,충청북도 충주시 호암동,중상사고,0,1,0,0,차대차 - 기타,신호위반,건조,맑음,교차로 - 교차로안,화물,남,65세,상해없음,승용,여,64세,중상
2019111500100305,2019년 11월 15일 11시,금요일,충청북도 제천시 화산동,경상사고,0,0,1,0,차대차 - 정면충돌,직진우회전진행방해,젖음/습기,비,교차로 - 교차로부근,승용,남,41세,경상,화물,남,44세,상해없음
2019111500100306,2019년 11월 15일 11시,금요일,충청북도 청주시 상당구 용담동,중상사고,0,1,0,0,차대사람 - 보도통행중,안전운전불이행,건조,맑음,주차장 - 주차장,승용,남,35세,상해없음,보행자,여,48세,중상
2019111500100358,2019년 11월 15일 12시,금요일,충청북도 청주시 청원구 사천동,경상사고,0,0,2,0,차대차 - 기타,교차로운행방법위반,건조,맑음,교차로 - 교차로안,승용,여,57세,경상,원동기,남,62세,경상
2019111500100359,2019년 11월 15일 12시,금요일,충청북도 제천시 송학면,경상사고,0,0,4,0,차대차 - 측면충돌,기타,젖음/습기,비,교차로 - 교차로안,화물,남,50세,경상,승용,남,66세,경상
2019111500100397,2019년 11월 15일 13시,금요일,충청북도 충주시 성내동,경상사고,0,0,1,0,차대차 - 기타,안전운전불이행,건조,맑음,교차로 - 교차로안,승용,남,54세,상해없음,승용,여,47세,경상
2019111500100434,2019년 11월 15일 14시,금요일,충청북도 충주시 목행동,경상사고,0,0,1,0,차대차 - 측면충돌,안전운전불이행,건조,맑음,단일로 - 기타,특수,남,45세,상해없음,승용,여,47세,경상
2019111500100435,2019년 11월 15일 14시,금요일,충청북도 충주시 달천동,경상사고,0,0,2,1,차대차 - 기타,안전운전불이행,젖음/습기,흐림,교차로 - 교차로안,승용,여,56세,부상신고,승용,남,32세,경상
2019111500100436,2019년 11월 15일 14시,금요일,충청북도 음성군 금왕읍,중상사고,0,1,0,0,차대차 - 기타,안전운전불이행,젖음/습기,비,교차로 - 교차로안,승용,남,54세,상해없음,이륜,여,72세,중상
2019111500100437,2019년 11월 15일 14시,금요일,충청북도 진천군 덕산면,경상사고,0,0,1,0,차대사람 - 기타,안전운전불이행,건조,맑음,교차로 - 교차로부근,승용,남,63세,상해없음,보행자,여,66세,경상
2019111500100480,2019년 11월 15일 15시,금요일,충청북도 증평군 증평읍,경상사고,0,0,1,1,차대차 - 측면충돌,안전거리미확보,건조,맑음,교차로 - 교차로부근,승용,남,62세,부상신고,승용,남,42세,경상
2019111500100481,2019년 11월 15일 15시,금요일,충청북도 진천군 덕산면,경상사고,0,0,2,0,차대차 - 기타,중앙선침범,젖음/습기,비,단일로 - 기타,이륜,남,37세,경상,승합,남,32세,경상
2019111500100522,2019년 11월 15일 16시,금요일,충청북도 청주시 서원구 남이면,경상사고,0,0,1,0,차대차 - 측면충돌,중앙선침범,건조,맑음,단일로 - 기타,화물,남,67세,상해없음,승용,남,30세,경상
2019111500100583,2019년 11월 15일 17시,금요일,충청북도 청주시 서원구 사직동,중상사고,0,1,0,0,차대사람 - 기타,안전운전불이행,젖음/습기,흐림,교차로 - 교차로부근,승합,남,54세,상해없음,보행자,여,61세,중상
2019111500100584,2019년 11월 15일 17시,금요일,충청북도 청주시 흥덕구 신봉동,경상사고,0,0,2,0,차대차 - 기타,신호위반,건조,맑음,교차로 - 교차로안,승용,남,63세,상해없음,승용,여,53세,경상
2019111500100585,2019년 11월 15일 17시,금요일,충청북도 청주시 흥덕구 옥산면,경상사고,0,0,1,0,차대차 - 기타,안전운전불이행,건조,맑음,단일로 - 기타,승용,여,52세,상해없음,승용,남,40세,경상
2019111500100657,2019년 11월 15일 18시,금요일,충청북도 진천군 백곡면,경상사고,0,0,1,0,차대차 - 기타,안전운전불이행,젖음/습기,비,단일로 - 기타,화물,남,64세,상해없음,승용,여,44세,경상
2019111500100658,2019년 11월 15일 18시,금요일,충청북도 청주시 흥덕구 오송읍,경상사고,0,0,2,0,차대차 - 기타,안전운전불이행,건조,맑음,교차로 - 교차로안,승합,남,41세,상해없음,승용,여,28세,경상
2019111500100798,2019년 11월 15일 20시,금요일,충청북도 제천시 명동,경상사고,0,0,1,0,차대차 - 추돌,안전거리미확보,젖음/습기,비,교차로 - 교차로부근,승용,여,42세,상해없음,승용,남,72세,경상
2019111500100799,2019년 11월 15일 20시,금요일,충청북도 제천시 화산동,경상사고,0,0,2,0,차대차 - 정면충돌,안전운전불이행,젖음/습기,비,교차로 - 교차로안,승용,여,39세,상해없음,승합,남,50세,경상
2019111500100800,2019년 11월 15일 20시,금요일,충청북도 청주시 흥덕구 향정동,경상사고,0,0,1,0,차대차 - 기타,안전거리미확보,젖음/습기,비,교차로 - 교차로부근,승용,여,29세,상해없음,승용,여,52세,경상
2019111500100849,2019년 11월 15일 21시,금요일,충청북도 청주시 청원구 오창읍,경상사고,0,0,2,0,차대차 - 기타,안전운전불이행,젖음/습기,비,단일로 - 기타,화물,남,64세,상해없음,승용,남,56세,경상
2019111500100891,2019년 11월 15일 22시,금요일,충청북도 청주시 청원구 율량동,경상사고,0,0,1,0,차량단독 - 공작물충돌,안전운전불이행,젖음/습기,비,단일로 - 기타,승용,남,43세,경상,,,,
2019111500100921,2019년 11월 15일 23시,금요일,충청북도 충주시 연수동,경상사고,0,0,1,0,차대차 - 후진중충돌,안전운전불이행,젖음/습기,흐림,교차로 - 교차로부근,승용,남,22세,상해없음,승용,남,35세,경상
2019111500100922,2019년 11월 15일 23시,금요일,충청북도 영동군 용산면,경상사고,0,0,1,0,차대차 - 추돌,안전운전불이행,건조,흐림,단일로 - 기타,특수,남,59세,상해없음,화물,남,71세,경상
2019111600100030,2019년 11월 16일 00시,토요일,충청북도 청주시 서원구 사창동,중상사고,0,2,0,0,차대사람 - 차도통행중,안전운전불이행,건조,맑음,단일로 - 기타,승용,남,18세,상해없음,보행자,여,19세,중상
2019111600100060,2019년 11월 16일 02시,토요일,충청북도 충주시 연수동,경상사고,0,0,1,0,차대차 - 기타,교차로운행방법위반,젖음/습기,비,교차로 - 교차로안,화물,남,45세,상해없음,승용,남,45세,상해없음
2019111600100061,2019년 11월 16일 02시,토요일,충청북도 충주시 달천동,경상사고,0,0,2,0,차대차 - 추돌,안전운전불이행,건조,맑음,단일로 - 기타,승용,남,51세,상해없음,승용,여,50세,경상
2019111600100062,2019년 11월 16일 02시,토요일,충청북도 청주시 상당구 금천동,경상사고,0,0,1,0,차대차 - 측면충돌,교차로운행방법위반,젖음/습기,비,교차로 - 교차로부근,승용,남,53세,상해없음,승용,남,46세,경상
2019111600100082,2019년 11월 16일 04시,토요일,충청북도 충주시 호암동,중상사고,0,1,3,0,차대차 - 측면충돌,신호위반,젖음/습기,안개,교차로 - 교차로안,승용,남,52세,경상,승용,남,69세,중상