사고번호,사고일시,요일,시군구,사고내용,사망자수,중상자수,경상자수,부상신고자수,사고유형,법규위반,노면상태,기상상태,도로형태,가해운전자 차종,가해운전자 성별,가해운전자 연령,가해운전자 상해정도,피해운전자 차종,피해운전자 성별,피해운전자 연령,피해운전자 상해정도
2019111600100102,2019년 11월 16일 06시,토요일,충청북도 청주시 청원구 주중동,중상사고,0,1,0,0,차대차 - 기타,신호위반,건조,맑음,교차로 - 교차로안,화물,남,51세,상해없음,승용,남,61세,중상
2019111600100103,2019년 11월 16일 06시,토요일,충청북도 영동군 영동읍,중상사고,0,2,0,0,차대차 - 측면충돌,신호위반,젖음/습기,안개,교차로 - 교차로안,화물,남,62세,중상,승용,남,59세,중상
2019111600100104,2019년 11월 16일 06시,토요일,충청북도 청주시 흥덕구 송정동,경상사고,0,0,1,0,차대차 - 측면충돌,안전운전불이행,건조,맑음,교차로 - 교차로부근,승용,여,58세,상해없음,화물,남,37세,상해없음
2019111600100125,2019년 11월 16일 07시,토요일,충청북도 청주시 서원구 수곡동,경상사고,0,0,1,0,차대사람 - 횡단중,안전운전불이행,젖음/습기,흐림,교차로 - 교차로안,승용,여,61세,상해없음,보행자,남,64세,경상
2019111600100179,2019년 11월 16일 09시,토요일,충청북도 청주시 청원구 사천동,중상사고,0,1,0,0,차대차 - 측면충돌,신호위반,건조,맑음,교차로 - 교차로안,승용,여,47세,상해없음,승용,남,71세,중상
2019111600100201,2019년 11월 16일 10시,토요일,충청북도 청주시 청원구 내덕동,경상사고,0,0,3,0,차대차 - 기타,교차로운행방법위반,건조,맑음,교차로 - 교차로안,승용,남,61세,상해없음,승용,남,44세,경상
2019111600100202,2019년 11월 16일 10시,토요일,충청북도 제천시 남천동,경상사고,0,0,1,0,차대차 - 후진중충돌,안전운전불이행,젖음/습기,흐림,단일로 - 지하차도(도로)내,승용,남,52세,상해없음,승용,여,38세,경상
2019111600100241,2019년 11월 16일 11시,토요일,충청북도 청주시 서원구 산남동,경상사고,0,0,1,0,차대사람 - 기타,안전운전불이행,건조,맑음,단일로 - 지하차도(도로)내,승용,여,34세,상해없음,보행자,남,22세,경상
2019111600100242,2019년 11월 16일 11시,토요일,충청북도 충주시 중앙탑면,경상사고,0,0,3,0,차대차 - 추돌,안전운전불이행,건조,맑음,기타 - 기타,승용,남,42세,상해없음,승용,남,57세,상해없음
2019111600100245,2019년 11월 16일 11시,토요일,충청북도 청주시 서원구 현도면,경상사고,0,0,1,0,차대차 - 추돌,안전운전불이행,건조,맑음,단일로 - 기타,승용,남,50세,상해없음,승합,남,55세,경상
2019111600100283,2019년 11월 16일 12시,토요일,충청북도 청주시 상당구 문화동,경상사고,0,0,2,0,차대차 - 추돌,안전운전불이행,건조,맑음,단일로 - 지하차도(도로)내,승용,남,25세,상해없음,승용,남,23세,경상
2019111600100284,2019년 11월 16일 12시,토요일,충청북도 충주시 중앙탑면,경상사고,0,0,5,0,차대차 - 추돌,안전운전불이행,건조,맑음,기타 - 기타,승용,여,45세,기타불명,승용,남,45세,경상
2019111600100376,2019년 11월 16일 14시,토요일,충청북도 충주시 교현동,사망사고,1,1,0,0,차대차 - 기타,안전운전불이행,건조,맑음,교차로 - 교차로안,자전거,남,77세,사망,승용,여,45세,중상
2019111600100377,2019년 11월 16일 14시,토요일,충청북도 영동군 황간면,경상사고,0,0,3,0,차대차 - 정면충돌,안전운전불이행,건조,맑음,단일로 - 기타,농기계,남,70세,경상,승용,남,52세,경상
2019111600100378,2019년 11월 16일 14시,토요일,충청북도 옥천군 청산면,경상사고,0,0,1,0,차대차 - 측면충돌,직진우회전진행방해,건조,맑음,교차로 - 교차로안,승용,남,52세,상해없음,이륜,남,73세,경상
2019111600100379,2019년 11월 16일 14시,토요일,충청북도 옥천군 옥천읍,경상사고,0,0,1,1,차대차 - 측면충돌,중앙선침범,건조,맑음,단일로 - 기타,이륜,여,58세,부상신고,이륜,남,36세,경상
2019111600100380,2019년 11월 16일 14시,토요일,충청북도 청주시 상당구 용암동,경상사고,0,0,6,0,차대차 - 추돌,안전운전불이행,건조,맑음,교차로 - 교차로부근,승용,남,24세,상해없음,승합,남,39세,경상
2019111600100417,2019년 11월 16일 15시,토요일,충청북도 충주시 용산동,경상사고,0,0,1,0,차대사람 - 기타,안전운전불이행,건조,맑음,기타 - 기타,승용,남,40세,상해없음,보행자,여,38세,경상
2019111600100452,2019년 11월 16일 16시,토요일,충청북도 청주시 상당구 수동,경상사고,0,0,1,0,차대차 - 기타,안전운전불이행,건조,맑음,단일로 - 기타,승용,남,54세,상해없음,이륜,남,24세,경상
2019111600100453,2019년 11월 16일 16시,토요일,충청북도 제천시 고명동,경상사고,0,0,1,0,차대차 - 측면충돌,신호위반,건조,맑음,단일로 - 지하차도(도로)내,승용,남,66세,경상,승용,남,51세,상해없음
2019111600100454,2019년 11월 16일 16시,토요일,충청북도 청주시 흥덕구 봉명동,경상사고,0,0,1,0,차대사람 - 기타,안전운전불이행,건조,맑음,단일로 - 기타,승용,남,32세,상해없음,보행자,여,62세,경상
2019111600100455,2019년 11월 16일 16시,토요일,충청북도 청주시 상당구 영동,중상사고,0,1,0,0,차대사람 - 횡단중,보행자보호의무위반,건조,맑음,교차로 - 교차로횡단보도내,승용,여,61세,상해없음,보행자,여,22세,중상
2019111600100497,2019년 11월 16일 17시,토요일,충청북도 괴산군 연풍면,경상사고,0,0,2,1,차대차 - 추돌,안전운전불이행,건조,흐림,단일로 - 터널,승용,남,30세,상해없음,승용,남,42세,상해없음
2019111600100548,2019년 11월 16일 18시,토요일,충청북도 제천시 청전동,경상사고,0,0,4,0,차대차 - 추돌,안전운전불이행,건조,맑음,단일로 - 지하차도(도로)내,화물,남,60세,상해없음,승용,여,48세,경상
2019111600100549,2019년 11월 16일 18시,토요일,충청북도 음성군 감곡면,중상사고,0,1,0,0,차대차 - 측면충돌,신호위반,건조,맑음,교차로 - 교차로안,승용,남,52세,상해없음,이륜,남,18세,중상
2019111600100550,2019년 11월 16일 18시,토요일,충청북도 진천군 광혜원면,경상사고,0,0,2,0,차대차 - 측면충돌,안전운전불이행,건조,맑음,교차로 - 교차로안,자전거,남,46세,경상,화물,남,58세,경상
2019111600100602,2019년 11월 16일 19시,토요일,충청북도 청주시 흥덕구 봉명동,경상사고,0,0,1,0,차대차 - 기타,중앙선침범,건조,맑음,단일로 - 기타,승용,남,51세,상해없음,이륜,남,39세,경상
2019111600100665,2019년 11월 16일 21시,토요일,충청북도 충주시 대소원면,경상사고,0,0,1,0,차대차 - 기타,안전운전불이행,건조,맑음,단일로 - 기타,승용,여,57세,상해없음,승용,남,37세,경상
2019111600100693,2019년 11월 16일 22시,토요일,충청북도 충주시 연수동,경상사고,0,0,1,0,차대차 - 추돌,안전운전불이행,건조,흐림,교차로 - 교차로안,화물,남,56세,상해없음,승용,여,58세,경상
2019111600100694,2019년 11월 16일 22시,토요일,충청북도 청주시 상당구 영운동,경상사고,0,0,4,0,차대차 - 측면충돌,교차로운행방법위반,건조,맑음,교차로 - 교차로안,승합,여,61세,기타불명,승용,여,40세,경상
2019111700100128,2019년 11월 17일 08시,일요일,충청북도 보은군 탄부면,부상신고사고,0,0,0,1,차량단독 - 도로외이탈 - 추락,안전운전불이행,건조,맑음,단일로 - 지하차도(도로)내,화물,남,61세,부상신고,,,,
2019111700100155,2019년 11월 17일 10시,일요일,충청북도 충주시 칠금동,경상사고,0,0,1,0,차대차 - 추돌,안전운전불이행,건조,맑음,교차로 - 교차로안,승용,남,54세,상해없음,승용,남,69세,경상
2019111700100182,2019년 11월 17일 11시,일요일,충청북도 충주시 대소원면,중상사고,0,1,2,0,차대차 - 추돌,안전운전불이행,젖음/습기,비,기타 - 기타,화물,남,64세,상해없음,승용,남,45세,중상
2019111700100183,2019년 11월 17일 11시,일요일,충청북도 청주시 상당구 남주동,부상신고사고,0,0,0,1,차대차 - 기타,안전운전불이행,건조,맑음,단일로 - 기타,이륜,남,82세,부상신고,이륜,기타불명,미분류,기타불명
2019111700100207,2019년 11월 17일 12시,일요일,충청북도 청주시 청원구 오창읍,경상사고,0,0,2,0,차대차 - 기타,안전거리미확보,젖음/습기,비,단일로 - 기타,화물,남,51세,상해없음,화물,남,34세,상해없음
2019111700100231,2019년 11월 17일 13시,일요일,충청북도 충주시 금가면,중상사고,0,1,0,0,차량단독 - 공작물충돌,안전운전불이행,젖음/습기,비,단일로 - 기타,승용,남,43세,상해없음,,,,
2019111700100232,2019년 11월 17일 13시,일요일,충청북도 보은군 보은읍,중상사고,0,1,0,0,차대사람 - 횡단중,안전운전불이행,젖음/습기,비,단일로 - 지하차도(도로)내,승용,남,72세,상해없음,보행자,여,78세,중상
2019111700100233,2019년 11월 17일 13시,일요일,충청북도 진천군 진천읍,경상사고,0,0,2,0,차대차 - 측면충돌,신호위반,젖음/습기,비,교차로 - 교차로안,승용,여,24세,상해없음,승용,남,35세,경상
2019111700100285,2019년 11월 17일 15시,일요일,충청북도 청주시 청원구 율량동,경상사고,0,0,1,0,차대차 - 기타,안전운전불이행,젖음/습기,비,교차로 - 교차로부근,승용,여,45세,상해없음,승용,여,39세,경상
2019111700100286,2019년 11월 17일 15시,일요일,충청북도 청주시 청원구 주중동,경상사고,0,0,1,0,차대차 - 기타,교차로운행방법위반,젖음/습기,비,교차로 - 교차로안,승용,남,34세,상해없음,원동기,남,36세,경상
2019111700100287,2019년 11월 17일 15시,일요일,충청북도 청주시 상당구 북문로2가동,중상사고,0,1,1,0,차대차 - 기타,교차로운행방법위반,젖음/습기,비,교차로 - 교차로안,승용,여,48세,상해없음,승용,남,49세,중상
2019111700100308,2019년 11월 17일 16시,일요일,충청북도 제천시 금성면,중상사고,0,1,0,0,차량단독 - 공작물충돌,안전운전불이행,젖음/습기,비,단일로 - 지하차도(도로)내,승용,남,68세,중상,,,,
2019111700100309,2019년 11월 17일 16시,일요일,충청북도 증평군 증평읍,중상사고,0,1,0,0,차대차 - 측면충돌,불법유턴,젖음/습기,비,교차로 - 교차로횡단보도내,자전거,남,65세,중상,승용,남,40세,상해없음
2019111700100310,2019년 11월 17일 16시,일요일,충청북도 청주시 상당구 미원면,중상사고,0,1,0,0,차량단독 - 기타,안전운전불이행,젖음/습기,비,단일로 - 기타,승합,남,64세,상해없음,,,,
2019111700100354,2019년 11월 17일 17시,일요일,충청북도 충주시 용두동,경상사고,0,0,1,0,차대차 - 기타,안전거리미확보,젖음/습기,비,교차로 - 교차로부근,화물,여,67세,상해없음,승용,남,61세,경상
2019111700100355,2019년 11월 17일 17시,일요일,충청북도 영동군 황간면,중상사고,0,1,0,0,차대사람 - 길가장자리구역통행중,안전운전불이행,젖음/습기,비,단일로 - 지하차도(도로)내,승용,남,41세,상해없음,보행자,여,72세,중상
2019111700100405,2019년 11월 17일 18시,일요일,충청북도 청주시 청원구 주중동,경상사고,0,0,1,0,차대차 - 기타,직진우회전진행방해,젖음/습기,비,교차로 - 교차로안,승용,남,39세,상해없음,승용,남,71세,경상
2019111700100406,2019년 11월 17일 18시,일요일,충청북도 충주시 문화동,사망사고,1,0,0,0,차대사람 - 횡단중,안전운전불이행,젖음/습기,비,교차로 - 교차로안,승용,남,54세,상해없음,보행자,여,83세,사망
2019111700100407,2019년 11월 17일 18시,일요일,충청북도 증평군 증평읍,중상사고,0,2,1,0,차대차 - 추돌,안전운전불이행,젖음/습기,비,단일로 - 기타,화물,남,49세,상해없음,승용,남,52세,중상
2019111700100470,2019년 11월 17일 19시,일요일,충청북도 충주시 중앙탑면,경상사고,0,0,1,0,차대차 - 기타,안전운전불이행,젖음/습기,비,교차로 - 교차로안,승용,남,32세,상해없음,승용,여,40세,경상
2019111700100517,2019년 11월 17일 20시,일요일,충청북도 청주시 상당구 금천동,경상사고,0,0,1,0,차대사람 - 횡단중,신호위반,건조,맑음,교차로 - 교차로횡단보도내,승용,남,60세,상해없음,보행자,여,49세,경상
2019111700100570,2019년 11월 17일 22시,일요일,충청북도 청주시 서원구 사창동,부상신고사고,0,0,0,1,차대사람 - 기타,안전운전불이행,젖음/습기,비,단일로 - 기타,승용,남,26세,상해없음,보행자,남,19세,부상신고
2019111700100571,2019년 11월 17일 22시,일요일,충청북도 청주시 흥덕구 가경동,중상사고,0,1,1,0,차대차 - 기타,안전운전불이행,젖음/습기,비,교차로 - 교차로안,승용,남,19세,상해없음,승용,남,48세,경상
2019111700100572,2019년 11월 17일 22시,일요일,충청북도 청주시 흥덕구 강서동,경상사고,0,0,1,0,차대차 - 기타,안전운전불이행,젖음/습기,비,단일로 - 기타,승합,남,58세,상해없음,승용,남,50세,경상
2019111800100034,2019년 11월 18일 00시,월요일,충청북도 청주시 서원구 장암동,중상사고,0,1,1,0,차대차 - 측면충돌,안전운전불이행,젖음/습기,비,단일로 - 지하차도(도로)내,승용,남,50세,중상,화물,남,50세,상해없음
2019111800100074,2019년 11월 18일 05시,월요일,충청북도 청주시 청원구 내덕동,중상사고,0,1,0,0,차대사람 - 기타,안전운전불이행,건조,맑음,교차로 - 교차로횡단보도내,승용,남,63세,상해없음,보행자,여,83세,중상
2019111800100086,2019년 11월 18일 06시,월요일,충청북도 괴산군 괴산읍,경상사고,0,0,1,0,차대차 - 측면충돌,신호위반,젖음/습기,비,교차로 - 교차로안,화물,남,58세,상해없음,승용,남,23세,경상
2019111800100116,2019년 11월 18일 07시,월요일,충청북도 청주시 청원구 내덕동,중상사고,0,1,0,0,차대사람 - 기타,신호위반,건조,맑음,교차로 - 교차로횡단보도내,승용,남,63세,상해없음,보행자,남,49세,중상
2019111800100117,2019년 11월 18일 07시,월요일,충청북도 청주시 흥덕구 강내면,경상사고,0,0,2,0,차대차 - 후진중충돌,안전운전불이행,건조,맑음,단일로 - 기타,승합,남,54세,상해없음,화물,여,50세,경상
2019111800100155,2019년 11월 18일 08시,월요일,충청북도 청주시 흥덕구 복대동,경상사고,0,0,1,0,차대사람 - 기타,안전운전불이행,건조,맑음,교차로 - 교차로안,승용,남,67세,상해없음,보행자,남,39세,경상
2019111800100238,2019년 11월 18일 10시,월요일,충청북도 충주시 대소원면,중상사고,0,1,0,0,차대차 - 측면충돌,안전운전불이행,건조,맑음,단일로 - 기타,건설기계,남,59세,상해없음,승용,여,33세,중상
2019111800100239,2019년 11월 18일 10시,월요일,충청북도 옥천군 옥천읍,중상사고,0,1,0,0,차대차 - 후진중충돌,불법유턴,건조,흐림,교차로 - 교차로부근,화물,남,51세,상해없음,이륜,남,70세,중상
2019111800100240,2019년 11월 18일 10시,월요일,충청북도 청주시 청원구 오창읍,경상사고,0,0,1,0,차대차 - 기타,안전운전불이행,건조,맑음,주차장 - 주차장,화물,남,34세,상해없음,승용,남,49세,경상
2019111800100265,2019년 11월 18일 11시,월요일,충청북도 충주시 안림동,경상사고,0,0,1,0,차대차 - 측면충돌,신호위반,건조,맑음,교차로 - 교차로안,화물,남,50세,상해없음,승용,남,42세,경상
2019111800100266,2019년 11월 18일 11시,월요일,충청북도 충주시 노은면,중상사고,0,1,2,0,차대차 - 측면충돌,중앙선침범,건조,맑음,단일로 - 기타,승용,남,58세,상해없음,승용,여,54세,중상
2019111800100267,2019년 11월 18일 11시,월요일,충청북도 영동군 황간면,경상사고,0,0,2,0,차대차 - 측면충돌,안전운전불이행,건조,맑음,교차로 - 교차로안,화물,남,66세,상해없음,화물,남,38세,경상
2019111800100296,2019년 11월 18일 12시,월요일,충청북도 제천시 왕암동,중상사고,0,1,1,1,차대차 - 추돌,안전운전불이행,건조,맑음,기타 - 기타,승용,남,65세,상해없음,승용,남,42세,부상신고
2019111800100297,2019년 11월 18일 12시,월요일,충청북도 음성군 감곡면,중상사고,0,1,0,0,차대차 - 추돌,차로위반,건조,맑음,단일로 - 고가도로위,승용,남,52세,상해없음,승용,남,58세,중상
2019111800100323,2019년 11월 18일 13시,월요일,충청북도 충주시 연수동,경상사고,0,0,1,0,차대차 - 기타,신호위반,건조,맑음,교차로 - 교차로안,승용,남,66세,상해없음,이륜,남,30세,경상
2019111800100324,2019년 11월 18일 13시,월요일,충청북도 청주시 상당구 서운동,경상사고,0,0,1,0,차대차 - 기타,안전운전불이행,건조,맑음,교차로 - 교차로부근,승용,여,39세,상해없음,자전거,남,80세,경상
2019111800100364,2019년 11월 18일 14시,월요일,충청북도 청주시 청원구 오창읍,부상신고사고,0,0,0,1,차대차 - 기타,안전운전불이행,건조,맑음,단일로 - 기타,화물,남,37세,상해없음,승용,여,57세,부상신고
2019111800100365,2019년 11월 18일 14시,월요일,충청북도 제천시 명지동,경상사고,0,0,1,0,차대차 - 측면충돌,직진우회전진행방해,건조,맑음,교차로 - 교차로안,승용,남,58세,상해없음,승용,남,65세,경상
2019111800100413,2019년 11월 18일 15시,월요일,충청북도 청주시 서원구 산남동,중상사고,0,1,0,0,차대사람 - 기타,안전운전불이행,건조,맑음,단일로 - 기타,승합,남,38세,기타불명,보행자,남,74세,중상
2019111800100445,2019년 11월 18일 16시,월요일,충청북도 청주시 상당구 수동,경상사고,0,0,2,0,차대차 - 기타,신호위반,건조,맑음,교차로 - 교차로안,승용,남,48세,상해없음,승용,남,35세,경상
2019111800100488,2019년 11월 18일 17시,월요일,충청북도 청주시 흥덕구 가경동,경상사고,0,0,1,0,차대사람 - 기타,안전운전불이행,건조,맑음,기타 - 기타,승용,남,26세,상해없음,보행자,남,27세,경상
2019111800100489,2019년 11월 18일 17시,월요일,충청북도 청주시 상당구 용암동,중상사고,0,1,0,0,차대차 - 측면충돌,교차로운행방법위반,건조,맑음,교차로 - 교차로안,승용,남,41세,상해없음,이륜,남,43세,중상
2019111800100548,2019년 11월 18일 18시,월요일,충청북도 청주시 청원구 오창읍,경상사고,0,0,1,0,차대차 - 기타,안전운전불이행,건조,맑음,교차로 - 교차로부근,승용,여,59세,상해없음,승용,남,37세,경상
2019111800100549,2019년 11월 18일 18시,월요일,충청북도 제천시 장락동,경상사고,0,0,1,0,차대차 - 측면충돌,안전거리미확보,건조,맑음,단일로 - 지하차도(도로)내,화물,남,65세,상해없음,승용,여,41세,경상
2019111800100550,2019년 11월 18일 18시,월요일,충청북도 진천군 광혜원면,경상사고,0,0,3,0,차대차 - 기타,안전운전불이행,건조,흐림,교차로 - 교차로안,승용,남,71세,상해없음,승합,남,55세,경상
2019111800100551,2019년 11월 18일 18시,월요일,충청북도 청주시 흥덕구 가경동,사망사고,1,0,0,0,차대사람 - 횡단중,안전운전불이행,건조,맑음,교차로 - 교차로안,이륜,남,19세,상해없음,보행자,남,68세,사망
2019111800100645,2019년 11월 18일 20시,월요일,충청북도 청주시 흥덕구 복대동,경상사고,0,0,1,0,차대차 - 추돌,안전운전불이행,건조,맑음,교차로 - 교차로부근,승용,남,48세,상해없음,승용,여,42세,경상
2019111800100669,2019년 11월 18일 21시,월요일,충청북도 제천시 중앙로2가,중상사고,0,1,0,0,차대차 - 추돌,안전운전불이행,건조,맑음,교차로 - 교차로안,이륜,남,17세,중상,승용,남,59세,상해없음
2019111800100687,2019년 11월 18일 22시,월요일,충청북도 청주시 상당구 석교동,중상사고,0,1,0,0,차대차 - 측면충돌,신호위반,건조,맑음,교차로 - 교차로안,승합,여,58세,상해없음,승용,남,29세,중상
2019111800100707,2019년 11월 18일 23시,월요일,충청북도 청주시 상당구 방서동,중상사고,0,1,1,0,차대차 - 측면충돌,신호위반,건조,맑음,교차로 - 교차로안,승용,남,54세,상해없음,승용,남,49세,경상
2019111900100049,2019년 11월 19일 01시,화요일,충청북도 충주시 교현동,경상사고,0,0,3,1,차대차 - 기타,차로위반,건조,맑음,교차로 - 교차로부근,승합,남,54세,부상신고,승용,남,49세,경상
2019111900100094,2019년 11월 19일 06시,화요일,충청북도 청주시 흥덕구 오송읍,경상사고,0,0,1,0,차대차 - 추돌,안전운전불이행,건조,맑음,교차로 - 교차로부근,화물,남,44세,상해없음,승용,남,35세,경상
2019111900100111,2019년 11월 19일 07시,화요일,충청북도 음성군 삼성면,경상사고,0,0,1,0,차대차 - 측면충돌,안전운전불이행,건조,맑음,단일로 - 지하차도(도로)내,이륜,여,24세,경상,승용,남,62세,상해없음
2019111900100112,2019년 11월 19일 07시,화요일,충청북도 청주시 서원구 성화동,경상사고,0,0,1,0,차대사람 - 기타,중앙선침범,건조,맑음,단일로 - 기타,승용,남,32세,상해없음,보행자,남,74세,경상
2019111900100113,2019년 11월 19일 07시,화요일,충청북도 청주시 흥덕구 오송읍,중상사고,0,1,1,0,차대차 - 측면충돌,교차로운행방법위반,건조,맑음,교차로 - 교차로안,승용,남,57세,경상,승용,남,25세,중상
2019111900100114,2019년 11월 19일 07시,화요일,충청북도 청주시 흥덕구 복대동,중상사고,0,1,0,0,차대차 - 측면충돌,안전운전불이행,건조,맑음,교차로 - 교차로부근,승용,여,27세,상해없음,승용,남,43세,중상
2019111900100160,2019년 11월 19일 08시,화요일,충청북도 충주시 호암동,중상사고,0,1,1,0,차대차 - 기타,안전운전불이행,건조,맑음,교차로 - 교차로안,승용,남,45세,경상,승용,여,44세,중상
2019111900100161,2019년 11월 19일 08시,화요일,충청북도 증평군 증평읍,경상사고,0,0,1,0,차대차 - 측면충돌,교차로운행방법위반,건조,맑음,교차로 - 교차로안,화물,남,43세,상해없음,승용,남,29세,경상
2019111900100162,2019년 11월 19일 08시,화요일,충청북도 음성군 대소면,중상사고,0,4,4,0,차대차 - 추돌,안전운전불이행,건조,맑음,단일로 - 지하차도(도로)내,승합,남,35세,상해없음,승용,남,32세,상해없음
2019111900100208,2019년 11월 19일 09시,화요일,충청북도 청주시 상당구 용암동,경상사고,0,0,1,0,차대차 - 추돌,교차로운행방법위반,건조,맑음,교차로 - 교차로안,승용,남,47세,경상,승용,여,34세,상해없음
2019111900100257,2019년 11월 19일 10시,화요일,충청북도 청주시 흥덕구 복대동,경상사고,0,0,1,0,차대차 - 측면충돌,안전운전불이행,건조,맑음,교차로 - 교차로부근,화물,남,60세,상해없음,승용,남,30세,경상
2019111900100258,2019년 11월 19일 10시,화요일,충청북도 청주시 서원구 남이면,경상사고,0,0,1,0,차대차 - 기타,안전거리미확보,건조,맑음,단일로 - 기타,특수,남,34세,상해없음,승용,남,71세,경상
2019111900100295,2019년 11월 19일 11시,화요일,충청북도 증평군 증평읍,중상사고,0,1,0,0,차대차 - 측면충돌,안전운전불이행,건조,맑음,교차로 - 교차로안,승합,여,61세,상해없음,자전거,남,62세,중상
2019111900100296,2019년 11월 19일 11시,화요일,충청북도 보은군 수한면,중상사고,0,1,3,0,차대차 - 측면충돌,안전운전불이행,건조,맑음,단일로 - 지하차도(도로)내,승용,남,57세,경상,승합,남,50세,경상
2019111900100297,2019년 11월 19일 11시,화요일,충청북도 옥천군 옥천읍,중상사고,0,1,1,0,차대차 - 측면충돌,기타,건조,맑음,교차로 - 교차로부근,승용,여,67세,상해없음,사륜오토바이(ATV),남,82세,중상
2019111900100301,2019년 11월 19일 11시,화요일,충청북도 청주시 서원구 남이면,중상사고,0,1,0,0,차대차 - 측면충돌,안전운전불이행,건조,맑음,단일로 - 기타,기타불명,기타불명,미분류,기타불명,승용,여,44세,중상
2019111900100376,2019년 11월 19일 13시,화요일,충청북도 청주시 서원구 사직동,중상사고,0,1,0,0,차대차 - 기타,안전운전불이행,건조,맑음,교차로 - 교차로안,승용,여,57세,상해없음,이륜,남,33세,중상
2019111900100408,2019년 11월 19일 14시,화요일,충청북도 충주시 동량면,중상사고,0,1,0,0,차대차 - 추돌,안전운전불이행,건조,맑음,단일로 - 기타,건설기계,남,52세,상해없음,자전거,여,74세,중상
2019111900100447,2019년 11월 19일 15시,화요일,충청북도 충주시 교현동,중상사고,0,1,0,0,차대차 - 측면충돌,직진우회전진행방해,건조,맑음,교차로 - 교차로안,승용,여,58세,상해없음,원동기,여,69세,중상
2019111900100448,2019년 11월 19일 15시,화요일,충청북도 청주시 흥덕구 옥산면,경상사고,0,0,1,0,차대차 - 측면충돌,교차로운행방법위반,건조,맑음,교차로 - 교차로부근,화물,남,67세,상해없음,건설기계,남,60세,경상
2019111900100449,2019년 11월 19일 15시,화요일,충청북도 보은군 수한면,중상사고,0,1,1,0,차대차 - 추돌,안전운전불이행,건조,맑음,단일로 - 기타,승용,남,47세,상해없음,승용,남,45세,중상
2019111900100499,2019년 11월 19일 16시,화요일,충청북도 충주시 주덕읍,중상사고,0,1,0,0,차대차 - 기타,신호위반,건조,맑음,교차로 - 교차로안,화물,남,21세,중상,승합,남,52세,상해없음
2019111900100524,2019년 11월 19일 17시,화요일,충청북도 충주시 봉방동,경상사고,0,0,1,0,차대차 - 기타,안전운전불이행,건조,맑음,기타 - 기타,승용,남,46세,상해없음,승용,여,45세,경상
2019111900100525,2019년 11월 19일 17시,화요일,충청북도 청주시 상당구 낭성면,중상사고,0,1,0,0,차대차 - 추돌,안전운전불이행,건조,맑음,교차로 - 교차로부근,승용,남,72세,상해없음,승용,여,53세,중상
2019111900100593,2019년 11월 19일 18시,화요일,충청북도 음성군 맹동면,중상사고,0,1,0,0,차대차 - 추돌,안전운전불이행,건조,맑음,단일로 - 지하차도(도로)내,승용,여,35세,상해없음,승용,여,38세,중상
2019111900100656,2019년 11월 19일 19시,화요일,충청북도 청주시 흥덕구 봉명동,중상사고,0,1,0,0,차대차 - 기타,중앙선침범,건조,맑음,단일로 - 기타,승용,남,49세,상해없음,이륜,남,23세,중상
2019111900100657,2019년 11월 19일 19시,화요일,충청북도 청주시 흥덕구 강서동,경상사고,0,0,1,0,차대차 - 기타,안전운전불이행,건조,맑음,단일로 - 기타,승용,남,46세,상해없음,승용,여,50세,경상
2019111900100694,2019년 11월 19일 20시,화요일,충청북도 음성군 맹동면,경상사고,0,0,1,0,차대차 - 측면충돌,안전운전불이행,건조,맑음,교차로 - 교차로안,이륜,남,36세,경상,승용,남,46세,상해없음
2019112000100117,2019년 11월 20일 07시,수요일,충청북도 청주시 흥덕구 오송읍,경상사고,0,0,1,0,차대차 - 기타,교차로운행방법위반,건조,맑음,교차로 - 교차로안,건설기계,남,56세,상해없음,승용,남,48세,경상
2019112000100118,2019년 11월 20일 07시,수요일,충청북도 청주시 흥덕구 오송읍,경상사고,0,0,2,0,차대차 - 측면충돌,교차로운행방법위반,건조,맑음,교차로 - 교차로안,화물,남,46세,경상,승용,남,42세,경상
2019112000100164,2019년 11월 20일 08시,수요일,충청북도 충주시 봉방동,경상사고,0,0,2,0,차대차 - 기타,직진우회전진행방해,건조,맑음,교차로 - 교차로안,승용,남,24세,상해없음,승용,여,42세,경상
2019112000100165,2019년 11월 20일 08시,수요일,충청북도 충주시 칠금동,경상사고,0,0,1,0,차대차 - 기타,직진우회전진행방해,건조,맑음,교차로 - 교차로안,자전거,남,22세,경상,승용,남,73세,상해없음
2019112000100166,2019년 11월 20일 08시,수요일,충청북도 음성군 음성읍,경상사고,0,0,1,0,차대차 - 측면충돌,신호위반,건조,맑음,교차로 - 교차로안,자전거,여,84세,경상,승용,남,33세,상해없음
2019112000100215,2019년 11월 20일 09시,수요일,충청북도 음성군 대소면,경상사고,0,0,1,0,차대차 - 측면충돌,안전운전불이행,건조,맑음,단일로 - 지하차도(도로)내,승용,여,53세,경상,화물,남,57세,상해없음
2019112000100216,2019년 11월 20일 09시,수요일,충청북도 청주시 상당구 금천동,경상사고,0,0,2,0,차대차 - 측면충돌,교차로운행방법위반,건조,맑음,교차로 - 교차로안,화물,남,72세,경상,승용,여,46세,경상