사고번호,사고일시,요일,시군구,사고내용,사망자수,중상자수,경상자수,부상신고자수,사고유형,법규위반,노면상태,기상상태,도로형태,가해운전자 차종,가해운전자 성별,가해운전자 연령,가해운전자 상해정도,피해운전자 차종,피해운전자 성별,피해운전자 연령,피해운전자 상해정도
2019112000100253,2019년 11월 20일 10시,수요일,충청북도 청주시 흥덕구 신봉동,중상사고,0,1,0,0,차대차 - 기타,안전운전불이행,건조,맑음,교차로 - 교차로부근,승합,남,50세,상해없음,승용,여,59세,상해없음
2019112000100289,2019년 11월 20일 11시,수요일,충청북도 청주시 서원구 사창동,중상사고,0,1,0,0,차대차 - 기타,중앙선침범,건조,맑음,단일로 - 기타,승용,남,54세,상해없음,이륜,남,38세,중상
2019112000100290,2019년 11월 20일 11시,수요일,충청북도 음성군 음성읍,중상사고,0,1,0,0,차대사람 - 차도통행중,안전운전불이행,건조,맑음,단일로 - 지하차도(도로)내,화물,남,54세,상해없음,보행자,여,85세,중상
2019112000100291,2019년 11월 20일 11시,수요일,충청북도 청주시 흥덕구 신봉동,중상사고,0,1,0,0,차대차 - 기타,안전운전불이행,건조,맑음,단일로 - 기타,승용,남,31세,상해없음,승용,남,50세,중상
2019112000100332,2019년 11월 20일 12시,수요일,충청북도 청주시 흥덕구 오송읍,경상사고,0,0,1,0,차대차 - 기타,교차로운행방법위반,건조,맑음,교차로 - 교차로안,화물,남,57세,상해없음,승용,여,52세,경상
2019112000100369,2019년 11월 20일 13시,수요일,충청북도 음성군 맹동면,중상사고,0,1,0,0,차대차 - 측면충돌,교차로운행방법위반,건조,맑음,교차로 - 교차로안,승용,남,60세,상해없음,승용,여,37세,중상
2019112000100370,2019년 11월 20일 13시,수요일,충청북도 청주시 상당구 석교동,경상사고,0,0,2,0,차대사람 - 횡단중,신호위반,건조,맑음,교차로 - 교차로횡단보도내,자전거,남,59세,상해없음,보행자,남,67세,경상
2019112000100405,2019년 11월 20일 14시,수요일,충청북도 청주시 서원구 산남동,중상사고,0,1,3,0,차대차 - 정면충돌,안전운전불이행,건조,맑음,교차로 - 교차로부근,승합,여,54세,상해없음,승용,남,58세,중상
2019112000100458,2019년 11월 20일 15시,수요일,충청북도 청주시 흥덕구 신봉동,경상사고,0,0,1,0,차대차 - 기타,안전운전불이행,건조,맑음,교차로 - 교차로안,건설기계,남,61세,상해없음,승용,남,47세,경상
2019112000100496,2019년 11월 20일 16시,수요일,충청북도 충주시 교현동,경상사고,0,0,1,0,차대사람 - 횡단중,안전운전불이행,건조,맑음,교차로 - 교차로부근,승용,남,70세,상해없음,보행자,여,14세,경상
2019112000100497,2019년 11월 20일 16시,수요일,충청북도 충주시 호암동,경상사고,0,0,2,0,차대차 - 기타,안전운전불이행,건조,맑음,단일로 - 기타,승용,여,39세,경상,화물,남,47세,경상
2019112000100498,2019년 11월 20일 16시,수요일,충청북도 제천시 동현동,경상사고,0,0,3,0,차대차 - 측면충돌,안전거리미확보,건조,맑음,단일로 - 지하차도(도로)내,화물,남,54세,상해없음,승용,여,29세,경상
2019112000100601,2019년 11월 20일 18시,수요일,충청북도 청주시 청원구 오창읍,경상사고,0,0,1,0,차대차 - 기타,안전운전불이행,건조,맑음,교차로 - 교차로부근,승용,남,35세,상해없음,승용,여,32세,경상
2019112000100602,2019년 11월 20일 18시,수요일,충청북도 단양군 영춘면,중상사고,0,1,0,0,차대차 - 추돌,안전거리미확보,건조,맑음,단일로 - 기타,승용,남,38세,상해없음,승용,남,36세,중상
2019112000100603,2019년 11월 20일 18시,수요일,충청북도 진천군 덕산면,중상사고,0,1,0,0,차대사람 - 횡단중,보행자보호의무위반,건조,맑음,교차로 - 교차로안,승용,남,29세,상해없음,보행자,남,8세,중상
2019112000100604,2019년 11월 20일 18시,수요일,충청북도 청주시 흥덕구 운천동,중상사고,0,1,0,0,차대사람 - 기타,안전운전불이행,건조,맑음,교차로 - 교차로안,승용,여,45세,상해없음,보행자,남,71세,중상
2019112000100674,2019년 11월 20일 19시,수요일,충청북도 청주시 서원구 사직동,경상사고,0,0,2,0,차대차 - 기타,직진우회전진행방해,건조,맑음,교차로 - 교차로안,승용,남,31세,경상,승용,남,58세,경상
2019112000100675,2019년 11월 20일 19시,수요일,충청북도 충주시 성서동,중상사고,0,1,0,0,차대차 - 기타,중앙선침범,건조,맑음,단일로 - 기타,화물,남,26세,상해없음,자전거,여,51세,중상
2019112000100676,2019년 11월 20일 19시,수요일,충청북도 청주시 상당구 대성동,중상사고,0,1,0,0,차대차 - 측면충돌,안전운전불이행,건조,맑음,교차로 - 교차로안,승용,여,28세,상해없음,이륜,남,22세,중상
2019112000100707,2019년 11월 20일 20시,수요일,충청북도 증평군 증평읍,중상사고,0,1,0,0,차대사람 - 횡단중,보행자보호의무위반,건조,맑음,교차로 - 교차로안,승용,남,52세,상해없음,보행자,여,69세,중상
2019112000100708,2019년 11월 20일 20시,수요일,충청북도 청주시 흥덕구 복대동,경상사고,0,0,1,0,차대사람 - 횡단중,보행자보호의무위반,건조,맑음,교차로 - 교차로횡단보도내,이륜,남,17세,상해없음,보행자,남,50세,경상
2019112000100734,2019년 11월 20일 21시,수요일,충청북도 진천군 문백면,경상사고,0,0,3,0,차대차 - 측면충돌,안전거리미확보,건조,맑음,단일로 - 기타,화물,남,56세,상해없음,승용,여,44세,경상
2019112000100735,2019년 11월 20일 21시,수요일,충청북도 청주시 상당구 영운동,경상사고,0,0,2,0,차대차 - 추돌,안전운전불이행,건조,맑음,단일로 - 지하차도(도로)내,승용,여,63세,상해없음,승용,남,63세,경상
2019112000100770,2019년 11월 20일 22시,수요일,충청북도 단양군 단양읍,중상사고,0,1,0,0,차대사람 - 기타,안전운전불이행,건조,맑음,단일로 - 기타,화물,남,58세,상해없음,보행자,남,50세,중상
2019112000100789,2019년 11월 20일 23시,수요일,충청북도 음성군 금왕읍,경상사고,0,0,2,0,차대차 - 측면충돌,과속,건조,맑음,교차로 - 교차로안,승용,남,54세,경상,승용,남,42세,경상
2019112100100081,2019년 11월 21일 06시,목요일,충청북도 제천시 교동,경상사고,0,0,1,0,차대차 - 측면충돌,안전거리미확보,건조,맑음,기타 - 기타,화물,남,27세,상해없음,화물,남,63세,경상
2019112100100082,2019년 11월 21일 06시,목요일,충청북도 괴산군 청천면,사망사고,1,0,0,0,차대사람 - 기타,안전운전불이행,건조,맑음,단일로 - 기타,승용,남,67세,상해없음,보행자,남,84세,사망
2019112100100083,2019년 11월 21일 06시,목요일,충청북도 단양군 매포읍,경상사고,0,0,1,0,차대차 - 측면충돌,안전운전불이행,건조,맑음,기타 - 기타,건설기계,남,50세,상해없음,승용,남,62세,경상
2019112100100104,2019년 11월 21일 07시,목요일,충청북도 청주시 흥덕구 신봉동,중상사고,0,1,0,0,차대차 - 추돌,안전운전불이행,건조,맑음,단일로 - 기타,승용,남,21세,상해없음,기타불명,남,72세,중상
2019112100100143,2019년 11월 21일 08시,목요일,충청북도 청주시 청원구 율량동,중상사고,0,1,0,0,차대차 - 기타,안전운전불이행,건조,맑음,단일로 - 기타,승용,남,39세,상해없음,자전거,남,45세,중상
2019112100100144,2019년 11월 21일 08시,목요일,충청북도 청주시 서원구 사창동,경상사고,0,0,1,0,차대사람 - 기타,보행자보호의무위반,건조,맑음,교차로 - 교차로횡단보도내,화물,남,39세,상해없음,보행자,여,34세,경상
2019112100100145,2019년 11월 21일 08시,목요일,충청북도 청주시 서원구 수곡동,경상사고,0,0,2,0,차대차 - 측면충돌,교차로운행방법위반,건조,맑음,교차로 - 교차로부근,승용,남,29세,경상,승용,남,62세,경상
2019112100100189,2019년 11월 21일 09시,목요일,충청북도 청주시 서원구 분평동,경상사고,0,0,1,0,차대차 - 기타,신호위반,건조,맑음,교차로 - 교차로횡단보도내,승용,남,64세,상해없음,승용,여,30세,경상
2019112100100261,2019년 11월 21일 11시,목요일,충청북도 진천군 초평면,중상사고,0,1,1,0,차대차 - 기타,신호위반,건조,맑음,교차로 - 교차로부근,승용,여,44세,경상,승용,남,46세,중상
2019112100100262,2019년 11월 21일 11시,목요일,충청북도 청주시 서원구 분평동,경상사고,0,0,1,0,차대차 - 측면충돌,신호위반,건조,맑음,단일로 - 지하차도(도로)내,이륜,남,28세,경상,승용,남,54세,상해없음
2019112100100334,2019년 11월 21일 13시,목요일,충청북도 충주시 단월동,중상사고,0,1,2,0,차대차 - 측면충돌,안전운전불이행,건조,맑음,단일로 - 기타,승용,남,22세,중상,특수,남,29세,경상
2019112100100335,2019년 11월 21일 13시,목요일,충청북도 제천시 봉양읍,중상사고,0,1,2,0,차대차 - 측면충돌,안전거리미확보,건조,맑음,단일로 - 지하차도(도로)내,승용,남,62세,경상,특수,남,50세,경상
2019112100100336,2019년 11월 21일 13시,목요일,충청북도 보은군 삼승면,중상사고,0,1,1,0,차대차 - 정면충돌,교차로운행방법위반,건조,맑음,교차로 - 교차로안,승용,남,50세,중상,승용,남,65세,경상
2019112100100337,2019년 11월 21일 13시,목요일,충청북도 청주시 흥덕구 복대동,중상사고,0,1,0,0,차대차 - 측면충돌,안전운전불이행,건조,맑음,교차로 - 교차로안,승용,남,72세,상해없음,이륜,남,67세,중상
2019112100100367,2019년 11월 21일 14시,목요일,충청북도 음성군 음성읍,경상사고,0,0,1,0,차대차 - 후진중충돌,안전운전불이행,건조,맑음,단일로 - 지하차도(도로)내,승용,남,38세,상해없음,승용,여,54세,경상
2019112100100368,2019년 11월 21일 14시,목요일,충청북도 옥천군 옥천읍,경상사고,0,0,1,0,차대사람 - 기타,불법유턴,건조,흐림,기타 - 기타,승용,남,32세,상해없음,보행자,남,67세,경상
2019112100100412,2019년 11월 21일 15시,목요일,충청북도 음성군 감곡면,경상사고,0,0,1,0,차대차 - 측면충돌,중앙선침범,건조,맑음,단일로 - 지하차도(도로)내,승용,남,63세,상해없음,화물,남,51세,경상
2019112100100452,2019년 11월 21일 16시,목요일,충청북도 충주시 동량면,중상사고,0,1,0,0,차대차 - 정면충돌,중앙선침범,건조,맑음,교차로 - 교차로안,승용,남,57세,상해없음,화물,남,64세,중상
2019112100100453,2019년 11월 21일 16시,목요일,충청북도 청주시 흥덕구 복대동,경상사고,0,0,3,0,차대차 - 추돌,안전운전불이행,건조,맑음,교차로 - 교차로부근,승용,여,52세,상해없음,승용,여,57세,경상
2019112100100509,2019년 11월 21일 17시,목요일,충청북도 충주시 달천동,경상사고,0,0,1,0,차대차 - 추돌,안전운전불이행,건조,맑음,단일로 - 기타,기타불명,기타불명,미분류,기타불명,승용,남,21세,경상
2019112100100510,2019년 11월 21일 17시,목요일,충청북도 청주시 흥덕구 외북동,중상사고,0,2,0,0,차대차 - 측면충돌,차로위반,건조,맑음,교차로 - 교차로안,화물,남,28세,상해없음,승용,여,36세,중상
2019112100100511,2019년 11월 21일 17시,목요일,충청북도 청주시 흥덕구 봉명동,경상사고,0,0,1,0,차대차 - 추돌,안전운전불이행,건조,맑음,교차로 - 교차로부근,승용,여,67세,상해없음,승용,여,32세,경상
2019112100100512,2019년 11월 21일 17시,목요일,충청북도 청주시 상당구 낭성면,중상사고,0,1,1,0,차대차 - 추돌,안전운전불이행,건조,맑음,단일로 - 지하차도(도로)내,승용,남,65세,기타불명,승용,여,40세,중상
2019112100100513,2019년 11월 21일 17시,목요일,충청북도 음성군 삼성면,경상사고,0,0,2,0,차대차 - 기타,안전거리미확보,건조,맑음,단일로 - 기타,승용,여,43세,경상,승용,여,51세,경상
2019112100100569,2019년 11월 21일 18시,목요일,충청북도 충주시 칠금동,중상사고,0,1,0,0,차대차 - 측면충돌,신호위반,건조,맑음,교차로 - 교차로안,화물,남,66세,기타불명,승용,여,51세,중상
2019112100100570,2019년 11월 21일 18시,목요일,충청북도 청주시 상당구 용담동,경상사고,0,0,1,0,차대차 - 기타,안전운전불이행,건조,맑음,교차로 - 교차로안,승용,남,56세,상해없음,이륜,남,37세,경상
2019112100100642,2019년 11월 21일 19시,목요일,충청북도 충주시 호암동,중상사고,0,2,0,0,차대차 - 기타,신호위반,건조,맑음,교차로 - 교차로안,승용,여,65세,상해없음,승용,남,35세,중상
2019112100100643,2019년 11월 21일 19시,목요일,충청북도 충주시 대소원면,경상사고,0,0,3,0,차대차 - 정면충돌,안전거리미확보,건조,맑음,단일로 - 기타,화물,남,49세,상해없음,화물,남,40세,경상
2019112100100644,2019년 11월 21일 19시,목요일,충청북도 제천시 영천동,경상사고,0,0,1,0,차대차 - 추돌,안전거리미확보,건조,맑음,교차로 - 교차로부근,화물,남,50세,상해없음,승용,남,43세,경상
2019112100100645,2019년 11월 21일 19시,목요일,충청북도 음성군 음성읍,사망사고,1,0,0,0,차대사람 - 횡단중,과속,건조,맑음,교차로 - 교차로안,승용,남,37세,상해없음,보행자,여,71세,사망
2019112100100646,2019년 11월 21일 19시,목요일,충청북도 청주시 흥덕구 봉명동,경상사고,0,0,1,0,차대사람 - 기타,안전운전불이행,건조,맑음,단일로 - 기타,기타불명,기타불명,미분류,기타불명,보행자,여,68세,경상
2019112100100647,2019년 11월 21일 19시,목요일,충청북도 청주시 흥덕구 가경동,경상사고,0,0,1,0,차대차 - 측면충돌,안전운전불이행,건조,맑음,교차로 - 교차로부근,승용,남,53세,상해없음,승용,여,61세,경상
2019112100100684,2019년 11월 21일 20시,목요일,충청북도 청주시 서원구 개신동,경상사고,0,0,2,0,차대차 - 기타,안전운전불이행,건조,맑음,주차장 - 주차장,승용,남,37세,상해없음,승용,남,45세,경상
2019112100100734,2019년 11월 21일 22시,목요일,충청북도 청주시 흥덕구 봉명동,경상사고,0,0,4,0,차대차 - 정면충돌,안전운전불이행,건조,맑음,교차로 - 교차로안,승용,남,25세,상해없음,승용,남,42세,경상
2019112200100035,2019년 11월 22일 00시,금요일,충청북도 청주시 흥덕구 복대동,경상사고,0,0,1,0,차대차 - 추돌,안전운전불이행,건조,맑음,교차로 - 교차로부근,승용,남,29세,상해없음,승용,남,27세,경상
2019112200100059,2019년 11월 22일 02시,금요일,충청북도 청주시 청원구 율량동,중상사고,0,1,2,0,차대차 - 기타,신호위반,건조,맑음,교차로 - 교차로부근,승용,남,56세,상해없음,승용,남,50세,상해없음
2019112200100083,2019년 11월 22일 05시,금요일,충청북도 옥천군 동이면,경상사고,0,0,1,0,차량단독 - 공작물충돌,안전운전불이행,건조,맑음,단일로 - 기타,승용,남,32세,상해없음,,,,
2019112200100119,2019년 11월 22일 07시,금요일,충청북도 진천군 이월면,경상사고,0,0,1,0,차대차 - 기타,안전운전불이행,건조,흐림,기타 - 기타,승용,여,56세,상해없음,승용,여,34세,경상
2019112200100120,2019년 11월 22일 07시,금요일,충청북도 청주시 흥덕구 비하동,경상사고,0,0,1,0,차대사람 - 횡단중,안전운전불이행,건조,맑음,기타 - 기타,승합,남,56세,상해없음,보행자,여,16세,경상
2019112200100157,2019년 11월 22일 08시,금요일,충청북도 청주시 청원구 오창읍,경상사고,0,0,1,0,차대차 - 기타,안전운전불이행,건조,맑음,단일로 - 기타,화물,남,62세,상해없음,승용,남,26세,경상
2019112200100158,2019년 11월 22일 08시,금요일,충청북도 청주시 서원구 현도면,중상사고,0,1,3,0,차대차 - 기타,중앙선침범,건조,맑음,단일로 - 기타,승용,남,58세,경상,승용,남,50세,경상
2019112200100159,2019년 11월 22일 08시,금요일,충청북도 청주시 흥덕구 가경동,경상사고,0,0,1,0,차대차 - 기타,신호위반,건조,맑음,교차로 - 교차로안,화물,남,70세,상해없음,승용,여,55세,경상
2019112200100212,2019년 11월 22일 09시,금요일,충청북도 제천시 봉양읍,경상사고,0,0,1,0,차대차 - 측면충돌,기타,건조,맑음,교차로 - 교차로안,승용,남,73세,상해없음,화물,남,62세,경상
2019112200100213,2019년 11월 22일 09시,금요일,충청북도 청주시 흥덕구 봉명동,경상사고,0,0,1,0,차대차 - 기타,신호위반,건조,맑음,교차로 - 교차로부근,승용,남,61세,상해없음,자전거,남,32세,경상
2019112200100244,2019년 11월 22일 10시,금요일,충청북도 청주시 청원구 우암동,경상사고,0,0,3,0,차대차 - 기타,직진우회전진행방해,건조,맑음,교차로 - 교차로안,화물,남,21세,경상,승용,남,66세,경상
2019112200100282,2019년 11월 22일 11시,금요일,충청북도 음성군 금왕읍,경상사고,0,0,1,0,차대차 - 측면충돌,안전운전불이행,건조,맑음,단일로 - 지하차도(도로)내,승용,남,76세,상해없음,승용,여,36세,경상
2019112200100283,2019년 11월 22일 11시,금요일,충청북도 옥천군 군북면,중상사고,0,1,1,0,차량단독 - 기타,안전운전불이행,건조,맑음,단일로 - 기타,승용,남,47세,경상,,,,
2019112200100284,2019년 11월 22일 11시,금요일,충청북도 음성군 대소면,중상사고,0,1,1,0,차대차 - 추돌,안전운전불이행,건조,맑음,단일로 - 기타,화물,남,61세,중상,특수,남,54세,경상
2019112200100311,2019년 11월 22일 12시,금요일,충청북도 충주시 금가면,중상사고,0,1,0,1,차대차 - 측면충돌,신호위반,건조,맑음,교차로 - 교차로안,화물,남,51세,부상신고,승용,남,35세,중상
2019112200100312,2019년 11월 22일 12시,금요일,충청북도 제천시 덕산면,경상사고,0,0,1,0,차대차 - 측면충돌,안전거리미확보,건조,맑음,교차로 - 교차로안,승용,여,60세,경상,농기계,남,50세,상해없음
2019112200100313,2019년 11월 22일 12시,금요일,충청북도 음성군 맹동면,경상사고,0,0,3,0,차대차 - 측면충돌,교차로운행방법위반,건조,맑음,교차로 - 교차로안,승용,남,38세,경상,승용,여,44세,경상
2019112200100314,2019년 11월 22일 12시,금요일,충청북도 청주시 서원구 수곡동,중상사고,0,1,0,0,차대사람 - 횡단중,보행자보호의무위반,건조,맑음,교차로 - 교차로횡단보도내,승용,여,53세,기타불명,보행자,여,75세,중상
2019112200100315,2019년 11월 22일 12시,금요일,충청북도 진천군 이월면,경상사고,0,0,1,0,차대차 - 측면충돌,기타,건조,맑음,단일로 - 기타,화물,남,51세,상해없음,화물,남,41세,경상
2019112200100349,2019년 11월 22일 13시,금요일,충청북도 영동군 영동읍,경상사고,0,0,1,0,차대사람 - 길가장자리구역통행중,안전운전불이행,건조,맑음,단일로 - 기타,승용,여,67세,상해없음,보행자,여,56세,경상
2019112200100350,2019년 11월 22일 13시,금요일,충청북도 보은군 속리산면,경상사고,0,0,1,0,차대사람 - 기타,안전운전불이행,건조,맑음,단일로 - 지하차도(도로)내,승용,남,70세,상해없음,보행자,남,47세,경상
2019112200100388,2019년 11월 22일 14시,금요일,충청북도 청주시 청원구 우암동,경상사고,0,0,1,0,차대차 - 추돌,안전운전불이행,건조,맑음,교차로 - 교차로부근,승용,여,27세,기타불명,승용,남,33세,경상
2019112200100389,2019년 11월 22일 14시,금요일,충청북도 청주시 상당구 석교동,중상사고,0,1,2,0,차대사람 - 횡단중,안전운전불이행,건조,맑음,단일로 - 지하차도(도로)내,승합,남,62세,상해없음,보행자,여,83세,중상
2019112200100440,2019년 11월 22일 15시,금요일,충청북도 청주시 상당구 용정동,중상사고,0,1,2,0,차대차 - 측면충돌,교차로운행방법위반,건조,맑음,교차로 - 교차로안,승용,남,37세,경상,승용,남,27세,경상
2019112200100441,2019년 11월 22일 15시,금요일,충청북도 청주시 상당구 남문로2가동,부상신고사고,0,0,0,1,차대사람 - 기타,안전운전불이행,건조,맑음,단일로 - 지하차도(도로)내,기타불명,기타불명,미분류,기타불명,보행자,남,82세,부상신고
2019112200100497,2019년 11월 22일 16시,금요일,충청북도 청주시 청원구 우암동,중상사고,0,1,1,0,차대차 - 측면충돌,안전운전불이행,건조,맑음,교차로 - 교차로부근,승용,남,46세,상해없음,화물,남,45세,경상
2019112200100498,2019년 11월 22일 16시,금요일,충청북도 청주시 상당구 가덕면,경상사고,0,0,1,0,차대차 - 기타,안전운전불이행,건조,맑음,단일로 - 지하차도(도로)내,화물,남,52세,상해없음,화물,남,45세,경상
2019112200100556,2019년 11월 22일 17시,금요일,충청북도 청주시 상당구 금천동,경상사고,0,0,3,0,차대차 - 측면충돌,안전운전불이행,건조,맑음,교차로 - 교차로안,승용,남,49세,경상,승용,남,33세,경상
2019112200100614,2019년 11월 22일 18시,금요일,충청북도 청주시 청원구 율량동,경상사고,0,0,1,0,차대차 - 기타,안전운전불이행,건조,맑음,단일로 - 기타,자전거,남,58세,상해없음,이륜,남,25세,경상
2019112200100615,2019년 11월 22일 18시,금요일,충청북도 제천시 고암동,경상사고,0,0,1,2,차대차 - 추돌,안전거리미확보,건조,맑음,교차로 - 교차로부근,화물,남,51세,상해없음,승용,여,40세,상해없음
2019112200100616,2019년 11월 22일 18시,금요일,충청북도 진천군 진천읍,경상사고,0,0,1,0,차대차 - 기타,안전운전불이행,건조,맑음,교차로 - 교차로부근,승용,남,19세,상해없음,승용,남,33세,경상
2019112200100617,2019년 11월 22일 18시,금요일,충청북도 청주시 상당구 서운동,경상사고,0,0,2,0,차대차 - 측면충돌,중앙선침범,건조,맑음,교차로 - 교차로안,승용,남,42세,상해없음,승용,여,71세,경상
2019112200100688,2019년 11월 22일 19시,금요일,충청북도 청주시 상당구 북문로2가동,중상사고,0,1,0,0,차대사람 - 기타,보행자보호의무위반,건조,맑음,교차로 - 교차로횡단보도내,승용,여,59세,상해없음,보행자,여,52세,중상
2019112200100689,2019년 11월 22일 19시,금요일,충청북도 청주시 흥덕구 강내면,중상사고,0,1,2,0,차대차 - 추돌,안전거리미확보,건조,맑음,단일로 - 기타,승용,남,27세,상해없음,승용,여,61세,중상
2019112200100730,2019년 11월 22일 20시,금요일,충청북도 제천시 고암동,경상사고,0,0,2,0,차대차 - 추돌,안전운전불이행,건조,맑음,교차로 - 교차로부근,승용,남,62세,상해없음,승용,남,24세,경상
2019112200100834,2019년 11월 22일 23시,금요일,충청북도 청주시 흥덕구 봉명동,중상사고,0,1,1,0,차대차 - 기타,신호위반,건조,맑음,교차로 - 교차로안,승용,여,25세,상해없음,승용,남,34세,중상
2019112300100052,2019년 11월 23일 01시,토요일,충청북도 청주시 서원구 사창동,경상사고,0,0,1,0,차대사람 - 기타,교차로운행방법위반,건조,맑음,교차로 - 교차로안,승용,남,22세,상해없음,보행자,남,27세,경상
2019112300100068,2019년 11월 23일 02시,토요일,충청북도 충주시 교현동,경상사고,0,0,2,0,차대차 - 기타,신호위반,건조,맑음,교차로 - 교차로안,승용,여,52세,경상,승용,남,48세,경상
2019112300100078,2019년 11월 23일 03시,토요일,충청북도 제천시 청전동,경상사고,0,0,1,0,차량단독 - 공작물충돌,안전운전불이행,건조,맑음,교차로 - 교차로부근,승용,남,37세,경상,,,,
2019112300100094,2019년 11월 23일 05시,토요일,충청북도 청주시 흥덕구 신봉동,경상사고,0,0,1,0,차대사람 - 기타,안전운전불이행,건조,맑음,교차로 - 교차로횡단보도내,승용,여,45세,상해없음,보행자,여,20세,경상
2019112300100171,2019년 11월 23일 09시,토요일,충청북도 충주시 칠금동,경상사고,0,0,6,1,차대차 - 측면충돌,안전거리미확보,건조,맑음,교차로 - 교차로부근,승용,남,45세,상해없음,승용,남,35세,경상
2019112300100208,2019년 11월 23일 10시,토요일,충청북도 청주시 흥덕구 오송읍,경상사고,0,0,3,0,차대차 - 추돌,안전운전불이행,건조,맑음,교차로 - 교차로안,승용,남,26세,경상,승용,여,48세,경상
2019112300100247,2019년 11월 23일 11시,토요일,충청북도 충주시 문화동,경상사고,0,0,1,0,차대차 - 추돌,안전운전불이행,건조,맑음,단일로 - 기타,화물,남,48세,상해없음,승용,남,52세,경상
2019112300100283,2019년 11월 23일 12시,토요일,충청북도 청주시 흥덕구 복대동,경상사고,0,0,5,0,차대차 - 측면충돌,교차로운행방법위반,건조,맑음,교차로 - 교차로안,승용,남,46세,상해없음,승용,남,37세,경상
2019112300100332,2019년 11월 23일 13시,토요일,충청북도 단양군 단양읍,경상사고,0,0,4,0,차대차 - 추돌,안전운전불이행,건조,맑음,단일로 - 기타,승용,남,60세,상해없음,승용,남,61세,상해없음
2019112300100333,2019년 11월 23일 13시,토요일,충청북도 청주시 흥덕구 봉명동,경상사고,0,0,1,0,차대차 - 측면충돌,안전운전불이행,건조,맑음,교차로 - 교차로부근,승용,남,54세,상해없음,승용,여,45세,경상
2019112300100334,2019년 11월 23일 13시,토요일,충청북도 청주시 청원구 오창읍,경상사고,0,0,1,0,차대차 - 기타,안전운전불이행,건조,맑음,단일로 - 기타,기타불명,기타불명,미분류,기타불명,승합,남,63세,경상
2019112300100457,2019년 11월 23일 16시,토요일,충청북도 청주시 서원구 수곡동,경상사고,0,0,1,0,차대차 - 측면충돌,신호위반,건조,맑음,교차로 - 교차로부근,승용,남,52세,상해없음,자전거,여,67세,경상
2019112300100458,2019년 11월 23일 16시,토요일,충청북도 청주시 상당구 남문로1가동,경상사고,0,0,1,0,차대사람 - 길가장자리구역통행중,안전운전불이행,건조,맑음,단일로 - 지하차도(도로)내,기타불명,기타불명,미분류,기타불명,보행자,여,70세,경상
2019112300100498,2019년 11월 23일 17시,토요일,충청북도 충주시 연수동,중상사고,0,1,0,0,차대차 - 측면충돌,안전운전불이행,건조,맑음,기타 - 기타,승용,여,46세,상해없음,승용,남,30세,중상
2019112300100560,2019년 11월 23일 18시,토요일,충청북도 제천시 청전동,경상사고,0,0,2,0,차대차 - 측면충돌,안전운전불이행,건조,맑음,교차로 - 교차로부근,이륜,남,38세,경상,화물,남,62세,경상
2019112300100561,2019년 11월 23일 18시,토요일,충청북도 청주시 서원구 미평동,중상사고,0,3,0,0,차대차 - 추돌,안전운전불이행,건조,맑음,단일로 - 기타,승용,여,53세,상해없음,승용,남,57세,중상
2019112300100607,2019년 11월 23일 19시,토요일,충청북도 청주시 상당구 용정동,경상사고,0,0,4,0,차대차 - 기타,교차로운행방법위반,건조,맑음,교차로 - 교차로안,승용,남,49세,경상,승용,여,59세,경상
2019112300100650,2019년 11월 23일 20시,토요일,충청북도 제천시 신월동,중상사고,0,4,3,0,차대차 - 측면충돌,과속,건조,맑음,교차로 - 교차로안,승용,남,18세,상해없음,승용,여,43세,중상
2019112300100651,2019년 11월 23일 20시,토요일,충청북도 증평군 도안면,경상사고,0,0,1,0,차량단독 - 공작물충돌,안전운전불이행,건조,맑음,단일로 - 기타,승용,남,34세,경상,,,,
2019112300100652,2019년 11월 23일 20시,토요일,충청북도 청주시 흥덕구 가경동,경상사고,0,0,1,0,차대차 - 측면충돌,안전운전불이행,건조,맑음,단일로 - 기타,이륜,남,19세,경상,승용,남,21세,상해없음
2019112300100681,2019년 11월 23일 21시,토요일,충청북도 청주시 청원구 율량동,중상사고,0,1,1,0,차대차 - 정면충돌,직진우회전진행방해,건조,맑음,교차로 - 교차로안,승용,남,48세,경상,원동기,남,21세,중상
2019112300100682,2019년 11월 23일 21시,토요일,충청북도 충주시 연수동,경상사고,0,0,1,0,차대사람 - 기타,안전운전불이행,건조,맑음,교차로 - 교차로부근,승용,여,30세,상해없음,보행자,남,48세,경상
2019112300100683,2019년 11월 23일 21시,토요일,충청북도 청주시 흥덕구 복대동,중상사고,0,1,0,0,차대차 - 측면충돌,신호위반,건조,맑음,교차로 - 교차로안,승합,남,56세,상해없음,자전거,여,60세,중상
2019112300100707,2019년 11월 23일 22시,토요일,충청북도 제천시 청전동,중상사고,0,2,3,0,차대차 - 측면충돌,신호위반,건조,맑음,교차로 - 교차로안,승용,남,27세,경상,승용,남,61세,경상
2019112300100708,2019년 11월 23일 22시,토요일,충청북도 청주시 상당구 용담동,경상사고,0,0,1,0,차대사람 - 횡단중,안전운전불이행,건조,맑음,단일로 - 지하차도(도로)내,화물,남,57세,상해없음,보행자,여,46세,경상