사고번호,사고일시,요일,시군구,사고내용,사망자수,중상자수,경상자수,부상신고자수,사고유형,법규위반,노면상태,기상상태,도로형태,가해운전자 차종,가해운전자 성별,가해운전자 연령,가해운전자 상해정도,피해운전자 차종,피해운전자 성별,피해운전자 연령,피해운전자 상해정도
2019112400100101,2019년 11월 24일 06시,일요일,충청북도 음성군 금왕읍,경상사고,0,0,1,0,차대차 - 추돌,안전운전불이행,건조,맑음,단일로 - 지하차도(도로)내,승용,남,62세,상해없음,승용,여,29세,경상
2019112400100115,2019년 11월 24일 07시,일요일,충청북도 괴산군 소수면,중상사고,0,1,2,0,차대차 - 측면충돌,안전운전불이행,건조,맑음,단일로 - 기타,승합,남,69세,상해없음,승용,남,46세,중상
2019112400100123,2019년 11월 24일 08시,일요일,충청북도 제천시 의림동,경상사고,0,0,1,0,차대차 - 측면충돌,신호위반,건조,맑음,교차로 - 교차로안,승용,남,52세,상해없음,승용,남,60세,경상
2019112400100131,2019년 11월 24일 09시,일요일,충청북도 충주시 신니면,중상사고,0,1,0,0,차대차 - 측면충돌,직진우회전진행방해,건조,맑음,교차로 - 교차로안,승용,남,62세,중상,화물,남,65세,상해없음
2019112400100150,2019년 11월 24일 10시,일요일,충청북도 제천시 강제동,경상사고,0,0,1,0,차대차 - 추돌,안전거리미확보,건조,맑음,교차로 - 교차로횡단보도내,승용,여,46세,상해없음,승용,남,32세,경상
2019112400100173,2019년 11월 24일 11시,일요일,충청북도 충주시 엄정면,중상사고,0,1,0,0,차대사람 - 기타,안전운전불이행,건조,맑음,단일로 - 기타,승용,남,50세,상해없음,보행자,여,84세,중상
2019112400100174,2019년 11월 24일 11시,일요일,충청북도 제천시 명동,중상사고,0,1,3,1,차대차 - 추돌,안전거리미확보,건조,맑음,교차로 - 교차로부근,건설기계,남,61세,상해없음,승용,남,56세,경상
2019112400100195,2019년 11월 24일 12시,일요일,충청북도 괴산군 소수면,사망사고,1,1,0,0,차대차 - 정면충돌,중앙선침범,건조,맑음,단일로 - 기타,승용,남,60세,상해없음,승용,남,65세,사망
2019112400100196,2019년 11월 24일 12시,일요일,충청북도 청주시 흥덕구 상신동,경상사고,0,0,2,0,차대차 - 측면충돌,교차로운행방법위반,건조,맑음,교차로 - 교차로안,승용,남,61세,상해없음,이륜,남,39세,경상
2019112400100249,2019년 11월 24일 14시,일요일,충청북도 진천군 덕산면,경상사고,0,0,1,0,차량단독 - 공작물충돌,안전운전불이행,건조,맑음,단일로 - 기타,화물,남,53세,경상,,,,
2019112400100250,2019년 11월 24일 14시,일요일,충청북도 진천군 문백면,경상사고,0,0,1,0,차대차 - 기타,안전운전불이행,건조,맑음,단일로 - 기타,건설기계,남,44세,경상,건설기계,남,52세,상해없음
2019112400100278,2019년 11월 24일 15시,일요일,충청북도 음성군 대소면,중상사고,0,1,0,0,차대차 - 측면충돌,교차로운행방법위반,건조,맑음,교차로 - 교차로안,이륜,남,67세,중상,승용,여,49세,상해없음
2019112400100319,2019년 11월 24일 16시,일요일,충청북도 충주시 동량면,사망사고,4,0,0,0,차량단독 - 도로외이탈 - 추락,안전운전불이행,건조,맑음,단일로 - 교량,승용,남,61세,사망,,,,
2019112400100320,2019년 11월 24일 16시,일요일,충청북도 청주시 서원구 장암동,중상사고,0,1,0,0,차대차 - 측면충돌,과속,건조,맑음,단일로 - 지하차도(도로)내,승용,남,52세,상해없음,자전거,남,60세,중상
2019112400100356,2019년 11월 24일 17시,일요일,충청북도 청주시 청원구 내덕동,경상사고,0,0,4,0,차대차 - 기타,안전운전불이행,젖음/습기,비,단일로 - 기타,승용,여,55세,상해없음,승용,남,40세,경상
2019112400100357,2019년 11월 24일 17시,일요일,충청북도 진천군 진천읍,중상사고,0,1,0,0,차대사람 - 횡단중,보행자보호의무위반,젖음/습기,비,단일로 - 기타,승용,남,64세,상해없음,보행자,남,53세,중상
2019112400100358,2019년 11월 24일 17시,일요일,충청북도 청주시 흥덕구 옥산면,경상사고,0,0,1,0,차대차 - 측면충돌,교차로운행방법위반,건조,맑음,교차로 - 교차로안,승용,남,59세,상해없음,승용,남,60세,상해없음
2019112400100359,2019년 11월 24일 17시,일요일,충청북도 청주시 상당구 탑동,경상사고,0,0,1,0,차대사람 - 횡단중,안전운전불이행,젖음/습기,비,교차로 - 교차로부근,승용,여,54세,상해없음,보행자,남,57세,경상
2019112400100411,2019년 11월 24일 18시,일요일,충청북도 충주시 문화동,경상사고,0,0,1,0,차대차 - 기타,안전운전불이행,건조,맑음,교차로 - 교차로안,승용,남,44세,상해없음,이륜,남,24세,경상
2019112400100412,2019년 11월 24일 18시,일요일,충청북도 청주시 흥덕구 복대동,경상사고,0,0,1,0,차대차 - 측면충돌,안전운전불이행,젖음/습기,비,단일로 - 기타,승용,남,58세,상해없음,승용,남,38세,경상
2019112400100463,2019년 11월 24일 19시,일요일,충청북도 청주시 청원구 오창읍,경상사고,0,0,1,0,차대차 - 측면충돌,신호위반,건조,맑음,교차로 - 교차로횡단보도내,이륜,남,22세,상해없음,자전거,남,27세,경상
2019112400100464,2019년 11월 24일 19시,일요일,충청북도 청주시 상당구 석교동,중상사고,0,1,1,0,차대차 - 측면충돌,신호위반,건조,맑음,교차로 - 교차로안,승용,남,27세,상해없음,승합,남,44세,중상
2019112400100498,2019년 11월 24일 20시,일요일,충청북도 청주시 상당구 금천동,경상사고,0,0,1,0,차대차 - 측면충돌,안전운전불이행,젖음/습기,흐림,단일로 - 지하차도(도로)내,승용,남,55세,상해없음,이륜,남,23세,경상
2019112400100538,2019년 11월 24일 22시,일요일,충청북도 청주시 상당구 방서동,경상사고,0,0,1,0,차대차 - 측면충돌,신호위반,젖음/습기,비,교차로 - 교차로안,승용,남,27세,상해없음,승용,남,64세,경상
2019112500100032,2019년 11월 25일 00시,월요일,충청북도 청주시 서원구 사창동,경상사고,0,0,2,0,차대차 - 추돌,안전운전불이행,건조,맑음,단일로 - 기타,이륜,남,34세,경상,승용,남,35세,경상
2019112500100047,2019년 11월 25일 02시,월요일,충청북도 음성군 대소면,중상사고,0,1,0,0,차대차 - 정면충돌,안전운전불이행,건조,맑음,단일로 - 지하차도(도로)내,승용,남,37세,중상,화물,남,63세,기타불명
2019112500100072,2019년 11월 25일 06시,월요일,충청북도 청주시 청원구 내덕동,경상사고,0,0,1,0,차대차 - 기타,신호위반,젖음/습기,흐림,교차로 - 교차로안,승용,남,62세,상해없음,승용,여,42세,경상
2019112500100073,2019년 11월 25일 06시,월요일,충청북도 청주시 흥덕구 가경동,경상사고,0,0,3,0,차대차 - 측면충돌,교차로운행방법위반,건조,맑음,교차로 - 교차로안,승용,여,56세,경상,화물,남,22세,경상
2019112500100074,2019년 11월 25일 06시,월요일,충청북도 청주시 상당구 가덕면,중상사고,0,1,0,0,차대사람 - 차도통행중,안전운전불이행,건조,맑음,교차로 - 교차로부근,화물,남,61세,상해없음,보행자,남,84세,중상
2019112500100107,2019년 11월 25일 07시,월요일,충청북도 제천시 명동,경상사고,0,0,1,0,차대사람 - 차도통행중,안전운전불이행,건조,맑음,단일로 - 지하차도(도로)내,화물,남,74세,상해없음,보행자,여,9세,경상
2019112500100139,2019년 11월 25일 08시,월요일,충청북도 영동군 영동읍,경상사고,0,0,1,0,차대차 - 측면충돌,중앙선침범,건조,맑음,교차로 - 교차로부근,자전거,여,66세,경상,승용,남,72세,상해없음
2019112500100140,2019년 11월 25일 08시,월요일,충청북도 청주시 상당구 금천동,경상사고,0,0,2,0,차대차 - 추돌,안전거리미확보,건조,맑음,단일로 - 지하차도(도로)내,화물,남,51세,상해없음,승용,남,73세,경상
2019112500100185,2019년 11월 25일 09시,월요일,충청북도 제천시 강제동,경상사고,0,0,1,0,차대차 - 측면충돌,교차로운행방법위반,건조,맑음,교차로 - 교차로안,승용,여,47세,경상,화물,남,54세,상해없음
2019112500100186,2019년 11월 25일 09시,월요일,충청북도 청주시 서원구 산남동,경상사고,0,0,1,0,차량단독 - 공작물충돌,안전운전불이행,건조,맑음,단일로 - 기타,이륜,남,35세,경상,,,,
2019112500100219,2019년 11월 25일 10시,월요일,충청북도 청주시 상당구 용암동,경상사고,0,0,1,0,차대차 - 측면충돌,교차로운행방법위반,건조,맑음,교차로 - 교차로안,승용,남,39세,상해없음,승용,남,43세,경상
2019112500100220,2019년 11월 25일 10시,월요일,충청북도 청주시 서원구 산남동,경상사고,0,0,1,0,차대차 - 후진중충돌,안전운전불이행,건조,맑음,교차로 - 교차로부근,화물,남,75세,상해없음,승용,여,32세,경상
2019112500100250,2019년 11월 25일 11시,월요일,충청북도 충주시 용두동,경상사고,0,0,1,0,차대차 - 측면충돌,안전거리미확보,건조,맑음,단일로 - 기타,승용,남,64세,상해없음,건설기계,남,63세,경상
2019112500100306,2019년 11월 25일 13시,월요일,충청북도 충주시 신니면,경상사고,0,0,1,0,차대차 - 측면충돌,안전운전불이행,건조,맑음,단일로 - 기타,특수,남,43세,상해없음,화물,남,32세,경상
2019112500100307,2019년 11월 25일 13시,월요일,충청북도 단양군 영춘면,경상사고,0,0,1,0,차대차 - 측면충돌,중앙선침범,건조,맑음,단일로 - 기타,자전거,남,33세,경상,승용,남,64세,상해없음
2019112500100375,2019년 11월 25일 15시,월요일,충청북도 청주시 서원구 사직동,중상사고,0,1,0,0,차대차 - 측면충돌,안전운전불이행,건조,맑음,단일로 - 기타,승용,남,55세,상해없음,자전거,여,52세,중상
2019112500100376,2019년 11월 25일 15시,월요일,충청북도 제천시 청전동,경상사고,0,0,2,0,차대차 - 추돌,안전거리미확보,건조,맑음,단일로 - 지하차도(도로)내,승용,여,48세,상해없음,승용,여,49세,경상
2019112500100377,2019년 11월 25일 15시,월요일,충청북도 청주시 흥덕구 향정동,경상사고,0,0,3,0,차대차 - 측면충돌,신호위반,건조,맑음,교차로 - 교차로안,승용,남,71세,상해없음,승용,남,26세,경상
2019112500100413,2019년 11월 25일 16시,월요일,충청북도 음성군 감곡면,중상사고,0,1,2,0,차대차 - 추돌,안전운전불이행,건조,맑음,단일로 - 기타,승용,남,45세,경상,승합,여,59세,경상
2019112500100414,2019년 11월 25일 16시,월요일,충청북도 청주시 흥덕구 옥산면,경상사고,0,0,11,0,차대차 - 추돌,안전거리미확보,건조,맑음,단일로 - 기타,승합,남,64세,상해없음,승용,남,50세,경상
2019112500100457,2019년 11월 25일 17시,월요일,충청북도 충주시 안림동,중상사고,0,2,0,0,차대차 - 측면충돌,중앙선침범,건조,흐림,단일로 - 기타,이륜,남,79세,상해없음,승용,여,22세,중상
2019112500100458,2019년 11월 25일 17시,월요일,충청북도 청주시 서원구 산남동,경상사고,0,0,1,0,차대차 - 추돌,안전운전불이행,건조,맑음,단일로 - 기타,승용,남,44세,상해없음,이륜,남,33세,경상
2019112500100585,2019년 11월 25일 19시,월요일,충청북도 충주시 안림동,경상사고,0,0,1,0,차대사람 - 기타,안전운전불이행,건조,맑음,기타 - 기타,이륜,여,48세,상해없음,보행자,남,2세,경상
2019112500100626,2019년 11월 25일 20시,월요일,충청북도 충주시 교현동,경상사고,0,0,1,0,차대차 - 기타,안전운전불이행,건조,맑음,단일로 - 기타,승용,여,22세,상해없음,자전거,남,27세,경상
2019112500100678,2019년 11월 25일 22시,월요일,충청북도 청주시 청원구 율량동,경상사고,0,0,1,0,차대차 - 기타,교차로운행방법위반,건조,맑음,교차로 - 교차로안,이륜,남,24세,경상,승용,남,46세,상해없음
2019112600100043,2019년 11월 26일 00시,화요일,충청북도 청주시 서원구 산남동,경상사고,0,0,1,1,차대사람 - 보도통행중,안전운전불이행,건조,맑음,단일로 - 기타,화물,남,62세,부상신고,보행자,남,28세,경상
2019112600100052,2019년 11월 26일 01시,화요일,충청북도 단양군 매포읍,부상신고사고,0,0,0,1,차대차 - 측면충돌,안전거리미확보,건조,맑음,단일로 - 기타,농기계,남,83세,부상신고,승용,남,61세,상해없음
2019112600100092,2019년 11월 26일 06시,화요일,충청북도 제천시 고명동,경상사고,0,0,1,0,차대차 - 정면충돌,신호위반,건조,맑음,교차로 - 교차로안,승용,남,54세,상해없음,승합,남,50세,경상
2019112600100120,2019년 11월 26일 07시,화요일,충청북도 제천시 고암동,중상사고,0,1,0,1,차대차 - 측면충돌,신호위반,건조,맑음,교차로 - 교차로안,승용,여,57세,중상,승용,여,42세,부상신고
2019112600100121,2019년 11월 26일 07시,화요일,충청북도 청주시 서원구 개신동,경상사고,0,0,2,0,차대차 - 측면충돌,신호위반,건조,맑음,교차로 - 교차로부근,승용,남,60세,상해없음,승용,여,45세,경상
2019112600100122,2019년 11월 26일 07시,화요일,충청북도 청주시 상당구 용암동,중상사고,0,1,0,0,차대차 - 기타,교차로운행방법위반,건조,맑음,교차로 - 교차로안,원동기,남,80세,중상,승합,남,64세,상해없음
2019112600100219,2019년 11월 26일 10시,화요일,충청북도 충주시 교현동,중상사고,0,1,0,0,차대차 - 측면충돌,신호위반,건조,맑음,교차로 - 교차로안,화물,남,58세,상해없음,승용,여,40세,중상
2019112600100220,2019년 11월 26일 10시,화요일,충청북도 청주시 흥덕구 복대동,경상사고,0,0,1,0,차대사람 - 기타,보행자보호의무위반,건조,맑음,교차로 - 교차로안,승용,남,71세,상해없음,보행자,남,68세,경상
2019112600100256,2019년 11월 26일 11시,화요일,충청북도 괴산군 괴산읍,중상사고,0,1,1,0,차대차 - 측면충돌,안전거리미확보,건조,맑음,단일로 - 기타,화물,남,33세,상해없음,화물,남,45세,경상
2019112600100289,2019년 11월 26일 12시,화요일,충청북도 보은군 보은읍,중상사고,0,1,0,0,차대차 - 측면충돌,교차로운행방법위반,건조,맑음,교차로 - 교차로안,승용,남,62세,상해없음,이륜,남,72세,중상
2019112600100290,2019년 11월 26일 12시,화요일,충청북도 청주시 서원구 산남동,경상사고,0,0,1,0,차대차 - 측면충돌,교차로운행방법위반,건조,맑음,교차로 - 교차로안,화물,남,61세,상해없음,승용,남,27세,경상
2019112600100328,2019년 11월 26일 13시,화요일,충청북도 청주시 서원구 사창동,경상사고,0,0,1,0,차대차 - 기타,차로위반,건조,맑음,단일로 - 기타,승용,여,63세,상해없음,승용,남,74세,경상
2019112600100329,2019년 11월 26일 13시,화요일,충청북도 충주시 교현동,경상사고,0,0,1,0,차대차 - 측면충돌,신호위반,건조,맑음,교차로 - 교차로부근,승용,남,56세,상해없음,원동기,남,19세,경상
2019112600100330,2019년 11월 26일 13시,화요일,충청북도 청주시 흥덕구 오송읍,경상사고,0,0,1,0,차대차 - 측면충돌,안전운전불이행,건조,맑음,교차로 - 교차로안,이륜,남,90세 이상,경상,승용,남,64세,상해없음
2019112600100360,2019년 11월 26일 14시,화요일,충청북도 충주시 칠금동,경상사고,0,0,1,0,차대사람 - 횡단중,보행자보호의무위반,건조,맑음,단일로 - 기타,승용,남,53세,상해없음,보행자,남,11세,경상
2019112600100361,2019년 11월 26일 14시,화요일,충청북도 제천시 청전동,중상사고,0,1,0,0,차대차 - 추돌,안전운전불이행,건조,맑음,단일로 - 기타,승용,여,65세,상해없음,승용,여,49세,중상
2019112600100395,2019년 11월 26일 15시,화요일,충청북도 청주시 서원구 사창동,경상사고,0,0,1,0,차대차 - 기타,차로위반,건조,맑음,교차로 - 교차로부근,승용,남,49세,상해없음,승용,남,64세,경상
2019112600100396,2019년 11월 26일 15시,화요일,충청북도 청주시 흥덕구 봉명동,경상사고,0,0,3,0,차대차 - 추돌,안전운전불이행,건조,맑음,교차로 - 교차로부근,승용,남,47세,상해없음,승용,여,47세,경상
2019112600100397,2019년 11월 26일 15시,화요일,충청북도 청주시 청원구 오창읍,경상사고,0,0,2,0,차대차 - 추돌,안전거리미확보,건조,맑음,단일로 - 기타,화물,남,37세,상해없음,승용,남,32세,경상
2019112600100436,2019년 11월 26일 16시,화요일,충청북도 괴산군 괴산읍,경상사고,0,0,1,0,차대차 - 측면충돌,안전운전불이행,건조,맑음,교차로 - 교차로안,승용,남,22세,상해없음,승용,여,50세,경상
2019112600100437,2019년 11월 26일 16시,화요일,충청북도 청주시 흥덕구 옥산면,중상사고,0,1,1,0,차대차 - 추돌,안전거리미확보,건조,맑음,교차로 - 교차로부근,승용,여,46세,상해없음,승용,남,55세,경상
2019112600100438,2019년 11월 26일 16시,화요일,충청북도 청주시 흥덕구 가경동,경상사고,0,0,3,0,차대차 - 기타,신호위반,건조,맑음,교차로 - 교차로안,화물,남,60세,상해없음,승합,여,56세,경상
2019112600100439,2019년 11월 26일 16시,화요일,충청북도 청주시 흥덕구 봉명동,경상사고,0,0,3,0,차대차 - 측면충돌,안전운전불이행,건조,맑음,교차로 - 교차로안,승용,여,45세,상해없음,승용,남,33세,경상
2019112600100479,2019년 11월 26일 17시,화요일,충청북도 충주시 칠금동,중상사고,0,1,0,0,차대차 - 추돌,안전운전불이행,건조,맑음,교차로 - 교차로부근,이륜,남,82세,중상,화물,남,45세,상해없음
2019112600100480,2019년 11월 26일 17시,화요일,충청북도 음성군 감곡면,중상사고,0,2,0,0,차대차 - 측면충돌,직진우회전진행방해,건조,맑음,교차로 - 교차로안,건설기계,남,53세,상해없음,화물,남,60세,중상
2019112600100533,2019년 11월 26일 18시,화요일,충청북도 청주시 서원구 사창동,경상사고,0,0,1,0,차대사람 - 기타,안전운전불이행,건조,맑음,단일로 - 기타,승용,여,37세,상해없음,보행자,여,28세,경상
2019112600100534,2019년 11월 26일 18시,화요일,충청북도 청주시 서원구 사창동,경상사고,0,0,1,0,차대차 - 기타,안전운전불이행,건조,맑음,교차로 - 교차로안,승합,남,44세,상해없음,승용,여,42세,경상
2019112600100588,2019년 11월 26일 19시,화요일,충청북도 청주시 상당구 수동,경상사고,0,0,1,0,차대차 - 기타,교차로운행방법위반,건조,맑음,교차로 - 교차로안,승용,남,49세,상해없음,승용,여,29세,경상
2019112600100589,2019년 11월 26일 19시,화요일,충청북도 음성군 금왕읍,경상사고,0,0,1,0,차대차 - 측면충돌,안전운전불이행,건조,맑음,교차로 - 교차로안,화물,남,51세,상해없음,이륜,남,50세,경상
2019112600100590,2019년 11월 26일 19시,화요일,충청북도 청주시 서원구 수곡동,중상사고,0,1,0,0,차대차 - 측면충돌,신호위반,건조,맑음,교차로 - 교차로안,이륜,남,23세,상해없음,이륜,남,36세,중상
2019112600100591,2019년 11월 26일 19시,화요일,충청북도 청주시 상당구 영운동,경상사고,0,0,1,0,차대차 - 측면충돌,안전운전불이행,건조,맑음,단일로 - 지하차도(도로)내,승용,여,54세,상해없음,이륜,남,16세,경상
2019112600100621,2019년 11월 26일 20시,화요일,충청북도 청주시 서원구 개신동,경상사고,0,0,2,0,차대차 - 추돌,안전운전불이행,건조,맑음,교차로 - 교차로부근,승용,남,67세,상해없음,승용,남,27세,경상
2019112600100662,2019년 11월 26일 21시,화요일,충청북도 증평군 증평읍,중상사고,0,1,1,0,차대차 - 측면충돌,직진우회전진행방해,건조,맑음,교차로 - 교차로안,이륜,남,20세,중상,승용,여,38세,경상
2019112600100691,2019년 11월 26일 22시,화요일,충청북도 청주시 서원구 수곡동,경상사고,0,0,1,0,차대차 - 측면충돌,안전운전불이행,건조,맑음,교차로 - 교차로안,승용,남,21세,상해없음,이륜,남,29세,경상
2019112600100711,2019년 11월 26일 23시,화요일,충청북도 청주시 서원구 사창동,경상사고,0,0,1,0,차대차 - 기타,신호위반,건조,맑음,교차로 - 교차로안,승용,여,64세,상해없음,승용,남,54세,경상
2019112700100035,2019년 11월 27일 00시,수요일,충청북도 청주시 흥덕구 운천동,경상사고,0,0,1,0,차대차 - 추돌,안전거리미확보,건조,맑음,교차로 - 교차로부근,승용,남,44세,상해없음,승용,남,50세,경상
2019112700100046,2019년 11월 27일 01시,수요일,충청북도 청주시 서원구 모충동,경상사고,0,0,4,0,차대차 - 후진중충돌,안전운전불이행,건조,맑음,교차로 - 교차로안,승용,남,59세,상해없음,승용,남,53세,상해없음
2019112700100059,2019년 11월 27일 04시,수요일,충청북도 청주시 상당구 서문동,경상사고,0,0,1,0,차대차 - 후진중충돌,안전운전불이행,건조,맑음,단일로 - 지하차도(도로)내,화물,남,43세,상해없음,승용,남,57세,경상
2019112700100097,2019년 11월 27일 07시,수요일,충청북도 괴산군 청안면,경상사고,0,0,1,0,차대차 - 추돌,안전운전불이행,건조,맑음,교차로 - 교차로안,승용,남,52세,상해없음,승용,여,37세,경상
2019112700100169,2019년 11월 27일 09시,수요일,충청북도 청주시 서원구 사직동,중상사고,0,1,0,0,차대사람 - 횡단중,신호위반,건조,맑음,교차로 - 교차로횡단보도내,원동기,남,67세,상해없음,보행자,여,64세,중상
2019112700100170,2019년 11월 27일 09시,수요일,충청북도 충주시 대소원면,중상사고,0,1,0,0,차대차 - 기타,안전운전불이행,젖음/습기,맑음,단일로 - 기타,건설기계,남,59세,상해없음,사륜오토바이(ATV),남,82세,중상
2019112700100260,2019년 11월 27일 12시,수요일,충청북도 진천군 진천읍,경상사고,0,0,2,0,차대차 - 기타,신호위반,건조,맑음,교차로 - 교차로부근,이륜,남,39세,경상,화물,남,49세,경상
2019112700100261,2019년 11월 27일 12시,수요일,충청북도 청주시 흥덕구 복대동,경상사고,0,0,1,0,차대사람 - 기타,안전운전불이행,건조,맑음,단일로 - 기타,승용,남,24세,상해없음,보행자,남,26세,경상
2019112700100262,2019년 11월 27일 12시,수요일,충청북도 보은군 회인면,중상사고,0,1,1,0,차대차 - 추돌,안전거리미확보,건조,맑음,단일로 - 터널,승합,남,56세,상해없음,화물,남,39세,중상
2019112700100295,2019년 11월 27일 13시,수요일,충청북도 영동군 양강면,중상사고,0,4,2,0,차대차 - 측면충돌,교차로운행방법위반,건조,맑음,교차로 - 교차로안,화물,남,72세,경상,승합,남,50세,경상
2019112700100296,2019년 11월 27일 13시,수요일,충청북도 청주시 흥덕구 외북동,경상사고,0,0,3,0,차대차 - 기타,안전운전불이행,건조,맑음,교차로 - 교차로부근,승용,남,75세,상해없음,승용,여,33세,경상
2019112700100297,2019년 11월 27일 13시,수요일,충청북도 청주시 서원구 성화동,경상사고,0,0,1,0,차대차 - 기타,안전운전불이행,건조,맑음,단일로 - 기타,화물,남,66세,상해없음,승용,남,42세,경상
2019112700100341,2019년 11월 27일 14시,수요일,충청북도 진천군 진천읍,경상사고,0,0,3,0,차대차 - 기타,직진우회전진행방해,건조,맑음,교차로 - 교차로안,승용,여,55세,경상,승용,여,40세,경상
2019112700100342,2019년 11월 27일 14시,수요일,충청북도 청주시 흥덕구 봉명동,경상사고,0,0,1,0,차대차 - 측면충돌,안전운전불이행,건조,맑음,단일로 - 기타,승용,남,53세,상해없음,승용,여,31세,경상
2019112700100343,2019년 11월 27일 14시,수요일,충청북도 청주시 서원구 분평동,경상사고,0,0,1,0,차대차 - 후진중충돌,안전운전불이행,건조,맑음,단일로 - 지하차도(도로)내,화물,남,62세,상해없음,승용,여,55세,경상
2019112700100381,2019년 11월 27일 15시,수요일,충청북도 청주시 서원구 남이면,중상사고,0,1,0,0,차대차 - 정면충돌,중앙선침범,젖음/습기,맑음,단일로 - 기타,화물,남,60세,상해없음,승용,남,49세,중상
2019112700100382,2019년 11월 27일 15시,수요일,충청북도 청주시 서원구 모충동,중상사고,0,1,0,0,차대사람 - 횡단중,보행자보호의무위반,건조,맑음,교차로 - 교차로횡단보도내,승용,여,58세,상해없음,보행자,여,78세,중상
2019112700100418,2019년 11월 27일 16시,수요일,충청북도 청주시 흥덕구 가경동,경상사고,0,0,1,0,차대차 - 측면충돌,교차로운행방법위반,건조,맑음,교차로 - 교차로안,승용,여,58세,상해없음,승용,남,24세,경상
2019112700100451,2019년 11월 27일 17시,수요일,충청북도 청주시 청원구 오창읍,경상사고,0,0,1,0,차대차 - 측면충돌,안전운전불이행,건조,맑음,단일로 - 기타,화물,남,81세,상해없음,승용,남,62세,경상
2019112700100452,2019년 11월 27일 17시,수요일,충청북도 제천시 장락동,경상사고,0,0,1,0,차대차 - 추돌,안전운전불이행,건조,맑음,교차로 - 교차로부근,화물,남,56세,기타불명,화물,남,48세,경상
2019112700100453,2019년 11월 27일 17시,수요일,충청북도 진천군 진천읍,경상사고,0,0,1,0,차대차 - 기타,안전운전불이행,건조,맑음,교차로 - 교차로안,승용,남,43세,경상,화물,여,62세,상해없음
2019112700100454,2019년 11월 27일 17시,수요일,충청북도 청주시 상당구 지북동,경상사고,0,0,3,0,차대차 - 추돌,안전운전불이행,건조,맑음,단일로 - 지하차도(도로)내,화물,남,49세,상해없음,승용,남,31세,경상
2019112700100455,2019년 11월 27일 17시,수요일,충청북도 청주시 상당구 낭성면,경상사고,0,0,3,0,차대차 - 측면충돌,안전운전불이행,건조,맑음,단일로 - 지하차도(도로)내,승용,남,77세,상해없음,승용,남,57세,경상
2019112700100514,2019년 11월 27일 18시,수요일,충청북도 청주시 흥덕구 화계동,경상사고,0,0,1,0,차대차 - 기타,교차로운행방법위반,건조,맑음,교차로 - 교차로안,승합,남,52세,상해없음,이륜,남,18세,경상
2019112700100573,2019년 11월 27일 19시,수요일,충청북도 증평군 증평읍,중상사고,0,1,0,0,차대사람 - 횡단중,보행자보호의무위반,건조,맑음,교차로 - 교차로횡단보도내,이륜,남,45세,상해없음,보행자,남,48세,중상
2019112700100574,2019년 11월 27일 19시,수요일,충청북도 청주시 흥덕구 신촌동,부상신고사고,0,0,0,1,차량단독 - 기타,안전운전불이행,기타,맑음,단일로 - 기타,승용,남,58세,부상신고,,,,
2019112700100575,2019년 11월 27일 19시,수요일,충청북도 청주시 흥덕구 송정동,경상사고,0,0,1,0,차대차 - 측면충돌,안전운전불이행,건조,맑음,교차로 - 교차로횡단보도내,자전거,남,24세,경상,승용,남,39세,상해없음
2019112700100612,2019년 11월 27일 20시,수요일,충청북도 청주시 서원구 사창동,경상사고,0,0,3,0,차대차 - 기타,안전거리미확보,건조,맑음,교차로 - 교차로횡단보도내,승용,여,26세,경상,승용,남,58세,경상
2019112700100613,2019년 11월 27일 20시,수요일,충청북도 청주시 청원구 오창읍,중상사고,0,1,0,0,차대사람 - 기타,보행자보호의무위반,건조,맑음,교차로 - 교차로안,승용,남,61세,상해없음,보행자,남,36세,중상
2019112700100664,2019년 11월 27일 22시,수요일,충청북도 증평군 증평읍,경상사고,0,0,1,0,차대차 - 추돌,안전운전불이행,건조,맑음,교차로 - 교차로부근,승용,남,52세,상해없음,승용,여,23세,경상
2019112800100060,2019년 11월 28일 05시,목요일,충청북도 충주시 칠금동,경상사고,0,0,1,0,차대차 - 측면충돌,신호위반,건조,흐림,교차로 - 교차로안,승합,남,48세,상해없음,화물,남,62세,경상
2019112800100070,2019년 11월 28일 06시,목요일,충청북도 진천군 덕산면,중상사고,0,2,0,0,차대차 - 기타,신호위반,건조,맑음,교차로 - 교차로안,화물,남,35세,상해없음,승용,여,19세,중상
2019112800100094,2019년 11월 28일 07시,목요일,충청북도 청주시 상당구 영동,경상사고,0,0,1,0,차대차 - 기타,직진우회전진행방해,건조,맑음,교차로 - 교차로안,이륜,여,27세,경상,승용,남,49세,상해없음
2019112800100130,2019년 11월 28일 08시,목요일,충청북도 청주시 흥덕구 송정동,경상사고,0,0,2,0,차대차 - 측면충돌,신호위반,건조,맑음,교차로 - 교차로안,승용,남,23세,상해없음,승용,여,41세,경상
2019112800100131,2019년 11월 28일 08시,목요일,충청북도 청주시 흥덕구 송절동,경상사고,0,0,1,0,차대차 - 측면충돌,안전운전불이행,건조,맑음,교차로 - 교차로안,건설기계,남,61세,상해없음,승용,여,48세,경상