사고번호,사고일시,요일,시군구,사고내용,사망자수,중상자수,경상자수,부상신고자수,사고유형,법규위반,노면상태,기상상태,도로형태,가해운전자 차종,가해운전자 성별,가해운전자 연령,가해운전자 상해정도,피해운전자 차종,피해운전자 성별,피해운전자 연령,피해운전자 상해정도
2019112800100218,2019년 11월 28일 10시,목요일,충청북도 청주시 흥덕구 비하동,경상사고,0,0,1,0,차대차 - 측면충돌,교차로운행방법위반,건조,맑음,교차로 - 교차로안,승용,여,58세,상해없음,승용,남,34세,경상
2019112800100273,2019년 11월 28일 12시,목요일,충청북도 진천군 초평면,중상사고,0,2,0,0,차대차 - 측면충돌,신호위반,건조,맑음,교차로 - 교차로안,승용,남,61세,상해없음,화물,남,49세,중상
2019112800100274,2019년 11월 28일 12시,목요일,충청북도 청주시 흥덕구 복대동,경상사고,0,0,1,0,차대차 - 추돌,안전운전불이행,건조,맑음,단일로 - 기타,승용,남,19세,상해없음,화물,남,50세,경상
2019112800100306,2019년 11월 28일 13시,목요일,충청북도 음성군 감곡면,경상사고,0,0,1,0,차대차 - 추돌,안전거리미확보,건조,맑음,교차로 - 교차로부근,승용,남,22세,상해없음,승용,여,62세,경상
2019112800100374,2019년 11월 28일 15시,목요일,충청북도 충주시 호암동,중상사고,0,1,2,1,차대차 - 정면충돌,신호위반,건조,맑음,교차로 - 교차로안,승용,여,22세,부상신고,승합,여,54세,경상
2019112800100375,2019년 11월 28일 15시,목요일,충청북도 영동군 용산면,경상사고,0,0,1,0,차대차 - 측면충돌,신호위반,건조,맑음,교차로 - 교차로안,이륜,남,80세,경상,특수,여,47세,상해없음
2019112800100376,2019년 11월 28일 15시,목요일,충청북도 청주시 흥덕구 봉명동,경상사고,0,0,3,0,차대차 - 측면충돌,안전운전불이행,건조,맑음,단일로 - 기타,승용,남,50세,상해없음,승용,여,41세,경상
2019112800100377,2019년 11월 28일 15시,목요일,충청북도 청주시 흥덕구 복대동,중상사고,0,1,2,0,차대차 - 측면충돌,안전운전불이행,건조,맑음,교차로 - 교차로안,이륜,남,16세,중상,승용,여,45세,경상
2019112800100413,2019년 11월 28일 16시,목요일,충청북도 충주시 연수동,경상사고,0,0,2,0,차대차 - 기타,안전운전불이행,건조,맑음,단일로 - 기타,승합,남,23세,상해없음,승용,여,64세,경상
2019112800100460,2019년 11월 28일 17시,목요일,충청북도 제천시 청전동,경상사고,0,0,1,0,차대차 - 측면충돌,불법유턴,건조,맑음,단일로 - 지하차도(도로)내,승용,여,33세,상해없음,이륜,남,23세,경상
2019112800100461,2019년 11월 28일 17시,목요일,충청북도 괴산군 괴산읍,경상사고,0,0,1,0,차대차 - 기타,안전운전불이행,건조,맑음,단일로 - 기타,이륜,남,61세,경상,승합,남,78세,상해없음
2019112800100462,2019년 11월 28일 17시,목요일,충청북도 괴산군 괴산읍,경상사고,0,0,1,0,차대차 - 측면충돌,직진우회전진행방해,건조,맑음,교차로 - 교차로안,승용,남,70세,경상,화물,남,64세,상해없음
2019112800100463,2019년 11월 28일 17시,목요일,충청북도 괴산군 괴산읍,경상사고,0,0,1,0,차대차 - 측면충돌,안전운전불이행,건조,맑음,교차로 - 교차로안,화물,남,71세,상해없음,승용,여,44세,경상
2019112800100464,2019년 11월 28일 17시,목요일,충청북도 증평군 증평읍,경상사고,0,0,1,0,차대사람 - 횡단중,보행자보호의무위반,건조,맑음,교차로 - 교차로횡단보도내,승용,여,31세,상해없음,보행자,남,19세,경상
2019112800100465,2019년 11월 28일 17시,목요일,충청북도 음성군 감곡면,경상사고,0,0,1,0,차대차 - 측면충돌,직진우회전진행방해,건조,맑음,교차로 - 교차로안,승용,남,18세,상해없음,승용,남,56세,상해없음
2019112800100466,2019년 11월 28일 17시,목요일,충청북도 청주시 서원구 미평동,경상사고,0,0,1,0,차대차 - 기타,교차로운행방법위반,건조,맑음,교차로 - 교차로안,승용,여,48세,상해없음,승용,여,43세,경상
2019112800100467,2019년 11월 28일 17시,목요일,충청북도 충주시 노은면,경상사고,0,0,2,0,차대차 - 추돌,안전운전불이행,건조,맑음,기타 - 기타,승용,남,21세,상해없음,승용,남,38세,경상
2019112800100520,2019년 11월 28일 18시,목요일,충청북도 청주시 서원구 사직동,경상사고,0,0,1,0,차대차 - 측면충돌,안전거리미확보,건조,맑음,단일로 - 기타,승용,여,65세,상해없음,이륜,남,45세,경상
2019112800100521,2019년 11월 28일 18시,목요일,충청북도 충주시 교현동,경상사고,0,0,1,0,차대사람 - 길가장자리구역통행중,안전운전불이행,건조,맑음,단일로 - 기타,승합,남,46세,상해없음,보행자,여,58세,경상
2019112800100522,2019년 11월 28일 18시,목요일,충청북도 청주시 흥덕구 복대동,경상사고,0,0,1,0,차대차 - 측면충돌,교차로운행방법위반,건조,맑음,교차로 - 교차로안,승용,남,64세,상해없음,승용,여,46세,경상
2019112800100523,2019년 11월 28일 18시,목요일,충청북도 청주시 상당구 금천동,중상사고,0,1,0,0,차대차 - 측면충돌,중앙선침범,건조,맑음,단일로 - 지하차도(도로)내,승용,남,62세,상해없음,이륜,남,38세,중상
2019112800100585,2019년 11월 28일 19시,목요일,충청북도 청주시 서원구 사직동,중상사고,0,1,0,0,차대사람 - 기타,안전운전불이행,건조,맑음,교차로 - 교차로안,승용,남,26세,상해없음,보행자,남,70세,중상
2019112800100586,2019년 11월 28일 19시,목요일,충청북도 청주시 상당구 용암동,경상사고,0,0,1,0,차대차 - 측면충돌,안전운전불이행,건조,맑음,주차장 - 주차장,개인형이동수단(PM),남,60세,경상,이륜,남,38세,상해없음
2019112800100675,2019년 11월 28일 22시,목요일,충청북도 음성군 대소면,경상사고,0,0,1,0,차대차 - 측면충돌,안전운전불이행,건조,맑음,교차로 - 교차로안,승용,남,19세,상해없음,승용,여,43세,경상
2019112800100676,2019년 11월 28일 22시,목요일,충청북도 음성군 감곡면,경상사고,0,0,1,0,차대차 - 후진중충돌,안전운전불이행,건조,맑음,교차로 - 교차로부근,승용,남,47세,상해없음,승용,남,26세,경상
2019112800100677,2019년 11월 28일 22시,목요일,충청북도 청주시 흥덕구 복대동,중상사고,0,1,0,0,차대차 - 측면충돌,신호위반,건조,맑음,교차로 - 교차로안,승용,남,56세,상해없음,승용,남,33세,중상
2019112800100706,2019년 11월 28일 23시,목요일,충청북도 청주시 흥덕구 송정동,경상사고,0,0,2,0,차대차 - 측면충돌,안전운전불이행,건조,맑음,교차로 - 교차로안,승용,남,30세,상해없음,이륜,남,25세,경상
2019112800100707,2019년 11월 28일 23시,목요일,충청북도 청주시 흥덕구 서촌동,경상사고,0,0,2,0,차대차 - 추돌,안전운전불이행,건조,맑음,교차로 - 교차로부근,승용,남,31세,상해없음,승용,남,44세,경상
2019112900100050,2019년 11월 29일 02시,금요일,충청북도 청주시 서원구 산남동,경상사고,0,0,3,0,차대차 - 측면충돌,신호위반,건조,맑음,교차로 - 교차로부근,승용,남,23세,경상,승용,남,58세,상해없음
2019112900100111,2019년 11월 29일 07시,금요일,충청북도 음성군 대소면,경상사고,0,0,1,0,차대차 - 측면충돌,직진우회전진행방해,건조,맑음,교차로 - 교차로안,화물,남,48세,상해없음,승용,남,26세,경상
2019112900100155,2019년 11월 29일 08시,금요일,충청북도 충주시 성남동,경상사고,0,0,1,0,차대차 - 기타,교차로운행방법위반,건조,맑음,교차로 - 교차로안,승용,남,44세,상해없음,승용,남,39세,경상
2019112900100156,2019년 11월 29일 08시,금요일,충청북도 청주시 서원구 남이면,경상사고,0,0,1,1,차대차 - 추돌,안전운전불이행,건조,맑음,단일로 - 기타,승용,여,31세,부상신고,화물,남,52세,경상
2019112900100157,2019년 11월 29일 08시,금요일,충청북도 청주시 서원구 남이면,경상사고,0,0,2,0,차대차 - 기타,안전운전불이행,건조,맑음,단일로 - 기타,특수,남,43세,경상,승용,남,47세,경상
2019112900100275,2019년 11월 29일 11시,금요일,충청북도 영동군 용산면,중상사고,0,1,0,0,차대차 - 측면충돌,안전운전불이행,건조,맑음,단일로 - 기타,승용,여,27세,상해없음,이륜,남,61세,중상
2019112900100345,2019년 11월 29일 13시,금요일,충청북도 청주시 청원구 율량동,경상사고,0,0,2,0,차대차 - 기타,교차로운행방법위반,건조,맑음,교차로 - 교차로안,승용,남,63세,경상,승용,남,23세,경상
2019112900100346,2019년 11월 29일 13시,금요일,충청북도 음성군 금왕읍,중상사고,0,1,1,0,차대차 - 측면충돌,직진우회전진행방해,건조,맑음,교차로 - 교차로안,승용,여,61세,중상,승용,남,28세,경상
2019112900100389,2019년 11월 29일 14시,금요일,충청북도 청주시 청원구 오창읍,경상사고,0,0,2,0,차대차 - 측면충돌,신호위반,건조,맑음,교차로 - 교차로안,승용,남,72세,경상,화물,남,52세,경상
2019112900100492,2019년 11월 29일 16시,금요일,충청북도 충주시 교현동,중상사고,0,1,0,0,차대차 - 기타,안전운전불이행,건조,맑음,교차로 - 교차로안,자전거,여,63세,중상,승용,남,74세,상해없음
2019112900100493,2019년 11월 29일 16시,금요일,충청북도 충주시 용두동,경상사고,0,0,2,0,차대차 - 기타,안전거리미확보,건조,맑음,단일로 - 기타,승용,여,50세,경상,승용,여,39세,경상
2019112900100494,2019년 11월 29일 16시,금요일,충청북도 제천시 의림동,중상사고,0,1,0,0,차대사람 - 횡단중,보행자보호의무위반,건조,맑음,교차로 - 교차로횡단보도내,화물,남,57세,상해없음,보행자,여,73세,중상
2019112900100616,2019년 11월 29일 18시,금요일,충청북도 충주시 금릉동,경상사고,0,0,1,0,차대차 - 측면충돌,안전거리미확보,건조,맑음,단일로 - 기타,승용,여,52세,상해없음,승용,남,28세,경상
2019112900100681,2019년 11월 29일 19시,금요일,충청북도 청주시 청원구 오창읍,경상사고,0,0,3,0,차대차 - 정면충돌,신호위반,건조,맑음,교차로 - 교차로안,이륜,남,50세,경상,승용,남,45세,경상
2019112900100682,2019년 11월 29일 19시,금요일,충청북도 충주시 달천동,경상사고,0,0,2,0,차대차 - 기타,안전운전불이행,건조,맑음,교차로 - 교차로안,승용,남,77세,상해없음,승용,남,50세,경상
2019112900100767,2019년 11월 29일 21시,금요일,충청북도 보은군 보은읍,중상사고,0,1,0,0,차대차 - 측면충돌,교차로운행방법위반,건조,맑음,교차로 - 교차로안,화물,남,54세,상해없음,이륜,여,64세,중상
2019112900100768,2019년 11월 29일 21시,금요일,충청북도 청주시 서원구 남이면,경상사고,0,0,1,0,차대차 - 측면충돌,기타,건조,맑음,교차로 - 교차로부근,이륜,남,82세,경상,기타불명,기타불명,미분류,기타불명
2019112900100792,2019년 11월 29일 22시,금요일,충청북도 청주시 서원구 성화동,경상사고,0,0,1,0,차대차 - 기타,직진우회전진행방해,건조,맑음,교차로 - 교차로안,승용,여,33세,경상,이륜,남,19세,상해없음
2019112900100793,2019년 11월 29일 22시,금요일,충청북도 청주시 서원구 수곡동,경상사고,0,0,1,0,차대사람 - 차도통행중,안전운전불이행,건조,맑음,단일로 - 지하차도(도로)내,승용,여,46세,상해없음,보행자,여,28세,경상
2019112900100819,2019년 11월 29일 23시,금요일,충청북도 청주시 청원구 율량동,경상사고,0,0,1,0,차대차 - 측면충돌,안전운전불이행,건조,맑음,단일로 - 기타,승용,남,32세,상해없음,승용,여,39세,경상
2019112900100820,2019년 11월 29일 23시,금요일,충청북도 청주시 서원구 성화동,경상사고,0,0,1,1,차대차 - 기타,신호위반,건조,맑음,교차로 - 교차로안,승용,여,58세,부상신고,승용,남,34세,경상
2019113000100035,2019년 11월 30일 00시,토요일,충청북도 청주시 서원구 현도면,경상사고,0,0,1,0,차대차 - 추돌,안전운전불이행,건조,맑음,단일로 - 기타,화물,남,47세,상해없음,승용,남,37세,경상
2019113000100057,2019년 11월 30일 01시,토요일,충청북도 제천시 하소동,경상사고,0,0,1,0,차대차 - 측면충돌,신호위반,건조,맑음,교차로 - 교차로안,화물,남,54세,상해없음,승용,여,34세,경상
2019113000100160,2019년 11월 30일 08시,토요일,충청북도 청주시 상당구 남일면,경상사고,0,0,1,0,차대차 - 추돌,안전거리미확보,건조,맑음,단일로 - 지하차도(도로)내,건설기계,남,44세,상해없음,승용,남,57세,경상
2019113000100216,2019년 11월 30일 10시,토요일,충청북도 청주시 청원구 내수읍,경상사고,0,0,2,0,차대차 - 기타,안전운전불이행,건조,맑음,기타 - 기타,승합,남,69세,상해없음,승용,여,24세,경상
2019113000100217,2019년 11월 30일 10시,토요일,충청북도 청주시 흥덕구 복대동,경상사고,0,0,5,0,차대차 - 기타,교차로운행방법위반,건조,맑음,교차로 - 교차로안,승용,남,57세,경상,승용,남,38세,경상
2019113000100258,2019년 11월 30일 11시,토요일,충청북도 충주시 충의동,경상사고,0,0,1,0,차대사람 - 차도통행중,안전운전불이행,건조,맑음,단일로 - 기타,승용,남,66세,상해없음,보행자,여,77세,경상
2019113000100299,2019년 11월 30일 12시,토요일,충청북도 옥천군 옥천읍,중상사고,0,1,0,0,차대차 - 기타,안전운전불이행,건조,맑음,단일로 - 기타,승용,남,27세,상해없음,이륜,남,42세,중상
2019113000100300,2019년 11월 30일 12시,토요일,충청북도 청주시 흥덕구 가경동,경상사고,0,0,3,0,차대차 - 측면충돌,안전거리미확보,건조,맑음,교차로 - 교차로부근,승용,남,24세,경상,승용,남,25세,경상
2019113000100301,2019년 11월 30일 12시,토요일,충청북도 진천군 초평면,경상사고,0,0,4,0,차대차 - 추돌,안전운전불이행,건조,맑음,기타 - 기타,승용,남,20세,상해없음,승용,남,43세,경상
2019113000100339,2019년 11월 30일 13시,토요일,충청북도 청주시 청원구 오창읍,경상사고,0,0,1,0,차대차 - 측면충돌,안전거리미확보,건조,맑음,단일로 - 기타,화물,남,41세,상해없음,이륜,남,59세,경상
2019113000100370,2019년 11월 30일 14시,토요일,충청북도 제천시 의림동,중상사고,0,1,0,0,차대차 - 측면충돌,중앙선침범,건조,맑음,단일로 - 지하차도(도로)내,승용,여,47세,상해없음,이륜,남,23세,중상
2019113000100410,2019년 11월 30일 15시,토요일,충청북도 청주시 서원구 사직동,경상사고,0,0,4,0,차대차 - 측면충돌,안전운전불이행,건조,맑음,단일로 - 기타,승용,남,32세,경상,승용,남,53세,경상
2019113000100451,2019년 11월 30일 16시,토요일,충청북도 충주시 교현동,경상사고,0,0,1,0,차대사람 - 횡단중,안전운전불이행,건조,맑음,단일로 - 기타,승용,여,48세,상해없음,보행자,남,7세,경상
2019113000100452,2019년 11월 30일 16시,토요일,충청북도 음성군 삼성면,경상사고,0,0,1,0,차대차 - 측면충돌,교차로운행방법위반,건조,맑음,교차로 - 교차로안,승용,남,64세,상해없음,승용,여,62세,경상
2019113000100502,2019년 11월 30일 17시,토요일,충청북도 충주시 호암동,경상사고,0,0,2,0,차대차 - 측면충돌,안전운전불이행,건조,맑음,교차로 - 교차로부근,승용,여,42세,상해없음,승용,남,35세,경상
2019113000100503,2019년 11월 30일 17시,토요일,충청북도 진천군 진천읍,경상사고,0,0,1,0,차량단독 - 기타,안전운전불이행,건조,기타,기타 - 기타,자전거,남,63세,경상,,,,
2019113000100555,2019년 11월 30일 18시,토요일,충청북도 충주시 호암동,중상사고,0,1,0,0,차대차 - 기타,신호위반,건조,맑음,교차로 - 교차로부근,승용,남,45세,상해없음,이륜,남,30세,중상
2019113000100556,2019년 11월 30일 18시,토요일,충청북도 제천시 하소동,경상사고,0,0,1,0,차대차 - 측면충돌,직진우회전진행방해,건조,맑음,교차로 - 교차로안,승용,여,48세,상해없음,이륜,남,36세,경상
2019113000100557,2019년 11월 30일 18시,토요일,충청북도 청주시 흥덕구 복대동,경상사고,0,0,1,0,차대차 - 기타,기타,건조,맑음,교차로 - 교차로부근,승용,여,54세,상해없음,이륜,남,59세,경상
2019113000100558,2019년 11월 30일 18시,토요일,충청북도 청주시 흥덕구 복대동,경상사고,0,0,1,0,차대차 - 기타,안전운전불이행,건조,맑음,단일로 - 기타,이륜,남,14세,상해없음,승용,남,54세,경상
2019113000100608,2019년 11월 30일 19시,토요일,충청북도 청주시 흥덕구 가경동,경상사고,0,0,1,0,차대차 - 측면충돌,안전거리미확보,건조,맑음,단일로 - 기타,승용,남,55세,상해없음,승용,남,34세,경상
2019113000100609,2019년 11월 30일 19시,토요일,충청북도 청주시 상당구 용암동,중상사고,0,1,0,0,차대차 - 측면충돌,교차로운행방법위반,건조,맑음,교차로 - 교차로안,승용,남,29세,상해없음,원동기,남,30세,중상
2019113000100647,2019년 11월 30일 20시,토요일,충청북도 청주시 흥덕구 송정동,중상사고,0,1,4,0,차대차 - 기타,신호위반,건조,맑음,교차로 - 교차로안,승용,여,57세,상해없음,승용,남,40세,경상
2019120100100068,2019년 12월 1일 02시,일요일,충청북도 청주시 흥덕구 향정동,중상사고,0,1,1,0,차대차 - 측면충돌,안전운전불이행,건조,맑음,교차로 - 교차로부근,승용,남,31세,상해없음,승용,남,29세,기타불명
2019120100100069,2019년 12월 1일 02시,일요일,충청북도 청주시 서원구 모충동,경상사고,0,0,1,0,차대차 - 측면충돌,안전운전불이행,건조,맑음,단일로 - 기타,승용,남,26세,상해없음,원동기,남,13세,상해없음
2019120100100085,2019년 12월 1일 03시,일요일,충청북도 옥천군 군서면,부상신고사고,0,0,0,1,차량단독 - 공작물충돌,안전운전불이행,건조,맑음,단일로 - 기타,승용,여,50세,부상신고,,,,
2019120100100097,2019년 12월 1일 04시,일요일,충청북도 진천군 덕산면,중상사고,0,1,0,0,차량단독 - 기타,안전운전불이행,건조,맑음,단일로 - 기타,승용,남,24세,중상,,,,
2019120100100139,2019년 12월 1일 08시,일요일,충청북도 청주시 청원구 오창읍,경상사고,0,0,1,0,차대차 - 기타,교차로운행방법위반,건조,맑음,교차로 - 교차로안,화물,남,62세,상해없음,승용,남,41세,경상
2019120100100192,2019년 12월 1일 11시,일요일,충청북도 제천시 하소동,경상사고,0,0,1,0,차대차 - 측면충돌,신호위반,건조,맑음,교차로 - 교차로안,승용,남,33세,상해없음,승용,여,32세,경상
2019120100100221,2019년 12월 1일 12시,일요일,충청북도 청주시 청원구 오창읍,경상사고,0,0,1,0,차대차 - 기타,안전운전불이행,젖음/습기,비,단일로 - 기타,승용,남,27세,상해없음,이륜,남,47세,경상
2019120100100222,2019년 12월 1일 12시,일요일,충청북도 진천군 진천읍,경상사고,0,0,1,0,차대차 - 측면충돌,차로위반,젖음/습기,비,교차로 - 교차로안,승용,남,45세,상해없음,원동기,남,23세,경상
2019120100100224,2019년 12월 1일 12시,일요일,충청북도 청주시 흥덕구 석소동,중상사고,0,1,3,0,차대차 - 추돌,안전운전불이행,젖음/습기,비,단일로 - 기타,화물,남,72세,상해없음,승용,남,27세,중상
2019120100100276,2019년 12월 1일 14시,일요일,충청북도 청주시 서원구 사창동,경상사고,0,0,1,0,차대사람 - 기타,안전운전불이행,젖음/습기,비,단일로 - 기타,승용,여,48세,상해없음,보행자,여,59세,경상
2019120100100382,2019년 12월 1일 17시,일요일,충청북도 옥천군 옥천읍,중상사고,0,1,0,0,차량단독 - 공작물충돌,안전운전불이행,젖음/습기,비,단일로 - 교량,승용,남,56세,중상,,,,
2019120100100383,2019년 12월 1일 17시,일요일,충청북도 진천군 진천읍,경상사고,0,0,3,0,차대차 - 기타,안전운전불이행,기타,흐림,교차로 - 교차로안,승용,여,69세,상해없음,승용,남,43세,경상
2019120100100384,2019년 12월 1일 17시,일요일,충청북도 청주시 서원구 수곡동,경상사고,0,0,2,0,차대차 - 추돌,안전운전불이행,건조,맑음,단일로 - 기타,승용,남,59세,상해없음,승용,여,53세,경상
2019120100100434,2019년 12월 1일 18시,일요일,충청북도 청주시 청원구 우암동,경상사고,0,0,1,0,차대차 - 기타,안전운전불이행,젖음/습기,비,교차로 - 교차로부근,승용,여,55세,상해없음,승합,남,37세,경상
2019120100100477,2019년 12월 1일 19시,일요일,충청북도 청주시 상당구 탑동,경상사고,0,0,1,0,차대차 - 추돌,안전거리미확보,건조,맑음,단일로 - 기타,승용,여,41세,상해없음,승용,남,52세,경상
2019120100100478,2019년 12월 1일 19시,일요일,충청북도 청주시 상당구 서문동,경상사고,0,0,6,0,차대차 - 측면충돌,교차로운행방법위반,젖음/습기,비,교차로 - 교차로안,이륜,남,49세,경상,승용,남,47세,경상
2019120200100065,2019년 12월 2일 06시,월요일,충청북도 옥천군 옥천읍,경상사고,0,0,1,0,차대차 - 측면충돌,안전운전불이행,건조,맑음,단일로 - 기타,기타불명,기타불명,미분류,기타불명,이륜,남,69세,경상
2019120200100116,2019년 12월 2일 08시,월요일,충청북도 제천시 신백동,경상사고,0,0,1,0,차대차 - 정면충돌,직진우회전진행방해,건조,맑음,교차로 - 교차로안,승용,남,65세,상해없음,승용,남,38세,경상
2019120200100117,2019년 12월 2일 08시,월요일,충청북도 청주시 흥덕구 송정동,경상사고,0,0,1,0,차대차 - 기타,안전운전불이행,건조,맑음,단일로 - 기타,승합,남,57세,상해없음,승용,남,31세,경상
2019120200100157,2019년 12월 2일 09시,월요일,충청북도 충주시 봉방동,경상사고,0,0,1,0,차대차 - 추돌,안전운전불이행,건조,맑음,교차로 - 교차로부근,승용,여,39세,상해없음,승용,여,51세,경상
2019120200100222,2019년 12월 2일 11시,월요일,충청북도 청주시 청원구 우암동,경상사고,0,0,1,0,차대차 - 추돌,안전운전불이행,건조,맑음,교차로 - 교차로부근,승용,남,19세,상해없음,화물,남,73세,경상
2019120200100223,2019년 12월 2일 11시,월요일,충청북도 충주시 단월동,경상사고,0,0,1,0,차대사람 - 보도통행중,안전운전불이행,건조,맑음,단일로 - 기타,자전거,남,84세,상해없음,보행자,여,19세,경상
2019120200100224,2019년 12월 2일 11시,월요일,충청북도 충주시 지현동,경상사고,0,0,1,0,차대차 - 후진중충돌,안전운전불이행,건조,맑음,단일로 - 기타,승용,여,57세,상해없음,승용,남,40세,경상
2019120200100225,2019년 12월 2일 11시,월요일,충청북도 제천시 영천동,경상사고,0,0,1,0,차량단독 - 기타,안전운전불이행,건조,맑음,교차로 - 교차로부근,화물,남,63세,상해없음,,,,
2019120200100280,2019년 12월 2일 13시,월요일,충청북도 청주시 청원구 오창읍,중상사고,0,1,0,0,차대사람 - 횡단중,신호위반,건조,맑음,교차로 - 교차로안,승용,남,49세,상해없음,보행자,여,48세,중상
2019120200100307,2019년 12월 2일 14시,월요일,충청북도 청주시 청원구 내덕동,경상사고,0,0,2,0,차대차 - 기타,안전운전불이행,건조,맑음,교차로 - 교차로안,승용,남,28세,상해없음,승용,남,65세,경상
2019120200100331,2019년 12월 2일 15시,월요일,충청북도 단양군 매포읍,부상신고사고,0,0,0,1,차대차 - 정면충돌,안전운전불이행,건조,맑음,기타 - 기타,화물,남,59세,상해없음,자전거,남,70세,부상신고
2019120200100380,2019년 12월 2일 16시,월요일,충청북도 청주시 흥덕구 복대동,경상사고,0,0,1,0,차대차 - 기타,안전운전불이행,건조,맑음,교차로 - 교차로부근,승용,여,38세,상해없음,승용,여,32세,경상
2019120200100381,2019년 12월 2일 16시,월요일,충청북도 청주시 흥덕구 봉명동,중상사고,0,2,1,0,차대차 - 측면충돌,안전운전불이행,건조,맑음,교차로 - 교차로안,승용,여,55세,경상,승합,남,41세,중상
2019120200100437,2019년 12월 2일 17시,월요일,충청북도 충주시 문화동,경상사고,0,0,2,0,차대차 - 기타,안전운전불이행,건조,흐림,단일로 - 기타,승용,남,63세,상해없음,승용,남,61세,상해없음
2019120200100438,2019년 12월 2일 17시,월요일,충청북도 제천시 영천동,경상사고,0,0,1,0,차대차 - 측면충돌,안전운전불이행,건조,맑음,단일로 - 지하차도(도로)내,이륜,남,60세,경상,화물,남,50세,상해없음
2019120200100493,2019년 12월 2일 18시,월요일,충청북도 충주시 주덕읍,중상사고,0,1,0,0,차대차 - 기타,안전운전불이행,건조,맑음,단일로 - 기타,승용,남,23세,상해없음,이륜,남,18세,중상
2019120200100494,2019년 12월 2일 18시,월요일,충청북도 충주시 동량면,중상사고,0,1,1,0,차대차 - 기타,안전운전불이행,건조,맑음,교차로 - 교차로부근,승용,남,49세,중상,건설기계,남,57세,경상
2019120200100495,2019년 12월 2일 18시,월요일,충청북도 음성군 맹동면,경상사고,0,0,1,0,차대차 - 측면충돌,신호위반,건조,흐림,교차로 - 교차로안,승용,남,35세,상해없음,승용,남,28세,경상
2019120200100496,2019년 12월 2일 18시,월요일,충청북도 진천군 덕산면,경상사고,0,0,1,0,차대사람 - 기타,안전운전불이행,건조,맑음,교차로 - 교차로안,기타불명,기타불명,미분류,기타불명,보행자,남,38세,경상
2019120200100588,2019년 12월 2일 21시,월요일,충청북도 청주시 흥덕구 오송읍,경상사고,0,0,1,0,차대사람 - 기타,안전운전불이행,건조,맑음,단일로 - 기타,승용,여,41세,상해없음,보행자,남,24세,경상
2019120200100589,2019년 12월 2일 21시,월요일,충청북도 청주시 상당구 용암동,경상사고,0,0,1,0,차대차 - 추돌,안전운전불이행,건조,맑음,교차로 - 교차로부근,승용,여,43세,기타불명,승용,남,46세,경상
2019120200100616,2019년 12월 2일 22시,월요일,충청북도 충주시 안림동,경상사고,0,0,3,0,차대차 - 기타,안전거리미확보,건조,맑음,단일로 - 기타,승용,남,63세,상해없음,승용,여,60세,경상
2019120300100044,2019년 12월 3일 02시,화요일,충청북도 청주시 흥덕구 가경동,중상사고,0,1,0,0,차대차 - 기타,신호위반,건조,맑음,교차로 - 교차로부근,승용,남,65세,상해없음,승용,여,45세,중상
2019120300100130,2019년 12월 3일 08시,화요일,충청북도 충주시 교현동,경상사고,0,0,1,0,차대사람 - 기타,안전운전불이행,건조,맑음,단일로 - 기타,승용,여,50세,상해없음,보행자,여,60세,경상
2019120300100131,2019년 12월 3일 08시,화요일,충청북도 제천시 장락동,중상사고,0,1,0,0,차대사람 - 횡단중,보행자보호의무위반,건조,맑음,단일로 - 기타,승용,여,48세,상해없음,보행자,남,13세,중상
2019120300100176,2019년 12월 3일 09시,화요일,충청북도 청주시 흥덕구 오송읍,경상사고,0,0,3,0,차대차 - 측면충돌,교차로운행방법위반,건조,맑음,교차로 - 교차로안,승용,남,59세,상해없음,승용,남,41세,경상
2019120300100177,2019년 12월 3일 09시,화요일,충청북도 청주시 흥덕구 오송읍,경상사고,0,0,1,0,차량단독 - 기타,안전운전불이행,건조,맑음,교차로 - 교차로안,승합,남,29세,상해없음,,,,
2019120300100178,2019년 12월 3일 09시,화요일,충청북도 청주시 흥덕구 가경동,경상사고,0,0,1,0,차량단독 - 기타,안전운전불이행,건조,맑음,단일로 - 기타,승합,남,45세,상해없음,,,,
2019120300100214,2019년 12월 3일 10시,화요일,충청북도 제천시 고명동,중상사고,0,2,2,0,차대차 - 정면충돌,중앙선침범,건조,맑음,교차로 - 교차로안,승용,남,56세,중상,승용,남,67세,경상
2019120300100215,2019년 12월 3일 10시,화요일,충청북도 진천군 이월면,경상사고,0,0,1,0,차대차 - 기타,차로위반,건조,맑음,교차로 - 교차로안,화물,남,63세,상해없음,승용,남,60세,경상
2019120300100238,2019년 12월 3일 11시,화요일,충청북도 진천군 진천읍,중상사고,0,1,0,0,차대사람 - 보도통행중,안전운전불이행,건조,맑음,단일로 - 기타,화물,남,40세,상해없음,보행자,여,66세,중상
2019120300100309,2019년 12월 3일 13시,화요일,충청북도 충주시 수안보면,중상사고,0,1,0,0,차대차 - 정면충돌,안전운전불이행,건조,맑음,교차로 - 교차로안,승용,남,84세,상해없음,화물,남,62세,중상