사고번호,사고일시,요일,시군구,사고내용,사망자수,중상자수,경상자수,부상신고자수,사고유형,법규위반,노면상태,기상상태,도로형태,가해운전자 차종,가해운전자 성별,가해운전자 연령,가해운전자 상해정도,피해운전자 차종,피해운전자 성별,피해운전자 연령,피해운전자 상해정도
2019120300100310,2019년 12월 3일 13시,화요일,충청북도 청주시 흥덕구 석소동,중상사고,0,1,4,0,차대차 - 측면충돌,신호위반,건조,맑음,교차로 - 교차로안,화물,남,47세,경상,승용,남,29세,경상
2019120300100344,2019년 12월 3일 14시,화요일,충청북도 청주시 흥덕구 신봉동,부상신고사고,0,0,0,1,차대사람 - 기타,안전운전불이행,건조,맑음,기타 - 기타,승용,여,30세,상해없음,보행자,여,34세,부상신고
2019120300100386,2019년 12월 3일 15시,화요일,충청북도 청주시 청원구 오창읍,경상사고,0,0,2,0,차대차 - 측면충돌,직진우회전진행방해,젖음/습기,비,교차로 - 교차로안,화물,남,61세,경상,특수,남,63세,경상
2019120300100387,2019년 12월 3일 15시,화요일,충청북도 제천시 중앙로2가,경상사고,0,0,1,0,차대차 - 측면충돌,안전거리미확보,젖음/습기,눈,교차로 - 교차로부근,승용,여,61세,상해없음,승용,여,50세,경상
2019120300100388,2019년 12월 3일 15시,화요일,충청북도 청주시 흥덕구 봉명동,경상사고,0,0,1,0,차대차 - 기타,안전운전불이행,젖음/습기,비,단일로 - 기타,승용,여,51세,상해없음,이륜,남,44세,경상
2019120300100418,2019년 12월 3일 16시,화요일,충청북도 청주시 청원구 오창읍,경상사고,0,0,1,0,차대차 - 기타,안전운전불이행,젖음/습기,비,단일로 - 기타,화물,남,33세,경상,승용,남,51세,상해없음
2019120300100419,2019년 12월 3일 16시,화요일,충청북도 청주시 상당구 금천동,경상사고,0,0,1,0,차대사람 - 횡단중,안전운전불이행,젖음/습기,비,단일로 - 지하차도(도로)내,승용,남,37세,상해없음,보행자,남,62세,경상
2019120300100420,2019년 12월 3일 16시,화요일,충청북도 청주시 상당구 서운동,중상사고,0,1,0,0,차대사람 - 횡단중,안전운전불이행,젖음/습기,비,교차로 - 교차로횡단보도내,이륜,남,31세,상해없음,보행자,남,77세,중상
2019120300100458,2019년 12월 3일 17시,화요일,충청북도 제천시 화산동,경상사고,0,0,1,0,차대차 - 측면충돌,안전거리미확보,건조,맑음,단일로 - 기타,승용,남,43세,상해없음,승용,남,50세,경상
2019120300100509,2019년 12월 3일 18시,화요일,충청북도 충주시 금가면,중상사고,0,1,0,0,차대사람 - 길가장자리구역통행중,안전운전불이행,건조,흐림,단일로 - 기타,화물,남,43세,상해없음,보행자,여,57세,중상
2019120300100510,2019년 12월 3일 18시,화요일,충청북도 청주시 흥덕구 비하동,경상사고,0,0,1,0,차대차 - 측면충돌,직진우회전진행방해,젖음/습기,비,교차로 - 교차로안,이륜,남,22세,경상,승용,남,54세,상해없음
2019120300100511,2019년 12월 3일 18시,화요일,충청북도 청주시 서원구 남이면,경상사고,0,0,1,0,차대차 - 추돌,안전거리미확보,건조,맑음,교차로 - 교차로부근,승용,남,46세,상해없음,승용,남,35세,경상
2019120300100554,2019년 12월 3일 19시,화요일,충청북도 충주시 연수동,중상사고,0,1,0,0,차대차 - 측면충돌,안전운전불이행,건조,맑음,교차로 - 교차로안,승용,남,45세,상해없음,원동기,남,39세,중상
2019120300100580,2019년 12월 3일 20시,화요일,충청북도 증평군 증평읍,경상사고,0,0,1,0,차량단독 - 공작물충돌,안전운전불이행,건조,흐림,단일로 - 기타,승용,남,46세,경상,,,,
2019120300100607,2019년 12월 3일 21시,화요일,충청북도 충주시 연수동,중상사고,0,1,0,0,차대차 - 기타,안전운전불이행,건조,맑음,교차로 - 교차로안,승용,남,45세,기타불명,승용,남,26세,중상
2019120300100608,2019년 12월 3일 21시,화요일,충청북도 청주시 서원구 미평동,경상사고,0,0,1,0,차대차 - 측면충돌,신호위반,건조,맑음,교차로 - 교차로안,승용,여,58세,상해없음,승용,남,41세,경상
2019120300100642,2019년 12월 3일 22시,화요일,충청북도 진천군 덕산면,경상사고,0,0,2,0,차대차 - 추돌,안전거리미확보,건조,맑음,교차로 - 교차로안,승용,여,30세,상해없음,승용,남,24세,경상
2019120300100643,2019년 12월 3일 22시,화요일,충청북도 진천군 문백면,사망사고,1,0,0,0,차대사람 - 기타,안전운전불이행,젖음/습기,비,단일로 - 교량,승용,남,56세,상해없음,보행자,남,23세,사망
2019120300100666,2019년 12월 3일 23시,화요일,충청북도 청주시 흥덕구 운천동,중상사고,0,1,1,0,차대차 - 측면충돌,신호위반,서리/결빙,비,교차로 - 교차로안,승용,남,67세,경상,승용,남,53세,중상
2019120400100046,2019년 12월 4일 00시,수요일,충청북도 청주시 청원구 오창읍,경상사고,0,0,1,0,차대차 - 기타,안전운전불이행,건조,맑음,교차로 - 교차로부근,승용,남,59세,상해없음,승용,남,29세,경상
2019120400100108,2019년 12월 4일 05시,수요일,충청북도 충주시 동량면,경상사고,0,0,1,0,차대차 - 기타,안전운전불이행,서리/결빙,안개,단일로 - 교량,화물,남,63세,상해없음,승용,남,51세,경상
2019120400100109,2019년 12월 4일 05시,수요일,충청북도 충주시 호암동,중상사고,0,1,0,0,차대차 - 후진중충돌,안전운전불이행,건조,맑음,단일로 - 기타,승용,여,32세,상해없음,승용,여,69세,중상
2019120400100110,2019년 12월 4일 05시,수요일,충청북도 음성군 금왕읍,중상사고,0,1,0,0,차대차 - 추돌,안전운전불이행,서리/결빙,맑음,교차로 - 교차로부근,승용,남,41세,중상,승용,남,52세,상해없음
2019120400100111,2019년 12월 4일 05시,수요일,충청북도 청주시 흥덕구 오송읍,경상사고,0,0,1,0,차대차 - 측면충돌,중앙선침범,건조,맑음,단일로 - 기타,건설기계,남,51세,상해없음,화물,남,34세,경상
2019120400100147,2019년 12월 4일 06시,수요일,충청북도 청주시 서원구 사창동,경상사고,0,0,1,0,차대차 - 기타,안전운전불이행,건조,맑음,교차로 - 교차로횡단보도내,승용,남,65세,상해없음,자전거,남,60세,경상
2019120400100148,2019년 12월 4일 06시,수요일,충청북도 충주시 살미면,중상사고,0,1,5,0,차대차 - 추돌,안전운전불이행,서리/결빙,안개,단일로 - 교량,승용,남,50세,경상,승용,여,21세,경상
2019120400100149,2019년 12월 4일 06시,수요일,충청북도 충주시 풍동,경상사고,0,0,1,0,차대차 - 추돌,안전운전불이행,서리/결빙,안개,단일로 - 교량,승용,남,50세,상해없음,승용,남,61세,경상
2019120400100150,2019년 12월 4일 06시,수요일,충청북도 진천군 광혜원면,중상사고,0,1,1,0,차대차 - 측면충돌,차로위반,서리/결빙,맑음,단일로 - 기타,화물,남,57세,상해없음,승용,남,40세,상해없음
2019120400100151,2019년 12월 4일 06시,수요일,충청북도 청주시 흥덕구 봉명동,중상사고,0,1,0,0,차대차 - 측면충돌,안전거리미확보,건조,맑음,단일로 - 지하차도(도로)내,승용,남,49세,상해없음,승용,남,42세,상해없음
2019120400100170,2019년 12월 4일 07시,수요일,충청북도 음성군 음성읍,사망사고,1,2,22,0,차대차 - 정면충돌,중앙선침범,젖음/습기,안개,단일로 - 기타,승합,남,56세,상해없음,승용,남,49세,사망
2019120400100171,2019년 12월 4일 07시,수요일,충청북도 청주시 흥덕구 외북동,경상사고,0,0,2,0,차대차 - 추돌,안전거리미확보,건조,맑음,단일로 - 기타,승용,남,44세,상해없음,승용,남,56세,경상
2019120400100209,2019년 12월 4일 08시,수요일,충청북도 충주시 중앙탑면,경상사고,0,0,1,0,차대차 - 기타,안전운전불이행,젖음/습기,안개,단일로 - 기타,승용,남,47세,상해없음,승용,여,38세,기타불명
2019120400100210,2019년 12월 4일 08시,수요일,충청북도 충주시 중앙탑면,경상사고,0,0,2,0,차대차 - 기타,안전운전불이행,젖음/습기,안개,단일로 - 기타,승용,여,38세,경상,승용,여,54세,경상
2019120400100211,2019년 12월 4일 08시,수요일,충청북도 제천시 수산면,경상사고,0,0,5,0,차대차 - 정면충돌,중앙선침범,서리/결빙,흐림,단일로 - 지하차도(도로)내,화물,남,60세,경상,승합,남,66세,경상
2019120400100292,2019년 12월 4일 10시,수요일,충청북도 청주시 청원구 오창읍,중상사고,0,1,1,0,차대차 - 기타,안전운전불이행,건조,맑음,교차로 - 교차로안,승용,여,27세,상해없음,승용,여,31세,경상
2019120400100293,2019년 12월 4일 10시,수요일,충청북도 청주시 흥덕구 운천동,경상사고,0,0,1,0,차대차 - 기타,안전운전불이행,건조,맑음,교차로 - 교차로부근,화물,남,65세,상해없음,승용,남,64세,경상
2019120400100294,2019년 12월 4일 10시,수요일,충청북도 청주시 상당구 영운동,경상사고,0,0,1,0,차대차 - 측면충돌,교차로운행방법위반,건조,맑음,교차로 - 교차로안,승용,남,85세,상해없음,원동기,남,59세,경상
2019120400100335,2019년 12월 4일 11시,수요일,충청북도 청주시 청원구 우암동,경상사고,0,0,1,0,차대차 - 기타,안전운전불이행,건조,맑음,교차로 - 교차로횡단보도내,화물,남,53세,상해없음,자전거,남,82세,경상
2019120400100336,2019년 12월 4일 11시,수요일,충청북도 청주시 청원구 내수읍,중상사고,0,1,1,0,차대차 - 기타,직진우회전진행방해,건조,맑음,교차로 - 교차로안,승용,남,57세,상해없음,승용,남,60세,경상
2019120400100337,2019년 12월 4일 11시,수요일,충청북도 충주시 문화동,경상사고,0,0,1,0,차대사람 - 횡단중,보행자보호의무위반,건조,맑음,단일로 - 기타,승용,여,61세,상해없음,보행자,남,87세,경상
2019120400100374,2019년 12월 4일 12시,수요일,충청북도 청주시 흥덕구 봉명동,경상사고,0,0,1,0,차대차 - 추돌,안전운전불이행,건조,맑음,교차로 - 교차로부근,승합,남,61세,상해없음,승용,남,32세,경상
2019120400100425,2019년 12월 4일 14시,수요일,충청북도 충주시 봉방동,경상사고,0,0,1,0,차대사람 - 횡단중,신호위반,건조,맑음,단일로 - 기타,승용,여,61세,상해없음,보행자,남,9세,경상
2019120400100426,2019년 12월 4일 14시,수요일,충청북도 옥천군 옥천읍,중상사고,0,1,0,0,차대차 - 추돌,안전운전불이행,건조,맑음,교차로 - 교차로부근,화물,남,52세,상해없음,화물,남,41세,중상
2019120400100427,2019년 12월 4일 14시,수요일,충청북도 청주시 상당구 용암동,중상사고,0,1,0,0,차대사람 - 횡단중,안전운전불이행,건조,맑음,단일로 - 지하차도(도로)내,승용,여,36세,상해없음,보행자,여,14세,중상
2019120400100488,2019년 12월 4일 16시,수요일,충청북도 청주시 상당구 낭성면,경상사고,0,0,2,0,차대차 - 추돌,안전운전불이행,젖음/습기,비,단일로 - 지하차도(도로)내,화물,남,51세,상해없음,승용,남,57세,경상
2019120400100586,2019년 12월 4일 18시,수요일,충청북도 충주시 교현동,경상사고,0,0,1,0,차대차 - 기타,안전운전불이행,건조,맑음,교차로 - 교차로부근,승용,여,50세,상해없음,승용,여,30세,경상
2019120400100587,2019년 12월 4일 18시,수요일,충청북도 청주시 흥덕구 오송읍,경상사고,0,0,1,0,차대차 - 측면충돌,신호위반,건조,맑음,교차로 - 교차로부근,승용,남,34세,상해없음,승용,남,36세,경상
2019120400100588,2019년 12월 4일 18시,수요일,충청북도 청주시 서원구 산남동,경상사고,0,0,1,0,차대사람 - 횡단중,안전운전불이행,건조,맑음,교차로 - 교차로부근,승용,남,46세,상해없음,보행자,남,12세,경상
2019120400100643,2019년 12월 4일 19시,수요일,충청북도 제천시 화산동,중상사고,0,1,0,0,차대차 - 측면충돌,안전운전불이행,건조,맑음,기타 - 기타,이륜,남,62세,중상,승용,남,36세,상해없음
2019120400100716,2019년 12월 4일 22시,수요일,충청북도 충주시 교현동,경상사고,0,0,5,0,차대차 - 기타,안전거리미확보,건조,맑음,단일로 - 기타,승용,남,44세,상해없음,승용,남,55세,경상
2019120400100717,2019년 12월 4일 22시,수요일,충청북도 청주시 상당구 문의면,중상사고,0,2,2,0,차대차 - 측면충돌,교차로운행방법위반,건조,맑음,교차로 - 교차로안,승용,여,69세,기타불명,승용,남,38세,중상
2019120400100737,2019년 12월 4일 23시,수요일,충청북도 청주시 청원구 내덕동,경상사고,0,0,2,1,차대차 - 추돌,안전운전불이행,건조,맑음,단일로 - 기타,승용,남,30세,상해없음,승용,남,44세,경상
2019120500100039,2019년 12월 5일 00시,목요일,충청북도 진천군 진천읍,경상사고,0,0,1,0,차대차 - 기타,안전운전불이행,건조,흐림,교차로 - 교차로부근,승용,남,34세,상해없음,승용,남,27세,경상
2019120500100040,2019년 12월 5일 00시,목요일,충청북도 청주시 흥덕구 옥산면,중상사고,0,1,0,0,차대사람 - 기타,중앙선침범,건조,맑음,단일로 - 기타,승용,여,31세,상해없음,보행자,남,56세,중상
2019120500100089,2019년 12월 5일 06시,목요일,충청북도 청주시 흥덕구 옥산면,중상사고,0,1,0,1,차대차 - 기타,교차로운행방법위반,건조,맑음,교차로 - 교차로안,승용,남,54세,부상신고,승용,여,37세,중상
2019120500100112,2019년 12월 5일 07시,목요일,충청북도 제천시 송학면,경상사고,0,0,2,0,차대차 - 측면충돌,직진우회전진행방해,건조,맑음,교차로 - 교차로안,화물,남,51세,경상,승용,여,58세,경상
2019120500100147,2019년 12월 5일 08시,목요일,충청북도 청주시 흥덕구 가경동,경상사고,0,0,1,0,차대사람 - 보도통행중,보행자보호의무위반,건조,맑음,교차로 - 교차로부근,승용,여,54세,상해없음,보행자,남,7세,경상
2019120500100148,2019년 12월 5일 08시,목요일,충청북도 청주시 상당구 용암동,경상사고,0,0,1,0,차대차 - 측면충돌,안전운전불이행,건조,맑음,교차로 - 교차로부근,승용,남,32세,기타불명,승용,남,72세,경상
2019120500100188,2019년 12월 5일 09시,목요일,충청북도 충주시 대소원면,부상신고사고,0,0,0,1,차대차 - 기타,안전운전불이행,건조,맑음,단일로 - 기타,원동기,남,64세,부상신고,화물,남,48세,상해없음
2019120500100189,2019년 12월 5일 09시,목요일,충청북도 제천시 신백동,경상사고,0,0,1,0,차대차 - 측면충돌,안전운전불이행,건조,맑음,교차로 - 교차로안,승용,남,74세,상해없음,승용,남,36세,경상
2019120500100190,2019년 12월 5일 09시,목요일,충청북도 진천군 진천읍,경상사고,0,0,4,0,차대차 - 기타,안전거리미확보,건조,맑음,교차로 - 교차로부근,화물,남,55세,상해없음,승합,남,69세,경상
2019120500100191,2019년 12월 5일 09시,목요일,충청북도 청주시 서원구 남이면,부상신고사고,0,0,0,1,차대차 - 측면충돌,안전운전불이행,건조,맑음,단일로 - 기타,원동기,남,71세,부상신고,승용,남,79세,상해없음
2019120500100243,2019년 12월 5일 11시,목요일,충청북도 충주시 대소원면,경상사고,0,0,1,0,차대사람 - 기타,보행자보호의무위반,건조,맑음,교차로 - 교차로안,승용,남,23세,상해없음,보행자,여,21세,경상
2019120500100244,2019년 12월 5일 11시,목요일,충청북도 충주시 지현동,경상사고,0,0,1,0,차대차 - 기타,안전운전불이행,건조,맑음,단일로 - 기타,승용,남,50세,상해없음,개인형이동수단(PM),남,20세,경상
2019120500100245,2019년 12월 5일 11시,목요일,충청북도 제천시 교동,경상사고,0,0,1,0,차대사람 - 차도통행중,안전운전불이행,건조,맑음,단일로 - 기타,승용,여,60세,상해없음,보행자,여,27세,경상
2019120500100246,2019년 12월 5일 11시,목요일,충청북도 옥천군 옥천읍,경상사고,0,0,1,0,차대차 - 측면충돌,교차로운행방법위반,건조,맑음,교차로 - 교차로안,승용,남,72세,상해없음,자전거,여,69세,경상
2019120500100345,2019년 12월 5일 14시,목요일,충청북도 음성군 맹동면,경상사고,0,0,1,1,차대차 - 측면충돌,교차로운행방법위반,건조,맑음,교차로 - 교차로안,건설기계,남,48세,상해없음,승용,남,28세,경상
2019120500100379,2019년 12월 5일 15시,목요일,충청북도 충주시 산척면,경상사고,0,0,3,0,차대차 - 추돌,안전운전불이행,건조,맑음,단일로 - 기타,화물,남,62세,상해없음,승용,남,60세,경상
2019120500100380,2019년 12월 5일 15시,목요일,충청북도 제천시 금성면,중상사고,0,1,1,0,차대차 - 정면충돌,중앙선침범,건조,맑음,기타 - 기타,승용,남,38세,중상,화물,남,35세,경상
2019120500100418,2019년 12월 5일 16시,목요일,충청북도 충주시 대소원면,경상사고,0,0,1,0,차대차 - 기타,교차로운행방법위반,건조,맑음,교차로 - 교차로안,화물,남,77세,상해없음,승용,남,72세,상해없음
2019120500100473,2019년 12월 5일 17시,목요일,충청북도 음성군 음성읍,경상사고,0,0,4,3,차대차 - 추돌,안전운전불이행,건조,맑음,교차로 - 교차로부근,승합,남,39세,경상,승용,남,35세,부상신고
2019120500100518,2019년 12월 5일 18시,목요일,충청북도 진천군 진천읍,경상사고,0,0,2,0,차대차 - 기타,안전운전불이행,건조,흐림,기타 - 기타,원동기,남,21세,상해없음,승용,남,57세,경상
2019120500100519,2019년 12월 5일 18시,목요일,충청북도 청주시 흥덕구 봉명동,중상사고,0,1,0,0,차대차 - 측면충돌,신호위반,건조,맑음,교차로 - 교차로안,이륜,여,32세,중상,승용,남,31세,상해없음
2019120500100520,2019년 12월 5일 18시,목요일,충청북도 청주시 흥덕구 가경동,경상사고,0,0,4,0,차대차 - 측면충돌,교차로운행방법위반,건조,맑음,교차로 - 교차로안,승용,여,38세,상해없음,승용,남,24세,경상
2019120500100571,2019년 12월 5일 19시,목요일,충청북도 청주시 흥덕구 운천동,중상사고,0,1,0,0,차대차 - 기타,중앙선침범,건조,맑음,단일로 - 기타,승용,남,53세,상해없음,승용,남,64세,상해없음
2019120500100607,2019년 12월 5일 20시,목요일,충청북도 청주시 상당구 남문로1가동,경상사고,0,0,1,0,차대차 - 추돌,안전운전불이행,건조,맑음,단일로 - 기타,승용,남,40세,상해없음,승용,남,54세,경상
2019120500100654,2019년 12월 5일 22시,목요일,충청북도 청주시 흥덕구 옥산면,경상사고,0,0,1,0,차량단독 - 기타,안전운전불이행,건조,맑음,단일로 - 기타,승용,남,56세,경상,,,,
2019120500100676,2019년 12월 5일 23시,목요일,충청북도 청주시 청원구 내덕동,경상사고,0,0,3,0,차대차 - 추돌,안전운전불이행,건조,맑음,교차로 - 교차로부근,승용,남,57세,상해없음,승용,남,55세,경상
2019120600100060,2019년 12월 6일 04시,금요일,충청북도 증평군 증평읍,중상사고,0,1,0,0,차대차 - 측면충돌,신호위반,건조,맑음,교차로 - 교차로안,화물,남,28세,상해없음,승용,남,68세,중상
2019120600100083,2019년 12월 6일 06시,금요일,충청북도 청주시 청원구 오창읍,경상사고,0,0,1,0,차대차 - 기타,안전거리미확보,건조,맑음,교차로 - 교차로안,승용,남,53세,상해없음,승용,남,36세,경상
2019120600100084,2019년 12월 6일 06시,금요일,충청북도 제천시 송학면,중상사고,0,1,0,1,차대차 - 추돌,안전운전불이행,건조,맑음,단일로 - 지하차도(도로)내,화물,남,65세,중상,건설기계,남,63세,부상신고
2019120600100085,2019년 12월 6일 06시,금요일,충청북도 진천군 진천읍,경상사고,0,0,1,0,차량단독 - 공작물충돌,안전운전불이행,건조,맑음,단일로 - 기타,화물,남,51세,경상,,,,
2019120600100141,2019년 12월 6일 08시,금요일,충청북도 청주시 청원구 오창읍,경상사고,0,0,1,0,차대차 - 추돌,안전거리미확보,건조,맑음,교차로 - 교차로부근,승용,남,42세,상해없음,승용,남,27세,경상
2019120600100142,2019년 12월 6일 08시,금요일,충청북도 충주시 교현동,중상사고,0,1,0,0,차대차 - 기타,안전거리미확보,건조,맑음,단일로 - 기타,승용,여,40세,상해없음,승용,남,57세,중상
2019120600100143,2019년 12월 6일 08시,금요일,충청북도 충주시 봉방동,경상사고,0,0,1,0,차대차 - 측면충돌,안전운전불이행,건조,맑음,단일로 - 기타,승용,여,53세,기타불명,승용,남,45세,경상
2019120600100144,2019년 12월 6일 08시,금요일,충청북도 제천시 고암동,경상사고,0,0,2,0,차대차 - 측면충돌,직진우회전진행방해,건조,맑음,교차로 - 교차로안,승용,여,50세,상해없음,승용,남,54세,경상
2019120600100145,2019년 12월 6일 08시,금요일,충청북도 영동군 영동읍,중상사고,0,1,1,0,차대차 - 측면충돌,안전운전불이행,건조,맑음,교차로 - 교차로안,승용,남,27세,경상,승용,여,46세,중상
2019120600100146,2019년 12월 6일 08시,금요일,충청북도 청주시 흥덕구 봉명동,경상사고,0,0,1,0,차대차 - 측면충돌,교차로운행방법위반,건조,맑음,교차로 - 교차로안,승용,여,58세,상해없음,자전거,남,16세,경상
2019120600100147,2019년 12월 6일 08시,금요일,충청북도 청주시 서원구 수곡동,경상사고,0,0,1,0,차대차 - 측면충돌,안전운전불이행,건조,맑음,단일로 - 지하차도(도로)내,자전거,남,15세,경상,승용,남,46세,상해없음
2019120600100189,2019년 12월 6일 09시,금요일,충청북도 영동군 영동읍,경상사고,0,0,1,0,차대차 - 측면충돌,안전운전불이행,건조,맑음,교차로 - 교차로안,승용,여,70세,상해없음,화물,남,59세,경상
2019120600100190,2019년 12월 6일 09시,금요일,충청북도 증평군 도안면,경상사고,0,0,1,0,차량단독 - 기타,안전운전불이행,건조,맑음,단일로 - 기타,이륜,여,64세,경상,,,,
2019120600100191,2019년 12월 6일 09시,금요일,충청북도 청주시 상당구 용정동,경상사고,0,0,1,0,차대사람 - 차도통행중,안전운전불이행,건조,맑음,교차로 - 교차로부근,승용,여,28세,상해없음,보행자,남,5세,경상
2019120600100290,2019년 12월 6일 12시,금요일,충청북도 청주시 서원구 사창동,경상사고,0,0,2,0,차대차 - 기타,교차로운행방법위반,건조,맑음,교차로 - 교차로안,화물,여,58세,상해없음,승용,남,39세,경상
2019120600100291,2019년 12월 6일 12시,금요일,충청북도 증평군 증평읍,중상사고,0,2,0,1,차량단독 - 공작물충돌,안전운전불이행,건조,맑음,단일로 - 기타,승용,남,57세,부상신고,,,,
2019120600100292,2019년 12월 6일 12시,금요일,충청북도 진천군 이월면,경상사고,0,0,1,0,차대차 - 기타,안전운전불이행,건조,맑음,단일로 - 기타,화물,남,48세,경상,화물,기타불명,미분류,기타불명
2019120600100293,2019년 12월 6일 12시,금요일,충청북도 청주시 상당구 가덕면,경상사고,0,0,1,0,차대차 - 측면충돌,교차로운행방법위반,건조,맑음,교차로 - 교차로안,건설기계,남,55세,기타불명,승용,여,32세,경상
2019120600100323,2019년 12월 6일 13시,금요일,충청북도 음성군 감곡면,중상사고,0,1,1,0,차대차 - 측면충돌,교차로운행방법위반,건조,맑음,교차로 - 교차로안,승용,남,45세,경상,승용,여,46세,상해없음
2019120600100398,2019년 12월 6일 15시,금요일,충청북도 증평군 증평읍,경상사고,0,0,1,0,차대차 - 측면충돌,직진우회전진행방해,건조,맑음,교차로 - 교차로안,이륜,남,85세,경상,화물,남,56세,상해없음
2019120600100399,2019년 12월 6일 15시,금요일,충청북도 청주시 상당구 석교동,경상사고,0,0,1,0,차대사람 - 기타,안전운전불이행,건조,맑음,교차로 - 교차로안,승합,남,53세,상해없음,보행자,여,66세,경상
2019120600100467,2019년 12월 6일 17시,금요일,충청북도 청주시 청원구 오창읍,경상사고,0,0,1,0,차대차 - 측면충돌,안전운전불이행,건조,맑음,교차로 - 교차로부근,화물,남,55세,상해없음,화물,남,54세,경상
2019120600100468,2019년 12월 6일 17시,금요일,충청북도 충주시 호암동,중상사고,0,1,1,0,차대차 - 기타,안전운전불이행,건조,맑음,교차로 - 교차로안,승용,남,76세,경상,승용,남,36세,중상
2019120600100469,2019년 12월 6일 17시,금요일,충청북도 청주시 흥덕구 복대동,경상사고,0,0,1,0,차대차 - 기타,안전거리미확보,건조,맑음,단일로 - 기타,승용,남,56세,상해없음,승합,남,53세,경상
2019120600100470,2019년 12월 6일 17시,금요일,충청북도 청주시 상당구 지북동,경상사고,0,0,2,0,차대차 - 측면충돌,안전거리미확보,건조,맑음,교차로 - 교차로부근,승용,남,66세,상해없음,승용,여,45세,경상
2019120600100529,2019년 12월 6일 18시,금요일,충청북도 청주시 상당구 영동,경상사고,0,0,1,0,차대차 - 기타,직진우회전진행방해,건조,맑음,교차로 - 교차로안,승용,남,77세,상해없음,승용,남,37세,경상
2019120600100602,2019년 12월 6일 19시,금요일,충청북도 청주시 청원구 오창읍,경상사고,0,0,1,0,차대차 - 기타,안전거리미확보,건조,맑음,단일로 - 기타,승용,남,38세,상해없음,승용,남,41세,경상
2019120600100647,2019년 12월 6일 20시,금요일,충청북도 제천시 영천동,중상사고,0,3,0,0,차대차 - 정면충돌,안전운전불이행,건조,맑음,단일로 - 지하차도(도로)내,승용,남,73세,중상,승용,남,64세,중상
2019120600100685,2019년 12월 6일 21시,금요일,충청북도 충주시 교현동,경상사고,0,0,1,0,차대차 - 기타,안전운전불이행,건조,맑음,단일로 - 기타,승용,남,71세,상해없음,이륜,남,22세,경상
2019120600100686,2019년 12월 6일 21시,금요일,충청북도 진천군 진천읍,경상사고,0,0,2,0,차대차 - 기타,안전운전불이행,기타,흐림,기타 - 기타,승용,여,31세,상해없음,승용,남,26세,경상
2019120600100720,2019년 12월 6일 22시,금요일,충청북도 청주시 청원구 사천동,중상사고,0,1,2,0,차대차 - 측면충돌,안전운전불이행,건조,맑음,교차로 - 교차로부근,승용,남,38세,상해없음,승용,남,59세,중상
2019120600100746,2019년 12월 6일 23시,금요일,충청북도 청주시 청원구 내덕동,경상사고,0,0,2,0,차대차 - 기타,안전운전불이행,건조,맑음,교차로 - 교차로부근,승용,남,40세,상해없음,승용,남,55세,경상
2019120600100747,2019년 12월 6일 23시,금요일,충청북도 충주시 단월동,경상사고,0,0,1,0,차대차 - 측면충돌,직진우회전진행방해,건조,흐림,교차로 - 교차로안,승용,남,25세,상해없음,승용,남,60세,경상
2019120600100748,2019년 12월 6일 23시,금요일,충청북도 옥천군 옥천읍,경상사고,0,0,2,0,차대차 - 정면충돌,중앙선침범,건조,맑음,단일로 - 기타,승용,남,51세,경상,승용,남,49세,경상
2019120700100098,2019년 12월 7일 05시,토요일,충청북도 제천시 명동,경상사고,0,0,1,0,차대차 - 측면충돌,안전운전불이행,건조,맑음,교차로 - 교차로안,승용,남,38세,상해없음,화물,남,49세,경상
2019120700100112,2019년 12월 7일 06시,토요일,충청북도 음성군 음성읍,중상사고,0,1,0,0,차대사람 - 횡단중,안전운전불이행,건조,맑음,교차로 - 교차로부근,승용,남,29세,상해없음,보행자,여,61세,중상
2019120700100159,2019년 12월 7일 09시,토요일,충청북도 청주시 상당구 용암동,경상사고,0,0,1,0,차대차 - 추돌,안전운전불이행,건조,맑음,교차로 - 교차로안,승용,남,66세,상해없음,승용,남,41세,경상
2019120700100186,2019년 12월 7일 10시,토요일,충청북도 옥천군 이원면,중상사고,0,1,1,0,차대차 - 측면충돌,신호위반,건조,맑음,교차로 - 교차로안,승용,여,56세,기타불명,승용,남,61세,경상
2019120700100214,2019년 12월 7일 11시,토요일,충청북도 충주시 교현동,경상사고,0,0,1,0,차대사람 - 기타,신호위반,건조,맑음,교차로 - 교차로안,원동기,남,34세,상해없음,보행자,여,76세,경상
2019120700100215,2019년 12월 7일 11시,토요일,충청북도 충주시 교현동,경상사고,0,0,3,0,차대차 - 기타,기타,건조,맑음,교차로 - 교차로안,승용,남,65세,상해없음,승용,남,46세,경상
2019120700100258,2019년 12월 7일 12시,토요일,충청북도 음성군 삼성면,경상사고,0,0,2,0,차대차 - 측면충돌,중앙선침범,건조,맑음,교차로 - 교차로부근,승용,남,25세,상해없음,화물,남,52세,경상
2019120700100291,2019년 12월 7일 13시,토요일,충청북도 청주시 청원구 내덕동,경상사고,0,0,1,0,차대차 - 측면충돌,교차로운행방법위반,건조,맑음,교차로 - 교차로안,승용,남,19세,상해없음,승용,남,76세,상해없음
2019120700100292,2019년 12월 7일 13시,토요일,충청북도 청주시 흥덕구 비하동,경상사고,0,0,1,1,차대차 - 추돌,교차로운행방법위반,건조,맑음,교차로 - 교차로안,승용,남,52세,부상신고,승용,남,40세,경상