사고번호,사고일시,요일,시군구,사고내용,사망자수,중상자수,경상자수,부상신고자수,사고유형,법규위반,노면상태,기상상태,도로형태,가해운전자 차종,가해운전자 성별,가해운전자 연령,가해운전자 상해정도,피해운전자 차종,피해운전자 성별,피해운전자 연령,피해운전자 상해정도
2019120700100333,2019년 12월 7일 14시,토요일,충청북도 제천시 영천동,경상사고,0,0,1,0,차대차 - 정면충돌,신호위반,건조,맑음,교차로 - 교차로안,화물,남,69세,상해없음,이륜,남,23세,경상
2019120700100405,2019년 12월 7일 16시,토요일,충청북도 청주시 흥덕구 가경동,경상사고,0,0,1,0,차대차 - 기타,안전운전불이행,건조,맑음,단일로 - 기타,승용,여,53세,상해없음,승용,남,34세,경상
2019120700100438,2019년 12월 7일 17시,토요일,충청북도 청주시 청원구 내덕동,경상사고,0,0,4,0,차대차 - 측면충돌,직진우회전진행방해,건조,맑음,교차로 - 교차로안,승용,남,73세,상해없음,승용,남,40세,경상
2019120700100439,2019년 12월 7일 17시,토요일,충청북도 청주시 흥덕구 운천동,경상사고,0,0,1,0,차대차 - 기타,안전거리미확보,건조,맑음,단일로 - 기타,승용,남,26세,상해없음,승용,남,28세,상해없음
2019120700100486,2019년 12월 7일 18시,토요일,충청북도 충주시 교현동,경상사고,0,0,1,0,차량단독 - 기타,안전운전불이행,건조,맑음,단일로 - 기타,승용,남,30세,상해없음,,,,
2019120700100487,2019년 12월 7일 18시,토요일,충청북도 증평군 증평읍,사망사고,1,0,0,0,차대사람 - 길가장자리구역통행중,안전운전불이행,건조,맑음,단일로 - 기타,승합,남,58세,상해없음,보행자,남,37세,사망
2019120700100488,2019년 12월 7일 18시,토요일,충청북도 청주시 흥덕구 복대동,경상사고,0,0,1,0,차대차 - 추돌,안전운전불이행,건조,맑음,교차로 - 교차로부근,승용,남,58세,상해없음,승용,여,59세,경상
2019120700100542,2019년 12월 7일 19시,토요일,충청북도 제천시 영천동,경상사고,0,0,1,0,차대차 - 측면충돌,불법유턴,건조,흐림,교차로 - 교차로안,승용,남,25세,상해없음,이륜,남,23세,경상
2019120700100543,2019년 12월 7일 19시,토요일,충청북도 충주시 산척면,경상사고,0,0,2,0,차대차 - 추돌,안전운전불이행,건조,맑음,단일로 - 기타,기타불명,기타불명,미분류,기타불명,승합,남,65세,경상
2019120700100584,2019년 12월 7일 20시,토요일,충청북도 청주시 흥덕구 수의동,경상사고,0,0,2,0,차대차 - 기타,안전운전불이행,건조,맑음,교차로 - 교차로안,승용,여,54세,경상,승용,여,31세,경상
2019120700100616,2019년 12월 7일 21시,토요일,충청북도 청주시 청원구 오창읍,경상사고,0,0,2,0,차대차 - 기타,안전운전불이행,건조,맑음,교차로 - 교차로부근,승용,남,22세,상해없음,승용,남,41세,상해없음
2019120700100645,2019년 12월 7일 22시,토요일,충청북도 청주시 청원구 오창읍,경상사고,0,0,3,0,차대차 - 기타,안전운전불이행,건조,맑음,교차로 - 교차로안,이륜,남,27세,경상,승용,남,22세,경상
2019120700100646,2019년 12월 7일 22시,토요일,충청북도 충주시 용산동,경상사고,0,0,1,0,차대사람 - 횡단중,보행자보호의무위반,건조,맑음,교차로 - 교차로횡단보도내,승용,남,33세,상해없음,보행자,여,42세,경상
2019120700100667,2019년 12월 7일 23시,토요일,충청북도 청주시 청원구 사천동,경상사고,0,0,4,0,차대차 - 정면충돌,신호위반,건조,맑음,교차로 - 교차로안,승용,여,49세,상해없음,승용,여,24세,경상
2019120800100027,2019년 12월 8일 00시,일요일,충청북도 청주시 청원구 사천동,경상사고,0,0,1,0,차대차 - 측면충돌,안전운전불이행,건조,맑음,단일로 - 기타,승용,여,57세,상해없음,승용,남,63세,경상
2019120800100028,2019년 12월 8일 00시,일요일,충청북도 청주시 청원구 오창읍,경상사고,0,0,1,0,차대사람 - 기타,안전운전불이행,건조,맑음,교차로 - 교차로부근,승용,여,39세,상해없음,보행자,남,39세,경상
2019120800100109,2019년 12월 8일 04시,일요일,충청북도 제천시 중앙로2가,경상사고,0,0,3,0,차대차 - 추돌,안전운전불이행,건조,맑음,교차로 - 교차로부근,승용,남,27세,상해없음,승합,남,63세,경상
2019120800100163,2019년 12월 8일 09시,일요일,충청북도 청주시 청원구 내덕동,경상사고,0,0,1,0,차대사람 - 기타,신호위반,건조,맑음,단일로 - 기타,승용,여,61세,상해없음,보행자,여,54세,경상
2019120800100164,2019년 12월 8일 09시,일요일,충청북도 청주시 청원구 내덕동,경상사고,0,0,2,0,차대차 - 기타,신호위반,건조,맑음,교차로 - 교차로안,승용,남,62세,상해없음,승용,남,51세,경상
2019120800100165,2019년 12월 8일 09시,일요일,충청북도 청주시 상당구 남일면,중상사고,0,1,1,0,차대차 - 측면충돌,중앙선침범,건조,맑음,교차로 - 교차로부근,화물,여,48세,상해없음,승용,남,44세,경상
2019120800100214,2019년 12월 8일 11시,일요일,충청북도 청주시 청원구 율량동,경상사고,0,0,1,0,차대사람 - 차도통행중,안전운전불이행,건조,맑음,단일로 - 기타,승용,남,27세,상해없음,보행자,남,15세,경상
2019120800100215,2019년 12월 8일 11시,일요일,충청북도 충주시 단월동,경상사고,0,0,3,0,차대차 - 측면충돌,안전운전불이행,건조,맑음,단일로 - 기타,승용,남,59세,상해없음,승용,남,28세,경상
2019120800100232,2019년 12월 8일 12시,일요일,충청북도 단양군 단양읍,중상사고,0,1,1,0,차대차 - 측면충돌,중앙선침범,건조,맑음,교차로 - 교차로부근,승용,남,44세,경상,이륜,남,38세,중상
2019120800100281,2019년 12월 8일 14시,일요일,충청북도 충주시 문화동,경상사고,0,0,1,0,차대사람 - 횡단중,보행자보호의무위반,건조,맑음,교차로 - 교차로횡단보도내,승용,여,64세,상해없음,보행자,남,77세,경상
2019120800100282,2019년 12월 8일 14시,일요일,충청북도 증평군 증평읍,경상사고,0,0,2,0,차대차 - 측면충돌,안전거리미확보,건조,맑음,단일로 - 기타,승용,남,64세,상해없음,승용,남,30세,상해없음
2019120800100283,2019년 12월 8일 14시,일요일,충청북도 청주시 흥덕구 오송읍,경상사고,0,0,1,0,차대차 - 추돌,안전운전불이행,건조,맑음,단일로 - 지하차도(도로)내,승용,남,55세,상해없음,승용,남,48세,경상
2019120800100310,2019년 12월 8일 15시,일요일,충청북도 청주시 청원구 주중동,경상사고,0,0,1,0,차대차 - 측면충돌,안전운전불이행,건조,맑음,단일로 - 기타,승용,여,62세,상해없음,승용,여,24세,경상
2019120800100311,2019년 12월 8일 15시,일요일,충청북도 청주시 서원구 현도면,경상사고,0,0,3,0,차대차 - 측면충돌,신호위반,건조,맑음,교차로 - 교차로안,승용,남,56세,상해없음,승합,여,32세,경상
2019120800100338,2019년 12월 8일 16시,일요일,충청북도 청주시 상당구 금천동,중상사고,0,1,0,0,차대차 - 측면충돌,안전운전불이행,건조,맑음,교차로 - 교차로안,화물,남,59세,상해없음,이륜,남,30세,중상
2019120800100454,2019년 12월 8일 20시,일요일,충청북도 청주시 청원구 율량동,중상사고,0,1,0,0,차대차 - 기타,신호위반,건조,맑음,교차로 - 교차로부근,원동기,남,16세,상해없음,이륜,남,42세,중상
2019120800100455,2019년 12월 8일 20시,일요일,충청북도 청주시 서원구 개신동,경상사고,0,0,6,0,차대차 - 측면충돌,신호위반,건조,맑음,교차로 - 교차로안,승합,남,46세,상해없음,승용,남,43세,경상
2019120800100479,2019년 12월 8일 21시,일요일,충청북도 청주시 서원구 개신동,부상신고사고,0,0,0,1,차량단독 - 전도전복 - 전도,안전운전불이행,건조,맑음,교차로 - 교차로부근,이륜,남,24세,부상신고,,,,
2019120800100480,2019년 12월 8일 21시,일요일,충청북도 청주시 서원구 미평동,경상사고,0,0,2,0,차대차 - 측면충돌,안전운전불이행,건조,맑음,교차로 - 교차로안,승용,남,57세,상해없음,승용,남,49세,경상
2019120800100481,2019년 12월 8일 21시,일요일,충청북도 청주시 상당구 석교동,경상사고,0,0,1,0,차대차 - 측면충돌,신호위반,건조,맑음,교차로 - 교차로안,승용,여,55세,기타불명,승용,남,18세,경상
2019120900100067,2019년 12월 9일 05시,월요일,충청북도 청주시 상당구 영운동,경상사고,0,0,2,0,차대차 - 기타,신호위반,건조,맑음,교차로 - 교차로안,승용,여,48세,상해없음,승용,남,37세,경상
2019120900100087,2019년 12월 9일 06시,월요일,충청북도 청주시 청원구 오창읍,경상사고,0,0,1,0,차대차 - 기타,차로위반,젖음/습기,맑음,단일로 - 기타,승용,남,37세,상해없음,화물,남,60세,경상
2019120900100116,2019년 12월 9일 07시,월요일,충청북도 청주시 청원구 율량동,중상사고,0,1,1,0,차대차 - 측면충돌,안전운전불이행,건조,맑음,교차로 - 교차로안,승용,여,54세,중상,승용,여,48세,경상
2019120900100117,2019년 12월 9일 07시,월요일,충청북도 청주시 청원구 오창읍,경상사고,0,0,1,0,차대차 - 측면충돌,안전거리미확보,건조,맑음,단일로 - 기타,승합,남,46세,상해없음,화물,남,55세,경상
2019120900100118,2019년 12월 9일 07시,월요일,충청북도 충주시 문화동,중상사고,0,1,0,0,차대사람 - 횡단중,안전운전불이행,건조,맑음,단일로 - 기타,승용,남,65세,상해없음,보행자,여,52세,중상
2019120900100119,2019년 12월 9일 07시,월요일,충청북도 청주시 흥덕구 복대동,경상사고,0,0,2,0,차대차 - 측면충돌,안전운전불이행,건조,맑음,단일로 - 기타,승용,여,63세,상해없음,승용,여,30세,경상
2019120900100147,2019년 12월 9일 08시,월요일,충청북도 청주시 청원구 오창읍,경상사고,0,0,1,0,차대차 - 기타,안전운전불이행,건조,맑음,교차로 - 교차로부근,승용,남,48세,상해없음,승용,남,30세,경상
2019120900100148,2019년 12월 9일 08시,월요일,충청북도 청주시 청원구 오창읍,경상사고,0,0,1,0,차대차 - 측면충돌,안전거리미확보,건조,맑음,단일로 - 기타,승합,남,36세,상해없음,승용,남,27세,경상
2019120900100149,2019년 12월 9일 08시,월요일,충청북도 진천군 백곡면,경상사고,0,0,1,0,차대차 - 기타,중앙선침범,건조,맑음,단일로 - 기타,승합,남,57세,상해없음,승합,여,42세,경상
2019120900100243,2019년 12월 9일 11시,월요일,충청북도 충주시 산척면,경상사고,0,0,1,0,차대차 - 기타,직진우회전진행방해,건조,맑음,교차로 - 교차로안,화물,남,55세,상해없음,승용,남,34세,경상
2019120900100244,2019년 12월 9일 11시,월요일,충청북도 보은군 보은읍,중상사고,0,1,0,0,차대차 - 측면충돌,교차로운행방법위반,건조,맑음,교차로 - 교차로안,이륜,여,65세,중상,승용,남,54세,상해없음
2019120900100245,2019년 12월 9일 11시,월요일,충청북도 음성군 대소면,경상사고,0,0,1,0,차대차 - 측면충돌,중앙선침범,건조,맑음,교차로 - 교차로부근,승용,남,63세,상해없음,승용,남,24세,경상
2019120900100246,2019년 12월 9일 11시,월요일,충청북도 청주시 상당구 용암동,경상사고,0,0,1,0,차대사람 - 횡단중,안전운전불이행,건조,맑음,단일로 - 지하차도(도로)내,승용,남,35세,상해없음,보행자,남,49세,경상
2019120900100283,2019년 12월 9일 12시,월요일,충청북도 충주시 호암동,경상사고,0,0,4,0,차대차 - 기타,안전운전불이행,건조,맑음,교차로 - 교차로안,승용,남,69세,경상,승용,여,42세,경상
2019120900100308,2019년 12월 9일 13시,월요일,충청북도 청주시 청원구 사천동,경상사고,0,0,1,0,차대차 - 기타,안전운전불이행,건조,맑음,주차장 - 주차장,승용,남,74세,상해없음,화물,남,47세,경상
2019120900100309,2019년 12월 9일 13시,월요일,충청북도 영동군 추풍령면,중상사고,0,1,0,0,차대차 - 측면충돌,중앙선침범,건조,맑음,단일로 - 기타,이륜,남,83세,중상,승용,남,58세,상해없음
2019120900100389,2019년 12월 9일 15시,월요일,충청북도 충주시 교현동,경상사고,0,0,2,0,차대차 - 기타,신호위반,건조,맑음,교차로 - 교차로안,승용,남,38세,상해없음,승용,여,58세,경상
2019120900100463,2019년 12월 9일 17시,월요일,충청북도 음성군 감곡면,중상사고,0,1,0,0,차대사람 - 횡단중,안전운전불이행,건조,맑음,교차로 - 교차로안,승용,남,63세,상해없음,보행자,여,47세,중상
2019120900100464,2019년 12월 9일 17시,월요일,충청북도 청주시 흥덕구 봉명동,부상신고사고,0,0,0,1,차대차 - 기타,안전운전불이행,건조,맑음,교차로 - 교차로안,원동기,남,26세,부상신고,승용,남,35세,상해없음
2019120900100506,2019년 12월 9일 18시,월요일,충청북도 청주시 청원구 우암동,중상사고,0,1,0,0,차대사람 - 기타,안전운전불이행,건조,맑음,단일로 - 기타,승용,남,40세,상해없음,보행자,여,82세,중상
2019120900100507,2019년 12월 9일 18시,월요일,충청북도 청주시 청원구 우암동,경상사고,0,0,1,0,차대차 - 기타,중앙선침범,건조,맑음,교차로 - 교차로부근,승용,남,56세,상해없음,승용,남,55세,경상
2019120900100508,2019년 12월 9일 18시,월요일,충청북도 충주시 호암동,중상사고,0,3,0,0,차대차 - 정면충돌,신호위반,건조,맑음,교차로 - 교차로안,승용,여,28세,상해없음,승용,남,59세,중상
2019120900100548,2019년 12월 9일 19시,월요일,충청북도 청주시 상당구 영운동,경상사고,0,0,1,0,차대차 - 측면충돌,안전운전불이행,건조,맑음,교차로 - 교차로안,승용,여,46세,상해없음,자전거,남,43세,경상
2019120900100583,2019년 12월 9일 20시,월요일,충청북도 진천군 이월면,경상사고,0,0,1,0,차대차 - 기타,교차로운행방법위반,건조,흐림,교차로 - 교차로부근,승용,남,39세,상해없음,승합,남,48세,경상
2019120900100584,2019년 12월 9일 20시,월요일,충청북도 청주시 흥덕구 옥산면,중상사고,0,1,0,0,차대사람 - 기타,안전운전불이행,건조,맑음,단일로 - 기타,승용,남,31세,상해없음,보행자,남,43세,중상
2019120900100609,2019년 12월 9일 21시,월요일,충청북도 옥천군 옥천읍,중상사고,0,2,2,0,차량단독 - 공작물충돌,안전운전불이행,건조,맑음,단일로 - 기타,승용,여,42세,중상,,,,
2019121000100030,2019년 12월 10일 00시,화요일,충청북도 충주시 봉방동,경상사고,0,0,1,0,차대차 - 기타,신호위반,건조,맑음,교차로 - 교차로안,기타불명,기타불명,미분류,기타불명,승용,남,25세,경상
2019121000100100,2019년 12월 10일 06시,화요일,충청북도 음성군 대소면,중상사고,0,1,0,0,차대사람 - 길가장자리구역통행중,안전운전불이행,건조,맑음,교차로 - 교차로부근,승용,남,71세,상해없음,보행자,여,83세,중상
2019121000100101,2019년 12월 10일 06시,화요일,충청북도 진천군 이월면,경상사고,0,0,1,0,차대차 - 기타,안전운전불이행,건조,맑음,교차로 - 교차로안,승용,남,70세,상해없음,승용,남,46세,경상
2019121000100126,2019년 12월 10일 07시,화요일,충청북도 진천군 진천읍,경상사고,0,0,1,0,차대차 - 기타,안전운전불이행,건조,맑음,교차로 - 교차로안,승용,남,36세,경상,화물,남,58세,상해없음
2019121000100201,2019년 12월 10일 09시,화요일,충청북도 청주시 청원구 우암동,경상사고,0,0,2,0,차대차 - 기타,안전운전불이행,건조,맑음,교차로 - 교차로안,건설기계,남,56세,상해없음,승용,남,68세,경상
2019121000100202,2019년 12월 10일 09시,화요일,충청북도 진천군 광혜원면,경상사고,0,0,1,0,차대차 - 기타,안전운전불이행,건조,흐림,기타 - 기타,화물,남,33세,기타불명,승용,여,25세,경상
2019121000100233,2019년 12월 10일 10시,화요일,충청북도 진천군 문백면,경상사고,0,0,1,0,차대차 - 기타,신호위반,건조,맑음,교차로 - 교차로부근,승용,남,24세,상해없음,승용,남,69세,경상
2019121000100288,2019년 12월 10일 12시,화요일,충청북도 청주시 청원구 율량동,경상사고,0,0,1,0,차대차 - 측면충돌,안전운전불이행,건조,맑음,단일로 - 기타,승용,남,43세,상해없음,이륜,남,61세,경상
2019121000100289,2019년 12월 10일 12시,화요일,충청북도 청주시 흥덕구 외북동,경상사고,0,0,1,0,차대차 - 측면충돌,안전거리미확보,건조,맑음,단일로 - 기타,승용,남,32세,상해없음,승용,여,38세,경상
2019121000100344,2019년 12월 10일 14시,화요일,충청북도 충주시 안림동,경상사고,0,0,1,0,차대차 - 측면충돌,안전운전불이행,건조,흐림,교차로 - 교차로안,승용,여,66세,상해없음,승합,남,49세,경상
2019121000100381,2019년 12월 10일 15시,화요일,충청북도 충주시 금릉동,중상사고,0,1,1,0,차대사람 - 기타,안전운전불이행,건조,맑음,단일로 - 기타,승용,여,67세,상해없음,보행자,여,57세,중상
2019121000100408,2019년 12월 10일 16시,화요일,충청북도 충주시 충의동,중상사고,0,1,0,0,차대사람 - 차도통행중,안전운전불이행,건조,맑음,단일로 - 기타,승용,남,72세,상해없음,보행자,남,81세,중상
2019121000100457,2019년 12월 10일 17시,화요일,충청북도 충주시 교현동,경상사고,0,0,4,0,차대차 - 추돌,안전운전불이행,건조,맑음,교차로 - 교차로안,승용,남,51세,상해없음,승용,남,73세,상해없음
2019121000100458,2019년 12월 10일 17시,화요일,충청북도 제천시 명동,경상사고,0,0,1,0,차대차 - 기타,안전거리미확보,건조,흐림,단일로 - 기타,화물,여,52세,상해없음,이륜,남,52세,경상
2019121000100523,2019년 12월 10일 18시,화요일,충청북도 제천시 강제동,경상사고,0,0,4,0,차대차 - 측면충돌,교차로운행방법위반,건조,맑음,교차로 - 교차로안,승용,여,58세,상해없음,승용,남,66세,경상
2019121000100524,2019년 12월 10일 18시,화요일,충청북도 영동군 용산면,중상사고,0,1,0,0,차대사람 - 기타,안전운전불이행,건조,맑음,단일로 - 기타,승합,남,72세,상해없음,보행자,남,44세,중상
2019121000100525,2019년 12월 10일 18시,화요일,충청북도 증평군 증평읍,부상신고사고,0,0,0,1,차대사람 - 기타,안전운전불이행,건조,맑음,교차로 - 교차로안,승용,여,46세,상해없음,보행자,남,17세,부상신고
2019121000100526,2019년 12월 10일 18시,화요일,충청북도 청주시 흥덕구 지동동,중상사고,0,1,0,0,차대사람 - 횡단중,신호위반,건조,맑음,기타 - 기타,화물,남,73세,상해없음,보행자,여,61세,중상
2019121000100527,2019년 12월 10일 18시,화요일,충청북도 청주시 서원구 산남동,경상사고,0,0,2,0,차대차 - 측면충돌,교차로운행방법위반,건조,맑음,교차로 - 교차로안,승용,여,41세,경상,승용,남,64세,경상
2019121000100577,2019년 12월 10일 19시,화요일,충청북도 충주시 연수동,경상사고,0,0,2,0,차대차 - 기타,직진우회전진행방해,건조,맑음,교차로 - 교차로안,이륜,남,34세,경상,승용,여,40세,경상
2019121000100578,2019년 12월 10일 19시,화요일,충청북도 음성군 대소면,경상사고,0,0,4,0,차대차 - 측면충돌,차로위반,건조,맑음,교차로 - 교차로횡단보도내,승용,여,60세,경상,승용,여,27세,경상
2019121000100579,2019년 12월 10일 19시,화요일,충청북도 청주시 흥덕구 오송읍,중상사고,0,1,0,0,차대차 - 기타,안전운전불이행,건조,맑음,교차로 - 교차로부근,승용,남,45세,상해없음,승용,여,38세,중상
2019121000100580,2019년 12월 10일 19시,화요일,충청북도 청주시 흥덕구 오송읍,경상사고,0,0,2,0,차대차 - 기타,신호위반,건조,맑음,단일로 - 기타,승용,남,54세,상해없음,승용,여,27세,경상
2019121000100621,2019년 12월 10일 20시,화요일,충청북도 충주시 단월동,경상사고,0,0,1,0,차대차 - 측면충돌,안전운전불이행,건조,맑음,기타 - 기타,승용,남,36세,상해없음,원동기,남,46세,경상
2019121000100622,2019년 12월 10일 20시,화요일,충청북도 옥천군 옥천읍,중상사고,0,1,0,0,차대사람 - 차도통행중,안전운전불이행,건조,맑음,단일로 - 기타,승용,남,20세,상해없음,보행자,여,56세,중상
2019121000100674,2019년 12월 10일 22시,화요일,충청북도 충주시 연수동,경상사고,0,0,1,0,차대차 - 기타,안전운전불이행,건조,맑음,단일로 - 기타,승용,여,46세,상해없음,승용,남,61세,상해없음
2019121100100063,2019년 12월 11일 02시,수요일,충청북도 청주시 서원구 산남동,중상사고,0,1,0,0,차대차 - 추돌,안전운전불이행,건조,맑음,단일로 - 지하차도(도로)내,화물,남,49세,상해없음,화물,남,38세,중상
2019121100100119,2019년 12월 11일 07시,수요일,충청북도 청주시 청원구 내덕동,경상사고,0,0,1,0,차대차 - 추돌,안전운전불이행,건조,맑음,교차로 - 교차로안,승용,남,30세,상해없음,승용,남,38세,경상
2019121100100149,2019년 12월 11일 08시,수요일,충청북도 청주시 흥덕구 강서동,경상사고,0,0,1,0,차대차 - 측면충돌,안전운전불이행,건조,맑음,교차로 - 교차로안,승용,여,55세,상해없음,승용,남,26세,경상
2019121100100150,2019년 12월 11일 08시,수요일,충청북도 청주시 상당구 북문로1가동,경상사고,0,0,3,0,차대차 - 추돌,안전운전불이행,건조,맑음,교차로 - 교차로부근,승용,남,46세,상해없음,승용,남,71세,경상
2019121100100175,2019년 12월 11일 09시,수요일,충청북도 청주시 청원구 오창읍,중상사고,0,1,0,0,차대차 - 기타,안전운전불이행,젖음/습기,비,교차로 - 교차로부근,승용,남,25세,상해없음,승용,남,60세,중상
2019121100100202,2019년 12월 11일 10시,수요일,충청북도 음성군 삼성면,중상사고,0,1,2,0,차대차 - 측면충돌,안전운전불이행,건조,맑음,교차로 - 교차로안,승용,여,60세,경상,승용,여,53세,중상
2019121100100239,2019년 12월 11일 11시,수요일,충청북도 증평군 증평읍,경상사고,0,0,1,0,차대차 - 측면충돌,신호위반,젖음/습기,흐림,교차로 - 교차로안,화물,남,65세,상해없음,승용,여,41세,경상
2019121100100270,2019년 12월 11일 12시,수요일,충청북도 청주시 서원구 개신동,경상사고,0,0,1,0,차대차 - 기타,안전운전불이행,건조,맑음,교차로 - 교차로부근,승용,여,65세,상해없음,승용,남,32세,경상
2019121100100271,2019년 12월 11일 12시,수요일,충청북도 보은군 보은읍,중상사고,0,1,0,0,차대차 - 측면충돌,교차로운행방법위반,건조,흐림,교차로 - 교차로안,승용,남,69세,상해없음,이륜,남,79세,중상
2019121100100293,2019년 12월 11일 13시,수요일,충청북도 음성군 금왕읍,경상사고,0,0,1,0,차대차 - 추돌,차로위반,건조,맑음,단일로 - 지하차도(도로)내,화물,남,57세,경상,승합,남,17세,상해없음
2019121100100294,2019년 12월 11일 13시,수요일,충청북도 청주시 상당구 용담동,경상사고,0,0,4,0,차대차 - 측면충돌,안전운전불이행,건조,맑음,단일로 - 지하차도(도로)내,승용,남,53세,경상,승용,여,50세,경상
2019121100100319,2019년 12월 11일 14시,수요일,충청북도 청주시 흥덕구 봉명동,경상사고,0,0,1,0,차대차 - 측면충돌,교차로운행방법위반,건조,맑음,교차로 - 교차로안,승용,여,61세,상해없음,자전거,남,63세,경상
2019121100100320,2019년 12월 11일 14시,수요일,충청북도 청주시 서원구 수곡동,경상사고,0,0,1,0,차대차 - 측면충돌,교차로운행방법위반,건조,맑음,교차로 - 교차로안,승용,남,60세,기타불명,승용,여,45세,경상
2019121100100432,2019년 12월 11일 17시,수요일,충청북도 음성군 생극면,경상사고,0,0,1,0,차대차 - 측면충돌,기타,건조,맑음,교차로 - 교차로안,승용,남,20세,상해없음,승용,남,34세,경상
2019121100100433,2019년 12월 11일 17시,수요일,충청북도 청주시 흥덕구 봉명동,중상사고,0,1,0,0,차대사람 - 횡단중,중앙선침범,건조,맑음,단일로 - 기타,승용,남,59세,상해없음,보행자,여,77세,중상
2019121100100434,2019년 12월 11일 17시,수요일,충청북도 청주시 흥덕구 복대동,부상신고사고,0,0,0,1,차대차 - 기타,안전운전불이행,건조,맑음,교차로 - 교차로횡단보도내,자전거,남,69세,부상신고,승용,남,26세,상해없음
2019121100100483,2019년 12월 11일 18시,수요일,충청북도 청주시 상당구 영동,경상사고,0,0,3,0,차대차 - 기타,신호위반,건조,맑음,교차로 - 교차로안,승용,여,46세,상해없음,승용,남,40세,경상
2019121100100484,2019년 12월 11일 18시,수요일,충청북도 충주시 주덕읍,경상사고,0,0,2,0,차대차 - 기타,안전운전불이행,건조,맑음,교차로 - 교차로안,특수,남,47세,상해없음,승합,남,51세,경상
2019121100100485,2019년 12월 11일 18시,수요일,충청북도 음성군 맹동면,경상사고,0,0,2,0,차대차 - 추돌,차로위반,건조,맑음,단일로 - 지하차도(도로)내,화물,남,29세,경상,승용,남,34세,경상
2019121100100486,2019년 12월 11일 18시,수요일,충청북도 청주시 흥덕구 신촌동,경상사고,0,0,3,0,차대차 - 기타,안전운전불이행,건조,맑음,교차로 - 교차로부근,승용,여,49세,경상,승용,남,55세,경상
2019121100100541,2019년 12월 11일 19시,수요일,충청북도 제천시 서부동,경상사고,0,0,2,0,차대차 - 정면충돌,직진우회전진행방해,건조,맑음,교차로 - 교차로안,승용,남,41세,경상,승용,여,59세,경상
2019121100100542,2019년 12월 11일 19시,수요일,충청북도 청주시 서원구 수곡동,중상사고,0,1,0,0,차대사람 - 횡단중,안전운전불이행,건조,맑음,교차로 - 교차로안,승용,여,48세,상해없음,보행자,남,49세,중상
2019121100100571,2019년 12월 11일 20시,수요일,충청북도 청주시 서원구 수곡동,부상신고사고,0,0,0,1,차대사람 - 기타,안전운전불이행,건조,맑음,단일로 - 기타,승용,남,57세,상해없음,보행자,남,32세,부상신고
2019121100100614,2019년 12월 11일 22시,수요일,충청북도 충주시 달천동,경상사고,0,0,3,0,차대차 - 측면충돌,안전운전불이행,건조,맑음,단일로 - 기타,승용,남,49세,상해없음,승용,남,65세,경상
2019121100100615,2019년 12월 11일 22시,수요일,충청북도 음성군 맹동면,경상사고,0,0,1,0,차대차 - 측면충돌,차로위반,건조,맑음,단일로 - 지하차도(도로)내,승용,남,35세,상해없음,개인형이동수단(PM),남,44세,경상
2019121200100060,2019년 12월 12일 02시,목요일,충청북도 증평군 증평읍,경상사고,0,0,1,0,차대차 - 측면충돌,안전운전불이행,건조,맑음,단일로 - 기타,승용,남,53세,상해없음,승용,남,31세,경상
2019121200100099,2019년 12월 12일 06시,목요일,충청북도 청주시 서원구 산남동,경상사고,0,0,1,0,차대차 - 추돌,안전운전불이행,건조,맑음,단일로 - 지하차도(도로)내,이륜,남,23세,상해없음,승용,남,26세,경상
2019121200100128,2019년 12월 12일 07시,목요일,충청북도 음성군 금왕읍,경상사고,0,0,1,0,차대차 - 측면충돌,안전거리미확보,건조,맑음,교차로 - 교차로부근,기타불명,기타불명,미분류,기타불명,승용,남,53세,경상
2019121200100129,2019년 12월 12일 07시,목요일,충청북도 진천군 진천읍,경상사고,0,0,1,0,차대차 - 기타,안전운전불이행,건조,맑음,기타 - 기타,승용,여,42세,기타불명,건설기계,남,57세,경상
2019121200100159,2019년 12월 12일 08시,목요일,충청북도 청주시 청원구 율량동,경상사고,0,0,2,0,차대차 - 기타,안전운전불이행,건조,맑음,단일로 - 기타,승합,남,52세,상해없음,승용,남,63세,상해없음
2019121200100160,2019년 12월 12일 08시,목요일,충청북도 충주시 중앙탑면,경상사고,0,0,1,0,차대차 - 측면충돌,중앙선침범,건조,맑음,교차로 - 교차로부근,승용,남,32세,상해없음,승용,여,40세,경상
2019121200100203,2019년 12월 12일 09시,목요일,충청북도 옥천군 옥천읍,부상신고사고,0,0,0,1,차대차 - 측면충돌,신호위반,건조,맑음,교차로 - 교차로안,원동기,여,66세,부상신고,승합,남,68세,상해없음
2019121200100235,2019년 12월 12일 10시,목요일,충청북도 증평군 증평읍,중상사고,0,1,0,0,차대차 - 측면충돌,신호위반,건조,맑음,교차로 - 교차로안,이륜,남,83세,중상,승용,남,43세,상해없음
2019121200100299,2019년 12월 12일 12시,목요일,충청북도 청주시 흥덕구 가경동,경상사고,0,0,1,0,차대차 - 기타,안전거리미확보,건조,맑음,교차로 - 교차로부근,특수,남,41세,상해없음,이륜,남,39세,경상