사고번호,사고일시,요일,시군구,사고내용,사망자수,중상자수,경상자수,부상신고자수,사고유형,법규위반,노면상태,기상상태,도로형태,가해운전자 차종,가해운전자 성별,가해운전자 연령,가해운전자 상해정도,피해운전자 차종,피해운전자 성별,피해운전자 연령,피해운전자 상해정도
2019121200100300,2019년 12월 12일 12시,목요일,충청북도 청주시 서원구 모충동,중상사고,0,1,0,0,차대차 - 기타,안전운전불이행,건조,맑음,교차로 - 교차로안,승용,남,66세,상해없음,승용,남,60세,중상
2019121200100329,2019년 12월 12일 13시,목요일,충청북도 충주시 연수동,경상사고,0,0,1,0,차대차 - 기타,안전거리미확보,건조,맑음,교차로 - 교차로부근,화물,여,52세,상해없음,승용,여,24세,경상
2019121200100360,2019년 12월 12일 14시,목요일,충청북도 청주시 상당구 금천동,사망사고,1,0,0,0,차대사람 - 횡단중,안전운전불이행,건조,맑음,교차로 - 교차로안,승용,남,32세,상해없음,보행자,남,77세,사망
2019121200100361,2019년 12월 12일 14시,목요일,충청북도 청주시 서원구 수곡동,경상사고,0,0,1,0,차대차 - 측면충돌,안전운전불이행,건조,맑음,교차로 - 교차로안,자전거,여,77세,경상,승용,여,36세,상해없음
2019121200100389,2019년 12월 12일 15시,목요일,충청북도 충주시 성내동,경상사고,0,0,2,0,차대차 - 기타,안전운전불이행,건조,맑음,단일로 - 기타,화물,남,65세,상해없음,화물,남,23세,경상
2019121200100390,2019년 12월 12일 15시,목요일,충청북도 음성군 생극면,경상사고,0,0,1,0,차대차 - 측면충돌,안전운전불이행,건조,맑음,단일로 - 지하차도(도로)내,화물,남,50세,상해없음,승용,여,42세,경상
2019121200100468,2019년 12월 12일 17시,목요일,충청북도 제천시 청전동,경상사고,0,0,1,0,차대차 - 추돌,안전운전불이행,건조,맑음,교차로 - 교차로부근,승용,남,73세,상해없음,승용,남,39세,경상
2019121200100528,2019년 12월 12일 18시,목요일,충청북도 청주시 청원구 북이면,경상사고,0,0,1,0,차대차 - 기타,안전운전불이행,건조,맑음,단일로 - 기타,화물,남,68세,상해없음,승용,여,43세,경상
2019121200100529,2019년 12월 12일 18시,목요일,충청북도 청주시 청원구 내덕동,사망사고,1,0,0,0,차대사람 - 기타,보행자보호의무위반,건조,맑음,교차로 - 교차로횡단보도내,승합,남,68세,상해없음,보행자,남,59세,사망
2019121200100530,2019년 12월 12일 18시,목요일,충청북도 충주시 봉방동,경상사고,0,0,1,0,차대사람 - 기타,교차로운행방법위반,건조,맑음,단일로 - 기타,승용,남,50세,상해없음,보행자,남,73세,경상
2019121200100531,2019년 12월 12일 18시,목요일,충청북도 옥천군 동이면,경상사고,0,0,1,0,차대차 - 추돌,안전운전불이행,건조,맑음,교차로 - 교차로안,승용,여,37세,경상,화물,남,54세,상해없음
2019121200100632,2019년 12월 12일 20시,목요일,충청북도 충주시 호암동,중상사고,0,1,1,0,차대차 - 기타,불법유턴,건조,맑음,교차로 - 교차로안,승용,남,67세,기타불명,승용,남,56세,경상
2019121200100633,2019년 12월 12일 20시,목요일,충청북도 청주시 상당구 용담동,경상사고,0,0,2,0,차대차 - 측면충돌,안전거리미확보,건조,맑음,교차로 - 교차로부근,승용,남,27세,상해없음,승용,남,66세,경상
2019121300100051,2019년 12월 13일 01시,금요일,충청북도 청주시 서원구 성화동,경상사고,0,0,1,0,차대차 - 추돌,안전운전불이행,건조,맑음,교차로 - 교차로부근,승용,남,54세,상해없음,승용,여,48세,경상
2019121300100090,2019년 12월 13일 05시,금요일,충청북도 청주시 흥덕구 옥산면,사망사고,1,0,0,0,차대차 - 추돌,안전거리미확보,건조,맑음,단일로 - 기타,화물,남,44세,사망,화물,남,60세,상해없음
2019121300100190,2019년 12월 13일 09시,금요일,충청북도 제천시 명동,중상사고,0,2,3,0,차대차 - 추돌,안전운전불이행,건조,맑음,교차로 - 교차로부근,승용,여,53세,경상,승용,남,70세,경상
2019121300100191,2019년 12월 13일 09시,금요일,충청북도 청주시 흥덕구 봉명동,중상사고,0,1,0,0,차대차 - 기타,안전운전불이행,건조,맑음,교차로 - 교차로부근,화물,남,31세,상해없음,화물,남,33세,중상
2019121300100192,2019년 12월 13일 09시,금요일,충청북도 청주시 서원구 개신동,경상사고,0,0,1,0,차대차 - 기타,안전운전불이행,건조,맑음,단일로 - 기타,승용,남,24세,상해없음,승용,남,40세,경상
2019121300100193,2019년 12월 13일 09시,금요일,충청북도 영동군 황간면,경상사고,0,0,2,0,차대차 - 추돌,안전운전불이행,건조,맑음,기타 - 기타,승용,남,42세,상해없음,화물,남,47세,경상
2019121300100226,2019년 12월 13일 10시,금요일,충청북도 청주시 흥덕구 가경동,경상사고,0,0,1,0,차대차 - 후진중충돌,불법유턴,건조,맑음,단일로 - 기타,승용,남,80세,상해없음,승용,여,39세,경상
2019121300100249,2019년 12월 13일 11시,금요일,충청북도 청주시 청원구 사천동,중상사고,0,4,1,0,차대차 - 기타,안전운전불이행,건조,맑음,교차로 - 교차로부근,승합,남,35세,중상,승용,남,52세,경상
2019121300100250,2019년 12월 13일 11시,금요일,충청북도 진천군 이월면,경상사고,0,0,1,0,차대차 - 추돌,안전거리미확보,건조,맑음,단일로 - 기타,건설기계,남,40세,상해없음,건설기계,남,30세,상해없음
2019121300100275,2019년 12월 13일 12시,금요일,충청북도 청주시 청원구 내덕동,경상사고,0,0,1,0,차대사람 - 보도통행중,보행자보호의무위반,건조,맑음,교차로 - 교차로횡단보도내,화물,남,45세,기타불명,보행자,남,73세,경상
2019121300100306,2019년 12월 13일 13시,금요일,충청북도 제천시 송학면,중상사고,0,1,0,0,차대차 - 추돌,안전운전불이행,건조,맑음,교차로 - 교차로안,화물,남,80세,상해없음,승용,여,59세,중상
2019121300100307,2019년 12월 13일 13시,금요일,충청북도 청주시 흥덕구 강서동,경상사고,0,0,1,0,차대차 - 기타,안전운전불이행,건조,맑음,교차로 - 교차로안,승용,여,62세,상해없음,승용,남,36세,경상
2019121300100332,2019년 12월 13일 14시,금요일,충청북도 음성군 원남면,경상사고,0,0,1,0,차대차 - 측면충돌,차로위반,건조,맑음,교차로 - 교차로안,승용,남,69세,상해없음,승용,여,63세,경상
2019121300100480,2019년 12월 13일 17시,금요일,충청북도 충주시 주덕읍,경상사고,0,0,1,0,차대차 - 기타,신호위반,건조,맑음,교차로 - 교차로안,승용,남,73세,상해없음,승용,남,61세,경상
2019121300100481,2019년 12월 13일 17시,금요일,충청북도 음성군 맹동면,경상사고,0,0,1,0,차대차 - 후진중충돌,안전운전불이행,건조,맑음,교차로 - 교차로안,승용,남,53세,상해없음,화물,남,45세,경상
2019121300100482,2019년 12월 13일 17시,금요일,충청북도 진천군 진천읍,경상사고,0,0,1,0,차대차 - 기타,교차로운행방법위반,건조,맑음,교차로 - 교차로안,화물,남,41세,상해없음,승용,여,50세,경상
2019121300100483,2019년 12월 13일 17시,금요일,충청북도 청주시 상당구 석교동,경상사고,0,0,1,0,차대사람 - 기타,안전운전불이행,건조,맑음,단일로 - 기타,기타불명,기타불명,미분류,기타불명,보행자,남,43세,경상
2019121300100551,2019년 12월 13일 18시,금요일,충청북도 단양군 대강면,경상사고,0,0,4,0,차대차 - 정면충돌,중앙선침범,건조,맑음,단일로 - 터널,화물,남,54세,경상,화물,남,51세,경상
2019121300100552,2019년 12월 13일 18시,금요일,충청북도 청주시 서원구 개신동,경상사고,0,0,1,0,차대차 - 측면충돌,교차로운행방법위반,건조,맑음,교차로 - 교차로안,원동기,남,22세,경상,승용,남,34세,상해없음
2019121300100553,2019년 12월 13일 18시,금요일,충청북도 충주시 노은면,경상사고,0,0,1,0,차대차 - 추돌,안전운전불이행,건조,맑음,단일로 - 기타,승용,남,52세,상해없음,승용,남,50세,경상
2019121300100554,2019년 12월 13일 18시,금요일,충청북도 옥천군 옥천읍,중상사고,0,1,0,0,차대사람 - 횡단중,보행자보호의무위반,건조,맑음,교차로 - 교차로안,승용,여,46세,상해없음,보행자,여,70세,중상
2019121300100615,2019년 12월 13일 19시,금요일,충청북도 제천시 모산동,경상사고,0,0,1,0,차대차 - 후진중충돌,안전운전불이행,건조,맑음,교차로 - 교차로부근,승용,남,58세,상해없음,승용,남,40세,경상
2019121300100616,2019년 12월 13일 19시,금요일,충청북도 영동군 양강면,중상사고,0,1,1,0,차량단독 - 도로외이탈 - 추락,안전운전불이행,건조,맑음,단일로 - 기타,화물,남,58세,경상,,,,
2019121300100617,2019년 12월 13일 19시,금요일,충청북도 청주시 서원구 모충동,중상사고,0,1,1,0,차대차 - 기타,안전거리미확보,건조,맑음,교차로 - 교차로부근,승용,여,36세,상해없음,승합,남,60세,중상
2019121300100670,2019년 12월 13일 20시,금요일,충청북도 청주시 청원구 오창읍,경상사고,0,0,4,0,차대차 - 기타,안전운전불이행,건조,맑음,단일로 - 기타,승용,남,56세,상해없음,승용,남,56세,경상
2019121300100671,2019년 12월 13일 20시,금요일,충청북도 청주시 흥덕구 복대동,경상사고,0,0,1,0,차대차 - 기타,안전운전불이행,건조,맑음,단일로 - 기타,기타불명,기타불명,미분류,기타불명,승용,남,42세,경상
2019121300100672,2019년 12월 13일 20시,금요일,충청북도 청주시 상당구 용암동,부상신고사고,0,0,0,1,차대차 - 측면충돌,안전운전불이행,건조,맑음,단일로 - 기타,이륜,남,22세,부상신고,승용,남,35세,상해없음
2019121300100702,2019년 12월 13일 21시,금요일,충청북도 보은군 속리산면,경상사고,0,0,2,0,차대차 - 추돌,교차로운행방법위반,건조,맑음,교차로 - 교차로안,승용,남,68세,상해없음,승용,남,45세,상해없음
2019121300100736,2019년 12월 13일 22시,금요일,충청북도 옥천군 청산면,경상사고,0,0,1,0,차량단독 - 전도전복 - 전복,안전운전불이행,건조,맑음,단일로 - 기타,승용,남,65세,경상,,,,
2019121300100737,2019년 12월 13일 22시,금요일,충청북도 청주시 서원구 수곡동,부상신고사고,0,0,0,2,차대사람 - 차도통행중,안전운전불이행,건조,맑음,교차로 - 교차로안,이륜,여,74세,부상신고,보행자,남,48세,부상신고
2019121300100792,2019년 12월 13일 23시,금요일,충청북도 충주시 교현동,중상사고,0,1,0,0,차대차 - 기타,안전운전불이행,건조,흐림,교차로 - 교차로안,승용,여,22세,상해없음,이륜,남,21세,중상
2019121300100793,2019년 12월 13일 23시,금요일,충청북도 진천군 초평면,부상신고사고,0,0,0,1,차대차 - 추돌,안전거리미확보,건조,맑음,단일로 - 기타,승용,여,39세,상해없음,승용,남,36세,부상신고
2019121300100794,2019년 12월 13일 23시,금요일,충청북도 청주시 서원구 수곡동,중상사고,0,1,0,0,차대사람 - 횡단중,안전운전불이행,건조,맑음,단일로 - 지하차도(도로)내,승용,여,34세,상해없음,보행자,남,25세,중상
2019121300100795,2019년 12월 13일 23시,금요일,충청북도 청주시 서원구 산남동,중상사고,0,1,0,0,차대차 - 추돌,안전거리미확보,건조,맑음,단일로 - 지하차도(도로)내,승용,남,28세,상해없음,승용,남,57세,중상
2019121300100796,2019년 12월 13일 23시,금요일,충청북도 청주시 서원구 수곡동,중상사고,0,2,2,0,차대차 - 추돌,안전운전불이행,건조,맑음,교차로 - 교차로부근,승용,남,36세,상해없음,승용,남,71세,중상
2019121400100057,2019년 12월 14일 01시,토요일,충청북도 청주시 흥덕구 복대동,경상사고,0,0,3,0,차대차 - 기타,안전운전불이행,건조,맑음,단일로 - 기타,승용,남,35세,상해없음,승용,남,25세,경상
2019121400100058,2019년 12월 14일 01시,토요일,충청북도 청주시 상당구 서운동,중상사고,0,1,0,0,차량단독 - 기타,안전운전불이행,건조,맑음,단일로 - 지하차도(도로)내,승합,남,44세,상해없음,,,,
2019121400100110,2019년 12월 14일 05시,토요일,충청북도 제천시 의림동,경상사고,0,0,1,0,차대사람 - 차도통행중,보행자보호의무위반,젖음/습기,흐림,교차로 - 교차로안,승용,남,58세,상해없음,보행자,남,63세,경상
2019121400100111,2019년 12월 14일 05시,토요일,충청북도 영동군 심천면,경상사고,0,0,1,0,차대차 - 추돌,안전운전불이행,서리/결빙,비,단일로 - 기타,화물,남,47세,상해없음,승용,남,23세,상해없음
2019121400100112,2019년 12월 14일 05시,토요일,충청북도 청주시 흥덕구 강서동,중상사고,0,1,0,0,차량단독 - 공작물충돌,안전운전불이행,서리/결빙,비,교차로 - 교차로안,승용,남,39세,중상,,,,
2019121400100135,2019년 12월 14일 06시,토요일,충청북도 청주시 청원구 외남동,중상사고,0,1,1,0,차량단독 - 기타,안전운전불이행,젖음/습기,흐림,단일로 - 기타,승용,남,60세,경상,,,,
2019121400100136,2019년 12월 14일 06시,토요일,충청북도 청주시 흥덕구 가경동,경상사고,0,0,2,1,차대차 - 기타,안전거리미확보,서리/결빙,흐림,단일로 - 기타,화물,남,62세,상해없음,승용,여,49세,경상
2019121400100137,2019년 12월 14일 06시,토요일,충청북도 청주시 서원구 죽림동,중상사고,0,3,0,0,차대차 - 측면충돌,안전운전불이행,서리/결빙,비,단일로 - 기타,승용,남,60세,중상,화물,남,42세,중상
2019121400100173,2019년 12월 14일 07시,토요일,충청북도 청주시 상당구 수동,경상사고,0,0,4,0,차대차 - 기타,안전운전불이행,서리/결빙,흐림,교차로 - 교차로안,승용,남,20세,상해없음,승용,남,55세,경상
2019121400100174,2019년 12월 14일 07시,토요일,충청북도 청주시 서원구 장암동,중상사고,0,1,1,0,차대차 - 측면충돌,안전운전불이행,서리/결빙,흐림,단일로 - 교량,화물,남,29세,기타불명,화물,남,55세,경상
2019121400100207,2019년 12월 14일 08시,토요일,충청북도 음성군 생극면,중상사고,0,1,1,0,차대차 - 추돌,안전운전불이행,건조,맑음,단일로 - 지하차도(도로)내,승용,여,51세,경상,승용,남,52세,중상
2019121400100208,2019년 12월 14일 08시,토요일,충청북도 음성군 생극면,중상사고,0,1,0,0,차량단독 - 공작물충돌,안전운전불이행,건조,맑음,단일로 - 지하차도(도로)내,승용,남,54세,중상,,,,
2019121400100241,2019년 12월 14일 09시,토요일,충청북도 청주시 청원구 내덕동,중상사고,0,1,0,0,차량단독 - 기타,안전운전불이행,서리/결빙,맑음,단일로 - 기타,이륜,남,16세,상해없음,,,,
2019121400100242,2019년 12월 14일 09시,토요일,충청북도 보은군 수한면,중상사고,0,1,1,0,차대차 - 정면충돌,중앙선침범,서리/결빙,맑음,단일로 - 기타,화물,남,62세,상해없음,화물,남,57세,중상
2019121400100243,2019년 12월 14일 09시,토요일,충청북도 청주시 상당구 낭성면,중상사고,0,1,0,0,차대차 - 기타,안전운전불이행,서리/결빙,맑음,단일로 - 지하차도(도로)내,승용,남,62세,중상,화물,남,48세,상해없음
2019121400100277,2019년 12월 14일 10시,토요일,충청북도 충주시 살미면,중상사고,0,1,0,0,차대차 - 측면충돌,신호위반,건조,맑음,교차로 - 교차로안,승용,남,75세,중상,화물,남,35세,상해없음
2019121400100278,2019년 12월 14일 10시,토요일,충청북도 괴산군 문광면,중상사고,0,1,1,1,차대차 - 측면충돌,안전운전불이행,서리/결빙,맑음,단일로 - 기타,승용,여,46세,부상신고,승용,남,76세,중상
2019121400100279,2019년 12월 14일 10시,토요일,충청북도 청주시 서원구 분평동,경상사고,0,0,1,0,차대차 - 측면충돌,안전운전불이행,서리/결빙,맑음,단일로 - 기타,승용,남,28세,상해없음,승용,남,37세,경상
2019121400100280,2019년 12월 14일 10시,토요일,충청북도 청주시 서원구 분평동,경상사고,0,0,2,0,차대차 - 측면충돌,교차로운행방법위반,건조,맑음,교차로 - 교차로안,승용,여,36세,경상,화물,남,43세,상해없음
2019121400100312,2019년 12월 14일 11시,토요일,충청북도 청주시 청원구 주중동,경상사고,0,0,3,0,차대차 - 추돌,안전운전불이행,건조,맑음,교차로 - 교차로부근,승합,남,40세,상해없음,화물,남,65세,경상
2019121400100313,2019년 12월 14일 11시,토요일,충청북도 청주시 청원구 주중동,경상사고,0,0,2,0,차대차 - 기타,안전운전불이행,젖음/습기,맑음,단일로 - 기타,승용,남,61세,기타불명,승용,남,38세,경상
2019121400100349,2019년 12월 14일 12시,토요일,충청북도 진천군 덕산면,경상사고,0,0,1,0,차대차 - 기타,교차로운행방법위반,건조,맑음,교차로 - 교차로부근,승용,여,33세,상해없음,이륜,남,37세,경상
2019121400100390,2019년 12월 14일 13시,토요일,충청북도 청주시 흥덕구 복대동,부상신고사고,0,0,0,1,차대차 - 측면충돌,안전운전불이행,건조,맑음,단일로 - 기타,승용,여,69세,부상신고,승용,남,73세,상해없음
2019121400100433,2019년 12월 14일 14시,토요일,충청북도 청주시 흥덕구 내곡동,중상사고,0,2,2,1,차대차 - 추돌,안전운전불이행,건조,맑음,단일로 - 기타,승용,남,57세,상해없음,승용,남,46세,중상
2019121400100561,2019년 12월 14일 17시,토요일,충청북도 청주시 청원구 내덕동,중상사고,0,1,0,0,차대차 - 기타,신호위반,건조,맑음,교차로 - 교차로안,화물,남,64세,상해없음,승용,남,76세,중상
2019121400100562,2019년 12월 14일 17시,토요일,충청북도 청주시 서원구 사직동,경상사고,0,0,1,0,차대차 - 기타,안전운전불이행,건조,맑음,교차로 - 교차로횡단보도내,자전거,여,62세,경상,이륜,남,25세,상해없음
2019121400100622,2019년 12월 14일 18시,토요일,충청북도 청주시 상당구 명암동,경상사고,0,0,2,0,차대차 - 측면충돌,차로위반,건조,맑음,교차로 - 교차로부근,승용,남,59세,상해없음,화물,남,31세,경상
2019121400100675,2019년 12월 14일 19시,토요일,충청북도 청주시 청원구 오창읍,중상사고,0,2,1,0,차대차 - 기타,신호위반,건조,맑음,교차로 - 교차로안,승용,남,25세,상해없음,승용,남,46세,중상
2019121400100676,2019년 12월 14일 19시,토요일,충청북도 청주시 상당구 용암동,경상사고,0,0,1,0,차대차 - 측면충돌,안전운전불이행,건조,맑음,교차로 - 교차로안,승합,남,26세,상해없음,승용,남,36세,경상
2019121400100705,2019년 12월 14일 20시,토요일,충청북도 충주시 칠금동,경상사고,0,0,1,0,차대사람 - 기타,안전운전불이행,건조,맑음,기타 - 기타,승용,남,59세,상해없음,보행자,남,16세,경상
2019121400100706,2019년 12월 14일 20시,토요일,충청북도 청주시 서원구 남이면,중상사고,0,1,0,0,차대차 - 기타,안전운전불이행,건조,맑음,단일로 - 기타,승용,남,44세,중상,화물,남,57세,기타불명
2019121400100707,2019년 12월 14일 20시,토요일,충청북도 청주시 상당구 용암동,경상사고,0,0,2,0,차대차 - 추돌,안전거리미확보,건조,맑음,단일로 - 지하차도(도로)내,승용,남,39세,상해없음,승용,남,50세,경상
2019121400100739,2019년 12월 14일 21시,토요일,충청북도 제천시 장락동,경상사고,0,0,1,0,차대차 - 측면충돌,안전거리미확보,건조,맑음,단일로 - 지하차도(도로)내,승용,남,34세,상해없음,이륜,남,44세,경상
2019121400100769,2019년 12월 14일 22시,토요일,충청북도 영동군 영동읍,경상사고,0,0,1,0,차량단독 - 전도전복 - 전도,안전운전불이행,건조,맑음,단일로 - 기타,이륜,여,56세,경상,,,,
2019121400100770,2019년 12월 14일 22시,토요일,충청북도 단양군 단양읍,경상사고,0,0,2,0,차대차 - 기타,중앙선침범,건조,맑음,기타 - 기타,화물,남,67세,상해없음,승용,남,38세,경상
2019121400100803,2019년 12월 14일 23시,토요일,충청북도 청주시 흥덕구 복대동,중상사고,0,1,0,0,차대차 - 추돌,안전운전불이행,건조,맑음,교차로 - 교차로안,승용,남,52세,상해없음,이륜,남,37세,중상
2019121500100072,2019년 12월 15일 03시,일요일,충청북도 청주시 흥덕구 가경동,중상사고,0,1,1,0,차대차 - 기타,신호위반,건조,맑음,교차로 - 교차로안,승용,남,29세,경상,승용,남,63세,중상
2019121500100093,2019년 12월 15일 05시,일요일,충청북도 증평군 증평읍,경상사고,0,0,4,0,차대차 - 추돌,안전운전불이행,건조,맑음,교차로 - 교차로부근,승합,여,38세,경상,승용,남,27세,경상
2019121500100112,2019년 12월 15일 06시,일요일,충청북도 청주시 흥덕구 오송읍,중상사고,0,1,1,0,차대차 - 측면충돌,안전운전불이행,건조,맑음,교차로 - 교차로횡단보도내,승용,남,48세,경상,승용,남,53세,기타불명
2019121500100121,2019년 12월 15일 07시,일요일,충청북도 청주시 상당구 금천동,경상사고,0,0,1,0,차대사람 - 보도통행중,신호위반,건조,맑음,교차로 - 교차로횡단보도내,승용,남,66세,상해없음,보행자,여,32세,경상
2019121500100133,2019년 12월 15일 08시,일요일,충청북도 청주시 상당구 방서동,경상사고,0,0,1,0,차대차 - 측면충돌,차로위반,건조,맑음,단일로 - 지하차도(도로)내,화물,남,55세,상해없음,승용,여,62세,경상
2019121500100154,2019년 12월 15일 09시,일요일,충청북도 청주시 상당구 남주동,경상사고,0,0,1,0,차대사람 - 기타,안전운전불이행,건조,맑음,교차로 - 교차로안,승용,남,44세,상해없음,보행자,여,70세,경상
2019121500100181,2019년 12월 15일 10시,일요일,충청북도 청주시 청원구 율량동,경상사고,0,0,2,0,차대차 - 기타,안전운전불이행,건조,맑음,교차로 - 교차로안,승용,남,45세,상해없음,승용,남,31세,경상
2019121500100207,2019년 12월 15일 11시,일요일,충청북도 청주시 서원구 분평동,경상사고,0,0,1,0,차대차 - 정면충돌,교차로운행방법위반,건조,맑음,교차로 - 교차로안,승용,남,58세,기타불명,승용,남,29세,경상
2019121500100226,2019년 12월 15일 12시,일요일,충청북도 보은군 회인면,중상사고,0,2,0,0,차대차 - 정면충돌,중앙선침범,건조,맑음,단일로 - 지하차도(도로)내,승용,남,28세,기타불명,승용,여,51세,중상
2019121500100227,2019년 12월 15일 12시,일요일,충청북도 청주시 흥덕구 강서동,경상사고,0,0,3,0,차대차 - 측면충돌,안전거리미확보,건조,맑음,교차로 - 교차로부근,승용,남,55세,상해없음,승용,남,52세,경상
2019121500100228,2019년 12월 15일 12시,일요일,충청북도 청주시 서원구 분평동,경상사고,0,0,1,0,차대차 - 기타,안전운전불이행,건조,맑음,주차장 - 주차장,자전거,남,6세,경상,승용,남,22세,상해없음
2019121500100259,2019년 12월 15일 13시,일요일,충청북도 청주시 흥덕구 가경동,중상사고,0,1,0,0,차대차 - 기타,안전운전불이행,건조,맑음,교차로 - 교차로안,이륜,남,30세,중상,승합,남,69세,상해없음
2019121500100353,2019년 12월 15일 16시,일요일,충청북도 청주시 흥덕구 복대동,경상사고,0,0,2,0,차대차 - 측면충돌,안전운전불이행,건조,맑음,단일로 - 기타,승용,남,43세,상해없음,화물,여,48세,경상
2019121500100378,2019년 12월 15일 17시,일요일,충청북도 청주시 상당구 용정동,경상사고,0,0,2,0,차대차 - 측면충돌,안전거리미확보,건조,맑음,교차로 - 교차로부근,승용,남,37세,상해없음,승용,남,72세,경상
2019121500100381,2019년 12월 15일 17시,일요일,충청북도 청주시 흥덕구 옥산면,중상사고,0,1,0,0,차대차 - 추돌,안전운전불이행,건조,맑음,기타 - 기타,승용,남,58세,상해없음,승용,남,48세,중상
2019121500100418,2019년 12월 15일 18시,일요일,충청북도 청주시 청원구 우암동,중상사고,0,1,0,0,차대차 - 기타,안전운전불이행,건조,맑음,단일로 - 기타,승용,남,27세,상해없음,이륜,남,34세,중상
2019121500100419,2019년 12월 15일 18시,일요일,충청북도 보은군 마로면,경상사고,0,0,2,0,차대차 - 추돌,안전운전불이행,건조,맑음,기타 - 기타,승용,여,36세,상해없음,승용,남,23세,경상
2019121500100458,2019년 12월 15일 19시,일요일,충청북도 청주시 청원구 사천동,중상사고,0,1,0,0,차대차 - 측면충돌,안전거리미확보,건조,맑음,교차로 - 교차로부근,승용,남,20세,상해없음,이륜,남,58세,중상
2019121600100071,2019년 12월 16일 05시,월요일,충청북도 청주시 서원구 사직동,경상사고,0,0,1,0,차대차 - 정면충돌,신호위반,건조,맑음,교차로 - 교차로안,승용,여,62세,경상,승용,남,71세,상해없음
2019121600100088,2019년 12월 16일 06시,월요일,충청북도 청주시 청원구 사천동,사망사고,1,0,1,0,차대차 - 추돌,안전운전불이행,건조,맑음,단일로 - 기타,승용,남,77세,사망,건설기계,남,53세,경상
2019121600100089,2019년 12월 16일 06시,월요일,충청북도 청주시 서원구 남이면,중상사고,0,1,0,0,차대사람 - 차도통행중,안전운전불이행,건조,맑음,교차로 - 교차로부근,화물,남,32세,상해없음,보행자,남,70세,중상
2019121600100111,2019년 12월 16일 07시,월요일,충청북도 충주시 금가면,경상사고,0,0,1,0,차대차 - 기타,안전운전불이행,건조,맑음,단일로 - 기타,화물,남,45세,상해없음,승합,남,63세,기타불명
2019121600100112,2019년 12월 16일 07시,월요일,충청북도 음성군 음성읍,경상사고,0,0,2,0,차대차 - 측면충돌,교차로운행방법위반,건조,맑음,교차로 - 교차로안,승용,여,58세,경상,승용,남,28세,경상
2019121600100152,2019년 12월 16일 08시,월요일,충청북도 청주시 서원구 수곡동,경상사고,0,0,2,0,차대차 - 측면충돌,안전운전불이행,건조,맑음,단일로 - 지하차도(도로)내,승용,남,31세,상해없음,승용,여,42세,경상
2019121600100188,2019년 12월 16일 09시,월요일,충청북도 제천시 청전동,경상사고,0,0,1,0,차대차 - 기타,직진우회전진행방해,건조,맑음,교차로 - 교차로안,승용,남,74세,경상,승용,남,50세,상해없음
2019121600100189,2019년 12월 16일 09시,월요일,충청북도 음성군 금왕읍,중상사고,0,1,0,0,차대차 - 측면충돌,신호위반,건조,맑음,교차로 - 교차로안,화물,남,65세,중상,화물,남,39세,상해없음
2019121600100225,2019년 12월 16일 10시,월요일,충청북도 청주시 청원구 주성동,중상사고,0,1,0,0,차대사람 - 횡단중,보행자보호의무위반,건조,맑음,교차로 - 교차로안,승용,여,44세,상해없음,보행자,남,78세,중상
2019121600100226,2019년 12월 16일 10시,월요일,충청북도 청주시 흥덕구 송절동,경상사고,0,0,1,0,차대차 - 측면충돌,안전거리미확보,건조,맑음,교차로 - 교차로안,화물,남,52세,상해없음,승용,여,66세,경상
2019121600100293,2019년 12월 16일 12시,월요일,충청북도 청주시 서원구 사창동,경상사고,0,0,1,0,차대사람 - 차도통행중,기타,건조,맑음,단일로 - 기타,승용,남,49세,상해없음,보행자,여,76세,경상
2019121600100294,2019년 12월 16일 12시,월요일,충청북도 충주시 문화동,중상사고,0,1,1,0,차대차 - 측면충돌,신호위반,건조,맑음,교차로 - 교차로안,승용,남,66세,상해없음,승용,여,57세,경상
2019121600100295,2019년 12월 16일 12시,월요일,충청북도 청주시 흥덕구 휴암동,중상사고,0,4,0,0,차대차 - 측면충돌,안전운전불이행,건조,맑음,미분류 - 미분류,화물,남,46세,상해없음,승용,여,38세,중상
2019121600100296,2019년 12월 16일 12시,월요일,충청북도 청주시 서원구 수곡동,경상사고,0,0,2,0,차대차 - 측면충돌,안전운전불이행,건조,맑음,교차로 - 교차로안,승용,여,59세,상해없음,화물,남,47세,경상
2019121600100324,2019년 12월 16일 13시,월요일,충청북도 음성군 금왕읍,중상사고,0,1,1,0,차대차 - 추돌,차로위반,건조,맑음,단일로 - 지하차도(도로)내,화물,남,60세,상해없음,승용,여,57세,경상
2019121600100354,2019년 12월 16일 14시,월요일,충청북도 영동군 학산면,경상사고,0,0,3,0,차대차 - 측면충돌,차로위반,건조,맑음,단일로 - 기타,승용,남,80세,경상,승용,남,33세,경상
2019121600100355,2019년 12월 16일 14시,월요일,충청북도 괴산군 불정면,중상사고,0,1,0,0,차대차 - 추돌,안전운전불이행,젖음/습기,맑음,단일로 - 기타,이륜,남,70세,중상,승용,남,60세,상해없음