사고번호,사고일시,요일,시군구,사고내용,사망자수,중상자수,경상자수,부상신고자수,사고유형,법규위반,노면상태,기상상태,도로형태,가해운전자 차종,가해운전자 성별,가해운전자 연령,가해운전자 상해정도,피해운전자 차종,피해운전자 성별,피해운전자 연령,피해운전자 상해정도
2019122700100290,2019년 12월 27일 13시,금요일,충청북도 제천시 장락동,경상사고,0,0,1,0,차대사람 - 횡단중,보행자보호의무위반,건조,맑음,교차로 - 교차로안,승용,남,47세,상해없음,보행자,남,59세,경상
2019122700100323,2019년 12월 27일 14시,금요일,충청북도 청주시 청원구 내덕동,경상사고,0,0,1,0,차대사람 - 기타,불법유턴,건조,맑음,교차로 - 교차로안,승용,여,55세,상해없음,보행자,남,21세,경상
2019122700100324,2019년 12월 27일 14시,금요일,충청북도 충주시 중앙탑면,경상사고,0,0,2,0,차대차 - 측면충돌,안전운전불이행,건조,맑음,교차로 - 교차로안,승용,여,55세,경상,승용,남,33세,경상
2019122700100325,2019년 12월 27일 14시,금요일,충청북도 제천시 서부동,부상신고사고,0,0,0,1,차대사람 - 횡단중,안전운전불이행,건조,맑음,교차로 - 교차로부근,승용,남,62세,상해없음,보행자,여,62세,부상신고
2019122700100326,2019년 12월 27일 14시,금요일,충청북도 음성군 삼성면,중상사고,0,1,0,0,차대사람 - 기타,안전운전불이행,건조,맑음,교차로 - 교차로부근,승용,여,73세,상해없음,보행자,여,70세,중상
2019122700100327,2019년 12월 27일 14시,금요일,충청북도 단양군 매포읍,경상사고,0,0,2,0,차대차 - 추돌,기타,건조,맑음,단일로 - 기타,건설기계,남,46세,상해없음,건설기계,남,34세,경상
2019122700100362,2019년 12월 27일 15시,금요일,충청북도 청주시 서원구 분평동,경상사고,0,0,2,0,차대사람 - 횡단중,안전운전불이행,건조,맑음,교차로 - 교차로안,승용,남,57세,상해없음,보행자,여,14세,경상
2019122700100401,2019년 12월 27일 16시,금요일,충청북도 청주시 서원구 산남동,경상사고,0,0,1,0,차대차 - 측면충돌,중앙선침범,건조,맑음,교차로 - 교차로안,화물,남,55세,상해없음,화물,남,66세,경상
2019122700100429,2019년 12월 27일 17시,금요일,충청북도 청주시 서원구 사창동,경상사고,0,0,2,0,차대차 - 기타,안전거리미확보,건조,맑음,단일로 - 기타,승용,남,33세,경상,승용,여,61세,경상
2019122700100430,2019년 12월 27일 17시,금요일,충청북도 충주시 연수동,경상사고,0,0,2,0,차대차 - 측면충돌,안전운전불이행,건조,맑음,주차장 - 주차장,승용,여,55세,경상,승용,남,62세,경상
2019122700100431,2019년 12월 27일 17시,금요일,충청북도 제천시 신월동,경상사고,0,0,5,0,차대차 - 추돌,안전운전불이행,건조,맑음,교차로 - 교차로부근,승용,남,24세,상해없음,승용,여,39세,경상
2019122700100432,2019년 12월 27일 17시,금요일,충청북도 음성군 원남면,중상사고,0,1,0,0,차대차 - 추돌,안전운전불이행,건조,맑음,교차로 - 교차로부근,화물,남,49세,상해없음,승용,남,66세,중상
2019122700100433,2019년 12월 27일 17시,금요일,충청북도 음성군 금왕읍,중상사고,0,1,0,0,차대차 - 정면충돌,중앙선침범,건조,맑음,단일로 - 기타,화물,남,55세,상해없음,화물,남,40세,중상
2019122700100434,2019년 12월 27일 17시,금요일,충청북도 옥천군 옥천읍,경상사고,0,0,1,1,차대차 - 측면충돌,교차로운행방법위반,건조,맑음,교차로 - 교차로안,승용,남,69세,상해없음,승용,여,40세,경상
2019122700100477,2019년 12월 27일 18시,금요일,충청북도 충주시 문화동,경상사고,0,0,2,0,차대차 - 추돌,안전운전불이행,건조,흐림,단일로 - 기타,승용,남,40세,상해없음,승용,여,48세,경상
2019122700100478,2019년 12월 27일 18시,금요일,충청북도 증평군 증평읍,경상사고,0,0,1,0,차대차 - 추돌,안전운전불이행,건조,맑음,교차로 - 교차로부근,승용,여,44세,상해없음,승용,남,32세,상해없음
2019122700100479,2019년 12월 27일 18시,금요일,충청북도 청주시 흥덕구 비하동,중상사고,0,1,0,0,차대차 - 측면충돌,안전운전불이행,건조,맑음,교차로 - 교차로부근,승용,남,35세,상해없음,이륜,남,46세,중상
2019122700100541,2019년 12월 27일 19시,금요일,충청북도 청주시 상당구 문의면,중상사고,0,1,0,0,차대차 - 측면충돌,안전운전불이행,건조,맑음,교차로 - 교차로부근,화물,남,59세,상해없음,자전거,남,59세,중상
2019122800100077,2019년 12월 28일 02시,토요일,충청북도 청주시 서원구 남이면,경상사고,0,0,2,0,차대차 - 측면충돌,안전운전불이행,건조,맑음,교차로 - 교차로안,승용,남,61세,상해없음,승용,남,24세,경상
2019122800100085,2019년 12월 28일 03시,토요일,충청북도 충주시 칠금동,중상사고,0,1,0,0,차대사람 - 차도통행중,안전운전불이행,건조,흐림,단일로 - 기타,승용,남,38세,상해없음,보행자,남,52세,중상
2019122800100115,2019년 12월 28일 06시,토요일,충청북도 청주시 청원구 내덕동,경상사고,0,0,3,0,차대차 - 기타,안전운전불이행,건조,맑음,교차로 - 교차로부근,승합,남,55세,상해없음,승용,여,67세,경상
2019122800100116,2019년 12월 28일 06시,토요일,충청북도 청주시 흥덕구 옥산면,경상사고,0,0,2,0,차대차 - 측면충돌,안전운전불이행,건조,맑음,교차로 - 교차로안,승용,여,53세,상해없음,승용,남,43세,경상
2019122800100128,2019년 12월 28일 07시,토요일,충청북도 음성군 소이면,중상사고,0,1,1,0,차대차 - 추돌,안전운전불이행,건조,맑음,교차로 - 교차로부근,승용,남,58세,중상,승합,남,52세,경상
2019122800100129,2019년 12월 28일 07시,토요일,충청북도 음성군 대소면,경상사고,0,0,2,0,차대차 - 측면충돌,과속,건조,맑음,교차로 - 교차로안,승용,남,55세,경상,승용,남,54세,경상
2019122800100162,2019년 12월 28일 09시,토요일,충청북도 청주시 흥덕구 운천동,중상사고,0,1,1,0,차대차 - 측면충돌,안전운전불이행,건조,맑음,교차로 - 교차로안,승용,여,30세,중상,승용,여,51세,경상
2019122800100182,2019년 12월 28일 10시,토요일,충청북도 청주시 상당구 남문로1가동,중상사고,0,1,0,0,차대사람 - 기타,안전운전불이행,건조,맑음,단일로 - 기타,승용,남,75세,상해없음,보행자,여,77세,중상
2019122800100210,2019년 12월 28일 11시,토요일,충청북도 음성군 대소면,중상사고,0,2,0,0,차대차 - 후진중충돌,안전운전불이행,건조,맑음,교차로 - 교차로안,화물,남,52세,상해없음,화물,남,59세,중상
2019122800100235,2019년 12월 28일 12시,토요일,충청북도 제천시 장락동,중상사고,0,2,0,0,차대차 - 측면충돌,안전거리미확보,건조,맑음,단일로 - 지하차도(도로)내,건설기계,남,70세,상해없음,승용,여,58세,중상
2019122800100236,2019년 12월 28일 12시,토요일,충청북도 진천군 진천읍,경상사고,0,0,3,0,차대차 - 추돌,안전거리미확보,건조,맑음,기타 - 기타,화물,남,52세,상해없음,화물,남,63세,상해없음
2019122800100290,2019년 12월 28일 14시,토요일,충청북도 청주시 상당구 수동,중상사고,0,1,0,0,차대사람 - 기타,보행자보호의무위반,건조,맑음,교차로 - 교차로횡단보도내,승용,여,56세,상해없음,보행자,남,76세,중상
2019122800100291,2019년 12월 28일 14시,토요일,충청북도 제천시 영천동,경상사고,0,0,3,0,차대차 - 측면충돌,안전운전불이행,건조,맑음,교차로 - 교차로안,승용,남,67세,경상,승용,여,31세,경상
2019122800100292,2019년 12월 28일 14시,토요일,충청북도 청주시 흥덕구 가경동,경상사고,0,0,3,0,차대차 - 기타,교차로운행방법위반,건조,맑음,교차로 - 교차로안,승용,남,25세,경상,승용,남,72세,경상
2019122800100311,2019년 12월 28일 15시,토요일,충청북도 청주시 청원구 주중동,경상사고,0,0,1,0,차대차 - 기타,안전거리미확보,건조,맑음,단일로 - 기타,화물,남,51세,상해없음,승용,남,32세,경상
2019122800100343,2019년 12월 28일 16시,토요일,충청북도 충주시 문화동,중상사고,0,1,0,0,차대차 - 측면충돌,안전운전불이행,건조,맑음,단일로 - 기타,자전거,남,22세,중상,화물,남,56세,상해없음
2019122800100383,2019년 12월 28일 17시,토요일,충청북도 괴산군 괴산읍,중상사고,0,1,1,0,차대차 - 측면충돌,신호위반,건조,맑음,교차로 - 교차로횡단보도내,승용,여,52세,경상,승용,여,53세,중상
2019122800100422,2019년 12월 28일 18시,토요일,충청북도 청주시 청원구 우암동,경상사고,0,0,1,0,차대사람 - 기타,교차로운행방법위반,건조,맑음,교차로 - 교차로안,화물,남,48세,상해없음,보행자,여,74세,경상
2019122800100423,2019년 12월 28일 18시,토요일,충청북도 청주시 청원구 내덕동,경상사고,0,0,2,0,차대차 - 정면충돌,중앙선침범,건조,맑음,교차로 - 교차로부근,이륜,남,25세,경상,승용,남,51세,경상
2019122800100493,2019년 12월 28일 20시,토요일,충청북도 청주시 상당구 석교동,경상사고,0,0,2,0,차대차 - 추돌,안전운전불이행,건조,맑음,단일로 - 기타,승용,남,55세,상해없음,승용,남,29세,경상
2019122800100511,2019년 12월 28일 21시,토요일,충청북도 청주시 상당구 용암동,경상사고,0,0,1,0,차대차 - 기타,중앙선침범,건조,맑음,단일로 - 기타,화물,남,50세,상해없음,승용,여,59세,경상
2019122800100541,2019년 12월 28일 22시,토요일,충청북도 청주시 서원구 성화동,경상사고,0,0,3,0,차대차 - 추돌,안전운전불이행,건조,맑음,교차로 - 교차로부근,승용,여,50세,경상,승용,여,45세,경상
2019122900100035,2019년 12월 29일 01시,일요일,충청북도 청주시 서원구 사창동,경상사고,0,0,2,0,차대사람 - 기타,안전운전불이행,건조,맑음,단일로 - 기타,승용,남,36세,상해없음,보행자,여,47세,경상
2019122900100036,2019년 12월 29일 01시,일요일,충청북도 청주시 흥덕구 봉명동,경상사고,0,0,3,0,차대차 - 측면충돌,안전운전불이행,건조,맑음,단일로 - 기타,승용,남,36세,상해없음,승용,여,24세,경상
2019122900100077,2019년 12월 29일 05시,일요일,충청북도 청주시 서원구 분평동,중상사고,0,1,0,0,차대사람 - 기타,안전운전불이행,건조,맑음,단일로 - 지하차도(도로)내,승용,남,29세,상해없음,보행자,남,49세,중상
2019122900100122,2019년 12월 29일 09시,일요일,충청북도 청주시 서원구 분평동,경상사고,0,0,1,0,차대차 - 측면충돌,안전운전불이행,건조,맑음,단일로 - 기타,화물,남,75세,상해없음,승용,여,48세,경상
2019122900100153,2019년 12월 29일 11시,일요일,충청북도 청주시 흥덕구 복대동,경상사고,0,0,1,0,차대차 - 기타,교차로운행방법위반,건조,맑음,교차로 - 교차로안,승용,남,27세,상해없음,이륜,남,49세,경상
2019122900100201,2019년 12월 29일 14시,일요일,충청북도 옥천군 옥천읍,중상사고,0,1,0,0,차대차 - 측면충돌,안전거리미확보,건조,맑음,단일로 - 기타,승용,남,26세,상해없음,이륜,남,69세,중상
2019122900100219,2019년 12월 29일 15시,일요일,충청북도 청주시 청원구 오창읍,중상사고,0,1,0,0,차대차 - 기타,안전운전불이행,건조,맑음,교차로 - 교차로부근,승용,여,61세,상해없음,이륜,남,39세,중상
2019122900100298,2019년 12월 29일 18시,일요일,충청북도 충주시 소태면,중상사고,0,1,0,0,차량단독 - 도로외이탈 - 기타,안전운전불이행,젖음/습기,맑음,단일로 - 기타,승합,여,60세,중상,,,,
2019122900100299,2019년 12월 29일 18시,일요일,충청북도 진천군 덕산면,경상사고,0,0,1,0,차대차 - 기타,안전운전불이행,건조,맑음,단일로 - 기타,승용,여,55세,상해없음,승용,여,44세,경상
2019122900100334,2019년 12월 29일 19시,일요일,충청북도 괴산군 장연면,경상사고,0,0,4,1,차대차 - 추돌,안전운전불이행,젖음/습기,비,단일로 - 기타,승용,남,27세,상해없음,승용,남,29세,경상
2019122900100370,2019년 12월 29일 20시,일요일,충청북도 충주시 문화동,경상사고,0,0,1,0,차대차 - 기타,안전운전불이행,건조,맑음,기타 - 기타,승용,남,65세,상해없음,승용,남,29세,경상
2019122900100371,2019년 12월 29일 20시,일요일,충청북도 제천시 동현동,중상사고,0,1,0,0,차대사람 - 횡단중,안전운전불이행,젖음/습기,비,단일로 - 지하차도(도로)내,이륜,남,39세,상해없음,보행자,여,81세,중상
2019122900100372,2019년 12월 29일 20시,일요일,충청북도 증평군 증평읍,중상사고,0,1,0,0,차대사람 - 기타,안전운전불이행,젖음/습기,비,교차로 - 교차로안,승용,남,35세,상해없음,보행자,여,49세,중상
2019122900100373,2019년 12월 29일 20시,일요일,충청북도 청주시 상당구 영운동,경상사고,0,0,1,0,차대사람 - 기타,보행자보호의무위반,젖음/습기,비,교차로 - 교차로횡단보도내,승용,여,34세,상해없음,보행자,여,43세,경상
2019122900100416,2019년 12월 29일 21시,일요일,충청북도 충주시 성남동,중상사고,0,1,0,0,차대차 - 기타,직진우회전진행방해,젖음/습기,비,교차로 - 교차로안,승용,남,53세,상해없음,원동기,남,57세,중상
2019122900100417,2019년 12월 29일 21시,일요일,충청북도 청주시 흥덕구 오송읍,경상사고,0,0,1,0,차대차 - 기타,교차로운행방법위반,젖음/습기,비,교차로 - 교차로안,화물,남,62세,상해없음,이륜,남,50세,경상
2019122900100441,2019년 12월 29일 22시,일요일,충청북도 청주시 흥덕구 복대동,경상사고,0,0,2,1,차대차 - 기타,안전운전불이행,젖음/습기,비,단일로 - 기타,승용,남,60세,부상신고,승용,남,45세,경상
2019122900100442,2019년 12월 29일 22시,일요일,충청북도 청주시 흥덕구 옥산면,중상사고,0,1,0,0,차대차 - 기타,안전운전불이행,건조,맑음,교차로 - 교차로부근,승용,남,39세,상해없음,승용,남,32세,중상
2019123000100045,2019년 12월 30일 02시,월요일,충청북도 청주시 흥덕구 옥산면,중상사고,0,1,1,0,차대차 - 추돌,안전운전불이행,젖음/습기,흐림,기타 - 기타,승용,남,21세,상해없음,승용,남,32세,중상
2019123000100048,2019년 12월 30일 03시,월요일,충청북도 청주시 서원구 모충동,경상사고,0,0,1,0,차대차 - 측면충돌,안전운전불이행,젖음/습기,비,교차로 - 교차로부근,화물,남,39세,상해없음,원동기,남,24세,경상
2019123000100058,2019년 12월 30일 05시,월요일,충청북도 괴산군 소수면,경상사고,0,0,2,0,차대차 - 측면충돌,중앙선침범,건조,맑음,단일로 - 기타,승용,여,56세,경상,화물,남,58세,경상
2019123000100085,2019년 12월 30일 07시,월요일,충청북도 청주시 서원구 분평동,경상사고,0,0,1,0,차대차 - 측면충돌,안전운전불이행,건조,맑음,교차로 - 교차로부근,이륜,남,39세,상해없음,승용,여,47세,경상
2019123000100132,2019년 12월 30일 09시,월요일,충청북도 진천군 진천읍,중상사고,0,1,0,0,차대사람 - 횡단중,보행자보호의무위반,젖음/습기,비,단일로 - 기타,승용,남,27세,상해없음,보행자,남,76세,중상
2019123000100192,2019년 12월 30일 11시,월요일,충청북도 충주시 호암동,경상사고,0,0,3,0,차대차 - 기타,기타,건조,맑음,교차로 - 교차로안,승용,여,35세,경상,화물,남,43세,경상
2019123000100193,2019년 12월 30일 11시,월요일,충청북도 괴산군 괴산읍,중상사고,0,1,0,0,차대사람 - 횡단중,안전운전불이행,젖음/습기,흐림,교차로 - 교차로안,화물,남,67세,상해없음,보행자,남,56세,중상
2019123000100224,2019년 12월 30일 12시,월요일,충청북도 청주시 청원구 우암동,경상사고,0,0,2,0,차대차 - 측면충돌,직진우회전진행방해,젖음/습기,흐림,교차로 - 교차로안,승용,여,56세,상해없음,승용,여,57세,경상
2019123000100280,2019년 12월 30일 14시,월요일,충청북도 청주시 상당구 남주동,중상사고,0,1,0,0,차대차 - 측면충돌,교차로운행방법위반,건조,맑음,교차로 - 교차로안,승용,여,51세,상해없음,자전거,남,79세,중상
2019123000100281,2019년 12월 30일 14시,월요일,충청북도 청주시 서원구 분평동,중상사고,0,2,3,0,차대차 - 추돌,안전운전불이행,건조,맑음,단일로 - 기타,승용,여,57세,경상,승용,남,43세,경상
2019123000100320,2019년 12월 30일 15시,월요일,충청북도 청주시 흥덕구 옥산면,경상사고,0,0,2,0,차대차 - 정면충돌,안전운전불이행,건조,맑음,단일로 - 기타,화물,남,59세,상해없음,승용,여,30세,경상
2019123000100321,2019년 12월 30일 15시,월요일,충청북도 청주시 서원구 분평동,경상사고,0,0,1,0,차대사람 - 횡단중,신호위반,건조,흐림,단일로 - 지하차도(도로)내,승용,여,42세,상해없음,보행자,여,9세,경상
2019123000100349,2019년 12월 30일 16시,월요일,충청북도 청주시 서원구 사창동,경상사고,0,0,1,0,차대차 - 기타,신호위반,젖음/습기,흐림,교차로 - 교차로안,승용,남,30세,상해없음,이륜,남,25세,경상
2019123000100391,2019년 12월 30일 17시,월요일,충청북도 청주시 청원구 오창읍,경상사고,0,0,1,0,차대차 - 측면충돌,안전거리미확보,건조,맑음,단일로 - 기타,승용,여,55세,상해없음,이륜,남,39세,경상
2019123000100392,2019년 12월 30일 17시,월요일,충청북도 충주시 대소원면,중상사고,0,2,0,0,차대차 - 기타,안전운전불이행,건조,맑음,단일로 - 기타,화물,남,61세,상해없음,승용,남,63세,상해없음
2019123000100447,2019년 12월 30일 18시,월요일,충청북도 청주시 청원구 북이면,중상사고,0,1,0,0,차대차 - 기타,안전운전불이행,젖음/습기,비,교차로 - 교차로부근,이륜,남,46세,중상,승용,여,37세,상해없음
2019123000100448,2019년 12월 30일 18시,월요일,충청북도 청주시 흥덕구 송정동,경상사고,0,0,3,0,차대차 - 추돌,안전운전불이행,건조,맑음,교차로 - 교차로부근,승용,남,56세,상해없음,승합,남,51세,경상
2019123000100449,2019년 12월 30일 18시,월요일,충청북도 청주시 상당구 남일면,경상사고,0,0,2,0,차대차 - 측면충돌,중앙선침범,건조,맑음,단일로 - 지하차도(도로)내,승용,여,53세,상해없음,화물,남,50세,경상
2019123000100450,2019년 12월 30일 18시,월요일,충청북도 청주시 상당구 남주동,경상사고,0,0,2,0,차대차 - 측면충돌,교차로운행방법위반,건조,맑음,교차로 - 교차로안,승용,남,27세,상해없음,승용,여,28세,경상
2019123000100547,2019년 12월 30일 20시,월요일,충청북도 청주시 청원구 오창읍,경상사고,0,0,2,0,차대차 - 측면충돌,교차로운행방법위반,건조,맑음,교차로 - 교차로안,화물,남,49세,상해없음,승용,여,53세,경상
2019123000100548,2019년 12월 30일 20시,월요일,충청북도 청주시 청원구 북이면,경상사고,0,0,3,0,차대차 - 추돌,안전운전불이행,건조,맑음,단일로 - 기타,승용,여,54세,경상,승용,여,60세,경상
2019123000100571,2019년 12월 30일 21시,월요일,충청북도 영동군 영동읍,중상사고,0,1,1,0,차대차 - 추돌,안전운전불이행,건조,맑음,교차로 - 교차로안,승용,남,45세,중상,승용,여,38세,경상
2019123000100572,2019년 12월 30일 21시,월요일,충청북도 단양군 매포읍,경상사고,0,0,1,0,차대사람 - 기타,안전운전불이행,건조,맑음,교차로 - 교차로안,승용,남,60세,상해없음,보행자,남,27세,경상
2019123000100597,2019년 12월 30일 22시,월요일,충청북도 청주시 흥덕구 봉명동,경상사고,0,0,3,0,차대차 - 측면충돌,교차로운행방법위반,건조,맑음,교차로 - 교차로안,이륜,남,16세,상해없음,승용,남,43세,경상
2019123000100627,2019년 12월 30일 23시,월요일,충청북도 음성군 감곡면,경상사고,0,0,1,0,차대사람 - 차도통행중,안전운전불이행,건조,맑음,교차로 - 교차로안,승용,남,38세,상해없음,보행자,남,33세,경상
2019123000100628,2019년 12월 30일 23시,월요일,충청북도 청주시 흥덕구 송정동,경상사고,0,0,4,0,차대차 - 기타,신호위반,건조,맑음,교차로 - 교차로안,승용,남,36세,상해없음,승용,남,41세,경상
2019123000100629,2019년 12월 30일 23시,월요일,충청북도 청주시 흥덕구 봉명동,경상사고,0,0,3,0,차대차 - 측면충돌,교차로운행방법위반,건조,맑음,교차로 - 교차로안,승용,남,29세,경상,승용,남,29세,경상
2019123100100056,2019년 12월 31일 02시,화요일,충청북도 청주시 흥덕구 향정동,경상사고,0,0,3,0,차대차 - 추돌,안전운전불이행,젖음/습기,흐림,교차로 - 교차로부근,승용,남,32세,상해없음,승용,남,59세,경상
2019123100100105,2019년 12월 31일 07시,화요일,충청북도 음성군 감곡면,경상사고,0,0,1,0,차대차 - 정면충돌,중앙선침범,건조,맑음,단일로 - 지하차도(도로)내,화물,남,72세,상해없음,승용,여,61세,경상
2019123100100173,2019년 12월 31일 10시,화요일,충청북도 청주시 상당구 북문로2가동,중상사고,0,1,0,0,차대사람 - 기타,안전운전불이행,건조,맑음,교차로 - 교차로부근,승용,남,80세,상해없음,보행자,여,47세,중상
2019123100100174,2019년 12월 31일 10시,화요일,충청북도 제천시 청전동,중상사고,0,1,0,0,차대차 - 측면충돌,안전운전불이행,건조,맑음,기타 - 기타,승용,남,43세,상해없음,화물,남,69세,중상
2019123100100175,2019년 12월 31일 10시,화요일,충청북도 제천시 청풍면,중상사고,0,3,3,1,차대차 - 측면충돌,직진우회전진행방해,건조,맑음,교차로 - 교차로안,승용,여,43세,상해없음,화물,여,66세,중상
2019123100100176,2019년 12월 31일 10시,화요일,충청북도 영동군 영동읍,중상사고,0,2,1,0,차대차 - 추돌,교차로운행방법위반,건조,맑음,교차로 - 교차로안,승용,남,46세,중상,승용,남,50세,경상
2019123100100177,2019년 12월 31일 10시,화요일,충청북도 진천군 초평면,경상사고,0,0,1,0,차대차 - 측면충돌,안전운전불이행,건조,맑음,단일로 - 기타,화물,남,64세,상해없음,화물,남,37세,경상
2019123100100178,2019년 12월 31일 10시,화요일,충청북도 청주시 흥덕구 운천동,경상사고,0,0,2,0,차대차 - 기타,안전운전불이행,건조,맑음,단일로 - 기타,승용,남,31세,상해없음,화물,남,27세,경상
2019123100100179,2019년 12월 31일 10시,화요일,충청북도 청주시 상당구 금천동,경상사고,0,0,2,0,차대차 - 정면충돌,안전운전불이행,건조,맑음,교차로 - 교차로안,승용,남,56세,상해없음,승용,여,59세,경상
2019123100100229,2019년 12월 31일 12시,화요일,충청북도 충주시 교현동,경상사고,0,0,2,0,차대차 - 측면충돌,안전운전불이행,건조,맑음,교차로 - 교차로안,승용,남,35세,상해없음,승용,남,38세,경상
2019123100100230,2019년 12월 31일 12시,화요일,충청북도 제천시 강제동,경상사고,0,0,2,0,차대차 - 측면충돌,안전거리미확보,건조,맑음,단일로 - 기타,화물,남,63세,상해없음,승용,남,50세,경상
2019123100100231,2019년 12월 31일 12시,화요일,충청북도 제천시 서부동,경상사고,0,0,4,0,차대차 - 후진중충돌,안전운전불이행,건조,맑음,주차장 - 주차장,승용,여,65세,상해없음,승용,여,36세,경상
2019123100100260,2019년 12월 31일 13시,화요일,충청북도 음성군 금왕읍,부상신고사고,0,0,0,1,차대차 - 추돌,안전운전불이행,건조,맑음,단일로 - 지하차도(도로)내,화물,남,53세,부상신고,건설기계,남,52세,상해없음
2019123100100261,2019년 12월 31일 13시,화요일,충청북도 단양군 매포읍,경상사고,0,0,3,0,차대차 - 측면충돌,안전거리미확보,건조,맑음,기타 - 기타,건설기계,남,50세,상해없음,승용,남,70세,경상
2019123100100262,2019년 12월 31일 13시,화요일,충청북도 단양군 매포읍,경상사고,0,0,1,0,차대차 - 측면충돌,안전거리미확보,건조,맑음,기타 - 기타,승용,여,64세,상해없음,승용,남,33세,경상
2019123100100263,2019년 12월 31일 13시,화요일,충청북도 청주시 흥덕구 가경동,경상사고,0,0,1,0,차대차 - 기타,안전운전불이행,건조,맑음,교차로 - 교차로부근,승용,남,26세,상해없음,승용,여,48세,경상
2019123100100303,2019년 12월 31일 14시,화요일,충청북도 충주시 성서동,경상사고,0,0,1,0,차대사람 - 횡단중,보행자보호의무위반,건조,맑음,교차로 - 교차로횡단보도내,승용,여,50세,상해없음,보행자,남,74세,경상
2019123100100333,2019년 12월 31일 15시,화요일,충청북도 청주시 서원구 사창동,부상신고사고,0,0,0,1,차대차 - 기타,안전운전불이행,건조,맑음,교차로 - 교차로부근,이륜,남,19세,부상신고,승용,남,46세,상해없음
2019123100100335,2019년 12월 31일 15시,화요일,충청북도 괴산군 연풍면,경상사고,0,0,1,0,차대차 - 추돌,안전운전불이행,건조,맑음,단일로 - 터널,화물,남,40세,상해없음,승용,여,52세,경상
2019123100100405,2019년 12월 31일 17시,화요일,충청북도 청주시 청원구 내수읍,경상사고,0,0,2,0,차대차 - 추돌,안전운전불이행,건조,맑음,교차로 - 교차로부근,화물,남,62세,상해없음,승용,남,27세,경상
2019123100100461,2019년 12월 31일 18시,화요일,충청북도 청주시 청원구 오창읍,경상사고,0,0,1,0,차대차 - 기타,안전운전불이행,건조,맑음,교차로 - 교차로안,승용,남,24세,상해없음,이륜,남,55세,경상
2019123100100462,2019년 12월 31일 18시,화요일,충청북도 청주시 서원구 성화동,경상사고,0,0,1,0,차대차 - 추돌,안전거리미확보,건조,맑음,단일로 - 기타,승합,남,37세,상해없음,승용,남,32세,경상
2019123100100463,2019년 12월 31일 18시,화요일,충청북도 청주시 상당구 서문동,경상사고,0,0,1,0,차대차 - 측면충돌,안전운전불이행,건조,흐림,단일로 - 지하차도(도로)내,승용,남,65세,상해없음,승용,여,41세,경상
2019123100100521,2019년 12월 31일 19시,화요일,충청북도 청주시 서원구 남이면,경상사고,0,0,1,0,차대차 - 측면충돌,안전거리미확보,건조,맑음,단일로 - 기타,승용,여,47세,상해없음,승용,남,27세,경상
2019123100100522,2019년 12월 31일 19시,화요일,충청북도 청주시 상당구 금천동,경상사고,0,0,1,0,차대차 - 측면충돌,안전운전불이행,건조,맑음,단일로 - 지하차도(도로)내,승합,남,31세,상해없음,승용,여,59세,경상
2019123100100558,2019년 12월 31일 20시,화요일,충청북도 영동군 영동읍,중상사고,0,1,0,0,차대차 - 측면충돌,중앙선침범,건조,맑음,교차로 - 교차로안,자전거,여,57세,중상,승용,남,25세,상해없음
2019123100100559,2019년 12월 31일 20시,화요일,충청북도 증평군 증평읍,중상사고,0,1,0,0,차대차 - 측면충돌,기타,건조,맑음,교차로 - 교차로안,이륜,여,25세,중상,승용,남,36세,상해없음
2019123100100560,2019년 12월 31일 20시,화요일,충청북도 청주시 흥덕구 강내면,경상사고,0,0,3,0,차대차 - 측면충돌,교차로운행방법위반,건조,맑음,교차로 - 교차로안,승용,남,46세,경상,이륜,남,49세,경상
2019123100100590,2019년 12월 31일 21시,화요일,충청북도 청주시 청원구 내덕동,부상신고사고,0,0,0,1,차대차 - 추돌,안전운전불이행,건조,맑음,단일로 - 기타,이륜,남,32세,부상신고,승용,남,55세,상해없음
2019123100100591,2019년 12월 31일 21시,화요일,충청북도 청주시 청원구 오창읍,중상사고,0,3,2,0,차대차 - 기타,안전운전불이행,건조,맑음,단일로 - 기타,이륜,남,19세,중상,승용,남,57세,중상
2019123100100592,2019년 12월 31일 21시,화요일,충청북도 청주시 서원구 미평동,경상사고,0,0,1,0,차대차 - 정면충돌,안전운전불이행,건조,맑음,교차로 - 교차로안,승용,여,30세,상해없음,이륜,남,54세,경상
2019123100100619,2019년 12월 31일 22시,화요일,충청북도 청주시 청원구 내덕동,중상사고,0,1,0,0,차대차 - 기타,신호위반,건조,맑음,교차로 - 교차로부근,화물,남,65세,상해없음,특수,남,34세,중상
2019123100100620,2019년 12월 31일 22시,화요일,충청북도 청주시 청원구 북이면,중상사고,0,2,2,0,차대차 - 기타,신호위반,건조,맑음,교차로 - 교차로안,승용,남,21세,상해없음,승용,남,61세,중상
2019123100100639,2019년 12월 31일 23시,화요일,충청북도 청주시 청원구 율량동,중상사고,0,1,0,0,차대차 - 기타,안전운전불이행,건조,맑음,단일로 - 기타,승용,남,60세,상해없음,이륜,남,22세,중상